id,target
9708,0
123263,0
24662,0
18570,0
33767,0
117820,0
23428,0
196654,0
21101,0
191669,0
131607,0
67080,0
97418,0
10987,0
265332,0
234120,0
16685,0
39588,0
47184,0
61096,0
67818,0
216769,0
5650,0
85323,0
68976,0
97956,0
56888,0
155182,0
260587,0
25860,0
129447,0
87310,0
56353,0
126766,0
210939,0
168643,0
234617,0
219950,0
253312,0
187446,0
168272,0
153340,0
167966,0
205110,0
240165,0
44462,0
252177,0
258027,0
130532,0
31277,0
258380,0
39939,0
140232,0
208103,0
89930,0
117699,0
62873,0
130204,0
188803,0
176862,0
114093,0
250078,0
153228,0
218383,0
108206,0
248481,0
68905,0
98456,0
137329,0
159785,0
43179,0
263329,0
177526,0
257640,0
203736,0
248368,0
112126,0
109258,0
62304,0
52459,0
115977,0
81600,0
162497,0
169020,0
173881,0
156238,0
244696,0
241995,0
9267,0
77426,0
110117,0
206406,0
189883,0
159980,0
116328,0
78100,0
9121,0
149349,0
258571,0
206557,0
97340,0
43592,0
91808,0
85374,0
259099,0
70039,0
49071,0
130845,0
226069,0
62007,0
52825,0
215827,0
46866,0
31146,0
103827,0
254455,0
153366,0
11490,0
153371,0
128003,0
211956,0
175247,0
99763,0
124072,0
124130,0
239739,0
214787,0
138534,0
76339,0
88852,0
166509,0
113885,0
36132,0
237775,0
230292,0
67413,0
63076,0
240528,0
250674,0
205959,0
183285,0
94042,0
44569,0
18038,0
133984,0
188699,0
243122,0
26834,0
134709,0
89356,0
120570,0
126828,0
7043,0
203875,0
173307,0
65339,0
230109,0
11253,0
84998,0
152510,0
227291,0
241782,0
242078,0
155766,0
29196,0
213356,0
202274,0
219599,0
182075,0
175325,0
144699,0
27015,0
62010,0
119380,0
217453,0
258895,0
210628,0
209012,0
256451,0
45739,0
57583,0
147778,0
89757,0
92969,0
58032,0
124967,0
160497,0
78712,0
107212,0
263453,0
190595,0
62255,0
15064,0
169541,0
104357,0
190587,0
189813,0
8069,0
156519,0
209749,0
13988,0
213772,0
26239,0
161332,0
220474,0
114875,0
88463,0
60769,0
81677,0
135656,0
253177,0
183566,0
168526,0
239407,0
210724,0
262553,0
27552,0
244700,0
199191,0
159838,0
59792,0
22437,0
109285,0
74685,0
261485,0
90109,0
17550,0
126310,0
135940,0
10636,0
98672,0
77171,0
147113,0
257383,0
117178,0
81500,0
129815,0
19855,0
75050,0
217161,0
35599,0
121913,0
24404,0
24781,0
121073,0
40107,0
95798,0
164876,0
190724,0
165703,0
59411,0
153338,0
206991,0
87032,0
232498,0
236117,0
35764,0
96160,0
243483,0
144256,0
265529,0
169891,0
97540,0
154441,0
131248,0
46270,0
244288,0
254045,0
61368,0
118952,0
248477,0
88649,0
225183,0
12677,0
15582,0
262897,0
208980,0
74129,0
219698,0
28354,0
117909,0
158961,0
62831,0
245588,0
159479,0
146998,0
74748,0
249201,0
260392,0
146290,0
136805,0
32741,0
141815,0
99333,0
203697,0
174064,0
175405,0
159807,0
140459,0
233983,0
12083,0
256464,0
5346,0
169696,0
234702,0
9112,0
147976,0
21601,0
254247,0
89243,0
35178,0
163816,0
193755,0
131167,0
190458,0
119825,0
13094,0
18923,0
200811,0
22996,0
89336,0
252026,0
167487,0
162370,0
145691,0
6172,0
20979,0
139437,0
169695,0
4611,0
216127,0
202171,0
201458,0
30191,0
192438,0
258537,0
162134,0
193031,0
248266,0
196968,0
133321,0
123083,0
32453,0
111288,0
132852,0
49460,0
222441,0
172872,0
204805,0
73344,0
122691,0
59569,0
230187,0
173668,0
173,0
38612,0
263049,0
173151,0
65554,0
234151,0
74274,0
69690,0
214401,0
91623,0
258849,0
243253,0
201127,0
42298,0
94840,0
266314,0
158979,0
191662,0
77722,0
194870,0
54122,0
182332,0
258272,0
42711,0
152005,0
235389,0
236207,0
252396,0
57458,0
231445,0
171791,0
177368,0
90018,0
261725,0
14716,0
218410,0
210813,0
186998,0
40323,0
189151,0
158098,0
57459,0
359,0
74581,0
162603,0
168173,0
102506,0
115916,0
134199,0
248395,0
171241,0
211538,0
253251,0
166508,0
163718,0
214968,0
218081,0
91118,0
138796,0
120607,0
266120,0
145810,0
139265,0
133828,0
172651,0
38532,0
187120,0
48925,0
167857,0
222317,0
162477,0
96631,0
109980,0
145025,0
71955,0
195304,0
3698,0
47884,0
130329,0
72876,0
149540,0
24387,0
187275,0
238,0
86923,0
58845,0
41246,0
13021,0
227156,0
11749,0
150645,0
178249,0
58236,0
29447,0
100445,0
4375,0
194547,0
105432,0
86403,0
233040,0
54571,0
209949,0
226242,0
6413,0
155032,0
159972,0
150635,0
136973,0
111308,0
118878,0
22850,0
255386,0
110631,0
33029,0
233950,0
14584,0
242606,0
54003,0
67157,0
250382,0
21965,0
161894,0
241232,0
53543,0
120665,0
92036,0
33763,0
96258,0
182202,0
171739,0
240256,0
59498,0
73832,0
69412,0
77043,0
254383,0
226091,0
38194,0
98826,0
137172,0
261171,0
194626,0
86773,0
123014,0
173309,0
23153,0
102852,0
262753,0
160590,0
217353,0
123467,0
182622,0
211027,0
76097,0
102926,0
6502,0
20846,0
7962,0
189079,0
1342,0
143192,0
72967,0
97099,0
264532,0
65511,0
219797,0
132785,0
160545,0
227225,0
216472,0
91980,0
41655,0
89016,0
224777,0
88665,0
206246,0
47234,0
5347,0
119270,0
129218,0
86747,0
89162,0
149580,0
33695,0
95386,0
135697,0
253026,0
213300,0
72412,0
206728,0
191759,0
182592,0
260325,0
174908,0
139846,0
255360,0
87402,0
181409,0
254930,0
58491,0
47646,0
231318,0
123285,0
103121,0
154369,0
109198,0
224461,0
143661,0
19299,0
6087,0
100584,0
223219,0
72335,0
49276,0
43223,0
29346,0
27762,0
77061,0
57889,0
103572,0
100502,0
207502,0
65350,0
96669,0
134866,0
52454,0
236233,0
48647,0
151858,0
50377,0
220073,0
248703,0
88309,0
156799,0
138566,0
226493,0
27866,0
46403,0
204541,0
19109,0
120806,0
244608,0
227040,0
182279,0
30830,0
35517,0
191479,0
70103,0
134726,0
168578,0
52214,0
178435,0
99712,0
265175,0
154571,0
78669,0
174941,0
144758,0
64515,0
122923,0
103399,0
112652,0
261139,0
29822,0
215223,0
147747,0
66273,0
98325,0
135290,0
195584,0
181826,0
44092,0
254918,0
75079,0
47581,0
254123,0
248258,0
159506,0
589,0
261980,0
67603,0
222977,0
18958,0
134422,0
168818,0
43616,0
59840,0
17007,0
38995,0
77619,0
232100,0
236243,0
47333,0
180556,0
181027,0
262795,0
23043,0
210957,0
242064,0
212557,0
15206,0
180098,0
12561,0
115879,0
42026,0
11429,0
155238,0
231250,0
148160,0
123485,0
236739,0
177127,0
240247,0
94057,0
62073,0
3263,0
125503,0
145710,0
164093,0
227716,0
44105,0
29704,0
248719,0
228349,0
86909,0
123632,0
22931,0
34598,0
49533,0
241459,0
150400,0
199798,0
112839,0
196193,0
240381,0
233391,0
150284,0
137842,0
193229,0
47250,0
77010,0
203480,0
143564,0
171332,0
119802,0
106785,0
173302,0
187734,0
13460,0
258926,0
84885,0
174217,0
31882,0
35635,0
247498,0
168994,0
17815,0
115933,0
190794,0
238287,0
70139,0
31519,0
75650,0
250767,0
86531,0
139724,0
174886,0
20269,0
26863,0
140072,0
85878,0
100008,0
224928,0
155895,0
130491,0
149625,0
17407,0
21411,0
76795,0
53584,0
146641,0
93375,0
34985,0
95595,0
41142,0
257414,0
32863,0
194158,0
250548,0
123433,0
33702,0
167639,0
186911,0
136773,0
113378,0
234217,0
204170,0
182792,0
705,0
8297,0
226569,0
76423,0
154036,0
194881,0
102282,0
6304,0
137599,0
91919,0
122393,0
96143,0
31769,0
111823,0
133834,0
86843,0
60916,0
240017,0
116529,0
100548,0
106879,0
263719,0
76875,0
88739,0
145759,0
220789,0
9863,0
133917,0
30305,0
263741,0
241857,0
100116,0
36177,0
242236,0
179962,0
66947,0
49536,0
227549,0
106153,0
162578,0
205677,0
32985,0
230084,0
179017,0
256863,0
135549,0
68474,0
84300,0
133684,0
257546,0
248573,0
100107,0
197085,0
142196,0
211211,0
31202,0
154377,0
218406,0
152709,0
262301,0
121146,0
86045,0
108903,0
92087,0
83182,0
206849,0
178060,0
250597,0
120109,0
91096,0
24993,0
71177,0
175450,0
212108,0
209427,0
34482,0
20482,0
110859,0
144222,0
48177,0
82915,0
68593,0
69014,0
24779,0
77860,0
81597,0
219440,0
125225,0
114304,0
262493,0
182662,0
34369,0
253854,0
156040,0
75724,0
28475,0
234339,0
41837,0
158993,0
251484,0
177775,0
223425,0
21846,0
98401,0
65622,0
167488,0
167341,0
39763,0
61299,0
157624,0
14995,0
43137,0
250559,0
77849,0
124954,0
69899,0
187545,0
79160,0
175960,0
17355,0
164626,0
139585,0
79940,0
103174,0
128252,0
86336,0
217031,0
163726,0
994,0
18172,0
4136,0
69569,0
183306,0
203651,0
4690,0
155194,0
179661,0
164646,0
53991,0
188662,0
130713,0
130647,0
38022,0
249482,0
217905,0
108168,0
240003,0
134219,0
126494,0
11797,0
47462,0
193960,0
132144,0
143403,0
163655,0
134793,0
158960,0
219458,0
160191,0
200609,0
193574,0
246697,0
190244,0
120165,0
157268,0
72816,0
30064,0
162935,0
244152,0
240394,0
198040,0
142292,0
255976,0
176566,0
249228,0
230677,0
224965,0
236447,0
102960,0
3021,0
64372,0
136392,0
145240,0
123529,0
175906,0
4800,0
169157,0
37519,0
12045,0
243343,0
11550,0
227411,0
197432,0
16798,0
76284,0
47405,0
171258,0
7915,0
218985,0
230492,0
72131,0
28235,0
61761,0
24865,0
148787,0
132406,0
98385,0
195065,0
252701,0
3165,0
48791,0
5390,0
115584,0
135374,0
136902,0
229314,0
153164,0
252519,0
162482,0
51756,0
103224,0
27384,0
126006,0
111018,0
83890,0
79281,0
70388,0
203485,0
236501,0
201728,0
111352,0
203476,0
252384,0
184059,0
51477,0
154057,0
222049,0
36862,0
91351,0
214066,0
146928,0
195489,0
14537,0
57682,0
219361,0
207447,0
38265,0
39438,0
155018,0
136010,0
51904,0
141132,0
168043,0
186580,0
143769,0
169868,0
248890,0
203848,0
94529,0
260758,0
214882,0
112748,0
208568,0
148773,0
200774,0
115520,0
256652,0
75647,0
144008,0
237896,0
66075,0
68501,0
260972,0
131602,0
2282,0
206355,0
210382,0
182771,0
156706,0
101427,0
163073,0
183081,0
248991,0
31138,0
124186,0
54648,0
122122,0
143301,0
256312,0
216384,0
34137,0
207628,0
198551,0
176530,0
53072,0
164388,0
25512,0
124196,0
233204,0
264719,0
107344,0
45645,0
11859,0
85500,0
223393,0
84751,0
197130,0
258588,0
207513,0
216311,0
22742,0
176873,0
66692,0
236462,0
80714,0
108183,0
102626,0
28095,0
116781,0
240801,0
42045,0
110274,0
75319,0
165758,0
208798,0
194709,0
179227,0
129668,0
19494,0
229196,0
158634,0
124404,0
79520,0
67284,0
132492,0
73599,0
189640,0
147374,0
110673,0
30066,0
124672,0
162219,0
19871,0
232543,0
12732,0
10258,0
127478,0
182276,0
257418,0
147101,0
68290,0
213359,0
42250,0
105646,0
78110,0
217370,0
140781,0
117095,0
43032,0
134482,0
95496,0
135415,0
156599,0
123069,0
16024,0
161670,0
33094,0
83928,0
72455,0
7201,0
254624,0
28066,0
221945,0
34641,0
83054,0
65877,0
230463,0
201145,0
1709,0
265883,0
30478,0
147560,0
6461,0
97752,0
67717,0
126163,0
13351,0
37396,0
153646,0
32891,0
45945,0
70068,0
108230,0
44223,0
226009,0
260646,0
80044,0
266598,0
54576,0
217771,0
1339,0
161580,0
77413,0
238556,0
72666,0
100682,0
255241,0
170222,0
214802,0
170368,0
151844,0
103104,0
77069,0
253175,0
78257,0
34195,0
52737,0
61870,0
114622,0
84018,0
237448,0
53704,0
200074,0
43572,0
118324,0
8653,0
205066,0
30525,0
235161,0
152299,0
67997,0
214255,0
218019,0
237339,0
6387,0
224283,0
227905,0
10111,0
261813,0
71971,0
34172,0
80653,0
71977,0
45262,0
112738,0
266107,0
214343,0
51588,0
27084,0
98743,0
184800,0
177533,0
228586,0
150770,0
98633,0
244746,0
25611,0
61973,0
143464,0
52664,0
124327,0
74617,0
251990,0
161766,0
191764,0
254448,0
44578,0
96109,0
19292,0
215210,0
165163,0
211312,0
46696,0
31485,0
126602,0
69149,0
78588,0
160935,0
38629,0
129217,0
70172,0
18582,0
123024,0
119094,0
211200,0
68396,0
150508,0
49075,0
36046,0
219119,0
223622,0
149094,0
192410,0
185443,0
27699,0
204441,0
215180,0
29255,0
255288,0
240745,0
88857,0
186686,0
221771,0
245062,0
33722,0
186147,0
234918,0
57954,0
133856,0
23450,0
239773,0
166544,0
185079,0
145250,0
172543,0
145433,0
85522,0
55750,0
98996,0
121265,0
11602,0
136318,0
130909,0
62567,0
65274,0
140037,0
171476,0
210913,0
45231,0
123232,0
97857,0
107793,0
220816,0
128244,0
97628,0
14099,0
9026,0
82199,0
36690,0
266187,0
105804,0
222135,0
251879,0
153473,0
265768,0
100649,0
122694,0
221951,0
84845,0
98513,0
217660,0
48033,0
80736,0
20706,0
224422,0
38673,0
12779,0
177926,0
25137,0
240324,0
130469,0
259261,0
191603,0
93953,0
117444,0
264794,0
86498,0
181194,0
114669,0
12719,0
242200,0
175137,0
66173,0
159601,0
89278,0
205619,0
12939,0
198076,0
37678,0
18099,0
256542,0
215405,0
208048,0
6233,0
208454,0
127511,0
36300,0
149532,0
140105,0
169565,0
231682,0
222203,0
63830,0
201131,0
20703,0
93179,0
122293,0
55495,0
211099,0
42573,0
69105,0
56621,0
254164,0
218109,0
178597,0
124469,0
129516,0
27457,0
20958,0
159212,0
124955,0
84371,0
224720,0
249882,0
63137,0
61985,0
251281,0
187453,0
175442,0
32934,0
214046,0
240508,0
82948,0
45910,0
21400,0
139648,0
163919,0
252799,0
119286,0
79779,0
228131,0
175201,0
264416,0
220750,0
123806,0
128724,0
12223,0
138420,0
138547,0
3128,0
90540,0
250102,0
206995,0
126649,0
88109,0
207709,0
31268,0
164345,0
196397,0
57622,0
213453,0
190474,0
104569,0
184198,0
53376,0
133170,0
223678,0
58323,0
251675,0
82427,0
125127,0
57022,0
102845,0
176936,0
154605,0
47040,0
134484,0
173229,0
508,0
114585,0
87135,0
184601,0
67772,0
80060,0
169078,0
186770,0
76558,0
168615,0
46407,0
266026,0
136688,0
239776,0
155888,0
77364,0
236445,0
225232,0
56029,0
73098,0
152469,0
84450,0
84815,0
49339,0
47398,0
248775,0
154222,0
261892,0
129199,0
79139,0
154326,0
261076,0
236585,0
31671,0
225972,0
93877,0
44488,0
59371,0
32905,0
261245,0
12437,0
144304,0
94630,0
44175,0
71719,0
205543,0
51727,0
199890,0
50344,0
257481,0
228100,0
36033,0
212066,0
14472,0
156557,0
11154,0
109792,0
184022,0
16522,0
71516,0
115791,0
58959,0
204653,0
139030,0
61429,0
52733,0
80697,0
53753,0
55356,0
257479,0
6908,0
225954,0
192174,0
13948,0
122834,0
239379,0
167997,0
183005,0
107119,0
18487,0
173450,0
226740,0
194224,0
31846,0
45347,0
129919,0
60649,0
96988,0
189018,0
266038,0
195924,0
173068,0
213582,0
130681,0
203529,0
34243,0
124422,0
150943,0
179946,0
4391,0
13027,0
14621,0
19978,0
140387,0
53012,0
238142,0
118214,0
93846,0
99108,0
98889,0
138165,0
183495,0
186003,0
34283,0
263834,0
192318,0
40067,0
265017,0
195922,0
210723,0
265587,0
84657,0
25981,0
72135,0
100417,0
61660,0
125809,0
97882,0
87805,0
233689,0
123362,0
59501,0
60184,0
211617,0
163401,0
11059,0
14938,0
144534,0
96560,0
229703,0
84451,0
222344,0
108562,0
195919,0
60540,0
259985,0
153613,0
233669,0
142738,0
141440,0
250153,0
55581,0
236676,0
155220,0
199734,0
160251,0
53357,0
136789,0
249230,0
229886,0
232115,0
213506,0
255233,0
188941,0
253341,0
38174,0
62722,0
261660,0
128774,0
172242,0
260500,0
198267,0
84901,0
3727,0
109023,0
213051,0
95116,0
144677,0
164589,0
51559,0
125059,0
7166,0
256079,0
117965,0
11245,0
34003,0
116020,0
55990,0
36289,0
214211,0
262410,0
200933,0
122160,0
1844,0
54092,0
39783,0
246051,0
222445,0
272,0
220320,0
165604,0
82408,0
25819,0
193858,0
63579,0
144787,0
261072,0
195317,0
117593,0
28401,0
195238,0
119632,0
114677,0
247934,0
200308,0
104198,0
65212,0
220436,0
215627,0
34815,0
259763,0
88512,0
239559,0
18272,0
13771,0
70989,0
228015,0
15213,0
253437,0
209414,0
144432,0
213850,0
183431,0
265896,0
230678,0
144455,0
34465,0
27754,0
57188,0
142582,0
191458,0
157487,0
60286,0
193046,0
2435,0
183208,0
242131,0
205769,0
140446,0
68096,0
252620,0
125354,0
248164,0
172888,0
158297,0
111694,0
7250,0
74295,0
199648,0
117696,0
207674,0
188574,0
52577,0
177802,0
163007,0
14679,0
261971,0
43529,0
47163,0
202439,0
49701,0
241773,0
186625,0
124390,0
155142,0
242588,0
215248,0
97102,0
10662,0
8592,0
178656,0
225258,0
107888,0
36693,0
31806,0
249330,0
93166,0
247259,0
158913,0
62723,0
159803,0
148459,0
70234,0
266059,0
189063,0
150634,0
150556,0
93490,0
123202,0
91465,0
135821,0
214440,0
54304,0
170944,0
19777,0
164502,0
197445,0
103226,0
80380,0
99007,0
74299,0
66043,0
6144,0
92291,0
121017,0
58366,0
215258,0
225515,0
199832,0
66847,0
28862,0
151276,0
88861,0
39212,0
46685,0
69928,0
192047,0
195365,0
150609,0
225335,0
133572,0
173369,0
86809,0
184259,0
85505,0
197734,0
260645,0
40513,0
207671,0
149547,0
55721,0
117603,0
241673,0
213222,0
16374,0
1083,0
81004,0
266486,0
226558,0
79030,0
256471,0
100192,0
193536,0
137816,0
46004,0
243902,0
237033,0
151068,0
95296,0
231698,0
161599,0
38489,0
168978,0
202847,0
68216,0
185245,0
218781,0
258068,0
18688,0
195722,0
141039,0
145147,0
186227,0
146112,0
105927,0
173116,0
218126,0
123117,0
33071,0
221656,0
179814,0
237926,0
123608,0
115844,0
138274,0
49788,0
40920,0
86248,0
67074,0
58513,0
113324,0
154103,0
111635,0
263060,0
80448,0
179395,0
207596,0
62015,0
113899,0
207159,0
76846,0
139326,0
24717,0
6781,0
119580,0
59947,0
190870,0
205496,0
76537,0
37085,0
12707,0
64343,0
139238,0
76728,0
7449,0
258941,0
225641,0
110986,0
180241,0
195357,0
230561,0
152265,0
93395,0
61269,0
25707,0
53800,0
1329,0
215108,0
100263,0
47400,0
225306,0
55837,0
224697,0
188918,0
30898,0
36985,0
239799,0
739,0
181617,0
39131,0
123919,0
52573,0
244073,0
10849,0
265872,0
33990,0
181120,0
177966,0
57231,0
108260,0
23135,0
200668,0
170478,0
250579,0
81233,0
73030,0
166515,0
107626,0
210127,0
53699,0
115543,0
169232,0
141509,0
211188,0
70937,0
173911,0
59044,0
37566,0
246313,0
143166,0
214394,0
51072,0
56298,0
231430,0
64147,0
194667,0
33959,0
204794,0
25817,0
245200,0
5544,0
261268,0
33497,0
206206,0
174127,0
42809,0
121437,0
68317,0
66569,0
232004,0
20418,0
136264,0
188540,0
241599,0
169041,0
131459,0
540,0
171049,0
4194,0
79187,0
48392,0
60148,0
204614,0
141408,0
98140,0
228680,0
27124,0
145441,0
261888,0
260871,0
8550,0
28224,0
59048,0
160883,0
167836,0
120695,0
72255,0
5073,0
12775,0
180401,0
257038,0
175809,0
13098,0
60806,0
76451,0
243007,0
213562,0
261870,0
105985,0
134589,0
133776,0
75234,0
80477,0
265831,0
68589,0
93782,0
253928,0
100965,0
107471,0
37504,0
71829,0
180884,0
225112,0
96984,0
16982,0
86536,0
246824,0
118404,0
69912,0
261157,0
210962,0
8490,0
222603,0
216254,0
72744,0
55303,0
181461,0
173621,0
207757,0
167419,0
57269,0
236694,0
69374,0
104968,0
99447,0
190984,0
120640,0
257964,0
137243,0
2972,0
239163,0
4392,0
175556,0
103314,0
170899,0
73890,0
61242,0
67756,0
44109,0
166633,0
132900,0
211702,0
170639,0
198986,0
176745,0
74635,0
180006,0
128543,0
32340,0
122305,0
252508,0
166236,0
13550,0
78657,0
54262,0
245845,0
60653,0
2418,0
235545,0
70998,0
24181,0
210222,0
65384,0
251637,0
67380,0
117094,0
65971,0
253641,0
15861,0
166817,0
16249,0
39720,0
101984,0
131261,0
8303,0
235871,0
249886,0
188968,0
239486,0
199055,0
75831,0
18082,0
160415,0
213665,0
12512,0
89816,0
56351,0
213832,0
130657,0
115528,0
33342,0
133028,0
95367,0
218142,0
125801,0
6573,0
36087,0
204829,0
176264,0
172575,0
111515,0
61860,0
160271,0
21518,0
254602,0
50290,0
231982,0
42677,0
265266,0
172421,0
265538,0
158814,0
53426,0
49289,0
117997,0
91554,0
234213,0
72991,0
8943,0
155486,0
45458,0
108404,0
250452,0
57822,0
86801,0
72981,0
177530,0
173706,0
62508,0
83128,0
183240,0
212269,0
3900,0
190145,0
175469,0
105807,0
213614,0
171390,0
175491,0
73426,0
32701,0
122660,0
137578,0
57442,0
128820,0
102571,0
122289,0
74737,0
9013,0
102099,0
38046,0
200884,0
21878,0
185648,0
30838,0
181486,0
35169,0
70227,0
62310,0
220493,0
149350,0
173037,0
13937,0
170533,0
71487,0
97059,0
12084,0
87926,0
256232,0
239222,0
36403,0
22971,0
61561,0
23630,0
152298,0
162082,0
124863,0
208826,0
94402,0
248883,0
81040,0
167900,0
79185,0
154973,0
253480,0
4284,0
257555,0
193749,0
67150,0
107333,0
243679,0
199418,0
30767,0
28527,0
107479,0
104428,0
89899,0
256373,0
69132,0
229248,0
230692,0
36275,0
150835,0
236090,0
244070,0
31470,0
5461,0
260383,0
42531,0
41803,0
236114,0
30352,0
76485,0
221502,0
43228,0
13871,0
53693,0
96870,0
242477,0
215549,0
111439,0
145082,0
211746,0
54756,0
224945,0
58515,0
8417,0
136391,0
142811,0
175193,0
9197,0
96784,0
222581,0
217088,0
120288,0
162800,0
76150,0
16007,0
249634,0
52234,0
71319,0
167974,0
245246,0
214544,0
188604,0
241826,0
133507,0
37698,0
202248,0
77590,0
251365,0
140650,0
246426,0
140258,0
80209,0
78227,0
1420,0
105508,0
130387,0
242573,0
61544,0
13043,0
181460,0
181535,0
183450,0
30847,0
251356,0
199815,0
143107,0
113384,0
232012,0
213594,0
156281,0
89210,0
196303,0
1175,0
151326,0
109398,0
129201,0
103612,0
68508,0
220905,0
211466,0
89748,0
128682,0
59784,0
81024,0
154592,0
207552,0
134420,0
7411,0
50119,0
45144,0
31772,0
155681,0
68090,0
150340,0
97984,0
244126,0
219810,0
65406,0
105363,0
229982,0
228763,0
145176,0
152023,0
106735,0
28483,0
195587,0
171664,0
114145,0
250169,0
83224,0
3243,0
109225,0
158112,0
97005,0
124631,0
137417,0
35963,0
21519,0
43717,0
9534,0
138365,0
135351,0
179116,0
136662,0
78674,0
114038,0
31046,0
261754,0
215052,0
67280,0
109717,0
24138,0
140955,0
145200,0
165209,0
17694,0
78942,0
245181,0
56013,0
135569,0
222506,0
244963,0
76764,0
239271,0
59666,0
88555,0
43810,0
208550,0
119288,0
196650,0
22385,0
114603,0
209930,0
96435,0
266524,0
118750,0
183440,0
168120,0
171238,0
59571,0
5978,0
138646,0
77511,0
4308,0
242227,0
209020,0
96220,0
111734,0
10843,0
207153,0
199505,0
123074,0
211821,0
262599,0
183159,0
901,0
84963,0
263472,0
154697,0
5333,0
111708,0
207230,0
259894,0
89744,0
203379,0
19653,0
256454,0
243262,0
228375,0
66392,0
230822,0
138006,0
13525,0
84207,0
33451,0
66724,0
15305,0
75206,0
225558,0
170193,0
171936,0
86228,0
67432,0
204409,0
99745,0
190567,0
140713,0
51551,0
263831,0
244684,0
169870,0
95433,0
64642,0
163854,0
74034,0
142009,0
152146,0
24292,0
49495,0
239604,0
142095,0
154044,0
201422,0
27275,0
193301,0
184375,0
19150,0
252114,0
98971,0
23871,0
84758,0
57652,0
123597,0
29972,0
115292,0
144014,0
140738,0
242125,0
198144,0
123704,0
204803,0
131693,0
192516,0
48942,0
132944,0
123281,0
1355,0
129210,0
224537,0
126064,0
191165,0
247302,0
200909,0
211481,0
231787,0
152726,0
196321,0
119212,0
124778,0
189879,0
98221,0
171486,0
50660,0
162583,0
143142,0
177192,0
49837,0
210404,0
207762,0
212165,0
140912,0
233443,0
249036,0
4407,0
101950,0
30928,0
129765,0
78971,0
40435,0
79726,0
26076,0
71875,0
162375,0
85310,0
75084,0
255982,0
239934,0
35843,0
203517,0
146413,0
181664,0
6753,0
142532,0
83137,0
192197,0
184772,0
90714,0
113644,0
190712,0
65004,0
231240,0
251915,0
190360,0
137542,0
211842,0
162373,0
64585,0
118586,0
191491,0
198045,0
183787,0
257981,0
244045,0
191675,0
92043,0
4387,0
50744,0
161013,0
262319,0
125479,0
58697,0
39870,0
114080,0
148815,0
125050,0
243195,0
167732,0
62892,0
183404,0
229844,0
174099,0
107939,0
164929,0
262995,0
245900,0
127114,0
246166,0
51852,0
188759,0
218502,0
57264,0
190918,0
53579,0
218969,0
168872,0
41458,0
189785,0
80161,0
252576,0
45312,0
224027,0
46158,0
111698,0
13255,0
172112,0
220103,0
103435,0
260160,0
233862,0
244094,0
221651,0
225324,0
118226,0
214338,0
188312,0
195203,0
27733,0
220403,0
12267,0
171545,0
23587,0
75141,0
47275,0
4762,0
115719,0
154433,0
254893,0
18240,0
58132,0
52215,0
25788,0
59360,0
194255,0
82273,0
10522,0
131698,0
232269,0
98731,0
195677,0
213221,0
34987,0
251198,0
207264,0
238797,0
112874,0
266530,0
79781,0
158521,0
11953,0
9439,0
156691,0
235316,0
8364,0
229571,0
132498,0
71360,0
71424,0
20770,0
160252,0
116739,0
14476,0
103201,0
213502,0
138427,0
92011,0
106086,0
111887,0
224827,0
161744,0
217488,0
148010,0
43132,0
256795,0
44261,0
197942,0
255463,0
59903,0
107356,0
238989,0
88162,0
216490,0
198780,0
218673,0
73316,0
63549,0
71152,0
46310,0
38386,0
66886,0
238795,0
72102,0
123351,0
133274,0
246853,0
81752,0
65374,0
158323,0
230720,0
24722,0
189484,0
263383,0
14268,0
35280,0
241005,0
95587,0
151020,0
247807,0
29169,0
177991,0
30754,0
187952,0
153944,0
152268,0
259883,0
133779,0
189794,0
219383,0
43021,0
19638,0
234051,0
138401,0
39298,0
150899,0
253290,0
256528,0
46073,0
248422,0
99971,0
46764,0
159857,0
132882,0
255695,0
200378,0
145294,0
105553,0
117901,0
135043,0
165596,0
249399,0
137346,0
97888,0
226568,0
59160,0
41912,0
52731,0
218495,0
106765,0
142941,0
175660,0
24640,0
101590,0
12502,0
94971,0
246083,0
175373,0
21736,0
99708,0
253625,0
212032,0
135158,0
185617,0
51010,0
239397,0
235238,0
193819,0
264696,0
238070,0
34545,0
22334,0
175372,0
39145,0
63887,0
194507,0
41738,0
203859,0
239057,0
60509,0
241929,0
24039,0
181081,0
105846,0
13741,0
60225,0
182625,0
236529,0
250743,0
51576,0
95420,0
89683,0
204933,0
7512,0
211450,0
247001,0
134604,0
63035,0
62858,0
195445,0
159186,0
47561,0
13986,0
93080,0
78587,0
191692,0
7399,0
235067,0
170785,0
94425,0
69019,0
264973,0
243608,0
20907,0
161708,0
195021,0
24328,0
106582,0
134561,0
235025,0
143231,0
61812,0
83100,0
190915,0
47066,0
230377,0
236260,0
41520,0
2520,0
258515,0
80468,0
79696,0
67018,0
65065,0
120747,0
81048,0
53845,0
199250,0
43653,0
21058,0
195821,0
115972,0
171118,0
168409,0
200332,0
115340,0
3110,0
259633,0
246952,0
252906,0
262917,0
119952,0
238543,0
123364,0
50233,0
260196,0
22350,0
217966,0
78044,0
210414,0
109242,0
85312,0
114927,0
99104,0
211727,0
100411,0
257164,0
139649,0
119279,0
237516,0
224848,0
97398,0
48961,0
32283,0
23035,0
58255,0
122519,0
70058,0
87141,0
52915,0
109321,0
182228,0
114444,0
116230,0
259863,0
176305,0
93500,0
96374,0
243782,0
141851,0
172478,0
47568,0
26254,0
23785,0
224001,0
24293,0
70405,0
179597,0
239503,0
104710,0
103769,0
119868,0
94869,0
106036,0
136203,0
176550,0
229044,0
67138,0
157811,0
146566,0
83693,0
155849,0
131040,0
187126,0
249797,0
142372,0
264108,0
1534,0
221112,0
261657,0
28432,0
56746,0
259220,0
224189,0
89675,0
19049,0
2373,0
149717,0
223499,0
78914,0
241960,0
239007,0
140297,0
241092,0
149955,0
108679,0
180666,0
159023,0
4957,0
141393,0
142212,0
94211,0
232124,0
165466,0
117089,0
196953,0
58070,0
116327,0
181925,0
260997,0
85702,0
152342,0
97184,0
147443,0
58293,0
149152,0
31086,0
246705,0
122431,0
25215,0
246563,0
78291,0
14228,0
245897,0
49667,0
258226,0
44448,0
64086,0
45869,0
124658,0
109582,0
70404,0
169261,0
98936,0
97490,0
8814,0
61395,0
67804,0
258273,0
226956,0
131976,0
157216,0
65603,0
21923,0
172277,0
79439,0
188249,0
104008,0
167913,0
70527,0
184582,0
241239,0
174808,0
238872,0
36777,0
232680,0
188507,0
134103,0
185852,0
96101,0
145430,0
132338,0
175780,0
94878,0
184288,0
18747,0
139936,0
187897,0
58177,0
75594,0
175787,0
43662,0
65913,0
148457,0
111679,0
250811,0
71495,0
111315,0
178141,0
67658,0
144984,0
247927,0
58418,0
154039,0
204986,0
58607,0
116315,0
189568,0
11278,0
145417,0
8520,0
202992,0
12131,0
256799,0
239846,0
55019,0
18283,0
242844,0
104962,0
44606,0
89168,0
139518,0
86945,0
131371,0
229935,0
74364,0
262568,0
22874,0
171252,0
20683,0
24475,0
213767,0
42804,0
221093,0
219047,0
234006,0
137730,0
246797,0
107527,0
202551,0
21930,0
72268,0
217006,0
143673,0
61534,0
173284,0
137035,0
129717,0
226463,0
62569,0
217735,0
113670,0
167934,0
171764,0
24310,0
94626,0
259024,0
32342,0
257153,0
135085,0
26320,0
262399,0
94683,0
137383,0
263999,0
53316,0
232763,0
86938,0
234372,0
245476,0
226376,0
227333,0
233584,0
110346,0
70772,0
90818,0
253460,0
203864,0
46945,0
134165,0
90154,0
227984,0
170404,0
236374,0
229613,0
204417,0
243751,0
123298,0
143656,0
66421,0
15732,0
1023,0
234620,0
138381,0
141212,0
83886,0
159871,0
902,0
178113,0
15172,0
263295,0
182106,0
89021,0
181778,0
79010,0
263827,0
109885,0
230258,0
78745,0
166928,0
26354,0
110907,0
19655,0
63077,0
35723,0
110209,0
231657,0
141146,0
74462,0
163637,0
124124,0
220378,0
221326,0
118316,0
137095,0
147157,0
17294,0
118935,0
169008,0
232515,0
209357,0
178398,0
120820,0
140188,0
214493,0
129918,0
93337,0
179542,0
161508,0
162684,0
6866,0
220940,0
250046,0
188432,0
55458,0
107916,0
18334,0
112948,0
163778,0
17680,0
218312,0
133180,0
59271,0
111740,0
222588,0
5918,0
86982,0
258294,0
144987,0
262048,0
161120,0
75946,0
52394,0
147093,0
120738,0
77446,0
255171,0
90855,0
87266,0
173252,0
24695,0
113524,0
124961,0
156352,0
246330,0
169028,0
78204,0
161954,0
247437,0
216454,0
97780,0
132663,0
262409,0
66983,0
188299,0
90428,0
249252,0
8755,0
190249,0
20988,0
120047,0
209522,0
108716,0
112531,0
259686,0
40944,0
45116,0
47984,0
169319,0
264648,0
187046,0
42911,0
127593,0
217969,0
6958,0
263565,0
177486,0
116736,0
127960,0
218544,0
203429,0
109661,0
193781,0
133258,0
192382,0
121222,0
236656,0
22793,0
257564,0
63932,0
250168,0
153675,0
245322,0
231890,0
68241,0
182049,0
91247,0
22355,0
70502,0
265341,0
86764,0
149048,0
180909,0
122983,0
79976,0
219050,0
190208,0
496,0
72149,0
123380,0
151282,0
114526,0
53053,0
171338,0
154275,0
101993,0
143805,0
255911,0
134179,0
108572,0
184929,0
6371,0
52118,0
104640,0
158982,0
217989,0
180949,0
157593,0
110627,0
163043,0
14841,0
122178,0
81206,0
119299,0
70535,0
22338,0
116810,0
239106,0
156602,0
31026,0
213330,0
23294,0
134888,0
225768,0
130345,0
43155,0
205594,0
31780,0
17016,0
228149,0
75837,0
24417,0
21508,0
196868,0
250459,0
235100,0
97994,0
42732,0
247142,0
57312,0
102407,0
259694,0
190708,0
121026,0
105277,0
211500,0
118969,0
30457,0
26394,0
42379,0
27199,0
240792,0
67923,0
23735,0
142734,0
225190,0
222001,0
139231,0
36636,0
247140,0
45277,0
242461,0
224779,0
216584,0
262544,0
106612,0
147577,0
206826,0
49357,0
75767,0
109328,0
214028,0
66156,0
82237,0
234476,0
91915,0
75598,0
118528,0
6675,0
176328,0
182304,0
181484,0
262255,0
58929,0
130041,0
33127,0
158973,0
61822,0
137892,0
49479,0
41122,0
29968,0
187405,0
18306,0
95303,0
104238,0
54917,0
225959,0
95027,0
183124,0
233524,0
44777,0
140569,0
81855,0
49057,0
55131,0
16084,0
213276,0
186307,0
12560,0
124716,0
190173,0
212355,0
256215,0
236892,0
236853,0
201755,0
260829,0
159907,0
127107,0
99332,0
104542,0
186701,0
180494,0
229042,0
174789,0
131335,0
231136,0
10535,0
183602,0
221295,0
133706,0
199495,0
62969,0
135392,0
76657,0
153152,0
143904,0
42355,0
64770,0
167123,0
162912,0
164392,0
264819,0
195293,0
175846,0
95932,0
143384,0
22836,0
241270,0
221686,0
219954,0
125985,0
33144,0
149952,0
134650,0
186094,0
26314,0
182275,0
158074,0
125979,0
262364,0
199430,0
224684,0
246908,0
105440,0
21326,0
201781,0
18052,0
80484,0
130795,0
123970,0
41497,0
169796,0
25172,0
125156,0
170815,0
246477,0
76961,0
71113,0
65830,0
88568,0
188676,0
228541,0
14422,0
260796,0
186375,0
46248,0
147472,0
65006,0
233701,0
60662,0
56314,0
194624,0
33610,0
50108,0
177209,0
262566,0
192300,0
203026,0
67257,0
134919,0
100996,0
42557,0
181366,0
74087,0
157876,0
233418,0
233930,0
221811,0
234190,0
212378,0
42187,0
13276,0
201004,0
57164,0
206176,0
111195,0
39220,0
51054,0
242470,0
26870,0
159646,0
155195,0
10429,0
167649,0
51284,0
148423,0
249561,0
79225,0
225824,0
233808,0
115941,0
58747,0
215307,0
41213,0
131256,0
40387,0
164967,0
42224,0
111212,0
109235,0
220441,0
197567,0
247212,0
181663,0
175359,0
110259,0
93630,0
163758,0
33741,0
168241,0
176597,0
176486,0
247340,0
52399,0
9467,0
14186,0
169750,0
142203,0
10451,0
255568,0
99253,0
224413,0
69650,0
207778,0
59,0
143609,0
34837,0
239557,0
95824,0
227186,0
5492,0
164189,0
241847,0
169344,0
213804,0
14876,0
49216,0
134040,0
75364,0
249724,0
128395,0
18348,0
90105,0
147924,0
192857,0
100997,0
84767,0
265050,0
165142,0
170211,0
83903,0
225084,0
184550,0
172924,0
121201,0
56476,0
12174,0
25108,0
90983,0
91658,0
180714,0
563,0
174245,0
76112,0
196121,0
228286,0
160880,0
182766,0
245276,0
204685,0
195141,0
259207,0
143287,0
51153,0
229202,0
36528,0
235855,0
261185,0
232888,0
265042,0
23716,0
218687,0
265426,0
49398,0
159127,0
40591,0
241126,0
109844,0
184593,0
234981,0
202397,0
52661,0
5455,0
31293,0
18158,0
38770,0
176630,0
236255,0
159795,0
139858,0
129505,0
228593,0
133853,0
82127,0
70434,0
9278,0
168704,0
184231,0
35456,0
212721,0
202871,0
190607,0
97029,0
80108,0
79429,0
198161,0
89856,0
28003,0
258422,0
194965,0
133322,0
19911,0
18296,0
91502,0
32678,0
98353,0
199995,0
140704,0
266348,0
70074,0
211886,0
51820,0
229728,0
48884,0
82835,0
78623,0
180532,0
95973,0
86242,0
4689,0
76564,0
127972,0
96655,0
206409,0
176957,0
27634,0
73179,0
13795,0
207270,0
263680,0
96787,0
259071,0
112428,0
79032,0
139715,0
102382,0
263570,0
125343,0
68651,0
239150,0
164754,0
122342,0
66619,0
28471,0
168783,0
250585,0
48503,0
240904,0
182161,0
157754,0
182960,0
160435,0
213098,0
202862,0
21384,0
114642,0
118914,0
89001,0
241880,0
89375,0
144531,0
149658,0
40012,0
50396,0
44246,0
30537,0
24158,0
10453,0
179696,0
46162,0
86508,0
207557,0
149053,0
142356,0
196234,0
252695,0
10016,0
128019,0
161364,0
208726,0
98587,0
198922,0
265143,0
48764,0
145392,0
128282,0
53525,0
77712,0
245541,0
169657,0
29049,0
198300,0
257460,0
228855,0
38296,0
205818,0
62573,0
180036,0
16689,0
136963,0
40971,0
160478,0
33484,0
223245,0
203456,0
33530,0
66015,0
229408,0
26557,0
235384,0
3705,0
98015,0
211871,0
106476,0
53974,0
66200,0
191327,0
93235,0
210987,0
223048,0
254120,0
103037,0
28790,0
121513,0
225769,0
23251,0
230742,0
141865,0
48196,0
56011,0
58668,0
57715,0
53997,0
200803,0
131059,0
160962,0
165515,0
142576,0
171303,0
6214,0
5353,0
132442,0
215142,0
124665,0
74887,0
152050,0
189130,0
254829,0
99805,0
256238,0
218523,0
216966,0
116237,0
255218,0
148446,0
80706,0
110443,0
117642,0
80971,0
149192,0
92702,0
28600,0
92305,0
42900,0
3349,0
76510,0
4534,0
62402,0
4891,0
52811,0
260975,0
159146,0
153211,0
174376,0
135691,0
15076,0
163557,0
25387,0
220215,0
234123,0
204539,0
146743,0
61353,0
179338,0
238494,0
166455,0
260769,0
60412,0
99440,0
142284,0
6177,0
170230,0
127248,0
175258,0
22032,0
254874,0
18638,0
47800,0
214711,0
263318,0
140382,0
58601,0
20999,0
198896,0
201924,0
62245,0
111877,0
239123,0
172521,0
249760,0
27556,0
118432,0
41196,0
223408,0
112004,0
112241,0
192272,0
204928,0
166620,0
229951,0
28021,0
56178,0
165198,0
44420,0
85771,0
68061,0
105140,0
44199,0
198255,0
48510,0
211316,0
122573,0
165303,0
76651,0
248766,0
51133,0
251139,0
55872,0
44627,0
206821,0
52463,0
188319,0
91594,0
257337,0
215879,0
257516,0
96306,0
7236,0
237491,0
168747,0
228080,0
13778,0
125491,0
149480,0
94831,0
196490,0
141705,0
25474,0
253946,0
185066,0
199776,0
48082,0
133985,0
18181,0
144218,0
75320,0
13622,0
91722,0
250996,0
231515,0
183127,0
232985,0
203519,0
140167,0
264695,0
204668,0
227699,0
43921,0
59467,0
52914,0
65149,0
143439,0
48559,0
161333,0
35713,0
204148,0
179371,0
40108,0
44350,0
170309,0
104045,0
41367,0
152235,0
231378,0
1894,0
7423,0
199871,0
112399,0
12009,0
193961,0
263023,0
33734,0
251289,0
32465,0
166177,0
12231,0
176165,0
35860,0
218452,0
57653,0
253934,0
245398,0
151413,0
138930,0
254205,0
22622,0
22084,0
21306,0
162616,0
95502,0
52603,0
20094,0
95471,0
236217,0
179174,0
172309,0
48013,0
23282,0
19060,0
256751,0
90054,0
85798,0
74118,0
254284,0
182060,0
180039,0
219385,0
187361,0
133085,0
154777,0
169949,0
213676,0
124414,0
161960,0
94785,0
56488,0
90848,0
99777,0
197079,0
262294,0
227052,0
131023,0
207443,0
204319,0
78115,0
80304,0
159391,0
236097,0
188324,0
101627,0
244235,0
377,0
181191,0
86592,0
64693,0
119179,0
238950,0
73959,0
209368,0
220108,0
201637,0
222881,0
47821,0
93364,0
262600,0
153909,0
54570,0
26003,0
94915,0
182610,0
229102,0
240081,0
203854,0
10572,0
126146,0
146187,0
123962,0
236761,0
82847,0
254837,0
18869,0
254010,0
68735,0
229407,0
72153,0
191431,0
57012,0
190238,0
105552,0
213207,0
64990,0
61913,0
29207,0
210177,0
222924,0
1767,0
140250,0
208914,0
231164,0
88995,0
239601,0
97316,0
149869,0
89310,0
260405,0
140877,0
7244,0
220630,0
144245,0
211524,0
16872,0
113255,0
217655,0
103578,0
218704,0
225211,0
997,0
103918,0
230995,0
87746,0
28955,0
246352,0
132195,0
251605,0
233351,0
73457,0
196105,0
213287,0
31369,0
149530,0
161948,0
209444,0
235401,0
223688,0
131212,0
32086,0
245343,0
241920,0
196294,0
172231,0
266422,0
242994,0
154395,0
44594,0
196725,0
9328,0
202659,0
174449,0
39299,0
65535,0
150448,0
180033,0
182443,0
10179,0
258495,0
42565,0
28525,0
209666,0
191434,0
173461,0
244666,0
159478,0
82053,0
78192,0
133663,0
98661,0
232801,0
43004,0
66232,0
141227,0
26838,0
211675,0
168558,0
102233,0
216888,0
106014,0
219901,0
140969,0
169856,0
134340,0
212452,0
255002,0
4492,0
86949,0
198041,0
179644,0
45672,0
77077,0
121107,0
28847,0
122847,0
29976,0
2729,0
88697,0
101490,0
137561,0
241297,0
86285,0
25642,0
194228,0
77465,0
180119,0
102808,0
201241,0
217960,0
84860,0
251643,0
40013,0
245036,0
49084,0
120216,0
169259,0
44505,0
68774,0
102819,0
32782,0
72472,0
113966,0
235710,0
163981,0
217561,0
24549,0
198770,0
214534,0
63079,0
82933,0
222613,0
83666,0
135119,0
60277,0
102363,0
233537,0
132146,0
254350,0
163267,0
265922,0
58965,0
250228,0
147236,0
29038,0
153140,0
152728,0
264077,0
56631,0
117953,0
261949,0
205519,0
120768,0
68332,0
117598,0
44320,0
102533,0
59435,0
36847,0
43767,0
232361,0
99969,0
51664,0
47782,0
242192,0
152034,0
176606,0
119231,0
227118,0
203573,0
110041,0
96758,0
259746,0
6977,0
158668,0
17063,0
168014,0
237673,0
251391,0
218077,0
186149,0
180964,0
36681,0
208428,0
230098,0
74213,0
248195,0
44122,0
83921,0
169059,0
142559,0
195295,0
124745,0
243957,0
150898,0
220168,0
249192,0
43732,0
116253,0
135816,0
76153,0
239789,0
266322,0
86762,0
212655,0
9652,0
68062,0
54615,0
179326,0
183071,0
35089,0
39065,0
117413,0
115422,0
202513,0
74714,0
36759,0
253281,0
132413,0
265610,0
6848,0
33130,0
83725,0
76154,0
103980,0
73683,0
194888,0
51669,0
95321,0
54862,0
10705,0
79638,0
251543,0
152004,0
206098,0
22571,0
235699,0
26252,0
161753,0
53803,0
3041,0
77103,0
194737,0
100034,0
124757,0
45153,0
107476,0
59705,0
50346,0
21524,0
192485,0
224816,0
168079,0
156389,0
239225,0
4318,0
7912,0
94085,0
86014,0
25238,0
123426,0
148517,0
35510,0
135639,0
65750,0
192660,0
201979,0
237929,0
83004,0
20314,0
257957,0
200099,0
196636,0
228622,0
41398,0
231036,0
147021,0
252118,0
259018,0
159970,0
18630,0
232568,0
190748,0
236444,0
54011,0
190058,0
175184,0
91039,0
134109,0
238480,0
144917,0
50066,0
41036,0
106974,0
254064,0
200502,0
47293,0
201366,0
208999,0
168104,0
32867,0
14984,0
10329,0
113737,0
188853,0
10218,0
197054,0
93191,0
191197,0
178190,0
71323,0
145654,0
119768,0
181618,0
201406,0
214600,0
192852,0
51751,0
79863,0
135229,0
191454,0
140193,0
65342,0
72670,0
239426,0
28536,0
147049,0
234147,0
250963,0
187523,0
173760,0
226251,0
174692,0
240115,0
171755,0
208564,0
135605,0
245863,0
151835,0
116750,0
187911,0
95160,0
33006,0
64293,0
178658,0
10562,0
66525,0
32939,0
101898,0
47155,0
255302,0
255276,0
197654,0
244653,0
241400,0
43231,0
242383,0
211747,0
149620,0
163483,0
133214,0
167389,0
125037,0
61523,0
35016,0
82025,0
145838,0
42037,0
66853,0
212611,0
214251,0
33105,0
124462,0
247234,0
222661,0
130062,0
136657,0
123749,0
216412,0
111262,0
83995,0
172405,0
82232,0
218116,0
176699,0
245016,0
217485,0
9629,0
16014,0
6749,0
180974,0
263900,0
224416,0
255923,0
166433,0
184521,0
34359,0
264962,0
46469,0
253595,0
132158,0
88570,0
39940,0
124241,0
89166,0
258090,0
160308,0
183457,0
219546,0
215009,0
50506,0
16536,0
227032,0
55244,0
59088,0
23214,0
56920,0
97367,0
261996,0
168157,0
187471,0
148270,0
185373,0
109753,0
106366,0
109751,0
173530,0
39118,0
214860,0
5371,0
43897,0
161072,0
266137,0
6097,0
256536,0
204111,0
46477,0
121256,0
91602,0
83356,0
22789,0
12971,0
52256,0
214495,0
248517,0
217510,0
163801,0
194528,0
9282,0
259158,0
202217,0
129658,0
96724,0
164307,0
113461,0
150124,0
181912,0
181686,0
223588,0
190739,0
196042,0
258067,0
161379,0
206705,0
912,0
20102,0
23960,0
188450,0
104976,0
13734,0
212534,0
98816,0
207386,0
111743,0
60221,0
166527,0
72682,0
117967,0
198601,0
98409,0
251695,0
221392,0
218370,0
155777,0
137587,0
60418,0
5083,0
235193,0
154205,0
230667,0
198379,0
212273,0
193101,0
216590,0
28819,0
263709,0
244415,0
71854,0
168148,0
87966,0
91082,0
4785,0
45754,0
161709,0
24334,0
33113,0
74834,0
113618,0
246880,0
210117,0
141967,0
55416,0
196938,0
32835,0
232027,0
72770,0
11063,0
71645,0
15058,0
73411,0
172659,0
253678,0
230023,0
168724,0
94737,0
249116,0
154091,0
76434,0
211877,0
94735,0
2578,0
22706,0
64125,0
130878,0
193047,0
171965,0
166924,0
167373,0
68519,0
263015,0
78485,0
134990,0
138159,0
82927,0
128851,0
52187,0
30926,0
192357,0
212732,0
118478,0
23424,0
172240,0
137482,0
257011,0
39731,0
149684,0
192626,0
236453,0
152573,0
77340,0
76301,0
106003,0
139275,0
122153,0
157326,0
259113,0
241968,0
117119,0
12051,0
75490,0
159712,0
166292,0
221816,0
208101,0
186836,0
771,0
225975,0
231760,0
153058,0
7191,0
42765,0
23460,0
166145,0
232848,0
187855,0
195791,0
167674,0
144144,0
34788,0
145868,0
104263,0
66282,0
5707,0
196329,0
140765,0
113357,0
260068,0
98532,0
71672,0
82137,0
204643,0
71801,0
213707,0
244384,0
144354,0
112539,0
130621,0
266466,0
140923,0
210576,0
24306,0
52420,0
29612,0
256608,0
145511,0
221938,0
50062,0
30814,0
95484,0
67873,0
167046,0
109976,0
255864,0
73305,0
114273,0
4631,0
13014,0
173707,0
34763,0
185180,0
140043,0
52340,0
227063,0
74910,0
158334,0
108711,0
247951,0
227115,0
11258,0
134564,0
94161,0
219138,0
226641,0
86444,0
202916,0
101870,0
48804,0
61716,0
80588,0
239526,0
227533,0
69717,0
130219,0
153965,0
199831,0
132780,0
189222,0
66069,0
190627,0
38351,0
7254,0
261726,0
164909,0
237936,0
7536,0
97399,0
110160,0
60265,0
98665,0
114724,0
122678,0
17310,0
59426,0
4004,0
78794,0
54708,0
14826,0
170451,0
251447,0
257344,0
189174,0
256938,0
178074,0
242747,0
170031,0
252983,0
45291,0
72383,0
165258,0
136140,0
63709,0
153564,0
65410,0
148037,0
90955,0
43286,0
247631,0
116086,0
242491,0
9835,0
236025,0
152035,0
92767,0
24573,0
256638,0
21982,0
174400,0
89353,0
82858,0
240653,0
55844,0
176765,0
221644,0
265727,0
65348,0
22037,0
1014,0
115438,0
152495,0
57432,0
240422,0
217646,0
128898,0
160460,0
87067,0
139009,0
58728,0
42011,0
3884,0
87657,0
19935,0
51475,0
242961,0
156463,0
160857,0
193093,0
80124,0
31072,0
2924,0
7592,0
38332,0
88694,0
78183,0
104935,0
92203,0
10142,0
199078,0
195035,0
56493,0
78153,0
257565,0
167435,0
40141,0
107964,0
252851,0
132147,0
159224,0
10369,0
89218,0
217623,0
68565,0
47839,0
106083,0
33161,0
68546,0
231662,0
139734,0
205080,0
144393,0
197035,0
66522,0
257897,0
194573,0
76334,0
213165,0
238162,0
146172,0
14676,0
65422,0
202004,0
46820,0
124750,0
201380,0
213420,0
241932,0
129988,0
203657,0
105386,0
241282,0
17863,0
216507,0
167587,0
41495,0
92911,0
238392,0
104129,0
91588,0
96305,0
140914,0
55273,0
110816,0
16630,0
35069,0
157169,0
21270,0
201432,0
161184,0
233092,0
154031,0
102443,0
116176,0
11324,0
157237,0
85033,0
59102,0
124937,0
222100,0
206560,0
170622,0
64116,0
79917,0
62406,0
237002,0
40397,0
223293,0
168859,0
243439,0
50674,0
17024,0
6416,0
152945,0
253623,0
82639,0
97206,0
256620,0
251858,0
29240,0
158931,0
29208,0
220758,0
234834,0
4700,0
25359,0
8131,0
117366,0
45933,0
115410,0
247790,0
51177,0
7527,0
45267,0
109306,0
149871,0
21916,0
233509,0
237011,0
76299,0
256361,0
50184,0
212381,0
104835,0
49730,0
54019,0
252120,0
8296,0
48186,0
49347,0
239697,0
5722,0
146989,0
252611,0
187473,0
251382,0
253383,0
48443,0
48010,0
222773,0
41387,0
122756,0
242877,0
105699,0
16422,0
23810,0
239542,0
144701,0
1222,0
228144,0
212059,0
265144,0
10190,0
104559,0
36750,0
259781,0
234801,0
38080,0
157853,0
131482,0
194800,0
121340,0
584,0
222389,0
213549,0
219451,0
93277,0
115846,0
119548,0
146988,0
132855,0
116155,0
62049,0
189128,0
228329,0
148221,0
151929,0
73270,0
134210,0
94739,0
16087,0
126216,0
68277,0
195654,0
254976,0
170238,0
32138,0
188185,0
217068,0
80473,0
192484,0
216105,0
161524,0
52061,0
54052,0
206792,0
228640,0
88194,0
242462,0
141969,0
120150,0
246001,0
55821,0
240838,0
25498,0
139916,0
247453,0
40163,0
100826,0
128353,0
262300,0
241570,0
6068,0
193349,0
254572,0
85855,0
209154,0
47351,0
173890,0
152139,0
15566,0
241824,0
129025,0
146797,0
237664,0
57944,0
236977,0
73999,0
62045,0
176937,0
144810,0
263048,0
147923,0
45134,0
123030,0
169938,0
14658,0
50994,0
248031,0
6293,0
10933,0
141488,0
40867,0
122152,0
85651,0
3857,0
172017,0
113489,0
60807,0
14269,0
137497,0
180448,0
38883,0
185152,0
49773,0
253875,0
27236,0
140755,0
102153,0
118605,0
51752,0
243988,0
150430,0
21445,0
204755,0
125266,0
81197,0
34151,0
253981,0
28347,0
112219,0
174988,0
118370,0
222288,0
109796,0
55785,0
2329,0
143640,0
266528,0
69501,0
216657,0
204068,0
202749,0
26563,0
131739,0
206369,0
189938,0
15441,0
244103,0
148018,0
243524,0
50416,0
233861,0
21287,0
33987,0
173975,0
212044,0
80092,0
83961,0
70507,0
64176,0
207247,0
174567,0
177592,0
137393,0
139417,0
159082,0
105008,0
125949,0
47,0
181085,0
126396,0
120595,0
44091,0
170140,0
16209,0
166218,0
122767,0
103828,0
88717,0
140910,0
12263,0
76040,0
160111,0
2017,0
15158,0
199006,0
159782,0
105471,0
207099,0
212682,0
14382,0
7991,0
95994,0
65867,0
258370,0
115661,0
81634,0
255416,0
243400,0
84725,0
221019,0
116200,0
136037,0
14554,0
229277,0
255758,0
99908,0
118661,0
119526,0
54652,0
179336,0
133670,0
113230,0
241301,0
69647,0
226689,0
29763,0
7036,0
41057,0
143404,0
32087,0
156480,0
14595,0
167610,0
53748,0
169011,0
196360,0
239883,0
90455,0
264467,0
108412,0
193139,0
76158,0
254942,0
154340,0
23812,0
67861,0
228109,0
245374,0
169741,0
219684,0
159381,0
34990,0
217121,0
29170,0
60181,0
137906,0
6028,0
18709,0
20996,0
2411,0
216269,0
83228,0
58664,0
235968,0
47457,0
122771,0
181592,0
39843,0
236194,0
14077,0
249988,0
78950,0
54976,0
173019,0
199617,0
35550,0
196338,0
249966,0
115388,0
5310,0
167583,0
85532,0
227410,0
42336,0
133395,0
45556,0
112343,0
77844,0
248944,0
26665,0
152538,0
107952,0
23004,0
251006,0
167096,0
51286,0
184718,0
207302,0
142844,0
230008,0
133816,0
25854,0
1157,0
441,0
199701,0
131036,0
263728,0
71293,0
119154,0
139123,0
5328,0
227304,0
176567,0
175957,0
243382,0
24318,0
17171,0
4915,0
217483,0
26383,0
158507,0
251873,0
82285,0
104297,0
5630,0
10677,0
227131,0
183563,0
43893,0
257760,0
50595,0
253822,0
252057,0
226260,0
224727,0
247487,0
158434,0
122177,0
59952,0
198599,0
60702,0
182214,0
232387,0
51945,0
173935,0
253810,0
257639,0
35867,0
179984,0
97308,0
204018,0
228960,0
17382,0
183619,0
188634,0
123708,0
80639,0
232406,0
30950,0
31855,0
173382,0
154721,0
90325,0
185920,0
55949,0
158602,0
142952,0
105701,0
125396,0
171844,0
1435,0
164351,0
118871,0
4975,0
64173,0
220213,0
9189,0
68042,0
158627,0
218030,0
37946,0
26189,0
212057,0
246553,0
168610,0
113883,0
264574,0
233516,0
99801,0
54480,0
7873,0
78910,0
104418,0
63372,0
188223,0
229989,0
66748,0
234791,0
206952,0
64697,0
88389,0
222611,0
235521,0
76028,0
26273,0
142293,0
205974,0
141303,0
97676,0
237003,0
28218,0
66940,0
91034,0
234852,0
56160,0
187967,0
89373,0
111243,0
168511,0
219728,0
97463,0
62251,0
227894,0
38694,0
72839,0
102512,0
265114,0
76489,0
57625,0
62563,0
215495,0
32714,0
86206,0
134291,0
241383,0
72915,0
234901,0
3121,0
49198,0
36358,0
132275,0
218369,0
68734,0
196299,0
184118,0
241404,0
170698,0
108143,0
191126,0
170015,0
76756,0
115891,0
195252,0
52455,0
175789,0
210900,0
136568,0
153519,0
229161,0
149616,0
182559,0
209731,0
180917,0
40164,0
220049,0
145597,0
112862,0
202950,0
178052,0
88374,0
253000,0
235894,0
126196,0
143934,0
38979,0
19470,0
142160,0
130570,0
3078,0
2221,0
233892,0
104067,0
143063,0
91172,0
123358,0
60019,0
23206,0
108448,0
2323,0
108631,0
103450,0
102261,0
88190,0
107715,0
61828,0
203190,0
29127,0
197441,0
54450,0
133473,0
146255,0
69247,0
176019,0
70836,0
78288,0
153844,0
89130,0
69444,0
49918,0
149991,0
92716,0
50131,0
186276,0
94031,0
57293,0
107509,0
60933,0
226645,0
224140,0
97723,0
136388,0
45038,0
237288,0
195051,0
131097,0
49322,0
165008,0
37559,0
262224,0
58100,0
3482,0
263556,0
159424,0
59168,0
37767,0
138399,0
246209,0
200271,0
30594,0
227202,0
78948,0
93753,0
249917,0
208335,0
236569,0
252207,0
34825,0
28968,0
133461,0
200937,0
245431,0
92980,0
454,0
52804,0
265616,0
259041,0
173667,0
29751,0
261587,0
27498,0
164049,0
245420,0
254792,0
70509,0
196215,0
175381,0
53266,0
238847,0
54783,0
246572,0
221478,0
35617,0
180882,0
162579,0
32732,0
59919,0
13019,0
252463,0
61404,0
57654,0
48972,0
75451,0
90200,0
166521,0
120965,0
187443,0
182407,0
142377,0
25798,0
97804,0
40115,0
153886,0
2292,0
139227,0
242713,0
106551,0
224513,0
91369,0
250668,0
14755,0
206861,0
235635,0
235973,0
86252,0
93223,0
9075,0
221591,0
151863,0
115819,0
177624,0
235014,0
170730,0
234993,0
182414,0
99779,0
242130,0
258920,0
12604,0
219400,0
31860,0
117176,0
51066,0
186995,0
13700,0
161581,0
170466,0
114899,0
72969,0
198783,0
82120,0
74291,0
263032,0
160326,0
161374,0
60069,0
142954,0
213695,0
56978,0
82117,0
46580,0
145185,0
207427,0
254266,0
79114,0
191917,0
245407,0
145165,0
74800,0
28027,0
54825,0
185229,0
261685,0
226537,0
228248,0
119282,0
188719,0
31035,0
180833,0
177301,0
102065,0
259354,0
217893,0
145690,0
149244,0
22632,0
198882,0
51645,0
216098,0
248260,0
135645,0
260419,0
255692,0
52301,0
109039,0
29536,0
11493,0
19030,0
162317,0
36791,0
59207,0
129634,0
221036,0
253082,0
219346,0
6833,0
1629,0
114996,0
256233,0
186435,0
125196,0
164578,0
51178,0
143164,0
184373,0
98797,0
77942,0
28335,0
55718,0
194936,0
147400,0
95204,0
212649,0
191492,0
124108,0
95848,0
254282,0
186985,0
237030,0
63110,0
95626,0
225399,0
12344,0
27847,0
244601,0
100372,0
5966,0
39419,0
201492,0
53116,0
85936,0
245805,0
169932,0
65139,0
222750,0
200173,0
163100,0
256679,0
27770,0
234335,0
9427,0
77584,0
255430,0
228033,0
255027,0
125122,0
262390,0
137403,0
166795,0
38778,0
220852,0
109834,0
54142,0
218414,0
248515,0
255869,0
175776,0
119739,0
256263,0
19944,0
80236,0
220343,0
151190,0
128877,0
93973,0
75853,0
31950,0
62835,0
108240,0
114037,0
65977,0
58632,0
233406,0
27343,0
46544,0
167676,0
107814,0
258927,0
81078,0
51416,0
180472,0
239528,0
52872,0
54935,0
229547,0
250540,0
53002,0
232207,0
66865,0
198717,0
4727,0
1793,0
42976,0
167612,0
263226,0
252436,0
113820,0
235425,0
234966,0
204065,0
125599,0
14,0
25977,0
215784,0
212786,0
30678,0
121498,0
161917,0
162451,0
249759,0
161326,0
74862,0
239774,0
27314,0
116822,0
188980,0
33836,0
1123,0
206580,0
124178,0
166092,0
105249,0
232382,0
260564,0
207428,0
100651,0
67235,0
233540,0
209635,0
229242,0
218395,0
255136,0
129508,0
201598,0
119515,0
167564,0
176467,0
118711,0
124512,0
173540,0
142915,0
86047,0
20234,0
252642,0
216357,0
22254,0
245643,0
218819,0
198848,0
242569,0
177230,0
71597,0
149159,0
57567,0
145003,0
128606,0
263972,0
228780,0
96386,0
22960,0
106409,0
151906,0
218240,0
51831,0
235653,0
125863,0
121676,0
163194,0
42786,0
217535,0
57358,0
72527,0
114753,0
200470,0
265333,0
50876,0
192635,0
172606,0
74131,0
164052,0
49619,0
850,0
137635,0
59643,0
1610,0
41145,0
260453,0
146791,0
118456,0
46470,0
233090,0
196339,0
109561,0
12865,0
29348,0
161904,0
93607,0
34164,0
61581,0
231879,0
179441,0
229522,0
203775,0
62087,0
13800,0
188041,0
3178,0
256515,0
67093,0
113740,0
4798,0
266453,0
178089,0
252580,0
191972,0
117370,0
84048,0
189277,0
56295,0
133651,0
102195,0
235976,0
205990,0
58092,0
209921,0
227097,0
78214,0
116576,0
70980,0
165923,0
73033,0
186624,0
266037,0
244279,0
66713,0
246307,0
221537,0
42329,0
5742,0
60941,0
145885,0
185320,0
218965,0
228862,0
170117,0
123410,0
92271,0
5177,0
26591,0
168716,0
181504,0
35674,0
86450,0
129222,0
191247,0
232663,0
20991,0
204238,0
89287,0
256080,0
64069,0
42667,0
90077,0
10648,0
223937,0
100225,0
53677,0
29245,0
263304,0
5890,0
37826,0
262580,0
13463,0
255160,0
176079,0
24276,0
255317,0
168551,0
190497,0
173592,0
223776,0
117324,0
213994,0
253055,0
19267,0
202229,0
150426,0
62981,0
59132,0
22983,0
146953,0
41347,0
60535,0
236484,0
170278,0
266481,0
25812,0
37536,0
26029,0
120741,0
201914,0
233178,0
163615,0
196866,0
139298,0
98854,0
226353,0
251711,0
2878,0
27601,0
31454,0
199988,0
243741,0
133121,0
237740,0
160801,0
94370,0
52694,0
111210,0
233851,0
51232,0
197834,0
82810,0
259656,0
258485,0
27482,0
105799,0
93312,0
208146,0
142994,0
25367,0
185792,0
180321,0
73582,0
7548,0
61356,0
249388,0
165220,0
84591,0
140143,0
132476,0
82593,0
118670,0
54265,0
124922,0
229567,0
258650,0
107368,0
83864,0
95138,0
255021,0
172229,0
201994,0
263860,0
241785,0
54961,0
220308,0
166375,0
152419,0
33119,0
62191,0
8659,0
158296,0
58016,0
207177,0
97383,0
240564,0
24283,0
133616,0
184005,0
143926,0
197160,0
128015,0
254640,0
50591,0
104344,0
76319,0
28716,0
177298,0
203707,0
238009,0
130562,0
88303,0
12249,0
220999,0
210512,0
222551,0
209943,0
56201,0
166955,0
65642,0
167103,0
94852,0
171678,0
137830,0
139965,0
170019,0
48708,0
209997,0
180936,0
179164,0
1190,0
70930,0
1180,0
245506,0
254405,0
167112,0
172698,0
14699,0
258206,0
81241,0
2993,0
123119,0
128983,0
57885,0
230128,0
35345,0
35327,0
139619,0
32785,0
113056,0
212009,0
85009,0
234488,0
148856,0
10356,0
87703,0
149879,0
199047,0
60183,0
250804,0
145245,0
251998,0
114521,0
24681,0
72189,0
59440,0
123757,0
125014,0
170861,0
24409,0
154311,0
137168,0
63809,0
126751,0
256099,0
117623,0
41343,0
28142,0
30607,0
68839,0
6504,0
201301,0
82603,0
95300,0
133536,0
151077,0
220304,0
122369,0
60114,0
123953,0
174159,0
6179,0
249703,0
83115,0
96126,0
261231,0
92643,0
21346,0
142499,0
194055,0
162117,0
248988,0
25534,0
134530,0
44780,0
228656,0
117037,0
222806,0
209241,0
75346,0
155030,0
211944,0
13328,0
207983,0
159134,0
176457,0
132565,0
179800,0
79567,0
2777,0
159370,0
21623,0
27983,0
199184,0
152508,0
156434,0
31415,0
146391,0
118422,0
187687,0
32779,0
168703,0
8619,0
110033,0
70942,0
134444,0
231421,0
78483,0
113728,0
121159,0
208845,0
195917,0
183831,0
172358,0
149087,0
142975,0
239624,0
231765,0
54515,0
255081,0
17104,0
197807,0
138993,0
248194,0
169326,0
137161,0
153068,0
176990,0
184709,0
30435,0
161534,0
55135,0
72888,0
46436,0
126382,0
200188,0
246022,0
151383,0
120816,0
139057,0
89660,0
112200,0
250678,0
150476,0
140335,0
85503,0
18973,0
92218,0
200777,0
45142,0
112963,0
196463,0
38187,0
19257,0
233909,0
260520,0
150108,0
230838,0
76146,0
17037,0
91330,0
194073,0
20202,0
138876,0
96929,0
66278,0
230510,0
159931,0
17138,0
263787,0
85441,0
264661,0
256666,0
263664,0
186326,0
162071,0
159986,0
214467,0
34310,0
13115,0
237679,0
34080,0
241954,0
61774,0
221713,0
8470,0
235192,0
30782,0
2889,0
55874,0
78018,0
147263,0
151095,0
46183,0
190437,0
199573,0
209006,0
253585,0
70973,0
141412,0
258573,0
242662,0
144952,0
125016,0
256927,0
134741,0
166246,0
159177,0
10509,0
103759,0
97211,0
123711,0
192470,0
1666,0
243800,0
81748,0
158879,0
144250,0
168745,0
16109,0
4338,0
115560,0
239902,0
12032,0
191162,0
226448,0
39508,0
197411,0
240237,0
129346,0
33764,0
150392,0
88846,0
70869,0
205627,0
241703,0
144172,0
83062,0
61099,0
146735,0
194462,0
1386,0
182637,0
246044,0
88647,0
106458,0
69938,0
15896,0
108321,0
261889,0
248913,0
166601,0
42852,0
165918,0
181699,0
129822,0
108479,0
228350,0
97105,0
82056,0
148265,0
91434,0
196249,0
30437,0
229425,0
34345,0
141807,0
127282,0
185109,0
58224,0
86987,0
191386,0
214680,0
188956,0
241568,0
222635,0
180030,0
229631,0
200330,0
48878,0
101605,0
33237,0
233522,0
112276,0
236818,0
62554,0
223563,0
111677,0
69526,0
102371,0
261367,0
115681,0
162163,0
207817,0
230824,0
59850,0
184469,0
128415,0
11457,0
12011,0
29417,0
69395,0
220388,0
92483,0
67784,0
257619,0
72359,0
94305,0
194113,0
244261,0
74063,0
91293,0
216759,0
24016,0
202731,0
153726,0
137554,0
159329,0
79862,0
139246,0
153158,0
163603,0
22617,0
111011,0
37354,0
88401,0
173400,0
87763,0
144284,0
186529,0
7305,0
258752,0
76635,0
15714,0
19260,0
227048,0
58416,0
113247,0
242730,0
846,0
228962,0
252082,0
48877,0
261061,0
144708,0
249916,0
91770,0
103432,0
112454,0
189215,0
170640,0
141133,0
48413,0
54137,0
54224,0
184275,0
101812,0
48207,0
19228,0
112952,0
147267,0
86213,0
169953,0
192578,0
194426,0
64265,0
93521,0
126404,0
18928,0
58911,0
58477,0
148612,0
212925,0
197700,0
242366,0
13038,0
16038,0
265785,0
241924,0
127197,0
131525,0
94358,0
22769,0
246827,0
49881,0
49861,0
232948,0
213977,0
99509,0
52513,0
4491,0
199262,0
110098,0
46282,0
72007,0
35396,0
198208,0
239701,0
240371,0
29696,0
236190,0
138058,0
177971,0
140664,0
134878,0
43559,0
179826,0
115714,0
75325,0
213054,0
100335,0
102655,0
175014,0
162644,0
64622,0
164197,0
71492,0
118988,0
71439,0
58163,0
40904,0
84087,0
239192,0
135104,0
232187,0
190209,0
97142,0
75430,0
170310,0
263074,0
258642,0
99300,0
118065,0
144577,0
108591,0
41488,0
223174,0
41197,0
34138,0
264698,0
64465,0
52374,0
225015,0
219068,0
129023,0
6208,0
32825,0
99808,0
76809,0
88306,0
106052,0
245641,0
154099,0
240961,0
103290,0
199787,0
33217,0
215486,0
64421,0
166467,0
174514,0
57005,0
50952,0
110191,0
200978,0
122583,0
249276,0
155283,0
128103,0
181987,0
123924,0
74039,0
156357,0
178910,0
234726,0
14185,0
225208,0
56273,0
173942,0
87089,0
116815,0
242314,0
207890,0
70864,0
8161,0
230112,0
137010,0
34901,0
73173,0
255778,0
87837,0
152043,0
251757,0
247815,0
101921,0
89788,0
161740,0
42855,0
167845,0
233031,0
15157,0
217119,0
189642,0
195190,0
165140,0
108897,0
239608,0
83121,0
33898,0
214547,0
56437,0
138396,0
91198,0
39925,0
83373,0
24441,0
160030,0
224617,0
236678,0
82528,0
203965,0
78019,0
86343,0
180064,0
172404,0
199253,0
178681,0
90628,0
187478,0
171450,0
65609,0
214774,0
215557,0
177276,0
14760,0
83958,0
112411,0
132830,0
231305,0
252461,0
82288,0
48363,0
111466,0
12426,0
93540,0
78454,0
80842,0
255547,0
187567,0
36286,0
215624,0
134813,0
14232,0
184912,0
90613,0
12251,0
240874,0
194264,0
93872,0
36559,0
261711,0
139235,0
239448,0
42925,0
103689,0
58928,0
157889,0
99313,0
10455,0
249404,0
110591,0
32149,0
118725,0
188262,0
78279,0
85248,0
88147,0
51137,0
28060,0
21307,0
174187,0
39789,0
96452,0
15765,0
100382,0
108338,0
112684,0
177730,0
113383,0
171035,0
90391,0
110121,0
237658,0
184875,0
171482,0
64170,0
67829,0
141437,0
254283,0
210291,0
258307,0
80922,0
80887,0
60020,0
10787,0
212854,0
31968,0
2931,0
2829,0
121157,0
61002,0
82740,0
173562,0
11003,0
138856,0
129534,0
259982,0
83794,0
110069,0
212812,0
187834,0
43884,0
19010,0
42938,0
77682,0
2660,0
104548,0
183079,0
238751,0
89659,0
76687,0
96549,0
39262,0
14763,0
145921,0
58136,0
117116,0
190189,0
211474,0
186950,0
15999,0
251917,0
44415,0
179291,0
72703,0
17845,0
147539,0
194570,0
55895,0
136909,0
58886,0
126427,0
101624,0
182478,0
4670,0
164005,0
144414,0
205010,0
253299,0
266623,0
44863,0
255870,0
159445,0
80324,0
14886,0
29795,0
100201,0
195177,0
198319,0
94502,0
227113,0
152844,0
129022,0
73843,0
84233,0
8805,0
137053,0
66177,0
77258,0
125653,0
11039,0
190663,0
161269,0
117481,0
206822,0
79602,0
174876,0
176254,0
174239,0
35177,0
189920,0
237845,0
82152,0
163635,0
4738,0
140619,0
68663,0
52321,0
168844,0
160984,0
39162,0
2284,0
107121,0
87006,0
86502,0
60454,0
186082,0
189812,0
101057,0
177115,0
232785,0
27163,0
176581,0
162887,0
156117,0
185636,0
66293,0
107767,0
249881,0
160445,0
81055,0
20479,0
121920,0
63075,0
4881,0
149733,0
178157,0
66229,0
243091,0
248340,0
9389,0
162861,0
234664,0
173345,0
92507,0
148693,0
129544,0
202677,0
109496,0
221939,0
91630,0
93570,0
191644,0
237764,0
80727,0
201957,0
165766,0
210376,0
43268,0
125114,0
164716,0
230754,0
6887,0
195681,0
86482,0
255856,0
98085,0
238794,0
193565,0
264607,0
59624,0
13315,0
259214,0
160169,0
30975,0
193214,0
146664,0
75472,0
182693,0
125618,0
42182,0
90904,0
3918,0
136749,0
8243,0
203552,0
184050,0
113642,0
137434,0
158656,0
71183,0
184943,0
14850,0
164658,0
181887,0
127672,0
59482,0
238259,0
158783,0
246421,0
121309,0
185309,0
233363,0
78494,0
169943,0
236286,0
153155,0
163105,0
185570,0
121442,0
21049,0
222739,0
102611,0
37824,0
44879,0
35524,0
131566,0
47490,0
115168,0
261339,0
142541,0
256908,0
249241,0
241651,0
150985,0
77176,0
186909,0
130247,0
191355,0
166820,0
259377,0
250057,0
66942,0
191253,0
224913,0
232555,0
128042,0
249665,0
247177,0
223235,0
145323,0
175693,0
169733,0
196096,0
104443,0
160665,0
88876,0
84907,0
133898,0
84821,0
56189,0
237562,0
239182,0
37969,0
158580,0
139783,0
51092,0
190032,0
170680,0
85960,0
87076,0
109364,0
168238,0
200551,0
36830,0
38582,0
153511,0
33374,0
56335,0
105904,0
53087,0
160844,0
44440,0
156631,0
110580,0
177206,0
114414,0
242977,0
203745,0
107149,0
229754,0
27950,0
120473,0
150837,0
210311,0
207192,0
109509,0
18483,0
225936,0
88128,0
215977,0
101120,0
155467,0
49438,0
174054,0
260475,0
32375,0
230352,0
152619,0
48944,0
103814,0
254318,0
220282,0
196855,0
44656,0
215347,0
236979,0
242088,0
158538,0
235927,0
74474,0
56952,0
202083,0
75196,0
163989,0
226226,0
204229,0
15736,0
135522,0
255513,0
246611,0
61405,0
84509,0
221746,0
132549,0
176653,0
191109,0
251823,0
135763,0
253651,0
263094,0
195088,0
78203,0
48024,0
236029,0
265821,0
219090,0
202714,0
7754,0
237911,0
236894,0
51794,0
250062,0
29448,0
128351,0
16142,0
229199,0
50314,0
209484,0
265015,0
162764,0
249112,0
59512,0
18107,0
61293,0
72286,0
2141,0
163056,0
234393,0
22895,0
229788,0
202976,0
185760,0
36683,0
234311,0
79272,0
45355,0
94564,0
191194,0
125986,0
76940,0
153685,0
103022,0
169833,0
219376,0
226490,0
226050,0
257625,0
19754,0
26215,0
90538,0
199744,0
256817,0
149291,0
34238,0
249481,0
78650,0
181260,0
192302,0
12812,0
83963,0
28339,0
214861,0
51766,0
118466,0
78882,0
153175,0
61324,0
138021,0
126862,0
38026,0
214884,0
12819,0
111989,0
70402,0
236048,0
189251,0
253938,0
54227,0
239814,0
206467,0
59092,0
51923,0
90101,0
239745,0
196560,0
204745,0
82820,0
95320,0
105710,0
3324,0
91384,0
114945,0
204540,0
92912,0
169730,0
7910,0
5529,0
40406,0
147211,0
129186,0
265372,0
208133,0
145822,0
50879,0
109603,0
222076,0
24224,0
201273,0
171805,0
225113,0
186204,0
8180,0
181219,0
162870,0
90916,0
90497,0
214646,0
27605,0
235215,0
64652,0
206408,0
17888,0
60585,0
112994,0
71862,0
163121,0
242468,0
199436,0
144974,0
47074,0
100408,0
76653,0
52536,0
92033,0
180667,0
125220,0
177335,0
203019,0
77879,0
103795,0
144163,0
119752,0
133132,0
144968,0
203356,0
246411,0
32586,0
227102,0
195900,0
55863,0
1158,0
69381,0
207871,0
37788,0
224756,0
79050,0
231069,0
153346,0
14877,0
195063,0
197226,0
101811,0
110666,0
176634,0
73387,0
87237,0
13866,0
98902,0
125471,0
45449,0
190306,0
131216,0
24183,0
197935,0
127341,0
110734,0
239845,0
155566,0
39374,0
5645,0
260445,0
242739,0
143181,0
180340,0
227651,0
115037,0
196128,0
242225,0
224843,0
57756,0
199844,0
157870,0
187006,0
112541,0
116385,0
76924,0
153326,0
89595,0
53457,0
17984,0
15127,0
20403,0
91040,0
172850,0
190762,0
2607,0
73940,0
98029,0
434,0
54575,0
76402,0
233217,0
44188,0
169165,0
265228,0
194474,0
198028,0
34211,0
228365,0
140537,0
244915,0
199107,0
114705,0
161647,0
157575,0
226885,0
237601,0
160389,0
173164,0
146746,0
137470,0
41508,0
212696,0
143712,0
34181,0
116584,0
96453,0
26035,0
5514,0
13337,0
95600,0
93976,0
46149,0
117296,0
189180,0
233884,0
255689,0
155509,0
31257,0
180132,0
204414,0
120506,0
21913,0
230438,0
142936,0
237147,0
13580,0
78255,0
14695,0
5157,0
77406,0
41746,0
208653,0
54311,0
81601,0
141018,0
42446,0
38912,0
117783,0
124940,0
31271,0
184544,0
173585,0
247101,0
115726,0
198150,0
238832,0
124482,0
131803,0
207558,0
143117,0
138894,0
215883,0
72379,0
186029,0
76227,0
197313,0
7708,0
229312,0
13480,0
25063,0
143016,0
115483,0
197275,0
194827,0
253326,0
241310,0
147361,0
21598,0
250703,0
179811,0
201291,0
229687,0
14974,0
105379,0
143111,0
122587,0
182326,0
16211,0
77085,0
218017,0
50016,0
186441,0
153209,0
232412,0
257839,0
155193,0
243670,0
23607,0
61508,0
236847,0
219979,0
265241,0
126496,0
61639,0
142118,0
123860,0
202848,0
250679,0
31796,0
191588,0
95419,0
151726,0
215899,0
155910,0
216820,0
214705,0
136813,0
53414,0
112819,0
7840,0
67379,0
254176,0
38888,0
29410,0
4511,0
161008,0
176117,0
159336,0
262107,0
56239,0
324,0
116416,0
84811,0
39905,0
135516,0
197480,0
229577,0
22448,0
200110,0
223473,0
29479,0
18599,0
72806,0
159781,0
169658,0
229600,0
6346,0
16813,0
223611,0
264941,0
184609,0
97047,0
187259,0
167893,0
169410,0
251681,0
119651,0
67973,0
118940,0
32882,0
82354,0
23563,0
252415,0
38015,0
10315,0
93659,0
230860,0
263544,0
34701,0
86177,0
65221,0
168460,0
207306,0
41410,0
53814,0
51832,0
47013,0
3215,0
220714,0
160614,0
32292,0
50542,0
125180,0
26795,0
9657,0
168299,0
131405,0
6404,0
26485,0
127637,0
84542,0
152068,0
246996,0
211759,0
179670,0
143186,0
161929,0
27286,0
125012,0
171959,0
218123,0
238664,0
261219,0
62021,0
215330,0
252293,0
187493,0
74169,0
197588,0
185812,0
148867,0
81070,0
165283,0
56042,0
188019,0
26372,0
230288,0
17932,0
241493,0
121364,0
120345,0
145967,0
189878,0
103217,0
59721,0
228421,0
150923,0
226709,0
164177,0
249352,0
235137,0
211765,0
204658,0
172101,0
202903,0
47438,0
166939,0
200275,0
168827,0
27157,0
205568,0
84792,0
177513,0
101151,0
230001,0
163695,0
10912,0
25016,0
25435,0
66137,0
20198,0
216726,0
214633,0
35751,0
176407,0
68077,0
217494,0
108458,0
38276,0
46344,0
32310,0
225610,0
4053,0
62564,0
262440,0
234877,0
44133,0
81461,0
16928,0
128191,0
263628,0
199500,0
226725,0
263952,0
28215,0
17605,0
183219,0
127652,0
225784,0
243029,0
118179,0
57434,0
74451,0
245874,0
248713,0
136578,0
90401,0
85944,0
220381,0
155478,0
55481,0
42829,0
254381,0
243621,0
100281,0
170616,0
187713,0
168706,0
58702,0
255110,0
75361,0
73555,0
215107,0
80238,0
81184,0
109564,0
3628,0
230610,0
192847,0
147569,0
216823,0
112281,0
161340,0
112006,0
247571,0
208322,0
81415,0
102307,0
15173,0
215732,0
79776,0
158315,0
223590,0
169548,0
159635,0
68155,0
234922,0
107286,0
259508,0
256555,0
43741,0
86161,0
23927,0
255113,0
163667,0
98434,0
242976,0
215275,0
178545,0
166898,0
149570,0
192931,0
54528,0
170194,0
145703,0
186885,0
247586,0
172878,0
166382,0
215511,0
263514,0
111579,0
108022,0
154458,0
153843,0
189881,0
78566,0
2522,0
23288,0
123153,0
82129,0
124691,0
87331,0
11844,0
108525,0
204028,0
208183,0
46278,0
69141,0
252093,0
258742,0
24353,0
222406,0
57232,0
84251,0
197232,0
153301,0
15623,0
10220,0
95724,0
250838,0
167299,0
4482,0
153015,0
119087,0
142108,0
59075,0
248909,0
75038,0
123229,0
102082,0
92475,0
175905,0
153400,0
194422,0
148425,0
196647,0
28580,0
178306,0
221815,0
250257,0
179910,0
191831,0
225240,0
223644,0
71696,0
205009,0
162334,0
222853,0
249641,0
227174,0
263708,0
69482,0
36782,0
69330,0
23309,0
101124,0
99611,0
13392,0
41443,0
12811,0
3374,0
260044,0
89734,0
171897,0
41731,0
11714,0
85951,0
235659,0
238195,0
45704,0
121743,0
124195,0
54774,0
104431,0
142570,0
28837,0
248828,0
214036,0
257125,0
222559,0
33826,0
179467,0
202486,0
183662,0
246589,0
43335,0
253164,0
57579,0
51163,0
145576,0
254714,0
163988,0
74082,0
102646,0
58614,0
194268,0
128161,0
192471,0
96656,0
155055,0
130617,0
179366,0
97938,0
41096,0
52796,0
216310,0
6982,0
31529,0
10083,0
130272,0
94021,0
233883,0
51449,0
29323,0
106485,0
44209,0
233071,0
97672,0
31076,0
34132,0
36492,0
189654,0
15897,0
244865,0
187879,0
162653,0
265772,0
108012,0
133108,0
250223,0
187306,0
35641,0
97641,0
32377,0
47423,0
200654,0
160693,0
236860,0
201884,0
45453,0
218167,0
261151,0
78005,0
109259,0
31568,0
73176,0
175574,0
212193,0
118270,0
196157,0
147478,0
233972,0
193620,0
141185,0
152621,0
191554,0
187388,0
233231,0
184629,0
76140,0
58400,0
102223,0
152418,0
153534,0
230227,0
171578,0
67356,0
43857,0
255275,0
235941,0
179320,0
201230,0
30349,0
43414,0
1249,0
87645,0
105028,0
258437,0
93873,0
49036,0
101336,0
238188,0
176778,0
138983,0
233874,0
21005,0
244806,0
5660,0
156384,0
244764,0
122234,0
58457,0
32437,0
247714,0
48940,0
76021,0
94312,0
122106,0
226860,0
95857,0
168144,0
231096,0
103091,0
42909,0
107913,0
96495,0
127283,0
77089,0
21607,0
183717,0
245957,0
48451,0
161112,0
127623,0
105053,0
72488,0
127777,0
136499,0
81482,0
38009,0
221082,0
114934,0
180538,0
70203,0
46795,0
38745,0
125120,0
82525,0
154482,0
94278,0
249630,0
57930,0
93408,0
80857,0
163244,0
174597,0
8903,0
263086,0
251071,0
199811,0
103449,0
241628,0
210186,0
62141,0
15836,0
180680,0
64404,0
249532,0
162671,0
173968,0
257788,0
158238,0
186850,0
110810,0
58123,0
151853,0
169929,0
12912,0
69685,0
156886,0
182209,0
150407,0
68645,0
235118,0
92270,0
211763,0
242425,0
162092,0
36115,0
135552,0
110874,0
234302,0
43646,0
27546,0
173984,0
180300,0
107034,0
112340,0
141661,0
153693,0
107825,0
204143,0
188243,0
11772,0
36962,0
66259,0
243479,0
167084,0
193632,0
88971,0
125350,0
30047,0
161293,0
15738,0
68006,0
98526,0
265633,0
163025,0
97833,0
12702,0
214634,0
224771,0
121958,0
50791,0
160248,0
232181,0
203622,0
197998,0
68701,0
140585,0
167164,0
155973,0
98979,0
252080,0
28770,0
199419,0
109304,0
202629,0
223135,0
90271,0
38575,0
142304,0
101911,0
207903,0
70705,0
19791,0
69503,0
9406,0
246389,0
251817,0
173786,0
31931,0
161094,0
18998,0
243315,0
238267,0
119763,0
261727,0
70945,0
67113,0
2018,0
79367,0
55028,0
87226,0
251247,0
30431,0
6322,0
176190,0
88755,0
163850,0
40364,0
87667,0
101046,0
49506,0
69615,0
263949,0
93401,0
161201,0
29190,0
8948,0
7172,0
153225,0
113214,0
133369,0
92236,0
241320,0
64557,0
131920,0
9511,0
35714,0
79136,0
217169,0
17899,0
39301,0
233164,0
65088,0
11569,0
107511,0
32287,0
143027,0
73716,0
70498,0
111818,0
255559,0
261236,0
95443,0
33390,0
126073,0
146226,0
119350,0
13214,0
93051,0
117793,0
98424,0
177450,0
229802,0
74607,0
164877,0
36531,0
77439,0
15768,0
135792,0
75828,0
114665,0
250401,0
231847,0
223570,0
155093,0
146831,0
38747,0
117333,0
11976,0
40040,0
97016,0
223199,0
172989,0
262033,0
188903,0
148236,0
81535,0
175694,0
42775,0
52017,0
77623,0
190955,0
113094,0
101155,0
55262,0
235999,0
190733,0
22267,0
36516,0
95482,0
173455,0
42828,0
86320,0
56028,0
34216,0
238231,0
176477,0
174232,0
126583,0
181312,0
256386,0
129537,0
175452,0
157909,0
207211,0
53672,0
50613,0
246393,0
40234,0
115990,0
28887,0
255913,0
185169,0
163746,0
256342,0
17692,0
42345,0
60066,0
89724,0
155393,0
36146,0
167611,0
96547,0
89617,0
13,0
231654,0
12197,0
74515,0
43146,0
1194,0
170296,0
256498,0
94584,0
83959,0
194901,0
223962,0
246609,0
124647,0
146270,0
13694,0
194700,0
209265,0
263566,0
191453,0
82616,0
140832,0
197864,0
97309,0
56258,0
200877,0
138433,0
28930,0
80610,0
12382,0
194579,0
57690,0
106137,0
56497,0
202085,0
168832,0
146438,0
249469,0
266478,0
174820,0
208479,0
43457,0
225246,0
34626,0
82416,0
223389,0
84535,0
235247,0
223488,0
215576,0
48732,0
22985,0
266136,0
207685,0
260048,0
252482,0
62332,0
119114,0
16026,0
169830,0
260421,0
227748,0
167837,0
180614,0
20912,0
262943,0
227388,0
236268,0
159277,0
198286,0
209751,0
17333,0
171768,0
96963,0
228084,0
169047,0
226301,0
151854,0
229394,0
171046,0
171949,0
15085,0
90730,0
111327,0
103592,0
189930,0
208198,0
254291,0
92493,0
74686,0
108397,0
95885,0
42681,0
153395,0
162804,0
228036,0
126228,0
151084,0
129514,0
246594,0
202106,0
88945,0
75144,0
198409,0
34074,0
17782,0
163808,0
166608,0
257041,0
19875,0
104733,0
58603,0
249880,0
162270,0
130853,0
8748,0
118342,0
225404,0
121123,0
9606,0
64841,0
186111,0
147090,0
31567,0
5633,0
221136,0
74208,0
75877,0
52371,0
212195,0
104335,0
189917,0
80598,0
255347,0
106441,0
258250,0
153356,0
207221,0
198099,0
247965,0
121740,0
55111,0
233431,0
115809,0
96292,0
80461,0
61944,0
166167,0
85962,0
79088,0
23228,0
49813,0
108491,0
128085,0
95915,0
218096,0
139680,0
110575,0
244322,0
145837,0
33631,0
181603,0
99103,0
172171,0
132190,0
132137,0
178374,0
130850,0
155584,0
219686,0
18477,0
215023,0
225012,0
116664,0
9307,0
188229,0
13103,0
244121,0
13662,0
89495,0
256512,0
187610,0
158744,0
146843,0
177282,0
78514,0
107855,0
220033,0
115179,0
64139,0
240927,0
11422,0
219792,0
92946,0
131283,0
104368,0
103133,0
117877,0
84279,0
37803,0
186255,0
56749,0
25113,0
124604,0
265093,0
70588,0
86137,0
181400,0
60041,0
159296,0
169421,0
112734,0
192169,0
249593,0
96327,0
15881,0
14981,0
226201,0
89634,0
20478,0
265502,0
252134,0
210105,0
139445,0
245468,0
247274,0
75242,0
44718,0
233768,0
76488,0
236437,0
4894,0
129761,0
11566,0
222596,0
153424,0
164558,0
178112,0
222693,0
200416,0
92879,0
188448,0
99860,0
152147,0
75204,0
169184,0
62404,0
119569,0
99401,0
119990,0
110166,0
50976,0
136720,0
155834,0
58657,0
255029,0
180778,0
61211,0
151308,0
135777,0
251653,0
104549,0
124022,0
181242,0
123508,0
123411,0
20179,0
54012,0
57480,0
93740,0
59054,0
199033,0
50370,0
220753,0
117138,0
84147,0
139613,0
36248,0
58856,0
3953,0
61241,0
211609,0
245077,0
64494,0
30099,0
152496,0
57633,0
6479,0
98817,0
43385,0
254265,0
256114,0
101729,0
118845,0
179860,0
144397,0
23204,0
190845,0
166082,0
246600,0
238108,0
244706,0
21896,0
107905,0
42188,0
255930,0
189781,0
257790,0
58846,0
260377,0
198,0
146526,0
13639,0
41302,0
266421,0
160507,0
110522,0
120763,0
257120,0
239950,0
204571,0
215435,0
55459,0
58359,0
57901,0
113530,0
57266,0
197245,0
116843,0
176471,0
228869,0
5338,0
244311,0
227741,0
29595,0
122928,0
28746,0
97850,0
232968,0
163624,0
126476,0
58439,0
87557,0
63121,0
193433,0
128703,0
152661,0
182313,0
59614,0
260536,0
8317,0
185286,0
144001,0
30330,0
4411,0
160140,0
191864,0
35032,0
56332,0
207517,0
140716,0
230134,0
118016,0
233897,0
200321,0
47825,0
229621,0
145609,0
106168,0
34167,0
131217,0
204022,0
147181,0
73944,0
76263,0
120836,0
53100,0
156941,0
175095,0
160294,0
48951,0
13851,0
100771,0
241937,0
169652,0
45684,0
138959,0
22801,0
170172,0
203894,0
210866,0
97852,0
118918,0
11900,0
77122,0
24961,0
157048,0
88505,0
229557,0
264426,0
242278,0
75029,0
43071,0
124392,0
23552,0
242262,0
32118,0
242675,0
135318,0
86307,0
33249,0
7709,0
19398,0
69203,0
224248,0
143293,0
229831,0
175510,0
136363,0
236786,0
73415,0
244022,0
97361,0
169956,0
254420,0
10035,0
174881,0
159826,0
83723,0
210633,0
247296,0
48595,0
226049,0
46112,0
251298,0
264213,0
22986,0
123856,0
50203,0
59657,0
127064,0
179265,0
226840,0
74919,0
234798,0
108522,0
69045,0
13562,0
44963,0
6430,0
154305,0
189446,0
189758,0
100916,0
33904,0
247898,0
44828,0
161443,0
53164,0
12990,0
66298,0
40472,0
200717,0
573,0
37399,0
223443,0
160387,0
101641,0
102618,0
30683,0
187063,0
66673,0
91134,0
248182,0
89194,0
50544,0
40892,0
149085,0
159433,0
59195,0
44008,0
133038,0
82956,0
29181,0
70061,0
194686,0
244818,0
82248,0
6052,0
191441,0
58290,0
86231,0
265060,0
142065,0
166371,0
116144,0
135781,0
131704,0
139167,0
11879,0
113608,0
204748,0
206932,0
100726,0
110226,0
219148,0
190867,0
105774,0
239610,0
152997,0
29958,0
204525,0
244345,0
127520,0
37598,0
102235,0
129065,0
211219,0
25899,0
81502,0
190745,0
101585,0
261562,0
243025,0
258915,0
17877,0
62475,0
259068,0
125183,0
29486,0
194201,0
94204,0
75284,0
170505,0
64745,0
40216,0
216658,0
241675,0
49375,0
111972,0
129494,0
59810,0
101253,0
183055,0
11188,0
245001,0
179809,0
164497,0
81689,0
119782,0
55678,0
165965,0
205028,0
118023,0
122235,0
214189,0
146681,0
145303,0
780,0
92392,0
54701,0
145004,0
179375,0
217818,0
23033,0
191834,0
120517,0
79761,0
104938,0
102383,0
216755,0
147500,0
23465,0
246282,0
192004,0
61067,0
56376,0
187546,0
15355,0
14541,0
226723,0
23987,0
74820,0
56927,0
236917,0
229077,0
137341,0
219309,0
14778,0
182340,0
235689,0
196213,0
54112,0
120704,0
196216,0
172060,0
128970,0
216664,0
240091,0
109248,0
218262,0
85096,0
184182,0
206790,0
248852,0
77676,0
222748,0
12548,0
43534,0
55997,0
189868,0
255942,0
138223,0
23969,0
239463,0
70270,0
195207,0
6118,0
156053,0
101358,0
142112,0
181050,0
106009,0
14133,0
106626,0
6696,0
173379,0
84060,0
28637,0
63667,0
49517,0
120722,0
55401,0
151233,0
52344,0
175931,0
96811,0
34142,0
11142,0
96575,0
42743,0
120714,0
77677,0
249229,0
249072,0
262809,0
97867,0
170662,0
3946,0
195876,0
55742,0
46721,0
60596,0
61905,0
6149,0
189061,0
219648,0
13502,0
78495,0
18916,0
228511,0
163077,0
196737,0
93406,0
171671,0
2242,0
206845,0
214423,0
4195,0
185173,0
189591,0
249752,0
117363,0
65752,0
253256,0
83193,0
201391,0
176576,0
234356,0
33839,0
138769,0
261077,0
65621,0
251482,0
80624,0
111340,0
127416,0
127597,0
31655,0
205893,0
67004,0
224644,0
65199,0
26684,0
150382,0
100680,0
61017,0
71496,0
196706,0
56544,0
41063,0
121682,0
32748,0
199827,0
56919,0
21586,0
2412,0
110574,0
49076,0
261738,0
23822,0
48637,0
46020,0
120553,0
41397,0
26977,0
132086,0
162154,0
103355,0
249507,0
112138,0
216474,0
154353,0
46461,0
205881,0
23021,0
41786,0
71593,0
1294,0
181192,0
34672,0
39265,0
114559,0
228163,0
96330,0
76724,0
177613,0
188849,0
133010,0
233336,0
74268,0
192693,0
36336,0
173785,0
236047,0
193472,0
32331,0
224753,0
217188,0
263373,0
259705,0
65125,0
98002,0
168702,0
247342,0
95972,0
130378,0
263618,0
91837,0
36420,0
179751,0
122584,0
155020,0
85484,0
15133,0
60752,0
12253,0
141846,0
180158,0
12040,0
49515,0
237489,0
249065,0
109837,0
29157,0
56906,0
243182,0
39434,0
200466,0
240604,0
148402,0
154538,0
12308,0
81228,0
199570,0
107770,0
215793,0
15987,0
51203,0
97394,0
242733,0
77964,0
209488,0
168754,0
227148,0
66674,0
155187,0
236478,0
22754,0
199282,0
42482,0
200138,0
264206,0
186377,0
237450,0
28487,0
183892,0
230020,0
40041,0
225403,0
239177,0
154993,0
115963,0
114721,0
67871,0
1191,0
76573,0
75373,0
99761,0
188757,0
100308,0
105181,0
84905,0
74228,0
4667,0
13543,0
24443,0
140124,0
106422,0
226470,0
220572,0
56702,0
197922,0
251807,0
93266,0
226506,0
46426,0
65788,0
13753,0
246613,0
242775,0
143211,0
123740,0
37138,0
58446,0
79968,0
5313,0
241037,0
33222,0
227996,0
262477,0
48963,0
42378,0
155476,0
13918,0
135850,0
31412,0
188707,0
76360,0
100167,0
1652,0
57134,0
121646,0
262827,0
93486,0
72424,0
84995,0
83432,0
39425,0
57602,0
124958,0
31374,0
123449,0
80042,0
47601,0
157577,0
177612,0
260558,0
161482,0
143534,0
86601,0
23059,0
62548,0
36740,0
41868,0
83920,0
248230,0
128438,0
30205,0
68368,0
13582,0
40857,0
185912,0
28751,0
119814,0
235089,0
7045,0
169153,0
195115,0
250331,0
253570,0
18538,0
134145,0
151097,0
211425,0
88015,0
111691,0
246837,0
179841,0
237908,0
212971,0
172978,0
225231,0
90644,0
37256,0
107061,0
235198,0
75500,0
92151,0
111664,0
96399,0
133427,0
185431,0
222547,0
141354,0
171167,0
57558,0
161998,0
184806,0
105081,0
63233,0
62271,0
180847,0
253918,0
202621,0
161567,0
225441,0
226606,0
231663,0
88550,0
112890,0
71990,0
160997,0
85556,0
153406,0
160136,0
88316,0
59758,0
73630,0
230010,0
106242,0
103837,0
58275,0
73349,0
63327,0
40217,0
79641,0
70615,0
157262,0
228854,0
253449,0
229778,0
582,0
185075,0
84247,0
200753,0
79067,0
76701,0
136270,0
165060,0
41715,0
238011,0
5571,0
208793,0
192595,0
1515,0
54880,0
261829,0
71614,0
193850,0
34915,0
204644,0
194430,0
232727,0
248668,0
212517,0
35832,0
41778,0
8489,0
118688,0
22089,0
224237,0
22781,0
32992,0
9614,0
128315,0
199101,0
38521,0
177369,0
111558,0
11138,0
61867,0
95551,0
123816,0
187392,0
93902,0
93683,0
112149,0
47165,0
255020,0
82995,0
233699,0
176234,0
76981,0
166110,0
1361,0
13069,0
87195,0
209036,0
127362,0
139819,0
80373,0
7896,0
170316,0
155156,0
111587,0
9613,0
186958,0
127540,0
122879,0
11262,0
72945,0
95481,0
46262,0
71519,0
204982,0
174612,0
206329,0
57961,0
93624,0
51592,0
49404,0
8622,0
1901,0
171538,0
27022,0
24225,0
263415,0
188648,0
108808,0
84404,0
80520,0
165504,0
205605,0
47214,0
202184,0
87968,0
100990,0
188761,0
121343,0
235887,0
67340,0
259953,0
111158,0
184811,0
60016,0
169425,0
223817,0
29027,0
89667,0
126890,0
40257,0
30864,0
92065,0
258987,0
191938,0
189522,0
215141,0
14900,0
18286,0
178402,0
171863,0
106331,0
7835,0
242282,0
228491,0
86288,0
227313,0
231251,0
160501,0
121493,0
27191,0
261735,0
25752,0
234254,0
222916,0
206253,0
163697,0
90148,0
60502,0
207566,0
96609,0
179388,0
183138,0
259206,0
217123,0
194839,0
119757,0
193483,0
162179,0
132289,0
111279,0
175089,0
101672,0
93175,0
119575,0
116780,0
263241,0
190833,0
193321,0
162866,0
108079,0
254081,0
192899,0
137592,0
80824,0
161669,0
148040,0
223610,0
95046,0
131142,0
265324,0
202720,0
164883,0
125698,0
45710,0
197572,0
153447,0
146887,0
55161,0
222900,0
9072,0
129248,0
85224,0
225110,0
19377,0
152501,0
123638,0
130907,0
26,0
119916,0
92866,0
138684,0
55125,0
106838,0
266368,0
238869,0
21170,0
237226,0
148872,0
25763,0
126543,0
7360,0
43157,0
201553,0
76060,0
78151,0
122258,0
42168,0
102377,0
235615,0
161579,0
75025,0
47197,0
168523,0
16949,0
180863,0
76664,0
203032,0
61748,0
82250,0
28850,0
84690,0
229047,0
41111,0
104099,0
168592,0
54294,0
77508,0
236815,0
150699,0
4185,0
141069,0
199457,0
256740,0
172782,0
125740,0
220356,0
114040,0
124091,0
240431,0
80025,0
73612,0
154623,0
14319,0
147988,0
236842,0
202201,0
221706,0
102357,0
8858,0
104354,0
152262,0
264727,0
1722,0
242399,0
22260,0
63502,0
61633,0
38680,0
69106,0
249862,0
236212,0
52196,0
124960,0
106736,0
101040,0
130813,0
238673,0
205616,0
198416,0
154960,0
86585,0
99804,0
16018,0
39257,0
238960,0
21983,0
74072,0
229340,0
219908,0
83895,0
111916,0
149541,0
154730,0
113997,0
127047,0
419,0
149132,0
218592,0
259062,0
19957,0
163272,0
176289,0
260078,0
190723,0
208061,0
177441,0
223619,0
44905,0
31853,0
254451,0
209644,0
173527,0
173524,0
252248,0
243535,0
13606,0
176893,0
172664,0
161916,0
206282,0
210848,0
245135,0
140476,0
99646,0
202616,0
17317,0
219595,0
66362,0
192469,0
68493,0
215727,0
184465,0
134468,0
179245,0
53591,0
43018,0
27063,0
242763,0
107604,0
169447,0
74605,0
204122,0
89890,0
79899,0
25549,0
236394,0
174841,0
257471,0
162878,0
121815,0
40188,0
174353,0
124093,0
239317,0
23070,0
129430,0
5249,0
123205,0
36059,0
202536,0
230419,0
159740,0
28771,0
244575,0
6702,0
174766,0
19503,0
180264,0
47354,0
85332,0
252094,0
102647,0
266619,0
7307,0
261240,0
135357,0
133192,0
53808,0
130408,0
154518,0
99319,0
129654,0
80501,0
264867,0
223599,0
240909,0
226478,0
239240,0
214383,0
124633,0
26986,0
135464,0
175618,0
78262,0
28039,0
65233,0
31154,0
19434,0
57145,0
153660,0
129240,0
112986,0
42020,0
17663,0
179177,0
142021,0
184041,0
77935,0
34012,0
196307,0
83366,0
76340,0
109273,0
233179,0
210864,0
266511,0
196242,0
63402,0
22790,0
11540,0
237534,0
25349,0
114641,0
32384,0
146297,0
256217,0
203814,0
117947,0
28146,0
222170,0
113014,0
51185,0
1321,0
230722,0
210081,0
145103,0
109342,0
228028,0
266550,0
138077,0
105430,0
247506,0
96572,0
87397,0
213782,0
83721,0
111917,0
229520,0
166494,0
234177,0
175804,0
35567,0
69072,0
133519,0
238359,0
145479,0
168032,0
242656,0
47969,0
24167,0
105490,0
180228,0
49000,0
55688,0
204783,0
136465,0
231248,0
178355,0
162074,0
266475,0
45822,0
244114,0
73064,0
262029,0
7880,0
10333,0
251896,0
205030,0
166077,0
51183,0
258169,0
36920,0
241864,0
40702,0
157208,0
206895,0
177146,0
264803,0
74866,0
46923,0
127007,0
224436,0
231632,0
239275,0
140562,0
207487,0
135164,0
253407,0
212914,0
84213,0
96681,0
149855,0
79966,0
40634,0
146581,0
249940,0
16856,0
144594,0
115408,0
39186,0
98714,0
110057,0
170995,0
146178,0
139899,0
229437,0
26087,0
105911,0
93680,0
57945,0
81331,0
88903,0
104955,0
98742,0
52784,0
49039,0
201743,0
206885,0
133092,0
57425,0
7,0
134007,0
39901,0
87672,0
159594,0
128673,0
262688,0
206653,0
132989,0
117704,0
173977,0
124735,0
173340,0
123253,0
183177,0
123922,0
136821,0
230203,0
56622,0
259580,0
10754,0
69924,0
223275,0
128096,0
84340,0
68911,0
108704,0
141732,0
65071,0
65776,0
177661,0
249476,0
104601,0
163208,0
189612,0
60731,0
20709,0
82598,0
194325,0
262972,0
140079,0
208110,0
184557,0
209244,0
147006,0
186340,0
27873,0
54686,0
160073,0
137508,0
163573,0
63626,0
105007,0
156986,0
147665,0
43206,0
162875,0
173750,0
202812,0
215637,0
231772,0
257772,0
240387,0
117564,0
186181,0
100675,0
73261,0
161417,0
46131,0
109209,0
240078,0
73930,0
81934,0
247045,0
34097,0
47916,0
108007,0
189665,0
23283,0
51626,0
125820,0
186883,0
98008,0
122683,0
112369,0
93657,0
11132,0
16913,0
213422,0
127949,0
37081,0
211957,0
222552,0
84027,0
91813,0
166851,0
175051,0
149755,0
130668,0
41415,0
79263,0
104456,0
124481,0
206798,0
93003,0
206356,0
92594,0
112108,0
179025,0
197281,0
191682,0
27871,0
196088,0
151648,0
259675,0
11066,0
108059,0
69811,0
35134,0
238990,0
156145,0
23045,0
210701,0
22937,0
98634,0
178279,0
150086,0
252007,0
120775,0
110509,0
139644,0
54956,0
36532,0
228300,0
169977,0
232658,0
81014,0
121321,0
113879,0
81102,0
261987,0
81643,0
64003,0
197098,0
186742,0
190253,0
60958,0
39585,0
219735,0
47822,0
196137,0
202509,0
212899,0
238552,0
15659,0
178156,0
162667,0
199660,0
115457,0
36013,0
128183,0
166950,0
212684,0
205490,0
64317,0
6994,0
104277,0
152410,0
179541,0
16349,0
104210,0
253442,0
38937,0
4215,0
155886,0
160008,0
97093,0
81345,0
99978,0
44887,0
105102,0
12891,0
81739,0
206019,0
176279,0
101785,0
86811,0
29587,0
33170,0
91946,0
250635,0
84506,0
29894,0
152984,0
153314,0
56668,0
118763,0
196119,0
63423,0
256208,0
246546,0
248099,0
107570,0
33187,0
197442,0
31891,0
226186,0
56249,0
22134,0
176629,0
226865,0
76011,0
208069,0
137077,0
171454,0
8010,0
172710,0
145337,0
71412,0
13340,0
61019,0
65115,0
178760,0
201038,0
150241,0
146543,0
88652,0
87548,0
128368,0
42349,0
163322,0
214260,0
11057,0
96585,0
25051,0
25576,0
17190,0
176763,0
197055,0
134354,0
156769,0
227505,0
159589,0
70321,0
135789,0
8780,0
248019,0
38346,0
24826,0
33285,0
135974,0
69189,0
136785,0
42194,0
19324,0
112086,0
7241,0
11365,0
223586,0
140570,0
218292,0
231008,0
216575,0
76343,0
79229,0
104912,0
221357,0
17031,0
89555,0
97810,0
246154,0
99653,0
41235,0
97134,0
124563,0
61799,0
192880,0
199859,0
65823,0
250297,0
141741,0
22865,0
202192,0
19717,0
112320,0
29360,0
87073,0
44862,0
33379,0
125279,0
213945,0
59090,0
225059,0
207407,0
139987,0
144514,0
208778,0
201447,0
173088,0
27406,0
253350,0
188128,0
82544,0
13404,0
233141,0
260617,0
251172,0
165725,0
59696,0
124610,0
3948,0
165028,0
107625,0
35904,0
141883,0
94745,0
30157,0
186707,0
96492,0
58813,0
178193,0
31979,0
13206,0
74987,0
54153,0
254409,0
226368,0
28918,0
10785,0
186334,0
202603,0
97589,0
250726,0
168635,0
190224,0
172247,0
181559,0
115129,0
264958,0
238349,0
186062,0
195561,0
62972,0
85055,0
22157,0
16909,0
206835,0
125386,0
256792,0
170985,0
54015,0
262293,0
36585,0
189369,0
237227,0
43462,0
148087,0
233533,0
144697,0
201882,0
75237,0
49270,0
20842,0
236744,0
32494,0
183823,0
194557,0
127131,0
208722,0
35054,0
63569,0
63651,0
107826,0
122334,0
246859,0
232254,0
32671,0
34761,0
49705,0
217537,0
91541,0
102707,0
41538,0
74357,0
208716,0
247440,0
242990,0
86892,0
123339,0
48874,0
223991,0
255834,0
152259,0
33417,0
150160,0
65607,0
186235,0
19352,0
135304,0
84367,0
23990,0
92492,0
139457,0
253582,0
74379,0
18147,0
235200,0
21732,0
207498,0
112700,0
176474,0
265687,0
30685,0
12744,0
66680,0
95275,0
201197,0
98531,0
69036,0
133336,0
51705,0
222360,0
36973,0
9370,0
90589,0
60748,0
155772,0
12724,0
20845,0
131292,0
138984,0
265813,0
26359,0
219538,0
110502,0
241695,0
67033,0
257685,0
165199,0
245754,0
111946,0
10871,0
41342,0
182995,0
206919,0
195838,0
157695,0
162992,0
187227,0
147981,0
38378,0
203043,0
45300,0
106124,0
174241,0
51247,0
11488,0
262505,0
97617,0
75214,0
251520,0
223848,0
185521,0
92709,0
16699,0
183467,0
130995,0
256059,0
264171,0
110194,0
149047,0
52897,0
4282,0
167623,0
181566,0
5718,0
114960,0
134492,0
97655,0
12217,0
159716,0
220822,0
120527,0
163103,0
62201,0
135729,0
73243,0
202527,0
149820,0
14396,0
227935,0
219703,0
251563,0
28974,0
11689,0
159817,0
60017,0
189745,0
147380,0
143910,0
219129,0
91812,0
12043,0
261713,0
152044,0
43632,0
38058,0
169332,0
91912,0
110683,0
84292,0
47200,0
180231,0
195270,0
80641,0
41130,0
113043,0
177715,0
28651,0
191528,0
152313,0
34189,0
245991,0
201039,0
5345,0
67410,0
36642,0
16734,0
215828,0
204718,0
218467,0
196795,0
57255,0
200218,0
134267,0
255052,0
231495,0
86063,0
166681,0
3357,0
141926,0
125405,0
232466,0
252341,0
45050,0
110482,0
198600,0
194608,0
100450,0
23718,0
214023,0
241197,0
89261,0
89425,0
144141,0
143907,0
162340,0
91568,0
200424,0
95605,0
230579,0
98980,0
54768,0
97354,0
217117,0
5214,0
18676,0
181630,0
232624,0
145636,0
220689,0
21254,0
25395,0
234465,0
167654,0
96612,0
40775,0
133488,0
113232,0
92774,0
118460,0
169075,0
34442,0
164490,0
140998,0
126777,0
193685,0
98873,0
42166,0
87275,0
259619,0
202078,0
37769,0
140180,0
215890,0
112424,0
154991,0
117986,0
7904,0
28302,0
80693,0
115111,0
10494,0
151671,0
190277,0
228615,0
217342,0
184468,0
119416,0
111020,0
29210,0
199756,0
64483,0
49822,0
39683,0
247482,0
117767,0
233027,0
126252,0
21114,0
117519,0
59404,0
258964,0
7187,0
53065,0
260826,0
111854,0
205923,0
112446,0
86934,0
152362,0
18368,0
223841,0
196004,0
144197,0
130316,0
222736,0
112102,0
28164,0
250209,0
158816,0
212217,0
36476,0
176573,0
234143,0
248671,0
81444,0
176398,0
49659,0
204823,0
6845,0
253750,0
143951,0
246484,0
169968,0
82538,0
201843,0
208331,0
161228,0
249762,0
195314,0
70030,0
259949,0
135662,0
104432,0
24416,0
264980,0
161723,0
129846,0
127035,0
154498,0
3631,0
179198,0
25171,0
82660,0
157943,0
103994,0
6759,0
178707,0
21568,0
227258,0
15268,0
53883,0
260145,0
247858,0
254950,0
164941,0
156255,0
41719,0
54723,0
197566,0
33300,0
226221,0
252977,0
226868,0
2072,0
228241,0
235577,0
162724,0
198869,0
85187,0
212279,0
162411,0
192627,0
161390,0
94401,0
140791,0
121530,0
197065,0
144691,0
195318,0
189685,0
203917,0
164169,0
208811,0
151135,0
244349,0
187351,0
251500,0
201289,0
135727,0
205504,0
233609,0
121063,0
218944,0
191953,0
155092,0
48897,0
117667,0
139526,0
229533,0
246640,0
146706,0
21233,0
176312,0
232732,0
106742,0
122617,0
61636,0
151334,0
53189,0
96265,0
228798,0
91413,0
225129,0
237180,0
65777,0
87675,0
92125,0
150868,0
86155,0
265449,0
150442,0
7100,0
82578,0
66418,0
92462,0
246516,0
190431,0
227360,0
63855,0
90974,0
115182,0
167590,0
217794,0
58725,0
173031,0
1839,0
144580,0
85423,0
52408,0
216245,0
2432,0
47336,0
88598,0
117282,0
228582,0
130297,0
90085,0
76691,0
232936,0
250386,0
179344,0
237973,0
182818,0
192077,0
208237,0
92776,0
116405,0
36926,0
112202,0
221527,0
264422,0
201584,0
118851,0
227386,0
141163,0
173171,0
240120,0
239193,0
16379,0
139688,0
75774,0
195708,0
147523,0
231088,0
39835,0
13444,0
195738,0
193004,0
73711,0
187176,0
10045,0
254716,0
111406,0
68309,0
91208,0
160338,0
150084,0
93682,0
49326,0
199610,0
103245,0
210821,0
183425,0
241525,0
183438,0
206891,0
209810,0
85718,0
175103,0
37010,0
53340,0
98765,0
11141,0
176268,0
98821,0
192972,0
106969,0
137621,0
48370,0
74653,0
36501,0
220211,0
137610,0
1735,0
137819,0
209232,0
130334,0
90804,0
152154,0
152765,0
46675,0
169914,0
169716,0
221999,0
161578,0
28830,0
177353,0
1882,0
266624,0
107411,0
5795,0
63495,0
151340,0
138468,0
46036,0
63006,0
137400,0
208704,0
57452,0
175751,0
253549,0
264604,0
26106,0
126407,0
224270,0
175666,0
106081,0
70708,0
38279,0
34409,0
14032,0
79017,0
148687,0
256833,0
2569,0
87809,0
123077,0
72306,0
70131,0
245344,0
2142,0
12422,0
47418,0
121079,0
203462,0
95483,0
17003,0
243063,0
95356,0
59442,0
21291,0
162288,0
151817,0
82953,0
58442,0
242906,0
82783,0
16544,0
111312,0
116136,0
125033,0
50434,0
171811,0
171947,0
80034,0
4023,0
136341,0
176822,0
226241,0
204200,0
82343,0
27271,0
105936,0
22644,0
178107,0
19205,0
138304,0
77350,0
192947,0
240489,0
215756,0
48536,0
55889,0
3380,0
31715,0
35813,0
127882,0
253820,0
45847,0
49999,0
255296,0
31624,0
174422,0
15456,0
37607,0
93104,0
188503,0
28251,0
217270,0
245655,0
191608,0
28465,0
174948,0
58164,0
241286,0
193036,0
63716,0
246791,0
158080,0
142837,0
23854,0
218267,0
99669,0
174765,0
83589,0
127454,0
66370,0
249273,0
10299,0
237350,0
149128,0
210100,0
154593,0
259698,0
240890,0
212695,0
143106,0
24808,0
111684,0
220147,0
246712,0
27364,0
92951,0
229907,0
195984,0
58195,0
238403,0
12748,0
240598,0
120087,0
40346,0
125843,0
248692,0
31301,0
236699,0
112314,0
133871,0
61717,0
174624,0
202272,0
179884,0
130447,0
53173,0
195150,0
75005,0
173219,0
114844,0
77872,0
54556,0
225051,0
136018,0
153730,0
247827,0
71857,0
128914,0
95096,0
141152,0
254529,0
23616,0
20868,0
149494,0
95123,0
55199,0
195333,0
125296,0
58673,0
71820,0
177852,0
117841,0
37095,0
69844,0
256125,0
100030,0
102060,0
138834,0
251067,0
82536,0
184449,0
245089,0
14196,0
68851,0
163636,0
124171,0
56740,0
117129,0
189065,0
198446,0
3954,0
211590,0
176252,0
226477,0
266572,0
20932,0
104832,0
245746,0
21465,0
11736,0
162016,0
255984,0
36735,0
259259,0
57996,0
88848,0
97303,0
2104,0
68154,0
250599,0
30997,0
128178,0
82939,0
224567,0
146753,0
22842,0
225295,0
178845,0
66968,0
21092,0
72198,0
20961,0
217071,0
188684,0
220333,0
147578,0
172585,0
189117,0
14325,0
134369,0
137474,0
41463,0
115605,0
251293,0
144142,0
195009,0
70644,0
108187,0
260262,0
93438,0
104514,0
4686,0
35469,0
126830,0
241818,0
185028,0
47549,0
106445,0
261008,0
9203,0
32907,0
47015,0
49900,0
204000,0
89094,0
61240,0
226229,0
161187,0
224344,0
27767,0
252300,0
253318,0
216648,0
224562,0
203754,0
22946,0
109221,0
165945,0
18691,0
117776,0
178492,0
220399,0
65531,0
238474,0
245411,0
62076,0
114418,0
181375,0
87130,0
231134,0
230405,0
212758,0
101394,0
5445,0
174581,0
183576,0
264363,0
57511,0
141114,0
263782,0
85826,0
242823,0
134895,0
43515,0
6158,0
207977,0
93079,0
136450,0
115587,0
174759,0
139447,0
195187,0
67528,0
193736,0
104795,0
160968,0
73113,0
69902,0
168614,0
49965,0
180983,0
198684,0
2990,0
117878,0
103631,0
211658,0
150900,0
10634,0
234552,0
210076,0
72349,0
25290,0
64239,0
21033,0
123910,0
12232,0
239885,0
50737,0
145345,0
258274,0
143909,0
214052,0
264429,0
10516,0
197859,0
135450,0
112463,0
258633,0
155406,0
50430,0
191043,0
72340,0
77997,0
124055,0
77187,0
26793,0
91633,0
35433,0
209651,0
71302,0
100202,0
250182,0
154582,0
148085,0
44307,0
13743,0
203276,0
3346,0
80407,0
225049,0
248792,0
133658,0
131343,0
260622,0
61120,0
126281,0
226836,0
17562,0
266084,0
206244,0
193652,0
142283,0
121569,0
120737,0
62211,0
163006,0
256781,0
139173,0
50960,0
141836,0
110630,0
97302,0
37518,0
99437,0
95852,0
203145,0
194341,0
139893,0
204185,0
170064,0
149267,0
181261,0
20056,0
39435,0
146035,0
253071,0
125847,0
154839,0
117456,0
136085,0
195427,0
181482,0
153247,0
159927,0
175863,0
49001,0
5779,0
94522,0
184640,0
236137,0
160943,0
16294,0
250249,0
199408,0
247721,0
113207,0
219179,0
128059,0
15045,0
191271,0
164111,0
237368,0
42647,0
90102,0
172176,0
60633,0
97818,0
41952,0
69654,0
176819,0
209363,0
231124,0
265180,0
143538,0
130891,0
182312,0
253271,0
131873,0
197475,0
196892,0
107137,0
171263,0
248660,0
83135,0
40915,0
199322,0
184948,0
190342,0
264174,0
215930,0
180938,0
259824,0
182066,0
93843,0
250796,0
128512,0
22314,0
133489,0
18202,0
256300,0
223302,0
33378,0
241058,0
88284,0
83638,0
73509,0
13530,0
213615,0
30016,0
215628,0
55183,0
258004,0
255629,0
137004,0
142253,0
214326,0
32727,0
189314,0
133173,0
29794,0
181737,0
56381,0
202228,0
17870,0
186606,0
4220,0
14295,0
127086,0
137176,0
92694,0
218717,0
87228,0
231634,0
8685,0
50703,0
30872,0
156362,0
255522,0
24790,0
107055,0
34071,0
62726,0
46478,0
210980,0
74164,0
159869,0
198001,0
15459,0
95253,0
12448,0
69033,0
8035,0
244531,0
191963,0
232451,0
181623,0
141416,0
79699,0
70265,0
122552,0
141087,0
139335,0
19809,0
72228,0
147606,0
216436,0
81712,0
51406,0
242309,0
181967,0
33861,0
20696,0
23790,0
151975,0
211409,0
13448,0
159819,0
59848,0
16781,0
71579,0
115237,0
43586,0
85711,0
190067,0
135574,0
79219,0
41421,0
42825,0
245682,0
237337,0
162450,0
165266,0
79259,0
224910,0
79031,0
43516,0
131893,0
107202,0
54451,0
57146,0
63410,0
94327,0
142654,0
80385,0
57467,0
126893,0
130391,0
191548,0
153071,0
212465,0
87691,0
93940,0
91741,0
174861,0
199710,0
114259,0
32281,0
208660,0
165235,0
238710,0
181040,0
199720,0
71016,0
127589,0
29147,0
159870,0
23217,0
208698,0
144132,0
111808,0
15826,0
105153,0
33886,0
42571,0
207497,0
211604,0
67065,0
218177,0
44142,0
114889,0
21144,0
63950,0
15536,0
32476,0
189870,0
135785,0
118596,0
230949,0
121291,0
200969,0
103325,0
249150,0
188402,0
137800,0
224656,0
133000,0
239097,0
84868,0
260049,0
180634,0
256802,0
155186,0
35197,0
263324,0
108713,0
204670,0
246068,0
115155,0
159196,0
147879,0
96426,0
57493,0
168948,0
52920,0
45171,0
247719,0
59837,0
257297,0
814,0
38042,0
182186,0
231281,0
198724,0
74980,0
214320,0
44983,0
102075,0
168998,0
82665,0
17925,0
78212,0
41166,0
202631,0
122639,0
154249,0
225242,0
121834,0
185881,0
525,0
99980,0
171216,0
188641,0
3819,0
149934,0
69625,0
155837,0
61671,0
181590,0
211761,0
6674,0
31290,0
238383,0
215885,0
78346,0
164731,0
170423,0
12631,0
212783,0
180748,0
184932,0
3643,0
87783,0
45993,0
112230,0
170107,0
216802,0
179513,0
188709,0
243164,0
110082,0
124799,0
46163,0
33591,0
256419,0
226828,0
117540,0
214641,0
116127,0
255951,0
247179,0
253239,0
165125,0
236229,0
107598,0
23711,0
60445,0
235166,0
216602,0
239188,0
178367,0
160263,0
58190,0
111321,0
91028,0
110975,0
146548,0
22576,0
218216,0
222513,0
159471,0
12686,0
263421,0
194054,0
144978,0
145085,0
75720,0
7608,0
221035,0
30140,0
96379,0
78354,0
241987,0
134336,0
236071,0
252809,0
1167,0
103920,0
206281,0
169894,0
243199,0
224660,0
50825,0
120777,0
2300,0
161510,0
19116,0
87650,0
62032,0
198058,0
113946,0
243334,0
2900,0
8680,0
131557,0
31890,0
145589,0
22446,0
108407,0
206554,0
29758,0
83836,0
163306,0
167848,0
195338,0
193347,0
139267,0
132285,0
156930,0
66420,0
222305,0
111982,0
188612,0
185838,0
121855,0
54467,0
258133,0
85258,0
67870,0
88055,0
191794,0
150263,0
169012,0
43540,0
236720,0
140806,0
102581,0
47876,0
32168,0
132603,0
229008,0
38135,0
82862,0
88745,0
115825,0
1400,0
11519,0
138873,0
66643,0
2441,0
163170,0
124808,0
179422,0
165940,0
98429,0
12738,0
15071,0
87154,0
64140,0
222363,0
243295,0
218448,0
251624,0
80382,0
134514,0
228740,0
47397,0
194167,0
210457,0
247574,0
38798,0
168509,0
231969,0
175308,0
92421,0
259458,0
56108,0
118929,0
30832,0
98343,0
176322,0
99321,0
259925,0
92090,0
91768,0
237453,0
257598,0
49771,0
119374,0
42301,0
9637,0
233935,0
236604,0
248341,0
118862,0
21264,0
30556,0
58144,0
177609,0
179965,0
151130,0
249128,0
162167,0
212368,0
47530,0
66848,0
80838,0
81896,0
131355,0
237127,0
46362,0
135390,0
29854,0
21737,0
6004,0
67733,0
12937,0
92306,0
185071,0
62275,0
215409,0
203130,0
53629,0
135258,0
38367,0
217898,0
129592,0
39787,0
80059,0
109937,0
112234,0
174561,0
158522,0
187798,0
170930,0
25797,0
51314,0
29350,0
147255,0
197128,0
253308,0
207219,0
240756,0
84893,0
202030,0
256522,0
128951,0
185074,0
190732,0
183007,0
13211,0
247646,0
90664,0
192029,0
163594,0
177113,0
88932,0
249006,0
8113,0
92053,0
126466,0
44393,0
227709,0
23544,0
236652,0
125923,0
185864,0
125660,0
55528,0
97581,0
112125,0
76539,0
79379,0
170949,0
24748,0
108114,0
99500,0
223580,0
251492,0
232062,0
234806,0
6468,0
40717,0
55959,0
142366,0
241991,0
107382,0
11455,0
225890,0
231839,0
144553,0
173551,0
23814,0
151752,0
29661,0
188015,0
195096,0
259767,0
49924,0
173948,0
81755,0
139721,0
46977,0
169612,0
25780,0
91054,0
46874,0
162432,0
77192,0
254114,0
76010,0
44203,0
154972,0
115052,0
162471,0
186009,0
134128,0
62025,0
1423,0
253620,0
198238,0
154247,0
100936,0
211816,0
213085,0
186388,0
26432,0
166997,0
22637,0
70136,0
152746,0
64414,0
137197,0
161715,0
162829,0
39021,0
52712,0
67989,0
75546,0
102687,0
157618,0
97682,0
72172,0
198967,0
252358,0
85700,0
87257,0
12509,0
143247,0
131210,0
90927,0
252407,0
253150,0
133872,0
36506,0
33419,0
74102,0
98670,0
41164,0
65797,0
159739,0
13834,0
80114,0
228703,0
166838,0
119175,0
135636,0
151341,0
85599,0
132277,0
209016,0
118723,0
88661,0
156068,0
162911,0
94210,0
86435,0
171301,0
103011,0
79231,0
3333,0
87320,0
140099,0
170651,0
82700,0
157752,0
53996,0
201816,0
29332,0
157903,0
17757,0
27231,0
39023,0
179801,0
111130,0
260472,0
12890,0
242731,0
162448,0
197205,0
235951,0
74172,0
33724,0
106349,0
79421,0
95139,0
4171,0
137090,0
178228,0
232001,0
133468,0
161733,0
113974,0
66426,0
173866,0
43498,0
68239,0
230607,0
232460,0
61780,0
237718,0
10140,0
231559,0
122556,0
94530,0
61306,0
26020,0
203908,0
3054,0
32416,0
33220,0
178079,0
160553,0
70848,0
41464,0
188689,0
76314,0
193454,0
148429,0
220679,0
48308,0
125556,0
230415,0
101541,0
174916,0
164689,0
159309,0
96672,0
151409,0
145268,0
84958,0
223961,0
161330,0
36478,0
30848,0
248597,0
57894,0
11280,0
153110,0
66427,0
4003,0
132681,0
132494,0
147593,0
134196,0
61024,0
134744,0
69391,0
113933,0
247422,0
51290,0
162308,0
98641,0
203293,0
60437,0
24262,0
137602,0
258711,0
108185,0
241556,0
126057,0
135024,0
194162,0
154454,0
132918,0
22599,0
112160,0
61042,0
120867,0
137149,0
237618,0
73315,0
125105,0
79051,0
53369,0
194088,0
203643,0
70791,0
26818,0
99498,0
201774,0
123643,0
88060,0
122462,0
191287,0
129424,0
133505,0
28092,0
52004,0
21429,0
119162,0
63998,0
151098,0
232397,0
78422,0
74348,0
7924,0
219037,0
3675,0
45971,0
256147,0
220978,0
137000,0
70069,0
90627,0
164377,0
158019,0
135049,0
116434,0
117537,0
248249,0
98271,0
38550,0
8599,0
96097,0
132274,0
28018,0
78361,0
94018,0
49033,0
6244,0
165991,0
60407,0
207678,0
29026,0
95594,0
256805,0
17210,0
241809,0
251943,0
102551,0
11503,0
67771,0
246227,0
25520,0
3589,0
71564,0
127453,0
175933,0
14410,0
136783,0
48401,0
173677,0
32896,0
190079,0
246311,0
259295,0
206288,0
98907,0
53925,0
237666,0
94479,0
140797,0
147385,0
258747,0
24571,0
31084,0
116729,0
107096,0
157113,0
155012,0
107110,0
113829,0
81795,0
263510,0
94016,0
257220,0
219237,0
75771,0
184212,0
255096,0
190825,0
204956,0
96660,0
204659,0
59393,0
190259,0
10525,0
21880,0
203295,0
194396,0
140959,0
208080,0
209919,0
157236,0
245883,0
218674,0
257915,0
116234,0
151733,0
5202,0
84587,0
227723,0
205506,0
118437,0
37811,0
107553,0
147458,0
92124,0
160206,0
250474,0
130712,0
153309,0
17836,0
102058,0
248269,0
263613,0
156888,0
259964,0
28434,0
145105,0
97305,0
9754,0
62649,0
137382,0
256199,0
129946,0
89248,0
295,0
106832,0
29402,0
128420,0
232417,0
206810,0
167543,0
116919,0
224936,0
216576,0
57326,0
143838,0
184040,0
212506,0
15419,0
45681,0
233790,0
160913,0
43327,0
129220,0
67996,0
10360,0
55268,0
117057,0
236134,0
43811,0
4584,0
39511,0
173994,0
21749,0
217556,0
26814,0
75661,0
36117,0
111029,0
255808,0
8687,0
61045,0
224446,0
115576,0
186215,0
71925,0
197483,0
15671,0
176942,0
211347,0
50777,0
182164,0
50245,0
142243,0
229191,0
37825,0
42986,0
160258,0
81280,0
179104,0
163513,0
31738,0
144582,0
198281,0
112462,0
7062,0
248779,0
6901,0
169992,0
97191,0
48737,0
152718,0
127304,0
193303,0
181004,0
185331,0
41033,0
132908,0
262436,0
114823,0
155544,0
215976,0
71698,0
52190,0
247189,0
79692,0
179698,0
71870,0
56457,0
225450,0
244864,0
190175,0
146997,0
102370,0
222854,0
125228,0
46060,0
126419,0
196593,0
135863,0
93781,0
26074,0
144954,0
238072,0
12440,0
135343,0
57179,0
192025,0
40942,0
107818,0
262160,0
75624,0
183356,0
191115,0
3219,0
214823,0
212445,0
252970,0
75916,0
212845,0
162672,0
165600,0
80900,0
107211,0
24326,0
5495,0
252108,0
161087,0
123728,0
221810,0
41152,0
70730,0
108922,0
115063,0
93972,0
71518,0
149104,0
109467,0
45877,0
137638,0
230554,0
52127,0
124562,0
203417,0
71367,0
86108,0
72387,0
208873,0
200220,0
15766,0
129843,0
122994,0
143276,0
217803,0
112213,0
86868,0
91525,0
16627,0
56482,0
155000,0
141192,0
122991,0
1764,0
231673,0
49513,0
188392,0
169235,0
166447,0
178555,0
84327,0
55038,0
29699,0
83320,0
243516,0
223917,0
15196,0
233992,0
222490,0
89944,0
230626,0
14641,0
187180,0
121899,0
119422,0
146582,0
103025,0
211388,0
129788,0
93182,0
222314,0
239857,0
104886,0
133101,0
93690,0
74399,0
232998,0
181355,0
171855,0
19023,0
44965,0
218039,0
84362,0
241999,0
248378,0
49993,0
58496,0
58627,0
155573,0
181268,0
161163,0
1545,0
160749,0
70470,0
97269,0
223805,0
121155,0
128258,0
139319,0
9139,0
229513,0
254525,0
238856,0
150830,0
109181,0
46917,0
247731,0
95766,0
210466,0
175366,0
197306,0
183281,0
192427,0
139900,0
34607,0
126737,0
185872,0
127549,0
35558,0
2439,0
105974,0
90350,0
131403,0
252911,0
210418,0
121215,0
224132,0
7133,0
62618,0
141073,0
16184,0
210456,0
218371,0
125247,0
228017,0
61218,0
211143,0
77868,0
149840,0
114577,0
263204,0
96451,0
23,0
86632,0
206178,0
65040,0
145553,0
71779,0
94442,0
69800,0
256210,0
163565,0
258053,0
81338,0
184851,0
38538,0
66062,0
104182,0
226439,0
263736,0
125824,0
202793,0
42004,0
30069,0
159197,0
212629,0
37020,0
109205,0
27123,0
138450,0
24186,0
169709,0
32368,0
191876,0
98789,0
102234,0
200216,0
200791,0
903,0
53410,0
255331,0
224544,0
258672,0
111084,0
265997,0
87728,0
232828,0
226206,0
226338,0
173097,0
41074,0
194554,0
174379,0
46960,0
172137,0
265910,0
43816,0
241327,0
234438,0
200695,0
190510,0
116908,0
215836,0
175891,0
219410,0
119995,0
158939,0
124807,0
150977,0
106156,0
180922,0
132762,0
47253,0
176707,0
256066,0
58399,0
265236,0
24227,0
10048,0
115628,0
238156,0
14079,0
51447,0
115675,0
248992,0
123190,0
95227,0
137182,0
96998,0
94134,0
17299,0
115238,0
46239,0
257351,0
47087,0
137249,0
112208,0
116944,0
121271,0
170537,0
181526,0
177923,0
18254,0
246786,0
144881,0
82713,0
102778,0
108015,0
127759,0
205434,0
179979,0
35172,0
2955,0
111459,0
111505,0
17023,0
263341,0
188484,0
79320,0
88896,0
162752,0
28160,0
75603,0
128676,0
167263,0
100042,0
6454,0
70276,0
99060,0
167205,0
65481,0
14247,0
144019,0
28943,0
225152,0
196178,0
19810,0
227458,0
190015,0
52142,0
226061,0
196187,0
109955,0
4425,0
71533,0
119640,0
11318,0
21719,0
261459,0
91105,0
33703,0
193012,0
230584,0
16788,0
8990,0
19052,0
27784,0
257441,0
34207,0
224386,0
194854,0
120585,0
258938,0
202808,0
113581,0
229506,0
98984,0
160519,0
202561,0
208232,0
106876,0
176809,0
254927,0
96093,0
214712,0
262793,0
88358,0
111910,0
19269,0
41620,0
92037,0
59130,0
80363,0
238515,0
73368,0
255738,0
176050,0
96269,0
102085,0
82690,0
80796,0
161797,0
239758,0
156989,0
205431,0
226379,0
218411,0
197612,0
235529,0
21575,0
96107,0
10319,0
181933,0
16967,0
6947,0
91619,0
100926,0
76921,0
252643,0
226586,0
88101,0
2826,0
185092,0
227610,0
92900,0
40794,0
236203,0
53705,0
11032,0
64269,0
62374,0
227124,0
228101,0
248940,0
176618,0
26442,0
182172,0
169547,0
167359,0
199344,0
170847,0
13536,0
244675,0
143674,0
131931,0
147521,0
209170,0
156257,0
184721,0
262631,0
164868,0
254321,0
188337,0
92621,0
114112,0
248858,0
215724,0
171086,0
261323,0
71652,0
118638,0
33168,0
151530,0
143631,0
204445,0
129983,0
110004,0
265271,0
22203,0
238959,0
266313,0
245629,0
130140,0
124131,0
103547,0
201651,0
126539,0
20126,0
210948,0
123332,0
55339,0
178094,0
152644,0
170819,0
208938,0
127781,0
248619,0
186841,0
120518,0
57586,0
43574,0
248061,0
100998,0
143953,0
73468,0
145783,0
21816,0
56390,0
254806,0
168961,0
39339,0
35480,0
243745,0
47158,0
154628,0
134091,0
265942,0
225497,0
88632,0
180603,0
66711,0
214515,0
191552,0
155363,0
70093,0
256951,0
112477,0
139631,0
201328,0
172705,0
199338,0
43208,0
141843,0
150287,0
259643,0
72566,0
82361,0
35330,0
171501,0
227680,0
182879,0
229066,0
185598,0
257848,0
78242,0
153243,0
195732,0
182311,0
151877,0
31273,0
84313,0
37025,0
185781,0
95133,0
114937,0
3322,0
169492,0
121996,0
177996,0
185391,0
7487,0
165933,0
178523,0
215162,0
128843,0
54330,0
171741,0
233048,0
43065,0
250344,0
6303,0
113611,0
197586,0
93534,0
194587,0
131236,0
96270,0
21609,0
194828,0
39450,0
49299,0
245421,0
119336,0
182079,0
160085,0
57912,0
241253,0
246930,0
6306,0
256130,0
20042,0
232499,0
100840,0
181448,0
192843,0
87227,0
32020,0
247117,0
134625,0
181221,0
202200,0
112097,0
62113,0
39344,0
39548,0
52605,0
63019,0
94820,0
19979,0
21532,0
237594,0
143,0
116564,0
247905,0
249830,0
266213,0
33084,0
91016,0
97116,0
166296,0
143878,0
257601,0
55274,0
213292,0
240452,0
16645,0
35120,0
166567,0
200835,0
185808,0
211828,0
44897,0
113166,0
152504,0
19744,0
102537,0
205508,0
104910,0
159673,0
102063,0
210231,0
145925,0
97245,0
46832,0
80453,0
143796,0
133707,0
124461,0
177056,0
11686,0
79833,0
153958,0
137551,0
145054,0
25155,0
208690,0
116950,0
200843,0
190834,0
214675,0
247357,0
138317,0
252535,0
195468,0
198859,0
34346,0
132165,0
53581,0
116786,0
142682,0
34334,0
159404,0
204972,0
36881,0
192251,0
8301,0
31272,0
118746,0
123896,0
12598,0
97591,0
205000,0
98447,0
183083,0
257893,0
140373,0
238201,0
31548,0
176978,0
178610,0
25398,0
150611,0
250537,0
53755,0
231637,0
45855,0
230997,0
31443,0
155159,0
8306,0
39796,0
138869,0
100671,0
216865,0
139731,0
209200,0
242777,0
260601,0
168016,0
24478,0
99239,0
99221,0
235580,0
247704,0
49307,0
257992,0
146078,0
193519,0
85479,0
108018,0
184214,0
111962,0
142124,0
148346,0
64495,0
45914,0
77113,0
57034,0
85226,0
249280,0
111880,0
187170,0
52643,0
238580,0
86884,0
179195,0
99005,0
64952,0
177575,0
124929,0
225421,0
258716,0
87487,0
98874,0
207074,0
259251,0
194698,0
87836,0
102835,0
127811,0
212263,0
263696,0
161245,0
61439,0
38667,0
176274,0
208379,0
230154,0
228632,0
149744,0
132500,0
262501,0
97348,0
184813,0
94938,0
202788,0
137739,0
251734,0
44086,0
77399,0
5081,0
9951,0
58108,0
41127,0
214672,0
12458,0
241164,0
43558,0
178868,0
2942,0
250901,0
204717,0
65606,0
9665,0
12746,0
174884,0
149056,0
132008,0
230812,0
95846,0
237899,0
18686,0
123620,0
126523,0
218837,0
202044,0
19967,0
53506,0
44,0
189318,0
109672,0
80376,0
53104,0
99377,0
145097,0
161816,0
133448,0
52518,0
28619,0
146209,0
35003,0
109678,0
21731,0
62910,0
84433,0
96800,0
264638,0
121422,0
110622,0
74006,0
165577,0
167681,0
107215,0
94513,0
137699,0
69212,0
143354,0
238545,0
143512,0
200984,0
178904,0
178616,0
107652,0
203184,0
210135,0
46225,0
64801,0
257233,0
154223,0
238326,0
125362,0
121386,0
137440,0
230878,0
99931,0
102288,0
10668,0
103131,0
54829,0
101331,0
238952,0
10123,0
94627,0
209438,0
77216,0
147960,0
219344,0
234989,0
201565,0
48108,0
147292,0
105116,0
218246,0
262102,0
65202,0
169982,0
5870,0
5204,0
150572,0
125113,0
116110,0
101032,0
168980,0
111786,0
59964,0
179069,0
159396,0
80551,0
155479,0
191973,0
221302,0
9405,0
69598,0
40555,0
11663,0
149756,0
54924,0
162649,0
55519,0
144730,0
36110,0
241452,0
61890,0
175948,0
191029,0
26944,0
222447,0
159926,0
172469,0
21842,0
143154,0
202091,0
113474,0
105063,0
227413,0
197374,0
154640,0
90868,0
266013,0
165457,0
48126,0
111837,0
94773,0
54770,0
174931,0
76194,0
69908,0
115104,0
117992,0
206808,0
8183,0
13492,0
214018,0
146315,0
244366,0
177181,0
37489,0
183119,0
117498,0
129493,0
83744,0
224105,0
205928,0
158040,0
6302,0
24405,0
199716,0
96501,0
112043,0
101177,0
221514,0
97441,0
232879,0
251934,0
90123,0
92054,0
183319,0
8834,0
2790,0
102305,0
198487,0
231336,0
175916,0
209840,0
19624,0
249002,0
99279,0
62950,0
248754,0
37624,0
5168,0
83965,0
243485,0
50089,0
202484,0
45821,0
91237,0
263607,0
246488,0
17280,0
253310,0
200983,0
170099,0
176661,0
142782,0
28161,0
11794,0
188301,0
219631,0
215066,0
33292,0
240655,0
10666,0
102766,0
60397,0
203370,0
62302,0
186021,0
196800,0
251162,0
240302,0
265469,0
37564,0
160679,0
157812,0
93366,0
15222,0
43359,0
236964,0
136233,0
187168,0
114014,0
36481,0
231618,0
118893,0
248986,0
236677,0
56722,0
88457,0
185892,0
31879,0
259057,0
180520,0
180982,0
232686,0
130446,0
215318,0
233242,0
36130,0
238278,0
91788,0
232137,0
32120,0
249983,0
202785,0
186607,0
99523,0
13270,0
96472,0
63331,0
33797,0
130348,0
91984,0
241204,0
89517,0
68751,0
138878,0
57857,0
266365,0
219505,0
168648,0
123266,0
181505,0
191627,0
139149,0
185947,0
49240,0
260583,0
128717,0
34098,0
155926,0
207026,0
131431,0
102229,0
25169,0
212860,0
236595,0
109216,0
158514,0
192110,0
209760,0
59312,0
170221,0
89547,0
220604,0
167357,0
59316,0
205241,0
213519,0
182225,0
75156,0
212107,0
216294,0
179571,0
147147,0
167309,0
174862,0
129643,0
16787,0
39693,0
153359,0
178908,0
157506,0
107651,0
130620,0
11400,0
192128,0
28975,0
167708,0
10715,0
34522,0
2156,0
257506,0
70891,0
35747,0
79399,0
97026,0
86612,0
55155,0
208625,0
37550,0
220808,0
122159,0
266202,0
219088,0
152430,0
73335,0
231230,0
201409,0
253538,0
26127,0
20672,0
51397,0
237970,0
201984,0
122518,0
116630,0
174911,0
153254,0
17986,0
102760,0
164905,0
12491,0
152303,0
17366,0
143317,0
104567,0
106149,0
52485,0
46936,0
145796,0
24971,0
244182,0
21728,0
75027,0
254082,0
66908,0
252549,0
116221,0
182199,0
199222,0
115394,0
254239,0
150297,0
55265,0
189932,0
186081,0
156673,0
14717,0
163414,0
29926,0
183058,0
90257,0
77627,0
151237,0
163169,0
56808,0
252853,0
142886,0
227633,0
160961,0
71837,0
18705,0
238851,0
206652,0
23602,0
112496,0
23269,0
258346,0
72692,0
47126,0
244825,0
47079,0
19775,0
242587,0
219032,0
247433,0
220888,0
108708,0
190728,0
237652,0
22524,0
102018,0
163742,0
66887,0
177587,0
212532,0
94237,0
206877,0
165963,0
101830,0
185488,0
251811,0
111156,0
160154,0
217138,0
217171,0
101933,0
17217,0
55735,0
115144,0
102681,0
37018,0
136115,0
136946,0
5842,0
185818,0
215473,0
89212,0
30086,0
161722,0
76786,0
176658,0
167386,0
39242,0
87749,0
232621,0
6812,0
192887,0
220299,0
186257,0
200857,0
42237,0
84562,0
218676,0
61936,0
175934,0
22113,0
14187,0
104952,0
93422,0
263278,0
47830,0
72116,0
171114,0
150324,0
35822,0
170418,0
89286,0
262643,0
7804,0
135100,0
220246,0
51711,0
13052,0
244253,0
12026,0
42341,0
137247,0
10125,0
49720,0
131610,0
26392,0
51540,0
21477,0
110335,0
54193,0
185510,0
127709,0
147897,0
49544,0
3522,0
173194,0
175696,0
224182,0
34541,0
75300,0
203301,0
159943,0
29716,0
69097,0
251826,0
53441,0
259480,0
52201,0
199960,0
105502,0
234844,0
69223,0
220643,0
14112,0
159060,0
36854,0
252870,0
107521,0
152939,0
236490,0
22606,0
90481,0
252901,0
160077,0
87712,0
12767,0
187844,0
210169,0
22114,0
98415,0
6472,0
180501,0
140374,0
240880,0
78834,0
179959,0
127464,0
62578,0
135300,0
104574,0
261091,0
2277,0
134229,0
251296,0
45357,0
99243,0
83940,0
237843,0
18716,0
89124,0
170148,0
209089,0
119,0
126851,0
2279,0
219812,0
123527,0
130580,0
149471,0
77531,0
190165,0
52819,0
93178,0
184191,0
102620,0
181996,0
97217,0
241474,0
116521,0
48325,0
136160,0
20496,0
73458,0
150135,0
128398,0
47213,0
83248,0
242136,0
205443,0
122017,0
4655,0
12505,0
66722,0
254118,0
132991,0
147954,0
31105,0
218239,0
214437,0
140434,0
15114,0
128376,0
242787,0
105202,0
67466,0
18984,0
1402,0
22147,0
27402,0
53774,0
164875,0
168453,0
249347,0
33034,0
35213,0
219267,0
180785,0
173039,0
24429,0
149646,0
198097,0
33575,0
216987,0
96213,0
122167,0
106059,0
171459,0
19543,0
202315,0
215619,0
190584,0
75589,0
164809,0
197718,0
103550,0
46967,0
70698,0
231457,0
135981,0
237163,0
253837,0
225880,0
99327,0
252362,0
121867,0
199067,0
86749,0
210769,0
183129,0
185084,0
237848,0
107550,0
210422,0
155047,0
219134,0
126235,0
124110,0
131534,0
171448,0
239514,0
53254,0
122031,0
204162,0
227914,0
218390,0
261872,0
40070,0
27739,0
243508,0
134645,0
38713,0
100825,0
266035,0
109573,0
46861,0
249078,0
17250,0
215446,0
215397,0
264448,0
250012,0
165818,0
55674,0
63660,0
190156,0
20666,0
26307,0
239515,0
35094,0
62278,0
5337,0
177921,0
251870,0
264745,0
246716,0
246349,0
134533,0
124634,0
91610,0
260848,0
208995,0
259718,0
262402,0
12843,0
83734,0
47460,0
149042,0
81209,0
37785,0
119053,0
245906,0
54203,0
135856,0
68093,0
192691,0
79195,0
263330,0
91391,0
107086,0
128740,0
110624,0
225814,0
153111,0
231024,0
172761,0
234030,0
181161,0
54404,0
186387,0
184684,0
203220,0
258813,0
31871,0
119314,0
122442,0
193199,0
5954,0
107392,0
29062,0
101631,0
128175,0
76131,0
114260,0
127831,0
9475,0
99695,0
261105,0
188178,0
190475,0
240885,0
205602,0
177889,0
118472,0
237814,0
255349,0
85676,0
213469,0
146485,0
132793,0
145344,0
233648,0
248840,0
171148,0
17078,0
2960,0
128157,0
219816,0
13533,0
254732,0
164871,0
141725,0
74986,0
204103,0
230193,0
195023,0
35566,0
34194,0
102509,0
203806,0
64597,0
130704,0
85157,0
63609,0
152683,0
36886,0
51128,0
202487,0
77552,0
128004,0
139411,0
260675,0
98543,0
69728,0
152241,0
231934,0
34044,0
97599,0
198204,0
45195,0
233999,0
17253,0
161943,0
194809,0
133285,0
138367,0
95364,0
35696,0
157462,0
33153,0
86133,0
49264,0
235150,0
152883,0
222741,0
248911,0
62741,0
261874,0
163369,0
44334,0
121002,0
216579,0
91518,0
203466,0
25062,0
206014,0
125273,0
126011,0
35941,0
102068,0
145060,0
91838,0
163541,0
42724,0
143207,0
9802,0
98540,0
94351,0
71238,0
24244,0
177850,0
172951,0
134208,0
247094,0
125176,0
179322,0
89284,0
224635,0
195165,0
217948,0
235808,0
109190,0
101565,0
148835,0
1372,0
169642,0
44397,0
101955,0
233261,0
232240,0
112644,0
31054,0
217789,0
258088,0
37459,0
37629,0
67840,0
233105,0
18974,0
31929,0
16392,0
137687,0
128587,0
179032,0
124003,0
114549,0
32565,0
85537,0
155535,0
212648,0
108595,0
160150,0
70105,0
88127,0
6890,0
136653,0
219277,0
42943,0
45517,0
145188,0
237293,0
167719,0
230533,0
40808,0
176225,0
170968,0
186724,0
94413,0
117416,0
55384,0
218829,0
198620,0
170295,0
202790,0
118239,0
226129,0
208846,0
232548,0
266542,0
72683,0
189775,0
265761,0
224516,0
251439,0
40247,0
32333,0
32768,0
113652,0
23108,0
85366,0
30268,0
17195,0
260241,0
24593,0
134912,0
11437,0
142504,0
223631,0
259885,0
214184,0
106334,0
203803,0
71658,0
113545,0
257004,0
103012,0
46668,0
24349,0
249564,0
158746,0
260244,0
201540,0
157311,0
13983,0
157107,0
214142,0
201293,0
244995,0
74410,0
222409,0
138711,0
13704,0
192192,0
18590,0
86351,0
164493,0
97265,0
35809,0
216203,0
244033,0
246111,0
124567,0
132746,0
139751,0
266512,0
122296,0
130515,0
64672,0
252592,0
137928,0
238523,0
49353,0
50042,0
232608,0
103864,0
247602,0
161255,0
57693,0
44385,0
216744,0
233796,0
36669,0
98614,0
136304,0
205356,0
43849,0
124826,0
256340,0
250907,0
137885,0
102651,0
192245,0
216673,0
263311,0
108172,0
78927,0
39635,0
26806,0
220897,0
51702,0
217588,0
264504,0
4301,0
203839,0
12967,0
149272,0
99896,0
92361,0
85075,0
49500,0
118694,0
266616,0
48376,0
251167,0
181616,0
101794,0
64473,0
136065,0
63808,0
244203,0
110126,0
119492,0
77833,0
158876,0
90469,0
264191,0
72567,0
148504,0
149230,0
21080,0
226590,0
43164,0
189229,0
49255,0
48202,0
148915,0
179747,0
206072,0
3386,0
107982,0
109802,0
29155,0
239968,0
31763,0
257920,0
253746,0
131404,0
164323,0
183727,0
246602,0
125190,0
262053,0
23147,0
244796,0
171198,0
199788,0
138511,0
263493,0
241203,0
166312,0
187958,0
107405,0
45613,0
23278,0
141526,0
82243,0
242502,0
252301,0
231590,0
95803,0
85276,0
223222,0
74707,0
187653,0
197708,0
62139,0
65624,0
190552,0
26492,0
127207,0
160865,0
143298,0
181394,0
102660,0
97033,0
146097,0
114077,0
98168,0
50395,0
70582,0
44812,0
29309,0
134108,0
32467,0
57222,0
18558,0
12394,0
11275,0
178407,0
49009,0
132769,0
23547,0
166669,0
103626,0
165047,0
49868,0
93139,0
134398,0
233096,0
165654,0
7292,0
266293,0
209643,0
144310,0
107014,0
38008,0
130406,0
23280,0
174656,0
110724,0
170016,0
239524,0
156890,0
72160,0
223401,0
248345,0
117034,0
227576,0
90146,0
51143,0
57828,0
183256,0
70921,0
237066,0
130424,0
135668,0
106680,0
254371,0
170788,0
183879,0
33705,0
151824,0
244262,0
39899,0
56873,0
55738,0
222041,0
31465,0
9126,0
76412,0
35282,0
156601,0
79636,0
161847,0
245544,0
96215,0
215662,0
210718,0
100871,0
28521,0
115786,0
166688,0
75480,0
195321,0
227402,0
110794,0
9855,0
16578,0
14498,0
131879,0
174391,0
81156,0
85137,0
50593,0
11817,0
31608,0
157073,0
26065,0
63795,0
11629,0
224990,0
166783,0
201613,0
72599,0
254270,0
40072,0
228438,0
81518,0
242185,0
42032,0
13799,0
184151,0
215869,0
48574,0
62853,0
53250,0
171281,0
9401,0
129299,0
177825,0
110687,0
118372,0
32932,0
28988,0
142449,0
106988,0
178919,0
202066,0
26061,0
72615,0
212512,0
226429,0
23942,0
152168,0
194970,0
257961,0
18250,0
14002,0
182673,0
143581,0
135028,0
154414,0
32913,0
129948,0
145358,0
15160,0
58040,0
243995,0
235885,0
264341,0
109057,0
17238,0
116357,0
177139,0
161836,0
123678,0
245341,0
238816,0
180426,0
48698,0
221807,0
18182,0
223023,0
246981,0
86021,0
155859,0
71064,0
143213,0
196159,0
237983,0
207442,0
63406,0
78645,0
122874,0
230369,0
213447,0
222630,0
104251,0
123244,0
101221,0
135239,0
33448,0
211615,0
211520,0
180012,0
168500,0
145707,0
146325,0
85077,0
88671,0
191336,0
189926,0
166131,0
238867,0
251547,0
264869,0
139797,0
153480,0
147252,0
96593,0
251768,0
119032,0
85830,0
20331,0
6026,0
50364,0
224632,0
163756,0
146744,0
10629,0
263885,0
62765,0
262998,0
232988,0
81628,0
128759,0
189424,0
61392,0
153505,0
52751,0
81067,0
183451,0
117376,0
22129,0
146276,0
48829,0
157793,0
117596,0
244298,0
75672,0
178797,0
179131,0
194335,0
4141,0
149091,0
27942,0
104636,0
6829,0
256674,0
258792,0
128771,0
237800,0
71314,0
77908,0
98872,0
140601,0
15642,0
200189,0
110102,0
22145,0
120266,0
237204,0
99395,0
85736,0
141537,0
261309,0
173742,0
142313,0
4130,0
157539,0
40709,0
255071,0
103637,0
209303,0
142616,0
39282,0
42914,0
200744,0
104142,0
245872,0
151066,0
106875,0
72208,0
129630,0
195459,0
48380,0
184035,0
5624,0
189115,0
13591,0
198481,0
31819,0
185024,0
67994,0
114530,0
103709,0
141348,0
167653,0
68067,0
48827,0
256535,0
74896,0
48156,0
236271,0
200886,0
155707,0
68379,0
127280,0
166836,0
102313,0
176485,0
216190,0
169549,0
126784,0
112641,0
257390,0
165387,0
248006,0
138431,0
167143,0
43163,0
112244,0
29247,0
142934,0
260846,0
34782,0
104764,0
24438,0
19557,0
220057,0
80956,0
162006,0
163303,0
186560,0
41869,0
182398,0
250613,0
148573,0
50690,0
49628,0
20670,0
229774,0
199992,0
85794,0
261319,0
168909,0
71746,0
124250,0
110806,0
155077,0
56715,0
73429,0
133150,0
168118,0
39351,0
48652,0
183185,0
196413,0
100353,0
125600,0
24182,0
186959,0
188330,0
32684,0
107535,0
172834,0
18991,0
23408,0
228041,0
199719,0
203984,0
228024,0
172794,0
111518,0
16587,0
112681,0
240368,0
101596,0
127696,0
208665,0
58340,0
203294,0
108710,0
170997,0
177225,0
177650,0
217413,0
81094,0
201466,0
166237,0
107842,0
15320,0
161103,0
227065,0
206994,0
215509,0
87563,0
80087,0
90691,0
42214,0
180292,0
220549,0
18783,0
119046,0
246808,0
251812,0
80361,0
239147,0
19199,0
52514,0
170833,0
211067,0
251266,0
1475,0
197439,0
13692,0
135664,0
104863,0
251184,0
126624,0
28559,0
66176,0
131540,0
176984,0
250079,0
78540,0
158765,0
54890,0
111547,0
265113,0
12449,0
197616,0
208921,0
127887,0
6630,0
190610,0
80734,0
152606,0
23448,0
103497,0
90800,0
261558,0
98630,0
192346,0
30046,0
170723,0
66301,0
139673,0
212064,0
192144,0
219671,0
72269,0
117536,0
151534,0
35420,0
220846,0
221687,0
28672,0
129098,0
201534,0
37499,0
130456,0
172207,0
245156,0
214091,0
107298,0
55606,0
263365,0
17903,0
59843,0
71174,0
207194,0
13661,0
189273,0
165859,0
229189,0
7563,0
29983,0
64183,0
43129,0
167210,0
47277,0
4910,0
102227,0
65659,0
218842,0
112920,0
130915,0
218889,0
167320,0
210084,0
166908,0
8481,0
21851,0
146357,0
71416,0
360,0
167826,0
220728,0
657,0
76318,0
81424,0
77956,0
254258,0
187872,0
103330,0
66873,0
123822,0
261173,0
47787,0
4909,0
190093,0
44744,0
204180,0
155063,0
263828,0
27499,0
164673,0
99862,0
82693,0
27520,0
190954,0
190961,0
117821,0
123424,0
168886,0
258403,0
88375,0
253363,0
228449,0
93920,0
252239,0
232957,0
78267,0
113738,0
45390,0
262452,0
5403,0
191376,0
8621,0
260334,0
92672,0
58631,0
80160,0
90126,0
223299,0
152186,0
19348,0
24388,0
195323,0
197216,0
230603,0
234183,0
20792,0
169352,0
232676,0
122889,0
233433,0
230453,0
130172,0
173098,0
234087,0
204071,0
182096,0
63689,0
227824,0
75158,0
154930,0
167718,0
172174,0
65605,0
102167,0
146508,0
224869,0
139788,0
216085,0
143324,0
93116,0
19318,0
108004,0
121383,0
113161,0
22532,0
2000,0
119550,0
206452,0
43677,0
6566,0
191188,0
252465,0
20273,0
235232,0
22288,0
243468,0
246127,0
253263,0
243046,0
58562,0
233700,0
126690,0
92229,0
248107,0
115187,0
77209,0
93895,0
59787,0
226391,0
8439,0
143066,0
37122,0
249667,0
202429,0
219162,0
236313,0
191770,0
226027,0
39284,0
223019,0
222818,0
132652,0
85381,0
211011,0
176263,0
139655,0
86168,0
163619,0
41617,0
248415,0
153554,0
12293,0
159710,0
34917,0
87527,0
144036,0
76601,0
191238,0
155160,0
231209,0
156380,0
258081,0
14782,0
73116,0
64484,0
226681,0
241594,0
1985,0
86077,0
910,0
209689,0
246300,0
85022,0
4870,0
260208,0
148526,0
96196,0
110985,0
18128,0
8363,0
109921,0
254074,0
57091,0
2989,0
165426,0
145125,0
172282,0
64929,0
188839,0
207374,0
202485,0
195070,0
55814,0
124056,0
189196,0
48893,0
139821,0
177455,0
102208,0
46695,0
213099,0
44148,0
144599,0
261120,0
237237,0
105366,0
167124,0
21213,0
261544,0
141889,0
72444,0
53339,0
222529,0
110626,0
110684,0
206624,0
87673,0
118240,0
245245,0
167477,0
67457,0
9481,0
249077,0
68997,0
203607,0
87860,0
144200,0
204234,0
232064,0
117722,0
138732,0
137607,0
114687,0
230511,0
81450,0
47025,0
203433,0
140932,0
204499,0
132815,0
53297,0
19559,0
70482,0
105025,0
48871,0
175426,0
71298,0
210323,0
94019,0
84065,0
5066,0
244833,0
193107,0
9043,0
241649,0
153348,0
105599,0
136654,0
57403,0
69196,0
28808,0
156448,0
172564,0
41268,0
255618,0
127427,0
193892,0
4483,0
128946,0
183846,0
59505,0
132895,0
174128,0
60560,0
230018,0
21292,0
202887,0
91620,0
15597,0
152770,0
86673,0
64544,0
193927,0
253576,0
81852,0
136219,0
216398,0
174893,0
197330,0
266078,0
30644,0
23142,0
212664,0
191153,0
10802,0
120199,0
94193,0
136042,0
238793,0
26428,0
210093,0
80629,0
113907,0
160751,0
182481,0
55144,0
133689,0
160219,0
174695,0
131982,0
11653,0
200456,0
26881,0
136191,0
236325,0
84312,0
260053,0
8841,0
210620,0
183569,0
244367,0
82368,0
82001,0
260833,0
66602,0
137797,0
191285,0
163823,0
110564,0
238765,0
10578,0
55294,0
118650,0
66295,0
123302,0
260436,0
168692,0
34809,0
185244,0
228483,0
13585,0
13538,0
99310,0
173718,0
224342,0
69791,0
94676,0
240214,0
184434,0
151931,0
145670,0
139115,0
243454,0
120726,0
18022,0
67028,0
214073,0
18899,0
112537,0
40380,0
83543,0
216504,0
24737,0
120614,0
48616,0
1636,0
233355,0
3952,0
93498,0
224449,0
84968,0
27831,0
174333,0
233101,0
51169,0
187511,0
222175,0
223661,0
106333,0
204133,0
74684,0
88362,0
101054,0
128184,0
210942,0
151746,0
120355,0
21742,0
124034,0
226364,0
190009,0
109080,0
24425,0
166285,0
108827,0
111856,0
87713,0
241816,0
101650,0
205275,0
9609,0
150832,0
99216,0
135177,0
138864,0
195896,0
163751,0
219805,0
51608,0
208486,0
52224,0
80392,0
157615,0
122492,0
18732,0
40215,0
147902,0
258042,0
233753,0
25800,0
222233,0
4907,0
182703,0
223666,0
87546,0
66803,0
115166,0
148902,0
108239,0
144833,0
152857,0
100448,0
203232,0
234775,0
96029,0
4147,0
62957,0
256265,0
164151,0
228209,0
2151,0
37954,0
139635,0
169286,0
43503,0
202813,0
246053,0
224084,0
207862,0
103804,0
246583,0
234755,0
189507,0
250871,0
168618,0
199653,0
130462,0
102155,0
82307,0
184785,0
123978,0
61003,0
130033,0
257063,0
92806,0
31943,0
141543,0
167132,0
160770,0
75357,0
178416,0
242558,0
112409,0
211105,0
72534,0
192135,0
113424,0
264076,0
65332,0
98348,0
249699,0
156863,0
40724,0
166672,0
93796,0
74242,0
72311,0
116592,0
231509,0
104591,0
222572,0
237307,0
196779,0
160847,0
239334,0
114099,0
154714,0
79278,0
92044,0
72371,0
94834,0
1967,0
234439,0
182990,0
188387,0
131670,0
30154,0
137974,0
239703,0
101684,0
261478,0
234999,0
127153,0
214056,0
212857,0
235606,0
44882,0
132868,0
75820,0
17416,0
31510,0
264737,0
265979,0
264385,0
19469,0
67042,0
149231,0
255931,0
156894,0
129465,0
113983,0
135977,0
265988,0
205892,0
28782,0
9743,0
161973,0
133987,0
190024,0
203066,0
148467,0
161150,0
225410,0
147128,0
114024,0
264538,0
257586,0
253443,0
151203,0
206724,0
87881,0
245976,0
253526,0
243834,0
194050,0
225422,0
125239,0
230217,0
210248,0
223756,0
181313,0
27997,0
15913,0
256356,0
153578,0
184757,0
62749,0
195175,0
224828,0
30732,0
107077,0
14459,0
256332,0
2733,0
171368,0
238053,0
85679,0
71651,0
68667,0
63891,0
240006,0
160171,0
124790,0
146291,0
62131,0
84411,0
211677,0
240277,0
18828,0
67931,0
107245,0
7303,0
25556,0
136460,0
101896,0
142130,0
252686,0
223828,0
212932,0
242958,0
211020,0
159220,0
41763,0
68578,0
121818,0
181660,0
94647,0
157857,0
251487,0
19504,0
221345,0
65500,0
184753,0
25714,0
134765,0
212173,0
98059,0
37573,0
157640,0
59114,0
174081,0
181998,0
111155,0
77051,0
64420,0
157091,0
176770,0
202545,0
92078,0
231922,0
63552,0
42115,0
110392,0
88218,0
229352,0
85350,0
185438,0
114023,0
159761,0
260320,0
249243,0
244067,0
221747,0
160737,0
156399,0
18165,0
62121,0
262961,0
254841,0
85533,0
145877,0
143224,0
84323,0
161685,0
174281,0
119662,0
65831,0
7716,0
11657,0
187810,0
187427,0
110808,0
141414,0
163721,0
72468,0
16984,0
65947,0
203790,0
174033,0
78254,0
91784,0
257433,0
74535,0
237334,0
217799,0
134385,0
265614,0
129061,0
63682,0
32980,0
222523,0
217145,0
38210,0
216027,0
173215,0
20580,0
51607,0
159632,0
75888,0
218524,0
237812,0
237233,0
248344,0
224193,0
65400,0
55099,0
60895,0
23994,0
171137,0
89484,0
244098,0
246491,0
122580,0
20244,0
155219,0
221680,0
12880,0
239297,0
23870,0
47798,0
251109,0
166195,0
20863,0
90891,0
265301,0
41236,0
45769,0
32705,0
143837,0
48869,0
248468,0
181861,0
149741,0
256440,0
220257,0
57672,0
121064,0
66728,0
251424,0
256493,0
13545,0
38421,0
208775,0
74836,0
231757,0
164465,0
208596,0
241609,0
256334,0
141421,0
56770,0
254394,0
143606,0
187129,0
232462,0
41559,0
151250,0
249147,0
48852,0
19410,0
55905,0
31377,0
227948,0
237262,0
39949,0
29459,0
25839,0
234250,0
255378,0
26911,0
232593,0
219117,0
129867,0
176417,0
169616,0
2935,0
13165,0
182499,0
57438,0
12275,0
28706,0
147503,0
137121,0
58479,0
15231,0
83390,0
80152,0
218797,0
167412,0
168729,0
183937,0
98451,0
78497,0
206268,0
92178,0
262539,0
161380,0
156623,0
218046,0
220276,0
239660,0
124252,0
158748,0
89370,0
151550,0
205274,0
218340,0
174277,0
110234,0
84510,0
101311,0
55060,0
156354,0
233426,0
89350,0
243582,0
6765,0
38581,0
158208,0
102243,0
51966,0
170390,0
222711,0
214776,0
25333,0
101503,0
12277,0
8281,0
150632,0
133798,0
254744,0
201677,0
240499,0
146282,0
193720,0
75799,0
49142,0
65780,0
100123,0
225407,0
129673,0
248372,0
153478,0
260085,0
123960,0
191637,0
92618,0
166767,0
230198,0
219640,0
134013,0
261803,0
6198,0
238741,0
144149,0
116901,0
225930,0
109518,0
107666,0
137917,0
102022,0
171535,0
115511,0
166824,0
25381,0
130768,0
71368,0
67393,0
38172,0
232107,0
84912,0
145917,0
224358,0
36333,0
61427,0
21583,0
35273,0
252682,0
231973,0
252998,0
195647,0
52750,0
166039,0
111499,0
155191,0
182840,0
2479,0
260634,0
62941,0
141585,0
27298,0
119554,0
24555,0
64454,0
181073,0
103930,0
235749,0
2021,0
65157,0
67770,0
29641,0
153864,0
20745,0
59193,0
213630,0
139274,0
254442,0
111342,0
25228,0
144140,0
170358,0
40129,0
31322,0
28009,0
138669,0
143088,0
243878,0
73377,0
171472,0
84351,0
84581,0
47772,0
127357,0
154813,0
40795,0
208296,0
77132,0
71498,0
251201,0
52857,0
148214,0
219619,0
90353,0
143328,0
114208,0
165891,0
260102,0
231953,0
89772,0
155310,0
5297,0
198012,0
149034,0
3104,0
254410,0
49269,0
75040,0
173062,0
132665,0
230421,0
249094,0
51685,0
140699,0
19090,0
243852,0
228608,0
228720,0
177756,0
102597,0
85049,0
162854,0
260350,0
165255,0
74199,0
96055,0
70788,0
116803,0
130893,0
189923,0
226796,0
164164,0
171426,0
194844,0
167834,0
112763,0
256467,0
182683,0
135899,0
10612,0
7533,0
191463,0
247636,0
71530,0
239136,0
17754,0
105742,0
247674,0
96420,0
15154,0
102310,0
239234,0
131711,0
145041,0
224775,0
98868,0
12347,0
223376,0
146859,0
243055,0
27752,0
103465,0
216554,0
33551,0
189583,0
159898,0
116239,0
178517,0
154510,0
74070,0
40286,0
235911,0
137218,0
91777,0
8711,0
127462,0
160237,0
106749,0
128134,0
232251,0
93129,0
26989,0
140848,0
27408,0
257511,0
19480,0
111678,0
240232,0
163057,0
227757,0
171021,0
262788,0
113673,0
16424,0
193624,0
15338,0
243787,0
141176,0
219564,0
33204,0
42699,0
147233,0
256128,0
42043,0
173462,0
36002,0
257583,0
189630,0
126725,0
126845,0
82261,0
159147,0
182473,0
218520,0
27049,0
99057,0
167968,0
171918,0
112921,0
236054,0
143115,0
245756,0
155036,0
234615,0
225655,0
224261,0
243433,0
15176,0
168581,0
75395,0
16351,0
122595,0
121040,0
30825,0
105902,0
235374,0
257807,0
172805,0
64440,0
26212,0
334,0
39735,0
238337,0
84368,0
54806,0
79693,0
251949,0
210947,0
101882,0
304,0
79800,0
70017,0
159664,0
135442,0
16381,0
142804,0
85275,0
35857,0
76727,0
186466,0
84046,0
261315,0
221446,0
163598,0
74923,0
173415,0
179239,0
19668,0
157809,0
10080,0
74857,0
264124,0
117318,0
67586,0
82170,0
102783,0
180384,0
129827,0
186259,0
261262,0
171340,0
81250,0
38523,0
82327,0
191199,0
25083,0
262548,0
257016,0
124908,0
216291,0
68475,0
120973,0
211966,0
23403,0
143345,0
58458,0
265811,0
207440,0
196173,0
102622,0
235183,0
40262,0
230278,0
131802,0
233734,0
13367,0
192353,0
108189,0
160699,0
5791,0
183871,0
43487,0
63284,0
100860,0
265190,0
215928,0
96137,0
26694,0
96581,0
18019,0
93807,0
163407,0
78998,0
93809,0
181812,0
52100,0
96098,0
236177,0
153749,0
153524,0
26412,0
141729,0
94169,0
164532,0
266537,0
259575,0
198370,0
58558,0
101256,0
44719,0
86143,0
56696,0
226598,0
11224,0
138406,0
233052,0
132425,0
233327,0
169679,0
2469,0
208414,0
3736,0
81323,0
178705,0
158565,0
116683,0
262018,0
264139,0
46831,0
173010,0
69962,0
226830,0
220902,0
161548,0
64303,0
181750,0
26450,0
9907,0
208123,0
66010,0
253142,0
179940,0
244156,0
56601,0
63199,0
176543,0
216121,0
194161,0
98064,0
5180,0
64576,0
180222,0
183925,0
34009,0
207670,0
110686,0
57988,0
164815,0
138144,0
51364,0
40133,0
103701,0
126385,0
230682,0
51804,0
172018,0
237557,0
242188,0
112847,0
129798,0
223200,0
53703,0
215813,0
46338,0
120790,0
225443,0
182556,0
182117,0
216934,0
112484,0
190784,0
251030,0
66603,0
132163,0
176966,0
179345,0
232891,0
102703,0
183977,0
231566,0
104501,0
78086,0
47673,0
77521,0
102841,0
169926,0
178662,0
146286,0
202874,0
57377,0
180745,0
208121,0
213786,0
62385,0
153668,0
6032,0
163568,0
189167,0
138064,0
131359,0
113790,0
145162,0
136599,0
4595,0
174295,0
156919,0
206060,0
195769,0
243753,0
6187,0
178812,0
126819,0
153365,0
94137,0
196318,0
81058,0
253633,0
137103,0
242410,0
73409,0
120182,0
197684,0
227482,0
187751,0
106084,0
109410,0
196628,0
55094,0
120413,0
25510,0
94819,0
54896,0
50221,0
232949,0
248098,0
92546,0
140600,0
3634,0
112844,0
213386,0
219770,0
135410,0
46911,0
262937,0
118341,0
68100,0
49883,0
66834,0
187088,0
149181,0
202684,0
24715,0
247397,0
10239,0
1958,0
177681,0
223527,0
8716,0
98399,0
120613,0
200396,0
202210,0
179415,0
24635,0
24147,0
85064,0
171992,0
205498,0
209426,0
13272,0
40068,0
96088,0
75345,0
117641,0
11604,0
114612,0
238577,0
249063,0
264555,0
25239,0
198482,0
103892,0
252284,0
258391,0
199590,0
172747,0
4997,0
57239,0
153115,0
154440,0
253949,0
246917,0
196267,0
266529,0
37194,0
130122,0
169391,0
174737,0
190325,0
1710,0
46581,0
136158,0
94812,0
18559,0
156030,0
94419,0
195473,0
108785,0
240211,0
246276,0
175390,0
48456,0
248830,0
160300,0
108796,0
74047,0
18782,0
222289,0
7182,0
93840,0
4471,0
234785,0
256139,0
208497,0
243901,0
216060,0
264750,0
99930,0
180198,0
78725,0
80224,0
150789,0
206433,0
90078,0
180395,0
81635,0
212859,0
103859,0
183531,0
29573,0
165155,0
243206,0
141560,0
101797,0
89371,0
183761,0
264906,0
193874,0
8299,0
197178,0
206903,0
152865,0
263720,0
183764,0
25762,0
76714,0
1648,0
165236,0
227666,0
42161,0
61838,0
181239,0
171247,0
28952,0
60931,0
13728,0
106216,0
40290,0
36037,0
43523,0
8808,0
165569,0
137707,0
78128,0
90885,0
162398,0
232141,0
229561,0
72212,0
102302,0
50633,0
185544,0
76677,0
215546,0
23769,0
40598,0
5020,0
160437,0
115299,0
172027,0
148676,0
253466,0
112933,0
80070,0
114874,0
81834,0
141812,0
49256,0
178291,0
142557,0
62219,0
223638,0
261165,0
86238,0
33893,0
36805,0
222885,0
104174,0
119709,0
215801,0
179038,0
136371,0
53601,0
91876,0
242443,0
241895,0
248782,0
183814,0
146037,0
74293,0
254281,0
229636,0
72427,0
88642,0
225576,0
233125,0
164641,0
1885,0
158587,0
151683,0
220794,0
99787,0
29877,0
213627,0
51321,0
117171,0
150732,0
55432,0
79410,0
220360,0
65895,0
224281,0
249902,0
18580,0
223870,0
222007,0
168078,0
266534,0
46007,0
125754,0
266634,0
264419,0
8625,0
80649,0
233228,0
86026,0
80552,0
108366,0
103082,0
14297,0
106567,0
195446,0
228342,0
3867,0
213628,0
172979,0
167865,0
32620,0
50695,0
265103,0
52349,0
174450,0
70656,0
82785,0
178963,0
266193,0
40603,0
136110,0
31053,0
203700,0
241546,0
116931,0
138085,0
173319,0
118443,0
86638,0
3772,0
152339,0
63580,0
121695,0
250332,0
73799,0
252121,0
260089,0
139368,0
19405,0
121181,0
238586,0
230872,0
222851,0
155311,0
191578,0
218668,0
189267,0
196406,0
81557,0
121590,0
246150,0
159025,0
71105,0
150032,0
8123,0
9071,0
141684,0
212137,0
114597,0
145616,0
254388,0
259725,0
1280,0
143714,0
148394,0
80769,0
40293,0
97890,0
174063,0
231208,0
142451,0
26654,0
42821,0
21280,0
17048,0
245043,0
165837,0
132409,0
64719,0
134933,0
110309,0
11897,0
104809,0
19700,0
25848,0
196842,0
20505,0
198018,0
18083,0
21163,0
57660,0
158485,0
194785,0
196087,0
248921,0
206071,0
10433,0
21939,0
241374,0
103815,0
76307,0
115147,0
168226,0
154670,0
31070,0
160663,0
232325,0
157166,0
38985,0
126989,0
114827,0
73963,0
250470,0
40386,0
65938,0
27420,0
230913,0
222799,0
88383,0
22826,0
116483,0
37411,0
55013,0
164419,0
228117,0
167376,0
165618,0
238899,0
112760,0
232596,0
175048,0
170204,0
119936,0
7508,0
148414,0
89670,0
154554,0
127525,0
238161,0
21217,0
215503,0
71808,0
171446,0
102004,0
159314,0
155130,0
45256,0
149710,0
185739,0
158705,0
199689,0
130196,0
127423,0
45414,0
55937,0
247855,0
252817,0
142729,0
111142,0
74955,0
153997,0
245566,0
48784,0
171370,0
208017,0
140175,0
164412,0
67256,0
245456,0
44299,0
146846,0
9450,0
119886,0
119820,0
118172,0
10416,0
213021,0
56555,0
30487,0
84098,0
173413,0
174192,0
218566,0
248900,0
93864,0
167327,0
109024,0
13248,0
115747,0
220023,0
161852,0
22161,0
100213,0
230644,0
208350,0
44918,0
165728,0
131748,0
131885,0
17598,0
133671,0
93597,0
218145,0
119714,0
79325,0
239423,0
211987,0
207136,0
223266,0
250908,0
162361,0
131877,0
20400,0
42403,0
250084,0
109827,0
240275,0
4695,0
253032,0
159247,0
159786,0
103867,0
25750,0
109840,0
202860,0
64839,0
94136,0
220132,0
30179,0
79113,0
8604,0
66155,0
123461,0
184818,0
110258,0
187851,0
165230,0
160765,0
209225,0
147142,0
78188,0
171666,0
103708,0
74722,0
15981,0
56345,0
3402,0
141502,0
54550,0
215943,0
20726,0
252849,0
4532,0
146428,0
161610,0
33041,0
187680,0
115255,0
138303,0
10274,0
3774,0
260458,0
42800,0
66706,0
23864,0
257051,0
49684,0
27472,0
134462,0
79791,0
77289,0
130281,0
250368,0
12850,0
198731,0
57481,0
208279,0
171893,0
157191,0
132120,0
42003,0
179211,0
105133,0
107595,0
191484,0
185475,0
143759,0
30003,0
56638,0
60390,0
233957,0
85203,0
101752,0
219408,0
259088,0
59938,0
66960,0
69404,0
238489,0
123995,0
215725,0
108657,0
13667,0
90363,0
11654,0
60295,0
146852,0
240543,0
254787,0
210252,0
188514,0
843,0
50570,0
170992,0
362,0
70835,0
14979,0
215207,0
12728,0
78493,0
180989,0
90683,0
1807,0
187848,0
34554,0
156109,0
116004,0
262265,0
166555,0
43095,0
119769,0
84186,0
43972,0
218382,0
105916,0
186833,0
211717,0
86490,0
10381,0
150213,0
83885,0
129290,0
240316,0
261564,0
140714,0
25286,0
258619,0
251032,0
55539,0
160321,0
226686,0
251815,0
90985,0
16356,0
27178,0
14270,0
169167,0
17296,0
34398,0
201548,0
97613,0
65879,0
133233,0
47237,0
11169,0
207182,0
38909,0
53342,0
108084,0
263954,0
54037,0
221802,0
97866,0
60762,0
108730,0
134550,0
237590,0
19830,0
84005,0
191311,0
200995,0
146177,0
207006,0
12038,0
151014,0
11036,0
187175,0
177085,0
64105,0
206811,0
113980,0
95187,0
65460,0
221417,0
149184,0
49519,0
191266,0
65751,0
78714,0
238782,0
259762,0
2470,0
30646,0
92071,0
198541,0
33162,0
141569,0
177729,0
226165,0
159836,0
233587,0
263496,0
9359,0
209163,0
89869,0
54738,0
213280,0
131940,0
12637,0
149926,0
73539,0
20783,0
188944,0
259956,0
25618,0
65036,0
27009,0
124801,0
43919,0
142794,0
189770,0
97932,0
251673,0
133648,0
52285,0
185693,0
239998,0
255346,0
83454,0
237240,0
15571,0
28855,0
70356,0
141102,0
103502,0
77065,0
27244,0
61197,0
227856,0
15032,0
160546,0
73355,0
253088,0
54973,0
69052,0
16182,0
19319,0
64899,0
68965,0
214542,0
142529,0
225820,0
8838,0
59717,0
44311,0
85640,0
168220,0
93603,0
249034,0
189036,0
112631,0
94067,0
237155,0
110741,0
18036,0
72659,0
158465,0
18767,0
105968,0
167633,0
71371,0
199785,0
203690,0
79698,0
62832,0
233694,0
131,0
50619,0
174528,0
193485,0
38866,0
208092,0
258302,0
62393,0
93694,0
34445,0
241904,0
50005,0
192028,0
142604,0
8078,0
140568,0
145896,0
258349,0
106017,0
22519,0
137930,0
23850,0
190339,0
233413,0
215588,0
59922,0
66642,0
92458,0
47482,0
187038,0
140417,0
106191,0
260709,0
56718,0
227873,0
89433,0
92293,0
264369,0
196068,0
103090,0
149414,0
93241,0
127963,0
105650,0
206135,0
200472,0
108915,0
254538,0
261324,0
258317,0
253228,0
17904,0
236682,0
193776,0
25529,0
177186,0
164520,0
28996,0
24557,0
175423,0
69328,0
172464,0
1835,0
172631,0
71681,0
218306,0
255444,0
9333,0
140463,0
87080,0
151399,0
144803,0
68477,0
246999,0
69143,0
222471,0
177782,0
138747,0
186709,0
46166,0
251668,0
259187,0
208735,0
223700,0
9646,0
116849,0
158224,0
139828,0
113089,0
166784,0
78580,0
37333,0
144876,0
60670,0
132322,0
196090,0
248849,0
71104,0
78597,0
191004,0
71731,0
59020,0
157802,0
12406,0
77871,0
30112,0
136725,0
242171,0
11419,0
169097,0
12985,0
21569,0
158506,0
226311,0
216450,0
150082,0
175598,0
143648,0
179470,0
241943,0
176023,0
21366,0
202756,0
94554,0
175316,0
160429,0
239467,0
223223,0
171929,0
33485,0
5104,0
228710,0
236436,0
165961,0
68602,0
91692,0
39800,0
43711,0
235226,0
235311,0
51552,0
91600,0
52400,0
207106,0
176610,0
215284,0
114219,0
71403,0
63562,0
46819,0
212868,0
239086,0
43622,0
223252,0
241910,0
143322,0
178303,0
36255,0
40351,0
127238,0
134496,0
240785,0
136719,0
261479,0
141431,0
39713,0
170720,0
68826,0
241011,0
43140,0
227335,0
124009,0
25711,0
183521,0
19814,0
232146,0
262589,0
111707,0
203796,0
26596,0
31610,0
208284,0
32208,0
258695,0
197118,0
504,0
117168,0
34139,0
115806,0
101299,0
15037,0
10187,0
134483,0
5485,0
29113,0
55040,0
257669,0
138220,0
16785,0
3376,0
262066,0
93750,0
14402,0
244485,0
165015,0
42319,0
61917,0
174520,0
221520,0
63104,0
230604,0
165139,0
87260,0
42839,0
222858,0
150267,0
244187,0
132188,0
4673,0
143522,0
156935,0
130262,0
113449,0
167322,0
255425,0
204340,0
21118,0
246675,0
258656,0
106833,0
244578,0
3845,0
131558,0
186043,0
130933,0
241388,0
142270,0
171952,0
23961,0
30185,0
102649,0
137500,0
10211,0
111429,0
85904,0
258044,0
119189,0
206229,0
1536,0
111137,0
109400,0
159237,0
202807,0
76871,0
119315,0
165835,0
218222,0
232684,0
61297,0
158826,0
35936,0
260185,0
237283,0
253377,0
128036,0
16143,0
127057,0
51016,0
105906,0
135326,0
230880,0
59127,0
120807,0
161227,0
42941,0
258898,0
53545,0
236988,0
92970,0
241951,0
248106,0
58980,0
258710,0
173779,0
53162,0
141305,0
85737,0
127214,0
257452,0
233456,0
99919,0
76095,0
49400,0
193032,0
124918,0
78125,0
147907,0
248034,0
207156,0
57318,0
243989,0
209757,0
237078,0
3741,0
152630,0
83971,0
110486,0
155007,0
130757,0
97470,0
223511,0
5220,0
261275,0
142125,0
207,0
59476,0
108912,0
131666,0
31018,0
52271,0
162244,0
92376,0
128788,0
127916,0
82509,0
258326,0
228845,0
196551,0
111646,0
9106,0
183710,0
114598,0
163035,0
4186,0
42497,0
219583,0
30813,0
60021,0
226771,0
120115,0
19932,0
76721,0
34438,0
50601,0
87424,0
108824,0
120864,0
220525,0
239828,0
50217,0
125419,0
97825,0
173486,0
39600,0
153901,0
91283,0
243383,0
20727,0
159185,0
259805,0
265158,0
162706,0
244840,0
253978,0
51187,0
163581,0
190917,0
43828,0
47786,0
155769,0
149709,0
128478,0
103202,0
50502,0
122162,0
166549,0
247035,0
5459,0
115608,0
93646,0
234318,0
92370,0
264956,0
230889,0
85130,0
190406,0
61063,0
810,0
47302,0
196646,0
160084,0
48396,0
80562,0
248172,0
167567,0
7071,0
7718,0
56892,0
221083,0
107784,0
123738,0
44389,0
168542,0
50689,0
129542,0
130843,0
190046,0
107304,0
13765,0
239477,0
128014,0
90775,0
77197,0
182581,0
223074,0
92739,0
202890,0
67782,0
188691,0
39543,0
169150,0
81636,0
49442,0
217900,0
15695,0
244974,0
253612,0
49827,0
75004,0
28380,0
265924,0
54058,0
191150,0
221284,0
35493,0
82517,0
134155,0
164971,0
203201,0
127042,0
161318,0
125139,0
229704,0
216843,0
160933,0
248942,0
124917,0
22844,0
142465,0
67878,0
41260,0
185416,0
68742,0
174749,0
193355,0
111387,0
43894,0
47098,0
246680,0
243884,0
139808,0
121027,0
9195,0
166074,0
77339,0
156226,0
718,0
23561,0
143309,0
41420,0
222516,0
97976,0
103464,0
11124,0
158779,0
250407,0
171294,0
156903,0
3423,0
186196,0
260680,0
162220,0
210969,0
264945,0
3317,0
82854,0
93421,0
70474,0
66185,0
198197,0
241173,0
246997,0
21428,0
126420,0
58248,0
230286,0
129606,0
204874,0
25010,0
155515,0
28720,0
161925,0
95214,0
154434,0
143120,0
147475,0
235076,0
20634,0
144633,0
83504,0
63344,0
64704,0
141816,0
87741,0
104820,0
71957,0
205093,0
106934,0
257024,0
97046,0
195886,0
49078,0
36211,0
161182,0
53739,0
144736,0
115634,0
254955,0
132466,0
151394,0
188703,0
47738,0
197109,0
35063,0
52254,0
260004,0
225810,0
20569,0
5069,0
122696,0
93443,0
13445,0
227592,0
181387,0
53067,0
200329,0
67940,0
207187,0
16275,0
72690,0
243482,0
245268,0
153684,0
185719,0
117811,0
97556,0
139432,0
134858,0
90359,0
188943,0
238949,0
52161,0
109378,0
20943,0
2682,0
135079,0
64266,0
266492,0
93137,0
15417,0
234498,0
91926,0
73814,0
131545,0
134573,0
85890,0
251445,0
231752,0
17473,0
34558,0
239940,0
105634,0
211904,0
78989,0
222898,0
24155,0
127799,0
116286,0
133960,0
139254,0
219533,0
169627,0
16724,0
250918,0
214108,0
174546,0
209396,0
44580,0
141971,0
185388,0
31652,0
113267,0
46021,0
37554,0
133130,0
218661,0
90530,0
40350,0
56151,0
254427,0
257720,0
134585,0
65598,0
246983,0
79565,0
30726,0
66024,0
116046,0
49735,0
206318,0
33940,0
213145,0
64589,0
215805,0
258240,0
209376,0
202166,0
91774,0
83654,0
30362,0
191436,0
227116,0
111189,0
56088,0
16202,0
214175,0
230097,0
201322,0
122664,0
207076,0
66243,0
260511,0
164194,0
243721,0
156183,0
83784,0
114846,0
99393,0
102017,0
26792,0
161336,0
219744,0
255883,0
68942,0
43034,0
86596,0
166202,0
110423,0
99915,0
142584,0
159707,0
17050,0
132026,0
254056,0
54930,0
131028,0
40829,0
210557,0
114462,0
55166,0
176696,0
42716,0
212588,0
66102,0
67374,0
80843,0
163277,0
103598,0
118904,0
240486,0
262813,0
253184,0
92648,0
179875,0
62533,0
40899,0
233226,0
258820,0
110892,0
175989,0
78109,0
3039,0
4496,0
18918,0
204856,0
245816,0
128867,0
54219,0
49383,0
90632,0
182776,0
93290,0
199568,0
245937,0
102436,0
230588,0
153410,0
125598,0
194234,0
251631,0
61119,0
66460,0
237584,0
18748,0
114743,0
174894,0
193487,0
47688,0
79841,0
725,0
80791,0
209833,0
136779,0
27883,0
248069,0
264337,0
181444,0
34303,0
205245,0
41728,0
113085,0
17533,0
69251,0
25898,0
141081,0
23273,0
101420,0
235549,0
240716,0
172851,0
157274,0
159169,0
167406,0
66596,0
239108,0
49643,0
260721,0
47058,0
107886,0
221076,0
141436,0
46217,0
87883,0
34853,0
235136,0
96514,0
216363,0
36645,0
65244,0
88553,0
41419,0
217070,0
103369,0
259167,0
128182,0
111850,0
152167,0
128534,0
227364,0
149009,0
24198,0
209527,0
77583,0
80296,0
74705,0
5524,0
107711,0
7366,0
255196,0
148345,0
12369,0
48636,0
147781,0
205467,0
240024,0
259577,0
243664,0
111777,0
261563,0
126119,0
158630,0
203701,0
217164,0
136775,0
243155,0
205738,0
31473,0
56897,0
25786,0
65770,0
59883,0
16995,0
73589,0
539,0
202554,0
34347,0
203290,0
173704,0
22642,0
141349,0
112542,0
103085,0
206306,0
72879,0
211340,0
59576,0
13013,0
240388,0
253663,0
118269,0
93932,0
245405,0
21863,0
118827,0
200412,0
230946,0
211203,0
28732,0
88731,0
209182,0
239299,0
173782,0
77920,0
41948,0
254305,0
20640,0
195935,0
216958,0
238868,0
38704,0
64984,0
156578,0
201629,0
39920,0
240686,0
210213,0
147509,0
192270,0
60191,0
179996,0
80909,0
203088,0
203126,0
37514,0
2842,0
214048,0
70710,0
206257,0
248447,0
83295,0
158187,0
192018,0
108524,0
163307,0
85289,0
50341,0
177952,0
60482,0
52192,0
141623,0
77318,0
25528,0
176994,0
146487,0
38180,0
266396,0
67640,0
63499,0
177006,0
54560,0
5734,0
208923,0
124948,0
252076,0
140332,0
179648,0
208572,0
184664,0
12671,0
114864,0
2562,0
16994,0
87875,0
28512,0
186784,0
47795,0
134475,0
227147,0
4363,0
100903,0
166931,0
135070,0
125197,0
104399,0
13542,0
19923,0
208409,0
109969,0
7524,0
141896,0
153701,0
87332,0
144411,0
20274,0
15471,0
136408,0
156201,0
236549,0
158254,0
93215,0
173318,0
198758,0
13154,0
191658,0
180172,0
88708,0
215915,0
109810,0
178411,0
133900,0
148093,0
170165,0
82894,0
3158,0
208481,0
47285,0
96743,0
19005,0
264442,0
121068,0
19934,0
25502,0
153932,0
29319,0
89142,0
228470,0
241183,0
100552,0
52599,0
228931,0
182406,0
138467,0
235098,0
191142,0
106656,0
179482,0
47783,0
197880,0
194569,0
91991,0
83573,0
203378,0
176740,0
244201,0
179231,0
137492,0
3888,0
76793,0
187932,0
166405,0
217805,0
41717,0
76816,0
119647,0
214952,0
136763,0
230076,0
23387,0
182383,0
156774,0
127281,0
245862,0
108388,0
146330,0
189103,0
66624,0
42521,0
222787,0
54114,0
104341,0
106005,0
2523,0
181195,0
234830,0
75929,0
89080,0
202927,0
124770,0
248326,0
221121,0
72904,0
213759,0
180650,0
217585,0
139461,0
118609,0
214684,0
150994,0
128565,0
134252,0
45981,0
64864,0
215850,0
262713,0
210082,0
254053,0
60943,0
107013,0
66363,0
192102,0
225353,0
235451,0
180891,0
34564,0
30089,0
216082,0
227158,0
81555,0
64785,0
217648,0
31037,0
9670,0
133115,0
203388,0
63636,0
27159,0
259865,0
144737,0
91292,0
59163,0
224046,0
202596,0
251928,0
89613,0
202892,0
24352,0
187119,0
73151,0
7525,0
136243,0
63061,0
107769,0
139725,0
45986,0
237295,0
148178,0
202059,0
71532,0
119184,0
137137,0
143060,0
214176,0
122259,0
256897,0
2118,0
179508,0
90840,0
225647,0
220532,0
220777,0
174005,0
245259,0
93431,0
170964,0
182573,0
20899,0
81870,0
54589,0
73664,0
159288,0
127008,0
53931,0
182150,0
134884,0
32501,0
50778,0
7424,0
113729,0
183267,0
259606,0
175490,0
25537,0
136299,0
226262,0
141669,0
78117,0
178722,0
156454,0
113052,0
200817,0
198493,0
101906,0
191943,0
45731,0
264759,0
188983,0
199926,0
209066,0
180832,0
233973,0
194704,0
212990,0
65890,0
140396,0
122129,0
73717,0
223410,0
193521,0
125595,0
15312,0
262222,0
184067,0
16721,0
259022,0
241222,0
190467,0
190872,0
90753,0
18252,0
53686,0
161615,0
200352,0
223149,0
69880,0
20818,0
82104,0
240263,0
227785,0
40,0
104765,0
208405,0
58595,0
143597,0
34573,0
108396,0
166466,0
5373,0
124766,0
244687,0
41165,0
207554,0
144153,0
6138,0
13177,0
236227,0
118504,0
253886,0
34209,0
107611,0
240186,0
160963,0
44535,0
150962,0
47957,0
195153,0
220677,0
2925,0
206572,0
236538,0
47920,0
47958,0
90505,0
131541,0
35899,0
44893,0
44595,0
162197,0
18379,0
180484,0
46351,0
29384,0
12964,0
229046,0
239176,0
177743,0
97242,0
142505,0
4296,0
259564,0
241291,0
48655,0
124679,0
85671,0
262012,0
78148,0
185425,0
203845,0
158129,0
224572,0
14285,0
258117,0
7601,0
147969,0
64243,0
51590,0
125136,0
233659,0
113984,0
211017,0
36697,0
87560,0
128437,0
199301,0
116898,0
172037,0
254657,0
262344,0
84865,0
256661,0
96177,0
191228,0
214654,0
42408,0
257691,0
215469,0
137037,0
61164,0
152164,0
38062,0
173716,0
90132,0
85615,0
179721,0
2103,0
9523,0
103522,0
191530,0
193597,0
122150,0
8770,0
88770,0
105629,0
159076,0
39563,0
100027,0
133568,0
130940,0
151747,0
75065,0
137982,0
117511,0
71408,0
28308,0
111187,0
54490,0
159523,0
185737,0
246481,0
57965,0
151321,0
238898,0
125683,0
194419,0
75943,0
234711,0
168480,0
168772,0
207901,0
158981,0
237589,0
72500,0
206012,0
37084,0
73035,0
238457,0
1091,0
190445,0
88409,0
109282,0
178194,0
232789,0
236044,0
138861,0
13188,0
95689,0
76107,0
217907,0
137990,0
138207,0
130534,0
231397,0
133062,0
25056,0
195728,0
60439,0
242233,0
70514,0
63926,0
256258,0
126430,0
52286,0
141274,0
161490,0
193271,0
185202,0
56319,0
181054,0
161455,0
24683,0
102667,0
159209,0
24682,0
83838,0
199800,0
25250,0
90590,0
148991,0
139505,0
252205,0
242931,0
82293,0
57909,0
159369,0
90354,0
34658,0
96779,0
241835,0
97232,0
198900,0
181776,0
235219,0
248815,0
252497,0
116701,0
78979,0
202333,0
135872,0
148422,0
68882,0
7642,0
69894,0
223766,0
167102,0
117705,0
232074,0
195118,0
12329,0
82166,0
14415,0
175716,0
125007,0
17968,0
174696,0
24869,0
21083,0
190252,0
244244,0
256306,0
172066,0
167315,0
157637,0
253489,0
62752,0
45665,0
148492,0
30060,0
257896,0
219509,0
14622,0
163161,0
217889,0
67563,0
17956,0
107928,0
165886,0
251636,0
233555,0
72803,0
190280,0
170957,0
132009,0
253161,0
153531,0
241859,0
149925,0
117229,0
79297,0
22700,0
191457,0
149652,0
62617,0
190977,0
37888,0
33712,0
194622,0
181028,0
214213,0
223316,0
259759,0
101966,0
249549,0
182947,0
215389,0
133059,0
16217,0
36142,0
188141,0
167798,0
91252,0
174108,0
196028,0
209004,0
209094,0
157410,0
227978,0
123305,0
151122,0
112739,0
158954,0
137193,0
157947,0
44979,0
79907,0
215152,0
180299,0
109704,0
165741,0
169517,0
46780,0
18696,0
185743,0
122464,0
40205,0
250049,0
187241,0
84617,0
81836,0
150456,0
83263,0
249842,0
131309,0
24658,0
112453,0
55590,0
66989,0
21022,0
175856,0
191103,0
257175,0
107820,0
120035,0
17720,0
241259,0
221689,0
251174,0
37913,0
246465,0
88439,0
257919,0
230802,0
39772,0
143598,0
56788,0
155100,0
121113,0
134261,0
56824,0
29003,0
231245,0
148841,0
41032,0
107266,0
253234,0
206931,0
167368,0
89490,0
227473,0
71389,0
75679,0
41369,0
258876,0
155790,0
129237,0
119426,0
99438,0
229148,0
74697,0
246588,0
74086,0
42332,0
4905,0
185227,0
244097,0
238607,0
7603,0
119178,0
237027,0
126315,0
28100,0
253471,0
70626,0
188197,0
84985,0
92581,0
219428,0
139242,0
210888,0
185181,0
99682,0
124602,0
22827,0
108720,0
244824,0
165649,0
218765,0
207307,0
106572,0
232748,0
184596,0
96147,0
265766,0
114887,0
185038,0
27007,0
9474,0
88843,0
263842,0
147996,0
1676,0
73920,0
6654,0
148164,0
40608,0
146372,0
4720,0
132220,0
104730,0
105399,0
105046,0
167462,0
121808,0
183667,0
54644,0
231278,0
96037,0
224135,0
241721,0
136924,0
259540,0
248408,0
99830,0
118439,0
74382,0
84937,0
196658,0
244843,0
71895,0
53329,0
266220,0
62579,0
71027,0
68895,0
103691,0
127986,0
42436,0
230045,0
155687,0
93736,0
233112,0
23783,0
260427,0
255586,0
169045,0
21467,0
50219,0
35658,0
252499,0
151361,0
88518,0
41183,0
252517,0
2761,0
162758,0
210559,0
261605,0
74509,0
194555,0
142835,0
18324,0
35321,0
68625,0
11959,0
240235,0
240738,0
13291,0
104718,0
218421,0
241614,0
213963,0
44304,0
205942,0
240011,0
208053,0
130939,0
126406,0
208451,0
139623,0
146961,0
68044,0
24221,0
80832,0
60307,0
5868,0
238205,0
123097,0
176685,0
163609,0
161627,0
104464,0
204824,0
125920,0
217233,0
116669,0
157467,0
201114,0
140336,0
162456,0
41006,0
250323,0
104496,0
9923,0
80576,0
247504,0
79684,0
223569,0
160573,0
266025,0
178556,0
173635,0
154278,0
41777,0
152901,0
203164,0
46398,0
136945,0
67458,0
104593,0
158205,0
133659,0
46716,0
263671,0
10610,0
209692,0
139699,0
15754,0
245778,0
243406,0
150150,0
196164,0
140544,0
135934,0
128583,0
46271,0
164237,0
103118,0
54990,0
173678,0
52877,0
225546,0
200614,0
48014,0
212497,0
256290,0
180774,0
132490,0
72437,0
200176,0
230799,0
141439,0
154427,0
67780,0
122220,0
25374,0
138690,0
44562,0
32419,0
74021,0
87459,0
242782,0
24866,0
117647,0
251354,0
243780,0
25471,0
33284,0
219479,0
258036,0
150249,0
62361,0
192827,0
63169,0
6396,0
36167,0
228969,0
233943,0
241020,0
173637,0
176847,0
108016,0
4198,0
174089,0
228617,0
137257,0
186018,0
160864,0
240432,0
33817,0
183065,0
9681,0
218422,0
94658,0
64018,0
126646,0
105151,0
222841,0
148950,0
70475,0
90108,0
244704,0
238232,0
116622,0
21712,0
191425,0
228061,0
40306,0
18838,0
215774,0
108815,0
70905,0
105491,0
12925,0
37140,0
94500,0
255828,0
237794,0
47371,0
89064,0
246939,0
251992,0
136611,0
143497,0
201266,0
262644,0
147201,0
242748,0
145823,0
177706,0
18455,0
220126,0
41651,0
234920,0
188870,0
249919,0
158360,0
52134,0
67446,0
48858,0
38578,0
247702,0
132698,0
153535,0
86999,0
151798,0
191640,0
203561,0
121905,0
14214,0
50500,0
147686,0
38654,0
184401,0
12163,0
261873,0
5690,0
239075,0
100876,0
266071,0
57048,0
100580,0
182835,0
111356,0
155869,0
105232,0
201725,0
70734,0
191878,0
114707,0
70146,0
245147,0
33538,0
221830,0
231358,0
23473,0
173647,0
238518,0
106587,0
89896,0
23787,0
94227,0
73720,0
245454,0
123548,0
207766,0
123098,0
153042,0
235790,0
84628,0
14256,0
149255,0
165132,0
145370,0
160636,0
109404,0
98812,0
68351,0
256115,0
68522,0
134590,0
20011,0
194794,0
266506,0
207050,0
232477,0
117625,0
73846,0
95124,0
109184,0
71514,0
119633,0
42364,0
199266,0
128576,0
58036,0
188713,0
55039,0
110853,0
223272,0
131863,0
115283,0
34379,0
240328,0
133704,0
107367,0
231542,0
132440,0
165168,0
143747,0
167762,0
132845,0
149800,0
1945,0
76729,0
195696,0
186915,0
101004,0
202717,0
131650,0
96009,0
217692,0
191782,0
7841,0
249850,0
40539,0
184149,0
167421,0
14303,0
79552,0
128571,0
229448,0
8328,0
187619,0
126265,0
138097,0
134843,0
199879,0
135950,0
21060,0
266620,0
206676,0
56634,0
212252,0
123378,0
56122,0
182476,0
174918,0
232709,0
91592,0
216920,0
82608,0
210930,0
166778,0
18865,0
141465,0
86151,0
127778,0
206205,0
117190,0
30322,0
94279,0
180358,0
148969,0
616,0
121167,0
245116,0
186490,0
18553,0
231814,0
168376,0
152702,0
232795,0
140386,0
148550,0
16828,0
250747,0
219321,0
182885,0
107868,0
249008,0
75542,0
173100,0
242247,0
37922,0
71592,0
37704,0
8663,0
199065,0
222560,0
161947,0
235935,0
129614,0
141895,0
232035,0
117573,0
134554,0
34739,0
194533,0
105983,0
224822,0
208610,0
235055,0
124545,0
53578,0
206699,0
70981,0
136557,0
190075,0
134723,0
64250,0
25292,0
5035,0
184091,0
201024,0
167809,0
151611,0
249889,0
70019,0
58815,0
221479,0
91886,0
643,0
43870,0
78244,0
105892,0
34275,0
103541,0
109530,0
240523,0
224231,0
155072,0
34221,0
71475,0
263890,0
168087,0
219941,0
197487,0
200894,0
138471,0
75948,0
30075,0
161267,0
67954,0
29357,0
153615,0
199713,0
88024,0
167591,0
81826,0
134871,0
50664,0
233633,0
147107,0
234285,0
19779,0
64881,0
95734,0
199467,0
69357,0
217295,0
123832,0
135752,0
233800,0
104421,0
236869,0
20206,0
256469,0
152783,0
44173,0
173126,0
225527,0
91387,0
83210,0
126104,0
41697,0
234733,0
167000,0
185834,0
247350,0
169460,0
265473,0
105984,0
6588,0
167181,0
72283,0
101023,0
99560,0
101201,0
132951,0
44629,0
109974,0
214455,0
245072,0
156156,0
231298,0
223052,0
163716,0
109474,0
165098,0
101753,0
238292,0
158595,0
144106,0
1934,0
44101,0
86241,0
253887,0
218755,0
71060,0
194181,0
30053,0
46553,0
144683,0
146036,0
214720,0
209005,0
30721,0
206594,0
197414,0
169417,0
224526,0
177962,0
199402,0
104467,0
163903,0
25553,0
241215,0
6849,0
157067,0
6949,0
71497,0
138760,0
197368,0
6627,0
155006,0
23993,0
102989,0
192496,0
84910,0
48767,0
165465,0
179359,0
188795,0
74352,0
225678,0
33142,0
214591,0
139974,0
196332,0
8538,0
28399,0
147152,0
183245,0
36945,0
257318,0
97323,0
223823,0
105926,0
103742,0
37840,0
135693,0
257727,0
212826,0
128797,0
14793,0
120038,0
92174,0
183767,0
29421,0
22193,0
17749,0
76424,0
61209,0
146300,0
29008,0
256369,0
227557,0
25531,0
223606,0
214220,0
120450,0
69679,0
209116,0
23703,0
77931,0
46860,0
147547,0
80673,0
59704,0
113119,0
118662,0
217628,0
127161,0
83294,0
132993,0
7510,0
115243,0
146803,0
88725,0
169583,0
193059,0
146274,0
155663,0
228097,0
228353,0
112246,0
178479,0
61856,0
225180,0
26398,0
46135,0
224404,0
4276,0
83233,0
68615,0
250024,0
265559,0
121225,0
201129,0
174815,0
17459,0
221580,0
129304,0
16936,0
105761,0
53429,0
229412,0
110333,0
4783,0
250346,0
101263,0
265330,0
265365,0
185634,0
146443,0
100694,0
135925,0
139020,0
43278,0
70200,0
71460,0
228773,0
120235,0
100371,0
162391,0
81508,0
108236,0
78634,0
51349,0
61685,0
125658,0
113136,0
140241,0
35675,0
242637,0
33126,0
247085,0
164329,0
227060,0
214119,0
262888,0
100018,0
253366,0
17335,0
140862,0
45341,0
182784,0
158120,0
51055,0
134424,0
228731,0
261825,0
53401,0
43609,0
201221,0
161426,0
179843,0
201147,0
264890,0
241089,0
9593,0
173436,0
44800,0
156158,0
119532,0
150257,0
126704,0
20901,0
180856,0
163526,0
167415,0
74183,0
208987,0
203450,0
121329,0
205350,0
164988,0
244676,0
62854,0
81368,0
174591,0
27140,0
156148,0
245275,0
71638,0
195494,0
224146,0
83058,0
39657,0
157523,0
50930,0
185128,0
262582,0
20690,0
51333,0
258193,0
236023,0
223719,0
123501,0
94621,0
6581,0
16480,0
192160,0
121381,0
16310,0
233820,0
21444,0
89044,0
208928,0
247037,0
186756,0
102197,0
153859,0
235574,0
164055,0
168218,0
102278,0
174483,0
5860,0
103599,0
134156,0
71768,0
53183,0
8667,0
2232,0
161059,0
19217,0
119571,0
222729,0
89499,0
94256,0
89603,0
138797,0
28341,0
240921,0
203029,0
142423,0
213509,0
235271,0
223768,0
186253,0
66578,0
104128,0
128916,0
87225,0
153961,0
2419,0
154722,0
144754,0
219391,0
113911,0
262672,0
103153,0
35639,0
266595,0
99846,0
157651,0
144220,0
239644,0
208713,0
102889,0
207311,0
212605,0
346,0
140022,0
88415,0
18608,0
84226,0
84110,0
3233,0
130786,0
57845,0
138041,0
80917,0
83204,0
29688,0
189511,0
254193,0
73060,0
10952,0
94643,0
225189,0
77355,0
23464,0
253349,0
242153,0
232849,0
217845,0
230362,0
42522,0
51147,0
238288,0
91750,0
42104,0
216784,0
173424,0
157012,0
95586,0
105352,0
222791,0
259060,0
214825,0
59033,0
27414,0
62401,0
208472,0
108516,0
81693,0
236797,0
201201,0
9184,0
180915,0
217696,0
11952,0
233314,0
45779,0
152085,0
244180,0
40597,0
89740,0
51465,0
219624,0
230426,0
71628,0
207777,0
243675,0
192166,0
262771,0
246863,0
259144,0
190154,0
233854,0
66002,0
114139,0
145532,0
241989,0
221946,0
200322,0
57680,0
45917,0
78546,0
262179,0
218563,0
136862,0
31161,0
258755,0
132181,0
91859,0
22846,0
231200,0
226329,0
96504,0
222657,0
38869,0
157047,0
164798,0
168476,0
44496,0
172586,0
184142,0
216842,0
251701,0
124291,0
8853,0
148615,0
172744,0
262929,0
155882,0
77208,0
160646,0
118796,0
195961,0
8291,0
218182,0
45225,0
128736,0
195266,0
168942,0
232345,0
134293,0
210068,0
117286,0
102490,0
223053,0
92422,0
207051,0
232328,0
236822,0
119677,0
70694,0
59390,0
110814,0
232775,0
2870,0
208806,0
63551,0
257005,0
15324,0
122828,0
111104,0
181132,0
49560,0
263700,0
257037,0
260679,0
88112,0
11671,0
29086,0
193231,0
109875,0
196422,0
60331,0
7589,0
100062,0
189049,0
172802,0
32224,0
73381,0
69405,0
183390,0
136906,0
8048,0
132152,0
192741,0
112816,0
221468,0
131581,0
75982,0
202615,0
35068,0
259669,0
35847,0
256328,0
100494,0
254748,0
24302,0
141103,0
3447,0
238738,0
160835,0
40969,0
48165,0
15161,0
177997,0
62951,0
109149,0
83384,0
27822,0
161210,0
248971,0
248418,0
93966,0
197274,0
204915,0
143976,0
208950,0
3844,0
206183,0
203230,0
245473,0
27418,0
164511,0
171633,0
64657,0
75491,0
117500,0
47629,0
76980,0
212959,0
10094,0
19778,0
97137,0
32257,0
178504,0
57981,0
244705,0
252084,0
260696,0
246218,0
49974,0
155909,0
157302,0
212186,0
243801,0
265004,0
206993,0
180624,0
195236,0
259888,0
71649,0
43686,0
244592,0
243623,0
202223,0
176876,0
100977,0
63087,0
80689,0
112854,0
114469,0
240315,0
32812,0
195168,0
52742,0
122232,0
245277,0
201007,0
129476,0
26413,0
70923,0
186024,0
30113,0
184615,0
226908,0
253680,0
140490,0
107173,0
90434,0
226454,0
200664,0
52159,0
207296,0
171713,0
22053,0
231357,0
203394,0
191996,0
132276,0
206487,0
7276,0
112121,0
214179,0
35646,0
107617,0
258337,0
33735,0
110119,0
258605,0
18002,0
225126,0
232368,0
255458,0
192581,0
206500,0
101983,0
259344,0
46856,0
22300,0
105109,0
198461,0
64135,0
26186,0
233644,0
71283,0
80737,0
2192,0
62985,0
216278,0
132484,0
242929,0
65999,0
234053,0
165084,0
185372,0
114778,0
97439,0
130359,0
14414,0
262931,0
181044,0
239688,0
104445,0
212024,0
18281,0
264472,0
135496,0
76792,0
22804,0
1645,0
191754,0
196678,0
23516,0
34636,0
33355,0
94875,0
52359,0
235352,0
2402,0
181272,0
167925,0
257092,0
19121,0
194875,0
64699,0
163144,0
137511,0
180604,0
172497,0
143078,0
104091,0
227753,0
219326,0
112595,0
93951,0
27996,0
66290,0
206109,0
68374,0
261843,0
24040,0
220486,0
210099,0
244215,0
101137,0
180451,0
51234,0
234092,0
143583,0
97277,0
251402,0
126270,0
243713,0
136301,0
99780,0
159868,0
48679,0
82181,0
116923,0
133179,0
66565,0
159342,0
206689,0
11641,0
113588,0
56822,0
135730,0
46375,0
191547,0
79582,0
108741,0
11441,0
251493,0
112903,0
246011,0
54008,0
221799,0
112543,0
157036,0
256466,0
44438,0
237245,0
213413,0
67494,0
57506,0
86414,0
199017,0
198089,0
118083,0
253461,0
126815,0
123622,0
83480,0
253262,0
211889,0
26739,0
119851,0
20890,0
159187,0
43135,0
179089,0
11628,0
78693,0
98673,0
70121,0
166568,0
169356,0
30202,0
24761,0
191824,0
15725,0
224628,0
245485,0
12887,0
258974,0
163332,0
29504,0
96046,0
251965,0
27564,0
171932,0
192132,0
58233,0
192338,0
264195,0
104665,0
168512,0
138250,0
209736,0
77774,0
249764,0
31838,0
48642,0
182627,0
69104,0
26562,0
106480,0
153235,0
58089,0
79719,0
229896,0
104373,0
157332,0
265434,0
139913,0
85967,0
259067,0
255087,0
216049,0
155265,0
202463,0
80249,0
216765,0
160225,0
33742,0
28327,0
265762,0
250365,0
265272,0
223615,0
248946,0
152135,0
97100,0
70463,0
161021,0
60199,0
44395,0
124854,0
94941,0
29802,0
55966,0
207529,0
46568,0
32636,0
43003,0
207622,0
109241,0
199056,0
122190,0
253440,0
243694,0
118486,0
110931,0
51067,0
227399,0
162841,0
75983,0
100620,0
73280,0
73600,0
6555,0
212613,0
74417,0
7325,0
47909,0
126013,0
74580,0
93579,0
76191,0
65785,0
246954,0
72805,0
229207,0
169207,0
238721,0
208558,0
174758,0
90394,0
96133,0
255571,0
154840,0
30842,0
54479,0
48096,0
73544,0
129925,0
252602,0
216946,0
261182,0
96211,0
58406,0
130342,0
240830,0
172225,0
231835,0
63964,0
35560,0
112801,0
148924,0
78500,0
159574,0
232678,0
46098,0
153761,0
53572,0
116129,0
46717,0
116424,0
93358,0
119199,0
253689,0
146352,0
162405,0
241527,0
162199,0
169470,0
101111,0
180691,0
101267,0
18422,0
124096,0
161535,0
128940,0
106767,0
137099,0
79175,0
157285,0
234808,0
175874,0
146517,0
56221,0
243604,0
174037,0
216798,0
72946,0
125327,0
96594,0
101544,0
194214,0
111402,0
224976,0
209337,0
186867,0
258397,0
167935,0
241170,0
150326,0
152228,0
238684,0
121807,0
55540,0
252674,0
224764,0
1704,0
142990,0
46760,0
50699,0
28486,0
250133,0
138423,0
16308,0
9804,0
194808,0
247695,0
199615,0
246919,0
92219,0
209209,0
139855,0
235913,0
46514,0
192007,0
103408,0
210756,0
203475,0
38298,0
14027,0
238174,0
175703,0
100478,0
127332,0
154784,0
219312,0
198853,0
137683,0
221437,0
56785,0
118908,0
156314,0
249840,0
222620,0
189696,0
113506,0
142383,0
53043,0
48916,0
57126,0
132335,0
211161,0
176222,0
64871,0
145373,0
83524,0
202537,0
211404,0
193201,0
208268,0
208701,0
59646,0
203401,0
205312,0
114354,0
18592,0
69819,0
248101,0
64555,0
197060,0
94266,0
233550,0
55455,0
116516,0
150073,0
87254,0
186079,0
89708,0
160515,0
112612,0
190005,0
188565,0
9181,0
3860,0
122612,0
246455,0
22607,0
40071,0
48346,0
254134,0
19178,0
176338,0
16549,0
149478,0
131911,0
261612,0
32462,0
150603,0
164260,0
37336,0
61921,0
29156,0
14146,0
182422,0
96384,0
23360,0
95254,0
210156,0
191630,0
199248,0
145322,0
224150,0
133546,0
246104,0
60081,0
38604,0
85103,0
57566,0
168205,0
180174,0
189321,0
228047,0
209658,0
183375,0
259621,0
78406,0
36969,0
222492,0
67589,0
184141,0
258873,0
249911,0
23943,0
5909,0
159855,0
193090,0
58178,0
20966,0
185281,0
158699,0
85966,0
17,0
95474,0
213278,0
93712,0
224378,0
141429,0
35053,0
7794,0
209098,0
226023,0
183634,0
247232,0
177669,0
150050,0
247459,0
22323,0
46886,0
67571,0
96989,0
3207,0
208334,0
80255,0
133210,0
18921,0
170602,0
80138,0
49262,0
217642,0
258432,0
254953,0
113347,0
123385,0
171712,0
163643,0
244520,0
128810,0
14931,0
153040,0
117792,0
14216,0
252343,0
99975,0
231437,0
43476,0
73761,0
172440,0
49678,0
83198,0
194758,0
137565,0
241803,0
208355,0
94355,0
91477,0
51199,0
253267,0
155029,0
59870,0
88085,0
7735,0
103221,0
151000,0
27813,0
263967,0
257873,0
76574,0
121652,0
228662,0
37,0
152105,0
123100,0
218277,0
196854,0
34447,0
110405,0
152106,0
34943,0
90539,0
76863,0
74769,0
252320,0
230706,0
152624,0
87355,0
249769,0
119092,0
227439,0
189201,0
236557,0
192395,0
200429,0
12568,0
176541,0
196082,0
140375,0
130558,0
36415,0
95655,0
171136,0
63206,0
11834,0
221526,0
128533,0
115339,0
216086,0
6871,0
147667,0
260177,0
210395,0
156182,0
228987,0
235329,0
68533,0
133815,0
260479,0
114015,0
24189,0
8337,0
228858,0
218299,0
138722,0
129171,0
76356,0
242544,0
54593,0
153210,0
243333,0
105170,0
178831,0
98371,0
96284,0
199729,0
24596,0
190678,0
108653,0
238698,0
103421,0
32420,0
265955,0
101576,0
179247,0
200826,0
86707,0
76259,0
13969,0
191191,0
217704,0
264130,0
149671,0
27849,0
103329,0
196533,0
3488,0
212660,0
94172,0
30295,0
90083,0
104868,0
247329,0
32945,0
190328,0
214420,0
146359,0
82421,0
183979,0
44121,0
115829,0
6528,0
212771,0
213298,0
213238,0
110944,0
107355,0
50086,0
215999,0
152889,0
149661,0
149711,0
104596,0
130913,0
217506,0
124338,0
111727,0
79866,0
201970,0
66140,0
96073,0
116374,0
63236,0
144542,0
196898,0
85560,0
234837,0
101592,0
211947,0
15113,0
207384,0
169703,0
96709,0
139791,0
64001,0
8279,0
139637,0
248360,0
118349,0
38055,0
98988,0
155702,0
19051,0
120754,0
183786,0
230592,0
223329,0
209510,0
78684,0
191430,0
42962,0
178203,0
223521,0
52031,0
25776,0
18355,0
108246,0
55310,0
202817,0
34444,0
98530,0
218756,0
34362,0
240015,0
95849,0
34697,0
163544,0
11090,0
170871,0
254776,0
132969,0
219061,0
84457,0
115404,0
94665,0
238558,0
40161,0
143062,0
189191,0
137507,0
118141,0
52110,0
246232,0
128361,0
66308,0
182805,0
189629,0
168737,0
221151,0
28393,0
37235,0
258352,0
247944,0
218719,0
39330,0
101853,0
158230,0
79105,0
167432,0
77960,0
186312,0
158683,0
215575,0
213304,0
235745,0
260630,0
121238,0
71764,0
197691,0
46988,0
148047,0
108687,0
112546,0
236827,0
75554,0
29379,0
142939,0
76315,0
109988,0
88323,0
130851,0
96974,0
163198,0
232933,0
140466,0
18814,0
91503,0
189550,0
90037,0
71400,0
182782,0
10162,0
72085,0
240110,0
2981,0
250372,0
65243,0
212477,0
85518,0
14732,0
123275,0
130082,0
7777,0
148408,0
44802,0
217806,0
136272,0
208786,0
256741,0
155252,0
43177,0
28113,0
155802,0
63442,0
84607,0
172554,0
70782,0
121693,0
192749,0
164936,0
71717,0
7397,0
149254,0
265742,0
74162,0
240949,0
7080,0
223364,0
72415,0
190804,0
256929,0
35129,0
7282,0
118293,0
192119,0
257322,0
88816,0
129527,0
193327,0
95451,0
164152,0
52478,0
36539,0
180758,0
147840,0
93580,0
45969,0
23710,0
50561,0
120761,0
211264,0
28389,0
216123,0
37831,0
164628,0
169013,0
240193,0
248674,0
51500,0
18309,0
132753,0
176625,0
92355,0
151910,0
199845,0
227947,0
185906,0
40817,0
205485,0
174203,0
56859,0
196666,0
202430,0
186205,0
151904,0
43413,0
58955,0
142281,0
89150,0
63382,0
157137,0
8861,0
40089,0
17056,0
258740,0
120817,0
197594,0
61505,0
166554,0
26890,0
222091,0
83225,0
220546,0
49612,0
204733,0
1316,0
201195,0
98871,0
247509,0
114385,0
251618,0
197390,0
52881,0
114881,0
236468,0
38691,0
152871,0
71534,0
19608,0
257814,0
52203,0
98206,0
36428,0
244593,0
135799,0
80360,0
130261,0
211166,0
47477,0
119134,0
23238,0
136289,0
121187,0
247260,0
212098,0
142462,0
64570,0
106697,0
172857,0
50081,0
214442,0
85172,0
175170,0
122665,0
236790,0
250892,0
98989,0
162249,0
159,0
263185,0
229447,0
94574,0
6951,0
12221,0
197990,0
127620,0
153005,0
30791,0
252989,0
223296,0
91160,0
252287,0
181046,0
87764,0
108609,0
151164,0
186748,0
90600,0
229782,0
220042,0
60464,0
114175,0
9263,0
176494,0
104225,0
74920,0
255563,0
120834,0
236618,0
111341,0
61320,0
206850,0
160109,0
154106,0
81079,0
243625,0
229538,0
262234,0
176991,0
74004,0
31534,0
120428,0
187970,0
103359,0
11170,0
53165,0
105364,0
89321,0
184130,0
91304,0
260376,0
107703,0
223460,0
123010,0
16747,0
201457,0
249313,0
172959,0
190885,0
5915,0
135708,0
155883,0
158008,0
202114,0
47085,0
181056,0
162740,0
248029,0
54969,0
61131,0
198174,0
34272,0
254249,0
64386,0
23211,0
126069,0
84656,0
97073,0
70785,0
225997,0
93411,0
185684,0
160203,0
91852,0
172853,0
208159,0
140383,0
151230,0
217303,0
245704,0
248325,0
103862,0
61251,0
194013,0
113435,0
235980,0
50146,0
221758,0
56458,0
21171,0
86066,0
154420,0
111935,0
66289,0
232556,0
167042,0
23024,0
114797,0
219266,0
148972,0
147985,0
162152,0
65132,0
68092,0
163634,0
66274,0
25490,0
67751,0
213118,0
174351,0
75881,0
205016,0
211087,0
163065,0
257239,0
181540,0
129384,0
249748,0
28247,0
113162,0
147046,0
133215,0
262476,0
50686,0
10331,0
49377,0
53999,0
33432,0
237716,0
182764,0
2944,0
49633,0
249288,0
12198,0
172514,0
110510,0
240788,0
144452,0
244811,0
190169,0
260258,0
115352,0
203769,0
137665,0
258488,0
2804,0
86703,0
7534,0
223412,0
238875,0
231869,0
258972,0
167316,0
61457,0
201901,0
124368,0
239614,0
26589,0
24836,0
162476,0
252677,0
221942,0
112533,0
118355,0
146558,0
85723,0
204898,0
9862,0
59427,0
262464,0
255034,0
119193,0
90171,0
49025,0
241502,0
61060,0
89891,0
148619,0
147391,0
51690,0
236485,0
33866,0
46209,0
196877,0
2986,0
61718,0
119858,0
206118,0
31339,0
89714,0
91424,0
32450,0
69116,0
10597,0
54246,0
20203,0
122725,0
128392,0
83705,0
170552,0
94851,0
30285,0
178869,0
67864,0
155894,0
57244,0
205981,0
27658,0
172736,0
220772,0
251126,0
77280,0
256032,0
135240,0
47933,0
51288,0
188638,0
237260,0
10973,0
61533,0
204203,0
264136,0
56471,0
141231,0
128613,0
190196,0
53742,0
264203,0
42470,0
226491,0
187166,0
12392,0
183738,0
154651,0
184009,0
149975,0
172538,0
79782,0
19402,0
175414,0
242933,0
151946,0
259938,0
249365,0
99081,0
101786,0
43215,0
252630,0
257285,0
31684,0
173239,0
133983,0
242901,0
120583,0
256379,0
82692,0
60004,0
163949,0
220578,0
20381,0
83372,0
11759,0
34191,0
81220,0
117561,0
30910,0
18030,0
215523,0
103207,0
138842,0
184971,0
176447,0
196362,0
87016,0
184918,0
248732,0
200485,0
146228,0
185080,0
51784,0
147622,0
74320,0
107507,0
35587,0
140173,0
189884,0
129594,0
198148,0
256794,0
223508,0
49229,0
166895,0
59771,0
216256,0
93863,0
117618,0
46156,0
98565,0
252374,0
87593,0
224287,0
218848,0
211919,0
43020,0
248618,0
2139,0
120116,0
253628,0
186654,0
10831,0
121880,0
30425,0
168145,0
90666,0
219864,0
76975,0
147451,0
153717,0
141246,0
201627,0
260031,0
98106,0
2649,0
102244,0
9369,0
39350,0
63783,0
108290,0
219006,0
212755,0
25117,0
259937,0
137049,0
2105,0
168933,0
250143,0
53757,0
2526,0
244243,0
11283,0
27010,0
153506,0
107421,0
137098,0
129790,0
129745,0
83471,0
214407,0
28879,0
265039,0
85998,0
227308,0
154090,0
53692,0
205021,0
258491,0
247606,0
72931,0
34153,0
132176,0
149576,0
21398,0
176750,0
202470,0
37849,0
133945,0
123113,0
250118,0
180867,0
185907,0
198929,0
177292,0
127939,0
125146,0
174072,0
2326,0
198550,0
231082,0
57270,0
10918,0
9822,0
245577,0
207754,0
34609,0
58404,0
851,0
13369,0
1268,0
246198,0
16958,0
254704,0
45720,0
96444,0
214377,0
147544,0
105146,0
193387,0
18274,0
96760,0
1344,0
223276,0
210491,0
198976,0
57972,0
1625,0
211462,0
18353,0
186869,0
93287,0
102440,0
140637,0
264024,0
178617,0
55129,0
2121,0
236738,0
122148,0
6439,0
144985,0
118262,0
248334,0
25909,0
259792,0
156472,0
243827,0
58851,0
68558,0
58014,0
74017,0
192151,0
190492,0
3170,0
131050,0
235953,0
43391,0
233376,0
159687,0
129587,0
162000,0
148980,0
133200,0
140795,0
130014,0
166584,0
212456,0
64633,0
92810,0
24168,0
202160,0
220181,0
202283,0
26681,0
168562,0
160796,0
117163,0
69069,0
37002,0
81659,0
187280,0
224640,0
114757,0
37716,0
260666,0
14442,0
128979,0
23084,0
136828,0
74283,0
115899,0
141205,0
84144,0
107752,0
203722,0
35030,0
58863,0
263783,0
15719,0
126926,0
142642,0
129260,0
101746,0
96204,0
130609,0
97197,0
21984,0
62417,0
257857,0
221055,0
31827,0
59537,0
220002,0
25980,0
266636,0
128426,0
258774,0
163257,0
261712,0
151436,0
97163,0
1416,0
65380,0
81121,0
92852,0
185008,0
123220,0
169572,0
216537,0
127058,0
110134,0
110063,0
253098,0
244882,0
206872,0
5440,0
149588,0
231711,0
145064,0
206018,0
200898,0
26176,0
238760,0
263494,0
164459,0
251475,0
204894,0
200097,0
31710,0
214999,0
263930,0
125152,0
43798,0
185184,0
112066,0
89412,0
170365,0
35535,0
160467,0
205524,0
165511,0
113925,0
194276,0
92749,0
148496,0
226954,0
222816,0
173808,0
57537,0
142208,0
72878,0
164753,0
231413,0
217200,0
59311,0
114399,0
199950,0
161541,0
11439,0
39684,0
169244,0
208563,0
123836,0
224508,0
141202,0
191185,0
148232,0
107657,0
678,0
126483,0
206337,0
104743,0
129232,0
148661,0
72251,0
229119,0
17734,0
210656,0
143336,0
182087,0
20142,0
141009,0
172199,0
191074,0
240861,0
20951,0
227600,0
157340,0
56126,0
197395,0
1209,0
20434,0
136527,0
218555,0
94424,0
103010,0
221225,0
237109,0
60519,0
192992,0
90333,0
86407,0
241442,0
85510,0
3624,0
68274,0
255117,0
27976,0
16622,0
253432,0
218743,0
113855,0
54419,0
72716,0
16276,0
129518,0
231677,0
231325,0
220438,0
221753,0
21770,0
147943,0
152454,0
211684,0
74385,0
181229,0
25469,0
48831,0
35098,0
54629,0
43541,0
36796,0
120175,0
31124,0
171036,0
19289,0
117680,0
188086,0
78771,0
157372,0
105920,0
173946,0
142855,0
21282,0
22741,0
21357,0
65358,0
62650,0
241549,0
140119,0
196190,0
225103,0
73906,0
227981,0
238433,0
104268,0
121529,0
52232,0
142049,0
118359,0
164346,0
64726,0
31971,0
11615,0
190236,0
14096,0
211288,0
133199,0
3708,0
68747,0
68336,0
122723,0
28669,0
32468,0
159923,0
145311,0
198980,0
29219,0
186645,0
51022,0
236924,0
75638,0
3292,0
194213,0
38786,0
3588,0
79485,0
142821,0
161422,0
236515,0
109110,0
244481,0
151626,0
1039,0
140591,0
254554,0
10214,0
187452,0
204896,0
250208,0
1990,0
62334,0
2462,0
149057,0
192126,0
198543,0
46907,0
225883,0
6559,0
248637,0
253710,0
198357,0
65103,0
157874,0
221473,0
151118,0
228815,0
152548,0
48657,0
47107,0
121990,0
161520,0
11241,0
104140,0
258420,0
59570,0
79731,0
103703,0
182653,0
137100,0
44573,0
177490,0
126410,0
79170,0
143635,0
170470,0
14809,0
103489,0
108431,0
3429,0
5945,0
167390,0
172287,0
137706,0
38011,0
245755,0
5928,0
123458,0
193267,0
227331,0
181569,0
5439,0
99596,0
224114,0
196314,0
251405,0
19995,0
71665,0
58551,0
76951,0
185619,0
216792,0
166834,0
158456,0
114306,0
235170,0
228998,0
223271,0
263194,0
225408,0
230073,0
130829,0
205037,0
257271,0
261290,0
114690,0
152334,0
247143,0
156134,0
222965,0
90195,0
24655,0
40414,0
2827,0
141301,0
173130,0
164821,0
231539,0
235730,0
167816,0
213411,0
242252,0
137233,0
218111,0
67685,0
45582,0
31502,0
89473,0
55343,0
71604,0
182866,0
151280,0
14773,0
79941,0
93617,0
122536,0
37215,0
210825,0
22006,0
70896,0
242,0
116610,0
71648,0
95632,0
79808,0
126328,0
140246,0
70175,0
17501,0
219732,0
149451,0
47196,0
59392,0
152340,0
24414,0
263520,0
141520,0
43310,0
233064,0
21154,0
39963,0
2977,0
240097,0
197158,0
53504,0
179171,0
184645,0
37873,0
232534,0
1444,0
153108,0
145666,0
13259,0
46507,0
183463,0
91358,0
234109,0
61058,0
107782,0
265196,0
158603,0
5513,0
238736,0
120958,0
199279,0
218553,0
169791,0
92689,0
209144,0
232430,0
167881,0
237663,0
91282,0
109524,0
125003,0
81179,0
157692,0
43106,0
254088,0
62225,0
213455,0
88914,0
244689,0
8348,0
177789,0
165634,0
117149,0
158820,0
68432,0
64602,0
194141,0
105671,0
127413,0
263796,0
215970,0
185959,0
192902,0
1144,0
247223,0
13195,0
180648,0
90887,0
71001,0
260736,0
210339,0
19558,0
250480,0
15614,0
244562,0
188477,0
224757,0
8156,0
37848,0
84550,0
175134,0
151159,0
106336,0
163063,0
263552,0
211921,0
45949,0
113464,0
255675,0
183210,0
128790,0
231550,0
33748,0
31033,0
99727,0
29692,0
163754,0
223260,0
9998,0
157450,0
116044,0
189726,0
119431,0
183453,0
47508,0
170183,0
259464,0
89998,0
72891,0
78763,0
261819,0
146029,0
120660,0
90107,0
246473,0
136767,0
46570,0
14330,0
100606,0
189557,0
56669,0
28089,0
49443,0
160395,0
52922,0
38502,0
142486,0
347,0
253019,0
206261,0
4402,0
154444,0
225144,0
137266,0
172343,0
176948,0
63863,0
161674,0
41215,0
20062,0
111849,0
244761,0
248941,0
251601,0
93454,0
259451,0
46053,0
250735,0
69798,0
170331,0
248411,0
34055,0
51943,0
213000,0
192181,0
8843,0
137787,0
125848,0
241368,0
150675,0
103677,0
179258,0
126597,0
167752,0
999,0
192615,0
104318,0
196094,0
164863,0
133695,0
28495,0
234262,0
228787,0
204030,0
774,0
69795,0
83874,0
95964,0
245392,0
266428,0
25316,0
84541,0
38468,0
188896,0
940,0
181588,0
210966,0
99490,0
178798,0
72545,0
172040,0
250146,0
142358,0
67301,0
100452,0
204876,0
216486,0
179823,0
210714,0
19338,0
122227,0
64419,0
19789,0
218805,0
1288,0
261190,0
17797,0
82980,0
48807,0
63227,0
81903,0
192445,0
227795,0
242350,0
251979,0
207883,0
31480,0
154835,0
9740,0
164010,0
68473,0
236706,0
141718,0
123221,0
183799,0
174501,0
58759,0
133077,0
246192,0
221707,0
182733,0
76368,0
255337,0
102990,0
74555,0
254024,0
16283,0
123575,0
17872,0
48525,0
113922,0
53865,0
234,0
37664,0
76628,0
129726,0
1930,0
52944,0
251337,0
139416,0
33626,0
259231,0
148808,0
173405,0
252950,0
210436,0
243806,0
67041,0
42417,0
208422,0
183732,0
133819,0
158942,0
39664,0
189955,0
162757,0
59782,0
81910,0
173841,0
183590,0
200848,0
83944,0
157217,0
145208,0
95221,0
185178,0
85942,0
74256,0
247224,0
29870,0
108526,0
172505,0
137708,0
247604,0
27592,0
103316,0
254813,0
20108,0
169745,0
140411,0
62890,0
164284,0
56318,0
40314,0
112120,0
167404,0
105305,0
154264,0
205761,0
173798,0
20697,0
86992,0
126913,0
81436,0
100488,0
203802,0
152385,0
154297,0
11558,0
151291,0
84825,0
110505,0
82890,0
117210,0
227175,0
198218,0
174844,0
166617,0
65868,0
166668,0
249649,0
7320,0
260852,0
188878,0
246084,0
154283,0
143366,0
185557,0
263193,0
214000,0
191067,0
190235,0
258325,0
1838,0
189204,0
207669,0
162973,0
178260,0
174626,0
210088,0
246819,0
201567,0
96721,0
69641,0
240843,0
185894,0
182030,0
114045,0
202623,0
138626,0
211044,0
72078,0
186074,0
262092,0
213915,0
84072,0
181593,0
249579,0
164914,0
129364,0
86530,0
151604,0
61454,0
201630,0
177854,0
229486,0
191566,0
128142,0
138266,0
82701,0
61484,0
77535,0
130231,0
182130,0
136189,0
18832,0
180583,0
255851,0
223890,0
69071,0
86671,0
94810,0
231434,0
24569,0
170261,0
155494,0
176301,0
153825,0
1491,0
191200,0
135786,0
40370,0
65588,0
7469,0
2093,0
150250,0
263673,0
200883,0
55650,0
1566,0
42,0
149767,0
73373,0
109256,0
9801,0
75233,0
220111,0
20814,0
69817,0
255030,0
252419,0
229009,0
175643,0
19028,0
192535,0
232273,0
247680,0
20060,0
126933,0
112981,0
234768,0
39408,0
16491,0
81428,0
205681,0
51132,0
178229,0
166319,0
117599,0
85459,0
210500,0
116246,0
257779,0
89975,0
19677,0
31280,0
186342,0
193438,0
170648,0
144559,0
9627,0
134305,0
130294,0
229494,0
27303,0
145723,0
172814,0
71883,0
257268,0
133069,0
243606,0
257794,0
262803,0
228476,0
133661,0
149944,0
74107,0
261115,0
20637,0
130556,0
112079,0
108352,0
81466,0
24247,0
22698,0
73991,0
4878,0
120048,0
192927,0
43841,0
111161,0
55403,0
125329,0
193440,0
211671,0
52961,0
71470,0
243416,0
130672,0
171184,0
249321,0
182516,0
262859,0
71871,0
58752,0
34720,0
176569,0
152965,0
113029,0
172613,0
112148,0
102207,0
200573,0
194380,0
217998,0
156683,0
167958,0
132604,0
25595,0
66712,0
123969,0
83486,0
105027,0
156512,0
153638,0
255158,0
30148,0
126888,0
88206,0
187669,0
100168,0
31531,0
11222,0
260437,0
172293,0
67683,0
20980,0
250018,0
121033,0
73632,0
216186,0
27213,0
262148,0
49226,0
54730,0
95089,0
157186,0
36766,0
16013,0
195455,0
190062,0
251332,0
140285,0
238091,0
85030,0
196437,0
171570,0
209389,0
162113,0
60598,0
250226,0
129046,0
622,0
156511,0
185297,0
261424,0
233996,0
78256,0
182904,0
119992,0
257056,0
15593,0
100703,0
84647,0
201612,0
1550,0
65301,0
117132,0
173894,0
53175,0
220146,0
4950,0
123204,0
79566,0
113836,0
177607,0
147769,0
131341,0
232495,0
78713,0
169599,0
160100,0
193804,0
214629,0
114904,0
49414,0
171668,0
194652,0
102360,0
52063,0
157951,0
124883,0
205004,0
198960,0
150235,0
147060,0
29454,0
225960,0
151360,0
77487,0
132224,0
97347,0
233955,0
227429,0
111554,0
66180,0
114893,0
193320,0
84854,0
177260,0
44072,0
13772,0
84920,0
106398,0
196722,0
183190,0
60323,0
171278,0
24504,0
11890,0
47190,0
116621,0
28184,0
120371,0
229140,0
30629,0
3318,0
27532,0
49909,0
125752,0
26208,0
11017,0
47905,0
180496,0
248770,0
237113,0
148336,0
216509,0
237442,0
191762,0
69541,0
102230,0
118889,0
26855,0
207859,0
51523,0
90895,0
37456,0
105641,0
10725,0
74431,0
256077,0
90642,0
246135,0
260017,0
216358,0
2699,0
80270,0
14367,0
195816,0
12518,0
191448,0
194691,0
46802,0
97120,0
63028,0
115025,0
138032,0
235742,0
24600,0
88057,0
111451,0
1261,0
17961,0
117654,0
76372,0
109919,0
53566,0
148761,0
197279,0
114968,0
217877,0
248224,0
200243,0
30728,0
58722,0
236464,0
8385,0
181794,0
264663,0
23953,0
115728,0
115087,0
65725,0
96956,0
26740,0
57499,0
120289,0
28014,0
97621,0
195146,0
80667,0
119932,0
93882,0
243171,0
111151,0
206190,0
80856,0
222111,0
129800,0
76072,0
153867,0
118927,0
261944,0
36823,0
246994,0
175558,0
165590,0
44263,0
218558,0
233915,0
260866,0
82400,0
209725,0
70991,0
129207,0
90529,0
247575,0
7916,0
259422,0
100228,0
216985,0
253975,0
132393,0
261715,0
244688,0
159770,0
54474,0
144696,0
141589,0
265429,0
90259,0
96978,0
41425,0
112053,0
169952,0
257070,0
199942,0
134852,0
69896,0
233984,0
4400,0
74647,0
197199,0
248576,0
259197,0
175821,0
177040,0
74109,0
9110,0
80652,0
158533,0
85703,0
21677,0
226605,0
81244,0
165386,0
129497,0
165294,0
168896,0
80751,0
126887,0
30528,0
46220,0
127367,0
217151,0
220409,0
212478,0
64730,0
222867,0
248357,0
193172,0
159895,0
173129,0
225593,0
26282,0
13557,0
205735,0
247908,0
188106,0
8072,0
49408,0
3863,0
1541,0
31914,0
237907,0
67674,0
137567,0
189580,0
210699,0
112388,0
38051,0
230143,0
38083,0
57620,0
182730,0
130897,0
137694,0
108556,0
20577,0
68888,0
184621,0
146954,0
10145,0
102392,0
27002,0
216805,0
164440,0
46525,0
236859,0
227704,0
56446,0
252457,0
45090,0
171329,0
104376,0
41431,0
208986,0
251063,0
66054,0
255780,0
73277,0
80925,0
256699,0
44239,0
62063,0
196522,0
230392,0
69088,0
115967,0
236131,0
108159,0
180582,0
230216,0
82274,0
199939,0
88537,0
90557,0
75420,0
210923,0
156283,0
113385,0
147536,0
707,0
127299,0
672,0
135871,0
79344,0
90292,0
28750,0
193291,0
223018,0
120509,0
118286,0
82501,0
130146,0
255442,0
254876,0
241416,0
150586,0
114631,0
171925,0
249391,0
64941,0
92358,0
201582,0
228850,0
51972,0
25551,0
232947,0
35783,0
234224,0
122312,0
98843,0
196715,0
69833,0
247420,0
61681,0
232151,0
147861,0
259472,0
246804,0
19301,0
55337,0
264823,0
165257,0
108570,0
27108,0
229737,0
27205,0
75299,0
246256,0
217432,0
140580,0
170206,0
58003,0
97218,0
210124,0
89058,0
240960,0
775,0
181202,0
43962,0
89171,0
43461,0
225671,0
266410,0
183614,0
226977,0
266535,0
117895,0
216540,0
21232,0
38082,0
184458,0
231323,0
86857,0
116075,0
12319,0
221283,0
150746,0
161727,0
190429,0
148006,0
29739,0
185542,0
236993,0
228093,0
48946,0
257796,0
76252,0
87909,0
164505,0
172712,0
145978,0
112151,0
260656,0
223106,0
38388,0
49211,0
224794,0
109604,0
159806,0
118668,0
2627,0
206391,0
193317,0
105472,0
9941,0
130798,0
253257,0
237819,0
173368,0
167608,0
162322,0
221600,0
121579,0
195000,0
152663,0
149089,0
118430,0
12875,0
27348,0
63933,0
56771,0
205789,0
81383,0
130021,0
81222,0
226962,0
94335,0
180038,0
226111,0
66957,0
79614,0
81658,0
30063,0
175035,0
188410,0
28529,0
233340,0
52966,0
164526,0
144042,0
174954,0
145275,0
76759,0
129354,0
11867,0
73926,0
193889,0
256321,0
33929,0
257228,0
192081,0
231732,0
35755,0
155692,0
136007,0
253951,0
173056,0
196475,0
181885,0
248480,0
192715,0
206034,0
119783,0
245846,0
153439,0
145610,0
41646,0
40085,0
83834,0
211698,0
102217,0
225885,0
244584,0
66339,0
249796,0
115537,0
90503,0
174906,0
53227,0
77786,0
226481,0
51545,0
112737,0
236651,0
159176,0
25744,0
42750,0
177893,0
43300,0
212978,0
72279,0
16966,0
63968,0
253313,0
159751,0
208964,0
214595,0
225677,0
174928,0
57163,0
177559,0
59118,0
173864,0
208696,0
221814,0
140951,0
176186,0
113921,0
39790,0
58010,0
258,0
136381,0
209691,0
160714,0
199246,0
213429,0
41920,0
164456,0
216364,0
177646,0
228379,0
98651,0
261761,0
50156,0
19493,0
4702,0
237377,0
138327,0
49632,0
40402,0
56967,0
79013,0
139727,0
246782,0
253286,0
52113,0
201373,0
97117,0
149686,0
211649,0
34841,0
241321,0
59912,0
243289,0
163217,0
162469,0
36404,0
250772,0
58034,0
3512,0
242722,0
90250,0
64062,0
142211,0
4593,0
123723,0
13491,0
49828,0
258808,0
57083,0
240925,0
60236,0
120391,0
1048,0
32976,0
117557,0
254332,0
127102,0
252145,0
61588,0
192368,0
173584,0
215388,0
99468,0
215050,0
26910,0
150300,0
264047,0
96751,0
18852,0
82553,0
57895,0
58297,0
22881,0
118814,0
89866,0
142766,0
95286,0
255511,0
58365,0
251153,0
145415,0
163457,0
253874,0
7736,0
197248,0
260019,0
134279,0
230378,0
161022,0
257905,0
17279,0
68201,0
32758,0
260020,0
90184,0
125564,0
34833,0
61906,0
27138,0
168797,0
80715,0
245888,0
143548,0
87510,0
92412,0
204292,0
94153,0
144236,0
251262,0
44285,0
263097,0
248376,0
261031,0
101618,0
128729,0
38107,0
77716,0
64190,0
157783,0
4442,0
193517,0
10646,0
99662,0
26395,0
18525,0
170280,0
79898,0
207418,0
182543,0
161093,0
225499,0
83063,0
191348,0
141573,0
109982,0
135074,0
198158,0
137190,0
32660,0
157021,0
24341,0
97204,0
218816,0
130423,0
21910,0
225296,0
86086,0
151322,0
54313,0
79890,0
167566,0
133410,0
259039,0
63367,0
154062,0
195783,0
68776,0
223154,0
101965,0
184127,0
146322,0
159274,0
199793,0
134319,0
3995,0
216564,0
105314,0
178505,0
164470,0
220224,0
139943,0
42728,0
32213,0
54147,0
23712,0
27823,0
89803,0
76872,0
129432,0
173698,0
8952,0
196577,0
249459,0
106295,0
229686,0
156276,0
144478,0
92439,0
53726,0
114516,0
230159,0
106961,0
221839,0
223206,0
31984,0
159842,0
158728,0
229015,0
258561,0
246831,0
182255,0
141696,0
1902,0
177202,0
229531,0
200251,0
207376,0
87222,0
224862,0
9363,0
263882,0
106484,0
173190,0
159357,0
233209,0
253462,0
36346,0
152128,0
240889,0
65577,0
175040,0
94575,0
28613,0
122949,0
254488,0
126371,0
134478,0
172824,0
45654,0
659,0
149142,0
88982,0
37236,0
162533,0
20553,0
59679,0
261523,0
98669,0
202412,0
28293,0
158776,0
246317,0
98894,0
96106,0
257006,0
82880,0
53461,0
229828,0
217410,0
128456,0
200928,0
233451,0
195398,0
55116,0
151162,0
108258,0
227379,0
87146,0
82333,0
186792,0
71024,0
186986,0
192371,0
13326,0
18034,0
176455,0
233947,0
124517,0
121030,0
112532,0
110733,0
20280,0
249181,0
164199,0
114845,0
53630,0
143165,0
151983,0
155816,0
97266,0
221219,0
148108,0
43220,0
171479,0
65217,0
231678,0
125426,0
226795,0
98472,0
227588,0
138263,0
170421,0
184079,0
45555,0
262354,0
228583,0
198670,0
262192,0
123377,0
245305,0
151139,0
58834,0
50366,0
86829,0
147757,0
110668,0
216729,0
30651,0
12219,0
245770,0
181473,0
68917,0
118910,0
29920,0
211519,0
77169,0
223104,0
195814,0
88890,0
36767,0
40956,0
215229,0
58581,0
114104,0
74190,0
97834,0
59148,0
102498,0
32323,0
96880,0
85300,0
250949,0
226016,0
82910,0
146604,0
233493,0
124264,0
213642,0
155346,0
116801,0
66903,0
91569,0
14552,0
43332,0
47411,0
266344,0
64425,0
166925,0
97962,0
101158,0
133303,0
211608,0
21343,0
162272,0
193085,0
23545,0
20283,0
133702,0
166126,0
208555,0
252321,0
80297,0
58441,0
66664,0
98880,0
79112,0
204847,0
70611,0
66432,0
214040,0
45227,0
135916,0
260123,0
194919,0
80247,0
81856,0
209002,0
114441,0
131582,0
134136,0
96229,0
57946,0
182789,0
9295,0
235494,0
260274,0
85365,0
36842,0
251076,0
7311,0
26179,0
21780,0
10925,0
130152,0
158321,0
52104,0
162240,0
54378,0
215508,0
124724,0
30088,0
147202,0
163334,0
161844,0
89060,0
56910,0
65119,0
219800,0
222732,0
170168,0
111,0
150890,0
24867,0
139922,0
172803,0
259150,0
2814,0
48398,0
167186,0
205457,0
92740,0
190923,0
74155,0
221512,0
168895,0
202928,0
145020,0
100811,0
135608,0
197959,0
222607,0
119137,0
67539,0
147131,0
213285,0
71450,0
125788,0
155767,0
258984,0
5163,0
65405,0
163104,0
208259,0
50543,0
100000,0
168217,0
174286,0
162790,0
145607,0
209047,0
209941,0
31916,0
174798,0
142296,0
235071,0
21115,0
99743,0
232471,0
259924,0
28768,0
246239,0
177690,0
75113,0
141885,0
110492,0
53007,0
50179,0
221004,0
71432,0
164806,0
38453,0
173363,0
223170,0
40096,0
49970,0
219446,0
55825,0
247070,0
217395,0
216129,0
258567,0
215561,0
33070,0
74022,0
167197,0
257482,0
40307,0
133978,0
117106,0
193745,0
4851,0
260876,0
190374,0
95829,0
114645,0
179989,0
130665,0
250135,0
145926,0
13294,0
148947,0
136942,0
186503,0
36687,0
229473,0
232920,0
22434,0
126020,0
124909,0
100725,0
125604,0
120881,0
119748,0
22903,0
90484,0
224831,0
51428,0
154060,0
31917,0
213668,0
265478,0
206096,0
57036,0
40534,0
173702,0
65198,0
113339,0
81426,0
172434,0
161500,0
16632,0
147017,0
57790,0
260400,0
167758,0
55257,0
117246,0
130090,0
261467,0
71777,0
140743,0
205074,0
23347,0
255711,0
27132,0
261546,0
107701,0
187016,0
13589,0
263342,0
143703,0
102664,0
133073,0
134967,0
211501,0
215590,0
102481,0
236289,0
162111,0
13685,0
83293,0
48182,0
176642,0
77274,0
67610,0
103868,0
261945,0
168124,0
139911,0
190633,0
79736,0
64623,0
106618,0
80263,0
246892,0
182116,0
93111,0
14260,0
129348,0
239369,0
159484,0
98553,0
49359,0
164372,0
101720,0
78727,0
266181,0
130770,0
175256,0
41317,0
5637,0
92449,0
130698,0
36631,0
219460,0
23367,0
129732,0
21089,0
265550,0
64057,0
222339,0
80260,0
191858,0
227743,0
205831,0
157196,0
15065,0
54598,0
158578,0
172184,0
175475,0
92624,0
4388,0
242195,0
38562,0
27083,0
56468,0
241939,0
68163,0
203478,0
179803,0
257965,0
47667,0
157391,0
47030,0
9578,0
46504,0
22198,0
37429,0
173523,0
5030,0
166897,0
156358,0
27324,0
248788,0
181952,0
6639,0
160378,0
3881,0
134140,0
61813,0
187342,0
147997,0
76623,0
128633,0
198131,0
222295,0
155758,0
38461,0
134536,0
95900,0
225879,0
98935,0
131193,0
175519,0
177890,0
62677,0
77509,0
123549,0
258803,0
153540,0
165159,0
263276,0
138202,0
137540,0
74944,0
221412,0
95924,0
226769,0
140200,0
48145,0
54082,0
85012,0
117418,0
64686,0
124860,0
181429,0
131664,0
144694,0
15525,0
200015,0
201713,0
3334,0
134595,0
225017,0
95141,0
58226,0
252307,0
174439,0
171562,0
141067,0
119703,0
116928,0
99700,0
2628,0
203554,0
159494,0
34141,0
246618,0
260528,0
149396,0
39799,0
207042,0
35395,0
79733,0
44886,0
37107,0
11038,0
160739,0
163998,0
26233,0
184200,0
9559,0
113213,0
8764,0
67399,0
75210,0
250988,0
188832,0
258551,0
136285,0
259990,0
264036,0
141580,0
196537,0
68817,0
81534,0
224058,0
241284,0
219971,0
266442,0
74721,0
26495,0
238132,0
212303,0
5405,0
529,0
103094,0
165848,0
232338,0
239545,0
13026,0
111814,0
261416,0
60672,0
113433,0
153874,0
105190,0
82658,0
123177,0
102675,0
51511,0
22814,0
112473,0
115460,0
184420,0
85777,0
246574,0
22735,0
231149,0
33729,0
111545,0
222455,0
26587,0
220137,0
113141,0
175339,0
77494,0
197744,0
257637,0
130357,0
217194,0
136220,0
75614,0
146244,0
216878,0
117250,0
157344,0
238073,0
1677,0
264293,0
236330,0
194043,0
168623,0
218775,0
55348,0
141830,0
195283,0
142507,0
109918,0
142332,0
264814,0
51144,0
256180,0
226749,0
195417,0
244772,0
27696,0
141660,0
67700,0
227222,0
262849,0
246438,0
148341,0
63505,0
222489,0
255466,0
27525,0
202262,0
136033,0
146052,0
50443,0
184013,0
207012,0
22720,0
41622,0
95178,0
91899,0
65824,0
224813,0
164785,0
210523,0
70179,0
234705,0
260850,0
65441,0
107163,0
222404,0
16126,0
106781,0
189387,0
199589,0
165009,0
56957,0
51671,0
118618,0
51351,0
136315,0
11505,0
55392,0
6495,0
23950,0
165320,0
18400,0
26861,0
195974,0
80538,0
77725,0
142076,0
72204,0
151458,0
150919,0
168568,0
104751,0
240025,0
230042,0
108535,0
42289,0
134569,0
255817,0
262158,0
251877,0
200156,0
26971,0
145768,0
202394,0
88036,0
139584,0
129972,0
47270,0
22495,0
80357,0
12916,0
83611,0
136661,0
143515,0
182686,0
262649,0
56099,0
53750,0
113528,0
105912,0
204116,0
187466,0
131411,0
113683,0
136581,0
42857,0
79688,0
176025,0
25836,0
92905,0
124626,0
84983,0
130982,0
238689,0
41098,0
39558,0
216249,0
118498,0
185359,0
49711,0
96640,0
109991,0
182770,0
76884,0
25867,0
12234,0
8827,0
117099,0
221844,0
26564,0
75854,0
193627,0
219315,0
38379,0
94992,0
108860,0
3163,0
88357,0
179141,0
196417,0
120327,0
74630,0
106586,0
190029,0
69860,0
9499,0
205924,0
208222,0
22347,0
62006,0
47604,0
120457,0
204888,0
8566,0
220475,0
217901,0
247709,0
266106,0
168519,0
80646,0
260544,0
144336,0
207478,0
207364,0
47181,0
244246,0
105001,0
203523,0
171160,0
108798,0
86542,0
229957,0
179560,0
251357,0
246719,0
249811,0
124494,0
133613,0
15221,0
27916,0
15362,0
13509,0
232971,0
68422,0
41137,0
69863,0
223907,0
209284,0
178455,0
197987,0
142612,0
174468,0
76311,0
173541,0
27769,0
78096,0
48830,0
247263,0
158896,0
78851,0
121626,0
5921,0
231363,0
230891,0
133714,0
39493,0
59587,0
1177,0
45348,0
39514,0
115241,0
99668,0
46996,0
140528,0
1848,0
245819,0
159425,0
196814,0
164378,0
57201,0
35450,0
194524,0
78313,0
246565,0
198371,0
209791,0
223716,0
245581,0
232485,0
251595,0
124358,0
200757,0
78285,0
15934,0
182204,0
75574,0
136509,0
69694,0
94648,0
131468,0
36695,0
143087,0
147742,0
227573,0
233454,0
78983,0
98320,0
239861,0
57724,0
71325,0
24489,0
230976,0
40158,0
6574,0
226847,0
193739,0
191820,0
55139,0
241793,0
240585,0
238591,0
17448,0
131923,0
43203,0
5054,0
126518,0
127629,0
57017,0
30707,0
154309,0
200914,0
166733,0
124116,0
24586,0
241220,0
158240,0
102062,0
186404,0
28291,0
36477,0
238490,0
172120,0
206511,0
123796,0
93143,0
220881,0
69410,0
70585,0
142002,0
174115,0
142765,0
175610,0
86232,0
60433,0
239291,0
78523,0
257914,0
51110,0
193296,0
100290,0
57585,0
59079,0
220425,0
131924,0
44870,0
96775,0
141014,0
245076,0
200950,0
124212,0
156216,0
210386,0
66,0
171107,0
253884,0
61129,0
180144,0
71171,0
104865,0
32027,0
179717,0
168379,0
161174,0
155280,0
145578,0
260915,0
25550,0
37618,0
137238,0
263973,0
122212,0
136637,0
98402,0
82245,0
208729,0
44809,0
206421,0
211154,0
57010,0
10877,0
204150,0
91913,0
58119,0
48037,0
247923,0
129467,0
199886,0
194778,0
73285,0
67602,0
53487,0
230031,0
228452,0
157379,0
25554,0
266068,0
231194,0
71126,0
236900,0
145462,0
146214,0
144265,0
206880,0
8822,0
170350,0
258866,0
10071,0
110435,0
231909,0
164758,0
165900,0
207207,0
110663,0
25526,0
235581,0
56441,0
193306,0
126712,0
215076,0
124568,0
110197,0
56548,0
257977,0
221926,0
106289,0
188994,0
18260,0
17032,0
116924,0
163787,0
235960,0
164432,0
95501,0
10848,0
240322,0
206494,0
208437,0
123892,0
34308,0
213197,0
201643,0
237447,0
244378,0
121959,0
94422,0
200462,0
176335,0
119695,0
151191,0
115035,0
256240,0
33611,0
16848,0
21967,0
148057,0
175704,0
186647,0
111633,0
249035,0
156758,0
184974,0
158452,0
188311,0
2917,0
146237,0
65143,0
35806,0
223269,0
66576,0
176352,0
244534,0
249742,0
220277,0
254854,0
52072,0
241423,0
218042,0
79337,0
2051,0
179559,0
120904,0
38377,0
265444,0
6391,0
155173,0
16651,0
224116,0
111789,0
163207,0
135003,0
196730,0
240465,0
265204,0
109054,0
150524,0
119805,0
232682,0
68022,0
174409,0
95896,0
194551,0
193389,0
74984,0
224826,0
202726,0
76684,0
66986,0
222578,0
233006,0
167998,0
153837,0
43902,0
9341,0
125474,0
150258,0
122310,0
155198,0
115357,0
226020,0
110834,0
119168,0
8383,0
260499,0
148567,0
185118,0
159384,0
82522,0
40836,0
16131,0
199424,0
40029,0
136210,0
118210,0
211809,0
128072,0
177385,0
46146,0
75367,0
27155,0
39288,0
215775,0
167832,0
141608,0
174799,0
209538,0
180477,0
51386,0
84760,0
257403,0
266191,0
837,0
64776,0
46001,0
74360,0
94701,0
196622,0
28834,0
159476,0
27994,0
75504,0
184304,0
9354,0
263371,0
95769,0
61198,0
201097,0
50161,0
136100,0
7925,0
227951,0
201009,0
87574,0
102389,0
91752,0
207252,0
257087,0
103311,0
202503,0
224040,0
28344,0
125144,0
232244,0
160232,0
34306,0
243528,0
151575,0
174162,0
248241,0
28598,0
66720,0
255389,0
253010,0
12020,0
37349,0
36098,0
33796,0
53296,0
26559,0
555,0
199789,0
36292,0
189778,0
71762,0
9308,0
220890,0
139807,0
81861,0
211162,0
116455,0
195247,0
53982,0
111749,0
142007,0
125984,0
242565,0
112888,0
217869,0
45042,0
123814,0
38709,0
103179,0
12139,0
207208,0
163325,0
5949,0
205461,0
224988,0
206146,0
25021,0
23684,0
134086,0
14183,0
145931,0
45669,0
132215,0
33207,0
239219,0
173067,0
100120,0
157792,0
74957,0
247964,0
13073,0
217812,0
39646,0
20471,0
161769,0
208997,0
78056,0
205528,0
75751,0
224025,0
165272,0
127655,0
100331,0
266558,0
240711,0
38832,0
170251,0
148498,0
134789,0
71415,0
22383,0
19038,0
4963,0
147574,0
211167,0
169033,0
202084,0
114383,0
127632,0
121904,0
22934,0
246240,0
10855,0
34400,0
170950,0
23027,0
17092,0
47090,0
101964,0
67434,0
39370,0
4627,0
246535,0
55100,0
146361,0
174932,0
256772,0
223658,0
144642,0
17664,0
213229,0
119446,0
34186,0
76320,0
218686,0
92590,0
141150,0
220954,0
187758,0
166854,0
4973,0
223883,0
141771,0
222032,0
197745,0
91794,0
125989,0
175082,0
188255,0
31561,0
209758,0
10647,0
259825,0
251051,0
112464,0
127556,0
90777,0
102932,0
265672,0
148795,0
11281,0
98356,0
224825,0
32924,0
247860,0
47317,0
15153,0
140761,0
228719,0
98092,0
166712,0
134674,0
262679,0
158109,0
194456,0
104317,0
54547,0
6738,0
185338,0
206710,0
263659,0
147470,0
164434,0
172289,0
130980,0
227937,0
58171,0
131316,0
157819,0
21949,0
83571,0
112358,0
163172,0
51799,0
58548,0
128001,0
183705,0
105976,0
202077,0
210360,0
139915,0
22817,0
164675,0
262904,0
6500,0
105965,0
151783,0
90623,0
25109,0
237876,0
188616,0
13985,0
63614,0
115332,0
16775,0
254107,0
168037,0
134330,0
72812,0
42902,0
80033,0
137148,0
233538,0
133283,0
148911,0
129106,0
153937,0
151277,0
219405,0
175798,0
235020,0
146431,0
143195,0
106396,0
144837,0
44943,0
80581,0
59135,0
82097,0
220175,0
95939,0
135670,0
146907,0
95488,0
216956,0
119718,0
155537,0
214321,0
105899,0
232632,0
157800,0
80622,0
140864,0
221300,0
77276,0
234566,0
133457,0
34288,0
170998,0
81069,0
248878,0
254832,0
46755,0
251557,0
194125,0
149923,0
68328,0
171994,0
66471,0
211625,0
260381,0
254635,0
94821,0
230545,0
209986,0
77019,0
255926,0
205246,0
266394,0
187518,0
97707,0
147633,0
39057,0
180866,0
30951,0
114579,0
64092,0
178342,0
206749,0
62902,0
80315,0
117503,0
190648,0
45867,0
190187,0
48291,0
244930,0
195308,0
254449,0
95535,0
128635,0
6199,0
24501,0
46447,0
150926,0
91883,0
126317,0
23114,0
184090,0
206407,0
38054,0
62080,0
62353,0
156674,0
54236,0
198495,0
19202,0
220315,0
169413,0
45687,0
4820,0
148403,0
205127,0
260795,0
181144,0
96625,0
72134,0
144154,0
32461,0
27415,0
132108,0
154509,0
256181,0
36455,0
39996,0
227390,0
45592,0
248265,0
131120,0
56061,0
29352,0
99486,0
172915,0
205193,0
245075,0
203941,0
86882,0
190859,0
262807,0
220449,0
112768,0
66476,0
5794,0
199974,0
32010,0
188230,0
65167,0
186476,0
125029,0
49110,0
159189,0
257850,0
123858,0
235552,0
11997,0
256049,0
46009,0
11085,0
102983,0
58001,0
167382,0
93449,0
75558,0
86965,0
138799,0
113546,0
90698,0
118353,0
168341,0
150014,0
10650,0
24769,0
85730,0
206846,0
106799,0
176022,0
230529,0
10023,0
196230,0
237723,0
23076,0
4887,0
14249,0
186809,0
31918,0
179732,0
194279,0
77648,0
134875,0
88392,0
121127,0
104138,0
114982,0
248118,0
143686,0
101287,0
88802,0
91239,0
180159,0
23556,0
231996,0
18674,0
176107,0
248445,0
217269,0
103965,0
21885,0
263992,0
27465,0
187279,0
113645,0
234437,0
113571,0
132410,0
174998,0
219521,0
162797,0
248483,0
87365,0
1216,0
47020,0
7663,0
200864,0
63285,0
120516,0
12805,0
90828,0
104444,0
27150,0
212067,0
223938,0
49175,0
1633,0
24958,0
114356,0
41001,0
207850,0
138451,0
210641,0
83774,0
21872,0
8455,0
170791,0
238147,0
89964,0
162873,0
223996,0
213423,0
255080,0
234994,0
76885,0
200214,0
98627,0
208203,0
82901,0
9056,0
50051,0
96072,0
107274,0
176553,0
222828,0
59006,0
30871,0
151354,0
152915,0
74529,0
36960,0
259657,0
232292,0
123236,0
6007,0
92045,0
40155,0
145040,0
249337,0
233216,0
65837,0
172123,0
164466,0
232611,0
184043,0
20248,0
58537,0
5281,0
23467,0
28948,0
129632,0
91560,0
226897,0
214367,0
221094,0
241697,0
178448,0
153401,0
246291,0
100962,0
208353,0
120878,0
53444,0
211972,0
66019,0
245469,0
132119,0
247580,0
65667,0
193489,0
83273,0
218749,0
107845,0
158600,0
168425,0
85259,0
256475,0
39246,0
176945,0
180460,0
192130,0
45881,0
172499,0
232512,0
89038,0
199082,0
55009,0
214969,0
96279,0
15383,0
27265,0
193176,0
128544,0
139971,0
162362,0
195279,0
51303,0
78978,0
181835,0
113777,0
158140,0
62732,0
117775,0
221936,0
88759,0
215706,0
95130,0
28421,0
264986,0
183260,0
130589,0
209260,0
244795,0
155045,0
228411,0
90471,0
142282,0
191334,0
119666,0
118481,0
176672,0
241983,0
146128,0
73752,0
212454,0
82822,0
60512,0
80563,0
164710,0
90615,0
64628,0
48250,0
852,0
202250,0
150891,0
69493,0
258628,0
35123,0
168738,0
194082,0
11850,0
24005,0
49809,0
52417,0
203065,0
246093,0
102343,0
124405,0
228652,0
118059,0
233121,0
233920,0
99111,0
123090,0
197645,0
18209,0
192824,0
244017,0
43077,0
12690,0
41467,0
37496,0
193792,0
31593,0
258000,0
212109,0
254650,0
98901,0
83876,0
94964,0
158921,0
126294,0
113636,0
103073,0
99806,0
169770,0
46170,0
265088,0
82027,0
125387,0
193316,0
102380,0
106070,0
15813,0
206416,0
29434,0
247822,0
6475,0
238880,0
171649,0
120588,0
39055,0
187415,0
141381,0
6714,0
79896,0
88290,0
74830,0
157887,0
172573,0
184474,0
204056,0
212312,0
132536,0
116690,0
92455,0
193954,0
27284,0
249177,0
52602,0
212904,0
148957,0
56901,0
154562,0
172085,0
11705,0
231353,0
190161,0
245352,0
143069,0
85862,0
189628,0
10021,0
24753,0
266527,0
152527,0
86380,0
54914,0
252261,0
73513,0
232472,0
226440,0
142789,0
178833,0
236061,0
102542,0
25466,0
84708,0
191307,0
58817,0
103726,0
144853,0
5573,0
197270,0
153067,0
237194,0
83017,0
201689,0
192515,0
39574,0
224343,0
69748,0
225584,0
205084,0
85392,0
236643,0
118209,0
194412,0
39995,0
139972,0
229762,0
4242,0
162503,0
249558,0
62948,0
211460,0
3238,0
4077,0
77700,0
42658,0
189517,0
214532,0
97149,0
82817,0
172589,0
44345,0
255351,0
91512,0
174662,0
115981,0
112316,0
83399,0
136530,0
158280,0
154148,0
23851,0
5307,0
175778,0
228480,0
187858,0
23505,0
27034,0
52510,0
128049,0
251031,0
195298,0
155096,0
178645,0
152626,0
214800,0
32039,0
192056,0
144751,0
77008,0
78481,0
179700,0
130591,0
4403,0
196021,0
205547,0
19922,0
175586,0
137852,0
108828,0
187745,0
90575,0
248505,0
222461,0
195382,0
68985,0
192833,0
53115,0
155425,0
205718,0
139607,0
80665,0
23661,0
221641,0
229265,0
60893,0
196970,0
247219,0
230730,0
10159,0
73721,0
203367,0
133859,0
246229,0
201472,0
105673,0
225984,0
94837,0
255350,0
116940,0
35404,0
193141,0
67787,0
43188,0
52092,0
233210,0
53662,0
257252,0
110494,0
236156,0
21636,0
196521,0
142006,0
136572,0
100820,0
207064,0
157034,0
120651,0
119674,0
189269,0
214424,0
252380,0
109239,0
204846,0
73704,0
172213,0
48666,0
90918,0
177588,0
211451,0
200964,0
2400,0
177315,0
53818,0
18301,0
195456,0
150305,0
190988,0
184748,0
619,0
128666,0
84867,0
117398,0
188929,0
113538,0
173344,0
112088,0
20301,0
45238,0
52956,0
102404,0
160799,0
109200,0
151145,0
223109,0
12951,0
25161,0
135150,0
112479,0
248490,0
242337,0
148373,0
62297,0
115222,0
227178,0
147701,0
127482,0
237321,0
183316,0
39952,0
251426,0
84378,0
143031,0
118722,0
95647,0
240859,0
62056,0
123823,0
1942,0
173079,0
177472,0
220613,0
83974,0
123915,0
52870,0
84709,0
244513,0
50124,0
139542,0
218397,0
249420,0
210545,0
160253,0
232037,0
172517,0
147595,0
226642,0
31645,0
33038,0
18398,0
109231,0
83258,0
164040,0
231483,0
163791,0
226965,0
256639,0
143232,0
241006,0
208358,0
148955,0
162447,0
125807,0
83807,0
245207,0
208649,0
189914,0
196834,0
150663,0
254210,0
101284,0
1085,0
250695,0
200169,0
32153,0
57840,0
232580,0
140000,0
134460,0
79080,0
146278,0
15000,0
141072,0
199702,0
221712,0
31027,0
15452,0
66537,0
234683,0
29851,0
4718,0
151128,0
239915,0
87139,0
187781,0
251142,0
190461,0
230360,0
27143,0
182297,0
22877,0
187570,0
35059,0
233913,0
183087,0
230333,0
196124,0
204742,0
102330,0
231264,0
1227,0
111663,0
182740,0
58420,0
174178,0
70447,0
184843,0
133693,0
48281,0
9639,0
37761,0
63593,0
177403,0
176411,0
122751,0
36322,0
206779,0
149505,0
220086,0
198289,0
78017,0
175658,0
35332,0
218010,0
261057,0
219806,0
6296,0
108477,0
237994,0
146574,0
152509,0
133728,0
122816,0
29355,0
226109,0
261267,0
176465,0
50978,0
151967,0
6794,0
179993,0
241120,0
164625,0
12333,0
164935,0
101474,0
15478,0
97830,0
105689,0
243129,0
57666,0
24288,0
480,0
27832,0
191734,0
239752,0
51842,0
252589,0
215310,0
48099,0
86384,0
170729,0
77519,0
80061,0
247488,0
64146,0
94488,0
254027,0
242086,0
203218,0
111070,0
210781,0
161824,0
156065,0
22167,0
160706,0
125931,0
44740,0
108949,0
203377,0
18060,0
95709,0
218537,0
250094,0
201186,0
27672,0
173324,0
107127,0
91693,0
201757,0
57595,0
143359,0
179215,0
93255,0
40441,0
45321,0
240647,0
168853,0
43267,0
55928,0
122112,0
157988,0
151508,0
196262,0
104949,0
160730,0
59671,0
263600,0
152401,0
17858,0
211046,0
126309,0
217308,0
118215,0
154958,0
54326,0
111905,0
10778,0
71811,0
12650,0
186895,0
150728,0
161037,0
118416,0
217627,0
186368,0
170319,0
256823,0
108500,0
149808,0
208022,0
138922,0
106092,0
205698,0
75499,0
197530,0
237413,0
227932,0
21029,0
51735,0
33581,0
168271,0
59827,0
217520,0
207111,0
232595,0
30560,0
183707,0
94452,0
46289,0
50073,0
239535,0
89147,0
255165,0
134863,0
35,0
253124,0
56484,0
266539,0
31513,0
163885,0
107260,0
247168,0
69095,0
124372,0
223649,0
262650,0
40660,0
137210,0
135818,0
141534,0
184004,0
186814,0
67229,0
154858,0
137244,0
7247,0
216667,0
92931,0
229121,0
125880,0
187163,0
115512,0
124784,0
179683,0
26593,0
174891,0
186450,0
15542,0
234408,0
241294,0
200537,0
150211,0
128291,0
246965,0
114643,0
33351,0
105672,0
19943,0
15216,0
188635,0
93541,0
3403,0
71399,0
70742,0
101123,0
119797,0
41782,0
235158,0
35206,0
132211,0
32710,0
254780,0
238860,0
220476,0
200534,0
228116,0
65616,0
67128,0
255400,0
109628,0
248432,0
259880,0
205541,0
95718,0
103993,0
34332,0
35424,0
106010,0
240957,0
38197,0
222949,0
225854,0
48321,0
19545,0
34258,0
85642,0
17557,0
120869,0
45920,0
16002,0
205546,0
21946,0
237717,0
245574,0
40265,0
156829,0
22181,0
24173,0
22266,0
97474,0
49987,0
24522,0
90440,0
26945,0
36601,0
215559,0
129845,0
20391,0
240849,0
57487,0
156784,0
132070,0
20086,0
115454,0
74187,0
226921,0
11436,0
250920,0
105621,0
50559,0
30258,0
120900,0
237471,0
237443,0
238067,0
6017,0
235846,0
2489,0
78294,0
76404,0
127099,0
157617,0
28900,0
219327,0
80995,0
39630,0
204556,0
199865,0
117684,0
46575,0
195747,0
164421,0
136822,0
247788,0
153009,0
157715,0
254100,0
1033,0
17944,0
116482,0
210225,0
34363,0
89023,0
190765,0
145443,0
147498,0
180728,0
31699,0
78449,0
225668,0
13935,0
55973,0
110079,0
228912,0
93569,0
255374,0
59816,0
256269,0
73159,0
75192,0
14481,0
254638,0
202191,0
207940,0
245425,0
48153,0
55805,0
243849,0
16905,0
98596,0
26534,0
143332,0
215359,0
248995,0
258013,0
237412,0
54234,0
214208,0
160886,0
138600,0
139488,0
222824,0
200752,0
256499,0
121704,0
119202,0
122960,0
160342,0
223642,0
183268,0
128761,0
193658,0
153875,0
27643,0
228378,0
212538,0
16023,0
39009,0
177419,0
137722,0
55042,0
208544,0
122119,0
191371,0
37580,0
235302,0
26756,0
58042,0
222255,0
241351,0
79458,0
72592,0
78081,0
38755,0
164948,0
131507,0
174790,0
94577,0
51279,0
139705,0
36654,0
224157,0
99343,0
115924,0
87807,0
14680,0
218660,0
251454,0
229231,0
24074,0
249943,0
134995,0
255660,0
239803,0
174958,0
239165,0
155104,0
34449,0
16459,0
14204,0
223958,0
236312,0
234735,0
265544,0
215279,0
114936,0
239365,0
222972,0
242766,0
50351,0
42447,0
111536,0
251931,0
47910,0
208889,0
238202,0
35468,0
167626,0
55736,0
5739,0
29501,0
164435,0
124244,0
257061,0
80182,0
131622,0
78937,0
38887,0
247659,0
4359,0
49596,0
23685,0
57159,0
19654,0
161305,0
146536,0
226428,0
139713,0
247745,0
46016,0
201544,0
132296,0
233628,0
75981,0
109722,0
18519,0
212967,0
109397,0
65964,0
169430,0
96816,0
172298,0
106885,0
53074,0
107871,0
62360,0
249871,0
23529,0
66149,0
23929,0
61022,0
8009,0
225477,0
142213,0
255295,0
251894,0
14627,0
147752,0
167677,0
193907,0
167715,0
245005,0
41119,0
8311,0
245389,0
15178,0
35876,0
53877,0
30219,0
167614,0
29044,0
113333,0
178378,0
1627,0
215254,0
627,0
64262,0
144668,0
92016,0
148481,0
226530,0
71388,0
71586,0
179990,0
109889,0
145160,0
61518,0
24384,0
61541,0
67122,0
12358,0
74301,0
133862,0
135005,0
221823,0
200259,0
134169,0
6791,0
97690,0
215470,0
180194,0
12473,0
216844,0
120438,0
193550,0
257,0
183604,0
74042,0
214978,0
20884,0
156323,0
207190,0
224170,0
201904,0
150109,0
133569,0
156866,0
221332,0
171055,0
75127,0
60169,0
30109,0
192281,0
124074,0
178650,0
83014,0
104626,0
252253,0
78870,0
254160,0
51186,0
145875,0
67757,0
217855,0
97330,0
242641,0
58279,0
56128,0
117611,0
214035,0
47913,0
170047,0
154383,0
189489,0
91022,0
193166,0
121058,0
68207,0
129468,0
81887,0
212784,0
132899,0
158367,0
41798,0
136847,0
33489,0
172724,0
92187,0
50844,0
91376,0
178244,0
255539,0
173936,0
146242,0
201852,0
142280,0
89983,0
52456,0
201059,0
140248,0
238074,0
173774,0
124203,0
60547,0
215956,0
127024,0
244740,0
129700,0
224305,0
111493,0
95205,0
69831,0
225816,0
153503,0
177077,0
158218,0
95144,0
121509,0
8076,0
10095,0
133154,0
186671,0
105383,0
157759,0
56689,0
166631,0
101799,0
90454,0
259672,0
226489,0
200525,0
48399,0
100144,0
8272,0
174122,0
197726,0
136641,0
70333,0
21283,0
40468,0
265911,0
115101,0
55693,0
58247,0
127941,0
162115,0
226300,0
58254,0
142373,0
53170,0
21345,0
225359,0
201545,0
195894,0
128572,0
195006,0
63040,0
41640,0
253994,0
149352,0
17077,0
64975,0
201934,0
4797,0
1553,0
251710,0
232081,0
151797,0
170336,0
83976,0
101548,0
23853,0
239786,0
256786,0
166072,0
176112,0
236587,0
183743,0
194262,0
200007,0
219175,0
231728,0
131240,0
84614,0
192044,0
226679,0
260753,0
81103,0
129879,0
254126,0
203640,0
135834,0
194009,0
11914,0
237513,0
160027,0
259734,0
159448,0
240954,0
56438,0
62337,0
130784,0
4088,0
215525,0
233637,0
171763,0
809,0
265562,0
64995,0
159662,0
125093,0
122174,0
56429,0
5872,0
109669,0
225764,0
234704,0
23034,0
108555,0
150615,0
257682,0
117154,0
38149,0
204625,0
149469,0
255825,0
176623,0
166652,0
118100,0
114907,0
132658,0
165858,0
46339,0
140005,0
176010,0
107400,0
6872,0
62794,0
135487,0
260357,0
77825,0
65698,0
106120,0
196395,0
210631,0
98536,0
232641,0
98219,0
209882,0
230226,0
50512,0
13645,0
87550,0
154648,0
141054,0
63576,0
140187,0
89407,0
154528,0
174487,0
115279,0
198260,0
74972,0
214958,0
147089,0
163593,0
198466,0
92209,0
233990,0
24937,0
194196,0
37622,0
170300,0
199110,0
189958,0
60451,0
47004,0
205013,0
89842,0
9501,0
125098,0
88225,0
252255,0
77696,0
127116,0
109045,0
5502,0
183941,0
32751,0
168536,0
190651,0
204696,0
77178,0
117896,0
205151,0
85976,0
99029,0
49225,0
109505,0
165462,0
187403,0
123933,0
185003,0
142189,0
199134,0
124857,0
192528,0
153344,0
5864,0
95547,0
253573,0
264352,0
250271,0
82259,0
183944,0
192399,0
256566,0
34616,0
123415,0
39153,0
116971,0
42953,0
204629,0
74994,0
95564,0
136419,0
99605,0
5481,0
117666,0
40507,0
249998,0
195255,0
236124,0
101502,0
231633,0
197202,0
101106,0
170738,0
201941,0
188415,0
213257,0
218943,0
140519,0
139206,0
40593,0
242689,0
20470,0
242108,0
12698,0
48204,0
223148,0
28143,0
174150,0
30100,0
94075,0
27373,0
50151,0
89395,0
238956,0
195996,0
161170,0
54722,0
120569,0
126761,0
107349,0
252496,0
211000,0
236036,0
221221,0
82548,0
232927,0
235991,0
174057,0
53520,0
139940,0
82057,0
160619,0
177476,0
115293,0
205377,0
115872,0
25369,0
167875,0
96973,0
246007,0
118824,0
5713,0
81819,0
78980,0
112257,0
172192,0
237050,0
49982,0
157407,0
26371,0
62487,0
169636,0
252663,0
17102,0
129639,0
163229,0
4583,0
151414,0
241436,0
260179,0
264586,0
65905,0
106773,0
216218,0
17014,0
148349,0
241279,0
208902,0
158775,0
241274,0
89560,0
18327,0
45830,0
183472,0
5426,0
149364,0
96419,0
4499,0
58107,0
178730,0
255722,0
262637,0
175924,0
101857,0
244178,0
248317,0
38352,0
151610,0
174523,0
136682,0
144606,0
42570,0
101396,0
193026,0
164912,0
238711,0
67947,0
100392,0
76504,0
123167,0
1899,0
169638,0
125890,0
225600,0
11723,0
47662,0
171009,0
174392,0
63417,0
100748,0
80648,0
53902,0
197855,0
137455,0
93528,0
161776,0
70613,0
30308,0
142063,0
13311,0
204233,0
143965,0
136044,0
22569,0
196844,0
93591,0
39404,0
98794,0
253912,0
150952,0
116484,0
176656,0
115699,0
127865,0
160382,0
164130,0
232750,0
187462,0
112322,0
169129,0
199823,0
128852,0
245289,0
97742,0
30667,0
135861,0
51624,0
243600,0
194143,0
154728,0
265570,0
141417,0
94966,0
127286,0
152037,0
231686,0
124088,0
134399,0
157463,0
45717,0
250296,0
131577,0
68958,0
183554,0
227861,0
32634,0
121125,0
247310,0
36430,0
142910,0
136782,0
221760,0
202061,0
142974,0
111413,0
13070,0
98180,0
58427,0
32715,0
4078,0
160567,0
82342,0
18048,0
215522,0
140643,0
244026,0
182284,0
180622,0
230835,0
30610,0
124016,0
22522,0
227537,0
97,0
50820,0
28336,0
44315,0
186859,0
24984,0
145177,0
9416,0
16919,0
213225,0
20164,0
21469,0
228246,0
142887,0
266238,0
248204,0
82212,0
121802,0
183681,0
190338,0
207380,0
172812,0
259242,0
256177,0
222179,0
211030,0
35022,0
87206,0
121611,0
215274,0
96759,0
120262,0
130539,0
200982,0
189409,0
132357,0
119224,0
191960,0
153806,0
204367,0
255663,0
152605,0
174082,0
34615,0
232422,0
37483,0
201784,0
103069,0
261842,0
193358,0
259352,0
178440,0
149112,0
44093,0
17441,0
31276,0
220625,0
109953,0
30186,0
224954,0
265406,0
206301,0
254408,0
99361,0
36263,0
233149,0
148116,0
54625,0
198926,0
174938,0
202193,0
228789,0
194164,0
208302,0
66901,0
115382,0
237166,0
207463,0
235291,0
200268,0
143560,0
132097,0
9765,0
103337,0
15664,0
558,0
111297,0
239457,0
3950,0
219478,0
144561,0
59598,0
136277,0
40429,0
189380,0
36950,0
11667,0
79777,0
151067,0
64766,0
188654,0
77599,0
253061,0
17242,0
256983,0
224208,0
41275,0
242622,0
249428,0
201465,0
250550,0
61673,0
194168,0
122916,0
75231,0
220140,0
231369,0
2034,0
179098,0
77058,0
18573,0
233775,0
260649,0
192525,0
23426,0
122616,0
180690,0
18450,0
212634,0
245332,0
154615,0
236770,0
253038,0
79217,0
132480,0
262955,0
156372,0
189092,0
96666,0
65833,0
242160,0
162791,0
65054,0
161684,0
64504,0
171423,0
75429,0
54130,0
31590,0
217095,0
178062,0
28101,0
247814,0
161526,0
186968,0
100677,0
69867,0
21948,0
155019,0
20694,0
138730,0
69955,0
220269,0
196633,0
232171,0
70855,0
224611,0
224479,0
119696,0
207707,0
122202,0
191731,0
85879,0
59398,0
258559,0
46129,0
149567,0
248659,0
263176,0
178119,0
161601,0
198366,0
207756,0
117644,0
56754,0
167921,0
74812,0
234624,0
55232,0
165151,0
159787,0
71738,0
257995,0
134600,0
212088,0
161739,0
225261,0
209734,0
74570,0
213496,0
70358,0
45336,0
261509,0
67154,0
228993,0
168809,0
85089,0
196910,0
58289,0
124887,0
198062,0
180539,0
86197,0
124032,0
29194,0
188821,0
42782,0
244495,0
202042,0
66992,0
77266,0
257529,0
208389,0
64663,0
159539,0
192331,0
115095,0
132664,0
78317,0
170035,0
75108,0
58536,0
197929,0
244427,0
143618,0
96178,0
30372,0
98397,0
142798,0
33888,0
165154,0
158028,0
39721,0
80541,0
202737,0
154535,0
162233,0
222763,0
156086,0
234088,0
194155,0
205042,0
139081,0
61123,0
168899,0
192742,0
112510,0
23040,0
113886,0
190529,0
130079,0
192408,0
136943,0
236927,0
183917,0
252787,0
10983,0
117602,0
44019,0
201374,0
95874,0
168637,0
252798,0
123763,0
172528,0
249176,0
80984,0
61981,0
14646,0
106221,0
45070,0
64012,0
8828,0
48769,0
91071,0
250978,0
133626,0
18479,0
188348,0
139956,0
24471,0
213726,0
159204,0
256452,0
109938,0
102638,0
41171,0
70807,0
207587,0
15688,0
150949,0
251136,0
165408,0
141745,0
63850,0
66564,0
217635,0
144495,0
232950,0
51678,0
107531,0
106521,0
211343,0
235493,0
75532,0
149277,0
8196,0
177493,0
156724,0
125436,0
78875,0
253033,0
32240,0
185809,0
251881,0
180801,0
220673,0
213345,0
242332,0
227037,0
252920,0
79956,0
80020,0
172,0
261680,0
113803,0
176871,0
129488,0
185773,0
61974,0
112603,0
14513,0
160557,0
420,0
41338,0
23958,0
2587,0
102050,0
77608,0
190335,0
52129,0
95104,0
247336,0
180032,0
8527,0
29381,0
108962,0
19182,0
201813,0
234947,0
166917,0
111068,0
2198,0
217386,0
181704,0
91306,0
74236,0
179919,0
40123,0
40050,0
139814,0
41880,0
255697,0
78107,0
165765,0
168711,0
252274,0
63949,0
20858,0
217876,0
219511,0
54471,0
262488,0
181390,0
106772,0
225168,0
122973,0
255606,0
183223,0
201847,0
240005,0
80513,0
190465,0
150517,0
178348,0
188867,0
63300,0
251890,0
199151,0
61323,0
84341,0
247377,0
40237,0
34478,0
92914,0
139159,0
57140,0
30823,0
200180,0
160349,0
208063,0
165627,0
197906,0
179233,0
102187,0
53625,0
203885,0
199432,0
188003,0
34078,0
7587,0
84530,0
146702,0
7611,0
98509,0
95851,0
188502,0
25335,0
115637,0
246046,0
8562,0
149644,0
179876,0
176309,0
108523,0
132001,0
178826,0
227907,0
180789,0
219372,0
58343,0
219772,0
190829,0
23980,0
145527,0
154164,0
43458,0
141653,0
113555,0
129472,0
119213,0
142215,0
166547,0
71783,0
234434,0
124262,0
77484,0
204969,0
139962,0
262134,0
6518,0
142153,0
157512,0
234941,0
243095,0
215148,0
217767,0
194266,0
148716,0
209424,0
105145,0
219209,0
128270,0
222576,0
83549,0
104754,0
40476,0
50012,0
201865,0
42016,0
87680,0
265827,0
95053,0
99645,0
123659,0
209568,0
140807,0
209240,0
9180,0
122329,0
201248,0
119183,0
217120,0
70244,0
54926,0
226544,0
34781,0
187021,0
228674,0
40413,0
264776,0
1047,0
228221,0
176811,0
89254,0
62346,0
4842,0
201459,0
264742,0
149495,0
260434,0
223647,0
67319,0
133277,0
113635,0
94962,0
69431,0
99376,0
129859,0
36197,0
198497,0
94561,0
110598,0
87936,0
31823,0
198514,0
203501,0
6715,0
132584,0
266124,0
51489,0
188215,0
158285,0
128323,0
178578,0
154408,0
190471,0
231341,0
49698,0
137934,0
193584,0
242495,0
6349,0
224500,0
204825,0
25434,0
198250,0
40763,0
188381,0
239199,0
207515,0
235228,0
178486,0
124877,0
216809,0
80139,0
111280,0
230659,0
183145,0
177429,0
138662,0
187577,0
12813,0
254406,0
251702,0
224072,0
179715,0
19032,0
167152,0
172702,0
67596,0
204656,0
45274,0
9329,0
233411,0
96304,0
175836,0
98459,0
223820,0
252542,0
90944,0
176013,0
183003,0
125149,0
200730,0
64971,0
256060,0
124154,0
217751,0
864,0
152443,0
106362,0
113877,0
183174,0
126258,0
133979,0
22296,0
185492,0
223233,0
20018,0
171274,0
107004,0
84856,0
62736,0
49791,0
166869,0
192657,0
10372,0
40587,0
143752,0
5342,0
178044,0
203717,0
197284,0
241280,0
186470,0
57698,0
148967,0
149582,0
244885,0
245748,0
83893,0
166038,0
87777,0
230373,0
179156,0
38905,0
240814,0
102770,0
207329,0
93030,0
79854,0
37601,0
219270,0
97067,0
19276,0
88336,0
220573,0
70205,0
27368,0
41258,0
248519,0
57335,0
77715,0
86327,0
96753,0
250824,0
77099,0
236130,0
57759,0
68792,0
80185,0
232253,0
82505,0
138275,0
203076,0
113606,0
44009,0
85378,0
95365,0
166956,0
48614,0
148020,0
70866,0
157549,0
116588,0
77436,0
177771,0
165913,0
121995,0
193400,0
109512,0
217469,0
8031,0
31724,0
213591,0
63969,0
204389,0
121434,0
246096,0
83668,0
513,0
100056,0
265554,0
208522,0
137611,0
50431,0
23765,0
121200,0
42036,0
178015,0
110582,0
72443,0
961,0
198021,0
124818,0
155373,0
109942,0
203403,0
138002,0
175612,0
172008,0
145385,0
265273,0
179682,0
157230,0
17793,0
175384,0
273,0
116589,0
248166,0
24420,0
58371,0
159913,0
180162,0
43878,0
105895,0
114058,0
262136,0
257700,0
25935,0
98073,0
199873,0
47576,0
241276,0
100119,0
27403,0
105330,0
213675,0
110090,0
250826,0
256353,0
78584,0
227160,0
196155,0
121883,0
117735,0
25074,0
113897,0
239154,0
121928,0
81808,0
239498,0
28204,0
100987,0
11264,0
123312,0
170468,0
188851,0
100743,0
26351,0
173339,0
86325,0
115131,0
165482,0
94359,0
102974,0
183459,0
221143,0
138515,0
58948,0
199659,0
32861,0
100083,0
266642,0
175623,0
61908,0
22259,0
77582,0
45237,0
261223,0
6809,0
35721,0
120435,0
176599,0
51050,0
131767,0
25159,0
229967,0
145820,0
147175,0
73866,0
260811,0
94495,0
140811,0
146468,0
109710,0
114816,0
247113,0
240781,0
138415,0
150092,0
151421,0
246168,0
101779,0
179121,0
262325,0
163149,0
247369,0
12974,0
46326,0
249604,0
15078,0
222798,0
234687,0
105610,0
168898,0
258289,0
209853,0
206657,0
34774,0
51615,0
255470,0
72968,0
244249,0
122786,0
136466,0
7144,0
252599,0
9046,0
71540,0
81063,0
11557,0
125489,0
26660,0
236382,0
15825,0
97525,0
78163,0
257420,0
121467,0
54002,0
240158,0
194014,0
153282,0
159883,0
161959,0
264128,0
61487,0
239944,0
204565,0
217569,0
173374,0
68250,0
39295,0
182851,0
47241,0
256945,0
182296,0
109027,0
209675,0
175667,0
149818,0
75329,0
7950,0
8063,0
159080,0
60847,0
919,0
201076,0
173586,0
258558,0
68971,0
224889,0
93248,0
52659,0
176664,0
180551,0
21063,0
72460,0
24968,0
152405,0
213589,0
122735,0
116193,0
45930,0
29228,0
177415,0
165389,0
189162,0
169979,0
134276,0
188959,0
208617,0
22408,0
170807,0
147487,0
257636,0
89082,0
85334,0
200392,0
93684,0
262601,0
53276,0
182636,0
82291,0
49490,0
35665,0
225150,0
195217,0
13859,0
75382,0
73087,0
238305,0
50186,0
177965,0
182200,0
171796,0
68113,0
95717,0
119208,0
137080,0
147287,0
244611,0
10135,0
150983,0
94537,0
37589,0
14896,0
55857,0
32062,0
93263,0
245290,0
186127,0
88681,0
158199,0
207679,0
127845,0
169237,0
142191,0
51742,0
254945,0
33664,0
117249,0
239953,0
16302,0
168395,0
124000,0
166541,0
139132,0
166157,0
49691,0
14611,0
138516,0
238197,0
137022,0
89434,0
149946,0
224876,0
154612,0
8452,0
170271,0
171182,0
122682,0
209637,0
250755,0
248596,0
173741,0
93723,0
227885,0
33409,0
123394,0
254255,0
63763,0
53640,0
162563,0
33077,0
71838,0
161516,0
165225,0
130419,0
238086,0
200468,0
141719,0
178789,0
78145,0
95347,0
113434,0
133951,0
192529,0
91732,0
215290,0
109103,0
59846,0
184497,0
220025,0
51926,0
265415,0
30446,0
212869,0
143721,0
52531,0
246121,0
245168,0
90335,0
148703,0
16258,0
218545,0
265757,0
39122,0
8499,0
177259,0
173402,0
52886,0
220505,0
196626,0
145316,0
177179,0
168977,0
130129,0
185943,0
121242,0
82280,0
82433,0
18789,0
11230,0
230249,0
61268,0
185421,0
27104,0
103873,0
216045,0
47947,0
147933,0
5179,0
74023,0
250481,0
164585,0
189224,0
26812,0
146479,0
89177,0
119304,0
34795,0
186113,0
36009,0
168857,0
128723,0
93284,0
28264,0
223585,0
15882,0
216649,0
250754,0
122069,0
124431,0
168280,0
101647,0
174364,0
107660,0
46720,0
31499,0
177724,0
225738,0
66012,0
30448,0
190698,0
33279,0
194489,0
115296,0
148428,0
121561,0
14746,0
191694,0
8893,0
137648,0
78740,0
31034,0
204800,0
236778,0
134421,0
66594,0
3768,0
85940,0
113592,0
138457,0
231302,0
88666,0
147070,0
141217,0
39618,0
98624,0
94693,0
235896,0
36314,0
199901,0
219690,0
87660,0
111427,0
110095,0
168658,0
126554,0
204250,0
74960,0
58531,0
2283,0
251991,0
119393,0
164521,0
143764,0
165116,0
259112,0
101587,0
247880,0
59493,0
26023,0
4144,0
212897,0
265173,0
184685,0
150159,0
98882,0
28015,0
240149,0
121012,0
235613,0
122688,0
222747,0
153571,0
34017,0
138018,0
205200,0
174952,0
166098,0
204542,0
113069,0
10362,0
49230,0
192330,0
161813,0
255841,0
82090,0
110955,0
162423,0
209026,0
193017,0
208391,0
235341,0
95775,0
66334,0
190420,0
185231,0
102550,0
130450,0
30149,0
144339,0
160334,0
258277,0
54333,0
219707,0
71312,0
187985,0
67236,0
11107,0
52609,0
83436,0
184552,0
203172,0
205299,0
256774,0
223283,0
160255,0
26639,0
179566,0
89979,0
62594,0
39614,0
259846,0
89605,0
136395,0
100365,0
41249,0
84713,0
259341,0
51918,0
229843,0
56903,0
237695,0
78276,0
53492,0
14817,0
81370,0
46023,0
170512,0
90733,0
50797,0
262707,0
137431,0
190874,0
49422,0
115277,0
10257,0
35844,0
23179,0
79042,0
125686,0
59121,0
103107,0
182455,0
53279,0
109891,0
144079,0
127401,0
96099,0
166458,0
78189,0
19078,0
33129,0
56361,0
146897,0
35397,0
111286,0
18089,0
223498,0
61092,0
161551,0
259284,0
3574,0
45951,0
245741,0
143099,0
72519,0
91073,0
180725,0
255772,0
12146,0
177838,0
65878,0
67072,0
139064,0
65572,0
165897,0
12970,0
216921,0
192041,0
48986,0
170954,0
149828,0
23603,0
221159,0
225669,0
244077,0
189153,0
61556,0
171520,0
229325,0
145814,0
19371,0
16596,0
43734,0
203079,0
214619,0
89974,0
201420,0
118601,0
797,0
250671,0
7617,0
121766,0
147904,0
206687,0
120658,0
12612,0
169568,0
109389,0
41479,0
63720,0
238809,0
113251,0
190884,0
35521,0
183920,0
205482,0
19012,0
52078,0
59406,0
257427,0
19521,0
132125,0
121565,0
91192,0
130683,0
57365,0
147441,0
162392,0
204798,0
92454,0
193826,0
27749,0
165368,0
217128,0
200301,0
47588,0
45534,0
248679,0
220420,0
28907,0
9508,0
9616,0
118408,0
28615,0
67081,0
143397,0
5002,0
12059,0
67824,0
66570,0
102149,0
24987,0
181528,0
4568,0
222822,0
73398,0
179532,0
86117,0
129097,0
30713,0
74077,0
87431,0
260995,0
222794,0
8203,0
197496,0
180647,0
75885,0
258828,0
131228,0
205052,0
37663,0
68964,0
144388,0
84178,0
230789,0
204034,0
148088,0
1975,0
204053,0
30436,0
233281,0
47236,0
250531,0
29083,0
41434,0
208224,0
172919,0
181902,0
45139,0
144202,0
227006,0
44001,0
149149,0
87263,0
43301,0
259939,0
177867,0
208632,0
200650,0
42841,0
205491,0
117827,0
214570,0
41541,0
94952,0
171786,0
133792,0
214508,0
251825,0
78677,0
120659,0
40428,0
255854,0
245155,0
260857,0
26185,0
64664,0
106050,0
81487,0
167597,0
65118,0
79621,0
217757,0
15678,0
243893,0
150716,0
150059,0
194344,0
148095,0
169072,0
12921,0
64412,0
264473,0
87238,0
25805,0
237152,0
50162,0
39124,0
199900,0
26956,0
158707,0
39621,0
104446,0
25858,0
228461,0
133786,0
237236,0
201229,0
96019,0
231484,0
128317,0
161001,0
258215,0
234544,0
190526,0
254229,0
193916,0
230630,0
50927,0
80617,0
227784,0
155638,0
69345,0
88033,0
104023,0
182526,0
94953,0
198347,0
37532,0
62963,0
208164,0
114983,0
86890,0
14093,0
234385,0
264249,0
72120,0
190418,0
95461,0
2731,0
81575,0
245386,0
149050,0
168061,0
52125,0
55138,0
138672,0
205096,0
125616,0
35969,0
69801,0
189998,0
104358,0
37568,0
171197,0
229151,0
240095,0
68402,0
178803,0
260703,0
164649,0
226342,0
142637,0
168882,0
34680,0
215103,0
108478,0
145139,0
80548,0
222172,0
219448,0
112740,0
236989,0
138100,0
1812,0
231763,0
90388,0
30805,0
57353,0
196081,0
116627,0
133476,0
128599,0
23878,0
241889,0
72406,0
104828,0
60989,0
117527,0
121957,0
135593,0
3536,0
73827,0
4802,0
72060,0
176680,0
160898,0
82366,0
61384,0
200357,0
213525,0
253819,0
71209,0
43393,0
31811,0
175443,0
67868,0
34689,0
94547,0
153812,0
150116,0
4805,0
106923,0
146312,0
206177,0
106048,0
167656,0
174851,0
250017,0
189780,0
154770,0
33015,0
55922,0
118232,0
78926,0
240733,0
191099,0
112882,0
258483,0
266581,0
90378,0
127514,0
243959,0
152822,0
170671,0
132109,0
31605,0
126852,0
181753,0
196176,0
39694,0
40177,0
239409,0
224923,0
192118,0
213999,0
53293,0
222484,0
20113,0
30051,0
247393,0
121101,0
135273,0
138986,0
228359,0
90407,0
10073,0
165263,0
217983,0
94127,0
195451,0
74909,0
142179,0
80792,0
37319,0
198318,0
124621,0
78484,0
187408,0
259739,0
230876,0
259882,0
195668,0
89903,0
122970,0
108118,0
221027,0
88412,0
246807,0
210299,0
145645,0
259789,0
236225,0
55646,0
20237,0
100475,0
255754,0
220038,0
36410,0
134135,0
51119,0
226028,0
104172,0
72032,0
32619,0
242831,0
85691,0
64630,0
241059,0
2003,0
234336,0
243309,0
24763,0
49497,0
184222,0
105340,0
93927,0
161448,0
61745,0
13680,0
124713,0
125320,0
55031,0
263402,0
17803,0
113504,0
147465,0
120532,0
43122,0
183475,0
15958,0
261382,0
174248,0
10760,0
164694,0
104761,0
137357,0
174625,0
143839,0
83853,0
224160,0
196751,0
74718,0
32935,0
106183,0
140274,0
25825,0
6955,0
204815,0
11407,0
58582,0
43035,0
99140,0
45112,0
2359,0
242419,0
263345,0
76642,0
222591,0
172172,0
174100,0
210454,0
7941,0
190334,0
128193,0
33190,0
112254,0
116496,0
182731,0
101107,0
156011,0
22963,0
265410,0
65123,0
263054,0
101918,0
48045,0
165526,0
176084,0
203412,0
213722,0
206004,0
77331,0
262263,0
3397,0
142425,0
192219,0
66474,0
35878,0
57611,0
33452,0
214666,0
69900,0
58593,0
133724,0
63016,0
220970,0
178966,0
92584,0
167491,0
12656,0
74733,0
145685,0
50037,0
82278,0
12161,0
36787,0
202183,0
87689,0
253924,0
60881,0
40997,0
154055,0
47063,0
114523,0
42995,0
151719,0
250511,0
211332,0
169526,0
106900,0
241229,0
243012,0
240806,0
28398,0
117426,0
131894,0
205132,0
228054,0
264836,0
8434,0
102513,0
134285,0
20022,0
150682,0
116227,0
197317,0
57589,0
163607,0
75484,0
21315,0
229208,0
231856,0
20276,0
141065,0
172313,0
144055,0
248003,0
200767,0
132381,0
259160,0
48903,0
231299,0
138169,0
1712,0
22807,0
61001,0
233037,0
181088,0
103296,0
253002,0
66740,0
95884,0
126110,0
173643,0
245834,0
105286,0
66543,0
244535,0
90684,0
133414,0
68015,0
119979,0
195945,0
180245,0
124035,0
101272,0
135071,0
61984,0
88822,0
26278,0
167107,0
12554,0
72272,0
164186,0
94524,0
261670,0
77395,0
1740,0
80241,0
202687,0
96354,0
125652,0
37944,0
200213,0
161695,0
116840,0
2767,0
245830,0
135135,0
225723,0
163564,0
216774,0
82219,0
56814,0
168730,0
220581,0
158672,0
64976,0
264318,0
178756,0
31728,0
23674,0
141651,0
131085,0
140482,0
237256,0
78808,0
208515,0
215019,0
190789,0
113188,0
205112,0
139110,0
169610,0
171715,0
101012,0
246518,0
7258,0
5959,0
249675,0
115045,0
158204,0
52607,0
249955,0
84293,0
126112,0
73795,0
261984,0
203504,0
145073,0
2933,0
52761,0
105164,0
77911,0
59226,0
255016,0
106581,0
62442,0
194486,0
227602,0
158684,0
89436,0
192233,0
40368,0
176897,0
225086,0
77435,0
61094,0
104213,0
14432,0
82431,0
63817,0
44118,0
195767,0
171519,0
39029,0
173224,0
83875,0
2606,0
173731,0
143071,0
91129,0
111218,0
129051,0
50046,0
88465,0
204727,0
167547,0
25233,0
205721,0
153629,0
186339,0
187707,0
67641,0
180806,0
45502,0
199257,0
71836,0
209070,0
34294,0
223646,0
87026,0
103954,0
56941,0
234650,0
147647,0
77150,0
37460,0
67707,0
165052,0
188762,0
160939,0
194272,0
56857,0
9008,0
133288,0
189653,0
130747,0
6377,0
27857,0
53161,0
149637,0
96836,0
4295,0
196316,0
199699,0
2708,0
183142,0
6015,0
229809,0
220495,0
136941,0
22286,0
18897,0
105830,0
71676,0
248180,0
128340,0
223025,0
92734,0
137667,0
205360,0
230766,0
62274,0
213331,0
134511,0
226239,0
42530,0
161106,0
265258,0
5986,0
106504,0
205662,0
12150,0
28197,0
112642,0
244472,0
99556,0
174282,0
52807,0
96982,0
153715,0
626,0
66205,0
13387,0
68497,0
166946,0
162306,0
190206,0
89625,0
200550,0
247795,0
198431,0
113989,0
167511,0
70594,0
259579,0
10357,0
248970,0
128557,0
223840,0
158592,0
261133,0
185788,0
123032,0
25658,0
30817,0
142001,0
213864,0
126603,0
32447,0
55249,0
200002,0
82040,0
263084,0
21769,0
183241,0
87020,0
28844,0
260905,0
72718,0
130806,0
70663,0
183478,0
235060,0
90127,0
5201,0
55755,0
38155,0
169820,0
107539,0
43422,0
67365,0
145601,0
243725,0
136411,0
123445,0
85511,0
176470,0
194500,0
220632,0
112382,0
201523,0
103576,0
73123,0
97786,0
92611,0
236121,0
5074,0
82672,0
246772,0
118905,0
50324,0
165881,0
111592,0
193806,0
40355,0
48993,0
26524,0
43017,0
25740,0
9529,0
51743,0
32075,0
80566,0
64907,0
90719,0
247214,0
191486,0
133308,0
162367,0
188349,0
62464,0
179534,0
192846,0
208541,0
150566,0
246353,0
230327,0
50335,0
49117,0
22302,0
88294,0
162237,0
179281,0
113404,0
113413,0
185113,0
247175,0
36007,0
65020,0
20370,0
238716,0
24920,0
188515,0
120193,0
239076,0
12062,0
37423,0
55049,0
84721,0
32700,0
15282,0
237421,0
122870,0
66513,0
225436,0
182549,0
156959,0
50454,0
119125,0
106501,0
124480,0
108287,0
13477,0
169085,0
15313,0
108064,0
141970,0
176198,0
218971,0
174860,0
74128,0
151996,0
144808,0
124943,0
21610,0
6460,0
25218,0
44435,0
63082,0
232984,0
91339,0
49253,0
92424,0
93595,0
63355,0
178001,0
255088,0
155279,0
199778,0
259055,0
250773,0
250340,0
187053,0
205305,0
72031,0
43043,0
254188,0
244111,0
241334,0
12203,0
211689,0
164375,0
237215,0
39428,0
216356,0
150824,0
146868,0
232497,0
170114,0
225354,0
159508,0
11931,0
113177,0
130634,0
101047,0
27615,0
2383,0
62743,0
21268,0
5613,0
57430,0
76575,0
71951,0
84449,0
262770,0
153233,0
172398,0
70870,0
242048,0
139890,0
146477,0
43006,0
9286,0
187774,0
104819,0
255068,0
266588,0
167170,0
49599,0
77705,0
186274,0
194662,0
114003,0
127082,0
45882,0
44705,0
196514,0
131159,0
102949,0
168430,0
200493,0
27865,0
63241,0
132928,0
129174,0
184628,0
152363,0
195748,0
259541,0
62818,0
56352,0
76944,0
81759,0
146100,0
258753,0
54915,0
159649,0
106839,0
217555,0
81019,0
186167,0
153736,0
264531,0
4971,0
106822,0
216567,0
139321,0
180710,0
229213,0
33115,0
153240,0
233276,0
17067,0
179602,0
250087,0
226669,0
187908,0
46105,0
15837,0
219501,0
256689,0
55914,0
54590,0
244779,0
232145,0
179100,0
119156,0
165716,0
93330,0
132348,0
70751,0
95059,0
101122,0
192207,0
143208,0
214037,0
113117,0
96957,0
165785,0
97695,0
50207,0
161795,0
99018,0
181155,0
170459,0
248197,0
257947,0
14556,0
198912,0
3258,0
122046,0
59314,0
92363,0
149965,0
252771,0
71537,0
176178,0
101498,0
78399,0
33777,0
100827,0
213216,0
202798,0
126699,0
234867,0
176435,0
121284,0
184570,0
24711,0
132606,0
79448,0
31047,0
124282,0
199791,0
98196,0
241974,0
108492,0
132719,0
121315,0
216175,0
124308,0
220371,0
89525,0
44901,0
107426,0
7979,0
54807,0
165816,0
206383,0
136550,0
153474,0
148059,0
77046,0
34463,0
44767,0
194411,0
116731,0
58859,0
66882,0
40750,0
36858,0
124544,0
230485,0
150599,0
120036,0
66390,0
208474,0
170102,0
113668,0
127933,0
32220,0
452,0
200500,0
192217,0
173771,0
210725,0
47330,0
121347,0
180322,0
212383,0
102511,0
22992,0
76652,0
69726,0
8930,0
108438,0
265689,0
233967,0
186768,0
184347,0
212892,0
135146,0
191085,0
76671,0
48626,0
65537,0
175460,0
76761,0
206741,0
98010,0
164033,0
245836,0
3046,0
75761,0
54602,0
238605,0
35127,0
123214,0
49481,0
79908,0
97551,0
23459,0
152309,0
73792,0
15436,0
15544,0
181897,0
213920,0
221896,0
69723,0
119311,0
71940,0
259361,0
213258,0
104922,0
142273,0
195968,0
165894,0
23858,0
154689,0
45006,0
57193,0
182413,0
146716,0
121962,0
235427,0
239303,0
19634,0
141380,0
203795,0
237327,0
52257,0
48861,0
111440,0
240057,0
45996,0
208456,0
169667,0
264517,0
29172,0
43638,0
201800,0
110584,0
217242,0
101868,0
130838,0
244582,0
72741,0
99218,0
249396,0
35011,0
153949,0
107226,0
229339,0
73380,0
265921,0
252060,0
52263,0
208715,0
223090,0
187150,0
40260,0
188643,0
156908,0
15371,0
257694,0
203774,0
58377,0
256922,0
179827,0
160848,0
175609,0
254856,0
90305,0
114283,0
79787,0
190181,0
258520,0
237846,0
95527,0
47924,0
122438,0
242033,0
84478,0
225114,0
51443,0
239149,0
97595,0
203123,0
121037,0
69657,0
109548,0
197148,0
149346,0
153036,0
74045,0
77402,0
61758,0
4459,0
46498,0
237150,0
193637,0
242155,0
4434,0
84991,0
254964,0
215585,0
106599,0
18078,0
146929,0
227532,0
90016,0
20402,0
130366,0
147695,0
118317,0
221408,0
80168,0
235982,0
36116,0
138093,0
64117,0
98238,0
175133,0
16040,0
228440,0
115541,0
218967,0
27718,0
69813,0
88114,0
68797,0
115994,0
214643,0
205125,0
56516,0
170804,0
240910,0
18088,0
230629,0
228471,0
86159,0
91151,0
201376,0
43793,0
253743,0
202893,0
7233,0
82897,0
115286,0
183867,0
145652,0
48031,0
27629,0
180861,0
204633,0
233483,0
106808,0
115403,0
107406,0
70595,0
41623,0
165553,0
77445,0
30165,0
193981,0
175986,0
44055,0
142044,0
258082,0
147983,0
211229,0
115710,0
68796,0
209948,0
213494,0
242054,0
63600,0
118247,0
225131,0
209399,0
4644,0
77941,0
169981,0
84770,0
26656,0
13132,0
198476,0
55008,0
25422,0
116961,0
223947,0
257311,0
21715,0
260695,0
105740,0
226468,0
188124,0
221605,0
239063,0
181596,0
135832,0
172639,0
229919,0
201605,0
226482,0
151930,0
177534,0
112852,0
260226,0
56456,0
79173,0
43665,0
141722,0
126798,0
141248,0
256654,0
112469,0
241875,0
169844,0
136829,0
143713,0
162980,0
131211,0
56270,0
186169,0
206650,0
261162,0
224011,0
124676,0
108436,0
160901,0
183544,0
88151,0
77220,0
216393,0
132462,0
262100,0
14689,0
3448,0
114404,0
185597,0
191947,0
143727,0
28526,0
20170,0
161104,0
265638,0
90619,0
256144,0
150275,0
73520,0
191825,0
10900,0
48773,0
76174,0
12262,0
260272,0
64165,0
109055,0
245695,0
104867,0
46752,0
80404,0
87579,0
160131,0
17532,0
170872,0
142433,0
40388,0
46486,0
214647,0
10658,0
111875,0
255832,0
67711,0
256787,0
238316,0
111325,0
113381,0
101938,0
161582,0
73663,0
188092,0
244662,0
148196,0
144068,0
137067,0
201209,0
120086,0
17711,0
73342,0
142271,0
184955,0
184501,0
37330,0
51383,0
44029,0
96331,0
23782,0
188048,0
15670,0
38783,0
256633,0
188404,0
24877,0
128359,0
125323,0
243399,0
157822,0
205997,0
37921,0
245319,0
49933,0
65870,0
4669,0
15499,0
44061,0
117321,0
88496,0
2854,0
62134,0
221872,0
189014,0
100159,0
212200,0
176902,0
40644,0
163983,0
153892,0
115588,0
15799,0
10278,0
224122,0
4200,0
83445,0
249981,0
86013,0
234521,0
34637,0
251158,0
34668,0
167806,0
231017,0
7541,0
54473,0
38301,0
30115,0
229645,0
143044,0
128364,0
217108,0
156820,0
229266,0
202980,0
215686,0
208029,0
54101,0
94195,0
106388,0
91759,0
168932,0
125977,0
48270,0
44782,0
24739,0
5248,0
243174,0
36864,0
79973,0
226457,0
206807,0
89131,0
202912,0
203907,0
255439,0
217076,0
198655,0
250413,0
191155,0
66919,0
238348,0
138146,0
229004,0
63567,0
233607,0
140638,0
261928,0
41292,0
227970,0
235809,0
57110,0
169959,0
193527,0
233838,0
253721,0
195493,0
78680,0
198738,0
192238,0
231845,0
30331,0
217264,0
169293,0
116401,0
4599,0
140019,0
111929,0
77536,0
48477,0
148284,0
57764,0
229383,0
181435,0
174293,0
1639,0
165832,0
135698,0
55827,0
248575,0
261089,0
138774,0
256714,0
264783,0
95606,0
25143,0
77796,0
97531,0
215794,0
36666,0
120712,0
218061,0
153517,0
161165,0
97640,0
131900,0
263072,0
106018,0
204997,0
238083,0
45365,0
157471,0
54156,0
264294,0
202288,0
58575,0
194250,0
54038,0
260792,0
249996,0
122204,0
35407,0
126489,0
102388,0
157422,0
109462,0
193027,0
143831,0
136045,0
77214,0
74234,0
151622,0
144232,0
153814,0
202597,0
138816,0
108880,0
252298,0
252794,0
7140,0
3013,0
74724,0
189037,0
136139,0
174485,0
97555,0
126247,0
249494,0
99620,0
158395,0
52324,0
74782,0
1318,0
1370,0
31956,0
137026,0
109120,0
73275,0
21297,0
8911,0
239151,0
89992,0
201191,0
200125,0
84629,0
126229,0
40578,0
244194,0
71673,0
226704,0
17835,0
27624,0
241670,0
159042,0
1591,0
147364,0
202322,0
109559,0
65170,0
231058,0
103125,0
32937,0
230782,0
238082,0
239095,0
138583,0
213409,0
34038,0
183682,0
21504,0
215918,0
145395,0
242467,0
220796,0
35391,0
38204,0
222875,0
80193,0
237599,0
180061,0
28478,0
145949,0
160428,0
181692,0
103156,0
103760,0
33562,0
91720,0
36514,0
127113,0
137365,0
163436,0
57861,0
237987,0
185240,0
108965,0
123667,0
87570,0
203995,0
158794,0
107618,0
16015,0
262098,0
257723,0
67465,0
196161,0
33270,0
167670,0
151423,0
199342,0
164056,0
98525,0
17251,0
4117,0
7464,0
32061,0
146401,0
86947,0
98836,0
214777,0
184199,0
159200,0
39077,0
185315,0
201653,0
236360,0
158932,0
151364,0
113805,0
151896,0
17216,0
110085,0
164672,0
19806,0
139329,0
84862,0
143710,0
196202,0
70876,0
84527,0
225544,0
249646,0
146933,0
158387,0
37032,0
262434,0
12168,0
36774,0
146640,0
259412,0
75187,0
191203,0
193256,0
55380,0
132178,0
223651,0
83798,0
23962,0
110127,0
256811,0
3956,0
145664,0
207499,0
238652,0
165727,0
114933,0
133475,0
119878,0
165126,0
145389,0
58798,0
110788,0
161705,0
81781,0
251183,0
145485,0
31586,0
81692,0
114074,0
140462,0
266559,0
144739,0
246494,0
4476,0
62612,0
33937,0
29686,0
253034,0
97651,0
153734,0
44605,0
255373,0
240766,0
243028,0
167082,0
33392,0
177961,0
177864,0
29376,0
97900,0
160451,0
168976,0
207620,0
57936,0
111105,0
14759,0
23301,0
145131,0
173703,0
219910,0
240798,0
136059,0
173109,0
111825,0
18399,0
1604,0
18246,0
209679,0
147337,0
200802,0
10484,0
146219,0
98214,0
184936,0
162751,0
124527,0
26188,0
171388,0
82560,0
216268,0
91892,0
21545,0
98973,0
109345,0
191650,0
1836,0
49570,0
218871,0
56768,0
105510,0
2875,0
238730,0
134580,0
194046,0
149161,0
149304,0
101207,0
50948,0
92177,0
103533,0
251248,0
233249,0
221227,0
216178,0
196838,0
119956,0
257758,0
25298,0
184053,0
10456,0
92870,0
159225,0
129636,0
249158,0
91015,0
50832,0
231097,0
28898,0
202626,0
70102,0
124758,0
161678,0
251937,0
231037,0
89470,0
192362,0
127837,0
134236,0
168201,0
190953,0
243236,0
128035,0
124013,0
231644,0
40313,0
145028,0
175980,0
240817,0
173135,0
87404,0
52894,0
97097,0
200222,0
164844,0
93551,0
257690,0
153729,0
121806,0
117469,0
78284,0
105223,0
142274,0
164159,0
221223,0
6,0
80709,0
121580,0
227572,0
150839,0
3566,0
250444,0
214057,0
23087,0
153994,0
82135,0
186805,0
182778,0
100793,0
151247,0
70747,0
23120,0
141940,0
193711,0
147824,0
126027,0
243998,0
191026,0
135747,0
85921,0
149028,0
42856,0
17389,0
261398,0
123686,0
166612,0
6783,0
180862,0
46327,0
158873,0
78888,0
150875,0
122807,0
6600,0
37433,0
149642,0
25571,0
144082,0
203813,0
254035,0
102689,0
49420,0
50720,0
176925,0
219997,0
86595,0
220628,0
139534,0
66732,0
21381,0
208989,0
223419,0
214853,0
246586,0
172582,0
210039,0
133811,0
62351,0
194285,0
118884,0
7034,0
82651,0
67316,0
225560,0
266023,0
249518,0
80222,0
7137,0
81983,0
123697,0
91241,0
238175,0
154739,0
200171,0
85622,0
244220,0
239948,0
133332,0
258554,0
243389,0
168570,0
32698,0
224622,0
120921,0
251431,0
134440,0
156743,0
184492,0
110925,0
116354,0
73869,0
17258,0
57213,0
48102,0
233963,0
86279,0
21153,0
179524,0
61687,0
86714,0
1997,0
198143,0
59943,0
58877,0
243209,0
242417,0
176454,0
188900,0
188179,0
10166,0
242863,0
206420,0
116989,0
111090,0
247481,0
251680,0
17840,0
20910,0
123460,0
80903,0
230600,0
237319,0
73470,0
263724,0
240389,0
123875,0
240937,0
196439,0
53138,0
82824,0
38485,0
75863,0
22098,0
142178,0
200680,0
39759,0
112827,0
106738,0
266251,0
207197,0
112223,0
28718,0
124531,0
54869,0
89638,0
25015,0
252908,0
204226,0
229328,0
176665,0
157085,0
253036,0
174406,0
174645,0
263201,0
226174,0
109788,0
218989,0
133509,0
122237,0
61706,0
232674,0
81285,0
180386,0
107944,0
196907,0
188376,0
226073,0
258598,0
22297,0
34,0
209835,0
98829,0
69714,0
174995,0
18980,0
179660,0
105410,0
43674,0
202595,0
112310,0
91640,0
260343,0
182569,0
234324,0
82051,0
18242,0
64438,0
45381,0
56666,0
9196,0
147762,0
234856,0
66781,0
266224,0
29695,0
120292,0
141497,0
176286,0
168423,0
213573,0
233971,0
234695,0
130266,0
84119,0
197626,0
158494,0
7141,0
14798,0
141677,0
218723,0
132160,0
73469,0
150065,0
103753,0
73868,0
92275,0
39129,0
182661,0
88414,0
78250,0
99643,0
211945,0
63565,0
248670,0
71769,0
220221,0
248612,0
193386,0
143729,0
119668,0
101748,0
64178,0
184564,0
76541,0
213019,0
41059,0
53811,0
60841,0
247033,0
208622,0
4370,0
165979,0
246305,0
228204,0
68112,0
23356,0
84819,0
67735,0
152886,0
16280,0
66190,0
232479,0
110314,0
252328,0
47114,0
68773,0
115081,0
247383,0
90183,0
174553,0
7422,0
211408,0
24454,0
48287,0
261997,0
230672,0
219876,0
135011,0
146688,0
206009,0
122854,0
171851,0
82516,0
91406,0
109393,0
124024,0
87663,0
75541,0
109777,0
78323,0
164138,0
9200,0
245628,0
96506,0
100955,0
186401,0
32439,0
122802,0
165355,0
40295,0
240561,0
43196,0
264936,0
175690,0
159259,0
175770,0
60527,0
108520,0
177468,0
40336,0
235115,0
132713,0
147308,0
228225,0
58009,0
125189,0
244259,0
202242,0
17324,0
254162,0
194015,0
169590,0
21678,0
126499,0
41328,0
21132,0
17458,0
205089,0
230140,0
217248,0
238547,0
10265,0
135363,0
139348,0
61869,0
146810,0
124218,0
10761,0
70947,0
237508,0
68447,0
69587,0
122981,0
3464,0
70440,0
110434,0
48464,0
131810,0
147978,0
183175,0
259501,0
151507,0
91187,0
149939,0
114855,0
231312,0
236568,0
84519,0
185126,0
36785,0
77640,0
184317,0
263858,0
209995,0
141818,0
80865,0
192877,0
196448,0
69215,0
196665,0
109882,0
162239,0
142979,0
145144,0
153919,0
145746,0
252724,0
40723,0
81623,0
75529,0
139498,0
168125,0
186598,0
48848,0
114180,0
105633,0
201963,0
41283,0
80402,0
133921,0
170852,0
227300,0
122216,0
99263,0
99665,0
554,0
11259,0
138020,0
110560,0
135398,0
21059,0
10649,0
235891,0
174543,0
4035,0
224352,0
118597,0
161116,0
91224,0
242452,0
115444,0
246372,0
257341,0
199252,0
10878,0
166579,0
217979,0
196426,0
224062,0
194647,0
157306,0
257042,0
18845,0
196474,0
90022,0
7310,0
126108,0
109161,0
114359,0
193891,0
189509,0
231499,0
73903,0
262528,0
112150,0
244231,0
18366,0
259987,0
40020,0
151437,0
98487,0
261276,0
21341,0
159929,0
161398,0
67142,0
194825,0
149639,0
256443,0
70413,0
137205,0
136125,0
197873,0
195610,0
136057,0
162656,0
62681,0
25487,0
32322,0
2273,0
30489,0
130353,0
25465,0
56598,0
193747,0
263889,0
127002,0
59820,0
16707,0
249489,0
202559,0
215798,0
25437,0
242178,0
83985,0
37338,0
262681,0
191575,0
226846,0
207525,0
220124,0
1217,0
53671,0
254884,0
69087,0
112350,0
131681,0
162917,0
185064,0
40316,0
92528,0
207899,0
55504,0
235498,0
215462,0
184453,0
118130,0
186148,0
233764,0
237290,0
238472,0
98245,0
86462,0
126892,0
18226,0
115889,0
143039,0
233434,0
127229,0
25038,0
25190,0
260708,0
133431,0
168088,0
125990,0
92061,0
232710,0
85206,0
85841,0
182012,0
221140,0
253790,0
63103,0
195100,0
111169,0
155623,0
7898,0
127023,0
165135,0
264983,0
208601,0
222208,0
199474,0
6258,0
229081,0
177125,0
26579,0
251527,0
158739,0
24222,0
197254,0
15763,0
222438,0
98654,0
113976,0
239135,0
185698,0
11077,0
221616,0
93608,0
77241,0
99142,0
257099,0
74644,0
61715,0
118019,0
101561,0
260234,0
53408,0
233714,0
38846,0
154780,0
50477,0
1898,0
242845,0
5164,0
196405,0
174123,0
32301,0
196259,0
141802,0
82484,0
91771,0
136455,0
90779,0
148781,0
141749,0
10956,0
131944,0
190363,0
154852,0
151512,0
208640,0
167665,0
154646,0
57873,0
102648,0
120019,0
179035,0
46808,0
131867,0
238057,0
49866,0
114813,0
200052,0
132151,0
248507,0
40301,0
124616,0
97387,0
195273,0
26783,0
28208,0
19926,0
106290,0
80623,0
176040,0
237708,0
211182,0
12549,0
141094,0
146008,0
110118,0
227959,0
248343,0
237762,0
130758,0
180718,0
81054,0
35461,0
204105,0
232048,0
41306,0
102185,0
141175,0
71494,0
142052,0
4081,0
182101,0
51707,0
111940,0
17085,0
165929,0
55936,0
94393,0
72676,0
56937,0
64369,0
76829,0
119935,0
60182,0
27880,0
157399,0
30462,0
103810,0
56007,0
243985,0
159719,0
106415,0
223462,0
67783,0
24510,0
98474,0
136325,0
117873,0
146579,0
153106,0
145051,0
77156,0
104899,0
210596,0
45284,0
219499,0
234125,0
116232,0
19625,0
254076,0
116128,0
219399,0
107733,0
245826,0
44668,0
250508,0
102178,0
42547,0
55369,0
142194,0
187605,0
35712,0
140558,0
106318,0
96203,0
108494,0
4753,0
209881,0
132403,0
236992,0
118361,0
245532,0
148907,0
142912,0
105276,0
178836,0
248026,0
203990,0
225279,0
160143,0
127769,0
107719,0
64516,0
121623,0
123626,0
105135,0
54120,0
248727,0
89769,0
255079,0
22768,0
184030,0
51360,0
254269,0
192489,0
9610,0
235109,0
250044,0
176698,0
188655,0
189589,0
166194,0
49758,0
168433,0
202647,0
125477,0
32644,0
205077,0
96281,0
59914,0
259013,0
65359,0
264150,0
15988,0
91972,0
196673,0
70343,0
160465,0
236392,0
143189,0
44755,0
12272,0
29005,0
251316,0
100110,0
234762,0
43728,0
113529,0
226152,0
107783,0
27269,0
87928,0
24061,0
69816,0
257526,0
69316,0
42121,0
49755,0
197242,0
37403,0
197895,0
45583,0
123772,0
186520,0
163039,0
211037,0
135089,0
97115,0
203930,0
115968,0
207784,0
138525,0
186306,0
237538,0
143775,0
158750,0
33511,0
263309,0
127473,0
40137,0
169831,0
169749,0
170020,0
132271,0
117663,0
178021,0
150903,0
84402,0
262592,0
243431,0
69538,0
145197,0
205987,0
52022,0
233081,0
239408,0
107007,0
132035,0
79023,0
50473,0
75183,0
177319,0
213274,0
227207,0
156133,0
98688,0
195962,0
228932,0
17684,0
11450,0
228781,0
32886,0
128173,0
189997,0
197153,0
221639,0
159308,0
81196,0
23524,0
246462,0
147119,0
38226,0
69387,0
174683,0
217827,0
237824,0
55406,0
80655,0
99143,0
228367,0
63585,0
72775,0
35931,0
191951,0
65691,0
234925,0
41042,0
130305,0
84155,0
106199,0
188107,0
53958,0
81652,0
185577,0
30851,0
251774,0
82107,0
65147,0
150457,0
255891,0
251884,0
64375,0
203593,0
138216,0
163192,0
80786,0
109660,0
266582,0
236185,0
198243,0
139409,0
51098,0
9894,0
257862,0
200917,0
245971,0
178373,0
32195,0
199951,0
96125,0
138355,0
241679,0
126908,0
75987,0
70206,0
179144,0
63008,0
264620,0
132673,0
162709,0
57843,0
28960,0
154212,0
5443,0
88508,0
165284,0
46869,0
167979,0
189044,0
123699,0
95727,0
193661,0
139998,0
10365,0
58878,0
133832,0
12737,0
208691,0
227774,0
38105,0
235221,0
137512,0
53676,0
43682,0
102189,0
67429,0
83451,0
99664,0
8169,0
59692,0
196101,0
211975,0
78721,0
34968,0
88973,0
264398,0
169769,0
221063,0
72030,0
195366,0
28097,0
189001,0
251565,0
213577,0
2732,0
255410,0
32475,0
12776,0
126526,0
100611,0
171349,0
100100,0
32452,0
113416,0
183021,0
95098,0
22221,0
115766,0
110550,0
239422,0
222392,0
100650,0
217185,0
26458,0
155748,0
235874,0
253091,0
53971,0
203884,0
81610,0
11888,0
218632,0
17702,0
172337,0
96303,0
122396,0
60657,0
261108,0
164775,0
253898,0
104466,0
116320,0
161882,0
137385,0
155998,0
259892,0
151222,0
1003,0
130861,0
117835,0
252002,0
88161,0
168938,0
92212,0
228647,0
258198,0
199519,0
121618,0
220290,0
61301,0
250398,0
15384,0
68203,0
17613,0
60272,0
234395,0
70841,0
124084,0
114840,0
16441,0
81713,0
156495,0
243357,0
59526,0
245517,0
151244,0
138174,0
104967,0
99001,0
167561,0
14613,0
101285,0
128780,0
50421,0
111757,0
150643,0
38554,0
142727,0
25660,0
137616,0
239087,0
152684,0
76903,0
256395,0
52070,0
105334,0
154578,0
200315,0
232486,0
226268,0
202384,0
134729,0
94651,0
191597,0
54090,0
182663,0
170155,0
110228,0
73531,0
35879,0
146580,0
216069,0
28233,0
85473,0
251502,0
127671,0
242438,0
7456,0
135676,0
165930,0
94150,0
241250,0
176011,0
194759,0
6395,0
232982,0
145038,0
155343,0
138163,0
71692,0
168946,0
180352,0
113795,0
10622,0
186144,0
31667,0
154803,0
211308,0
235119,0
89113,0
220566,0
160700,0
176875,0
155798,0
20081,0
151636,0
154978,0
246806,0
10072,0
200716,0
75055,0
10288,0
127495,0
128511,0
60209,0
8775,0
215298,0
54209,0
22917,0
60248,0
258095,0
189639,0
239623,0
28753,0
21565,0
2964,0
60172,0
113196,0
177201,0
258979,0
106443,0
260080,0
5055,0
218099,0
71632,0
264432,0
196991,0
137586,0
201531,0
4233,0
116226,0
133338,0
238280,0
216402,0
42279,0
98313,0
36553,0
4635,0
50043,0
235528,0
191034,0
52107,0
135221,0
206688,0
239699,0
239090,0
82360,0
235383,0
220708,0
160603,0
149073,0
234629,0
52198,0
186582,0
40206,0
141622,0
158415,0
251345,0
170668,0
256986,0
247104,0
8643,0
4480,0
73793,0
8353,0
527,0
171425,0
131609,0
18839,0
258891,0
49097,0
113183,0
97035,0
176191,0
7113,0
13987,0
86568,0
74315,0
20972,0
14864,0
182765,0
29537,0
196084,0
158520,0
212558,0
190369,0
89825,0
89728,0
263031,0
53240,0
195711,0
44566,0
263650,0
203975,0
232341,0
65021,0
24020,0
49003,0
100226,0
105463,0
211896,0
263256,0
128360,0
189425,0
203943,0
17785,0
113560,0
207542,0
87128,0
30428,0
18975,0
201222,0
214851,0
261482,0
6071,0
130412,0
41575,0
207708,0
56052,0
47896,0
134442,0
233566,0
170072,0
84794,0
191397,0
132233,0
204983,0
226265,0
177000,0
258852,0
50638,0
248966,0
100012,0
22472,0
91498,0
886,0
132258,0
184844,0
191308,0
45614,0
84787,0
156812,0
98247,0
76391,0
194658,0
217300,0
151572,0
37524,0
170330,0
216244,0
49573,0
84074,0
103908,0
189983,0
115405,0
93997,0
28588,0
8965,0
213431,0
186523,0
195343,0
265539,0
17028,0
144182,0
260777,0
197461,0
207703,0
149326,0
216735,0
124518,0
136097,0
29372,0
129731,0
209648,0
15839,0
41553,0
2319,0
75459,0
43949,0
87668,0
123906,0
141658,0
110292,0
161600,0
165388,0
234588,0
227365,0
163127,0
249838,0
244171,0
190216,0
261114,0
234237,0
187550,0
40121,0
128145,0
170656,0
252089,0
192250,0
190434,0
185774,0
82551,0
49107,0
217383,0
62356,0
190221,0
260863,0
316,0
26366,0
233484,0
204536,0
120317,0
247534,0
100635,0
220352,0
234484,0
235495,0
108264,0
202350,0
193470,0
216630,0
4371,0
81947,0
181399,0
175823,0
130535,0
91833,0
5082,0
21102,0
134282,0
20539,0
145867,0
119359,0
223762,0
146836,0
184429,0
144315,0
171231,0
147290,0
124763,0
39196,0
219822,0
9031,0
136724,0
221024,0
102713,0
7362,0
42824,0
204869,0
63758,0
161514,0
58373,0
192816,0
4659,0
39056,0
225305,0
10344,0
17946,0
169497,0
194578,0
187294,0
151731,0
88477,0
131903,0
160551,0
103123,0
45682,0
183282,0
83926,0
87435,0
44217,0
133443,0
247345,0
54867,0
39135,0
42518,0
148370,0
117530,0
51031,0
53333,0
233811,0
180171,0
167027,0
256965,0
212047,0
167349,0
4505,0
211300,0
231980,0
58342,0
189114,0
191840,0
225442,0
190741,0
173824,0
110287,0
5427,0
44730,0
221131,0
234428,0
220169,0
73464,0
161892,0
147856,0
173058,0
41969,0
204449,0
113151,0
170134,0
10524,0
14848,0
235876,0
66860,0
250027,0
60238,0
244808,0
208953,0
229845,0
6326,0
182626,0
114017,0
21412,0
35454,0
81476,0
176439,0
171142,0
2873,0
146279,0
260931,0
99499,0
159845,0
51469,0
112356,0
215843,0
48299,0
37030,0
50085,0
182849,0
186160,0
191283,0
50001,0
225744,0
105450,0
263069,0
207360,0
11563,0
185862,0
17661,0
172361,0
138033,0
85080,0
137522,0
154469,0
182157,0
28867,0
108482,0
21471,0
153063,0
163922,0
115617,0
98522,0
183811,0
163841,0
133284,0
51568,0
242068,0
209653,0
32735,0
21183,0
215396,0
138305,0
140659,0
2445,0
176797,0
170111,0
147036,0
113299,0
50418,0
77333,0
21243,0
254948,0
250484,0
15397,0
63859,0
105380,0
257606,0
153913,0
40841,0
238717,0
71662,0
110841,0
203189,0
7160,0
112633,0
43217,0
136958,0
78844,0
22237,0
90059,0
152904,0
39587,0
51304,0
2605,0
73742,0
229371,0
166070,0
160907,0
137068,0
243208,0
164117,0
25130,0
196008,0
208882,0
251574,0
244807,0
16838,0
90228,0
266198,0
211291,0
186120,0
61448,0
216301,0
84090,0
262413,0
179307,0
198698,0
72450,0
146284,0
163926,0
43387,0
9155,0
218226,0
144261,0
69879,0
169797,0
68728,0
257879,0
136397,0
213262,0
136892,0
108468,0
218630,0
175865,0
211854,0
16210,0
243183,0
131799,0
32113,0
65679,0
90442,0
174168,0
51768,0
201606,0
670,0
16570,0
15228,0
118538,0
114796,0
56304,0
128369,0
225856,0
151010,0
204232,0
230263,0
60489,0
50087,0
139469,0
215565,0
145985,0
136424,0
99866,0
231569,0
220571,0
257499,0
258951,0
72318,0
178478,0
132055,0
217797,0
212443,0
3198,0
49051,0
13717,0
201281,0
160431,0
210555,0
207660,0
29738,0
126953,0
175925,0
251584,0
76954,0
148932,0
21396,0
21640,0
143250,0
126694,0
201991,0
187182,0
98867,0
141001,0
4028,0
191514,0
219019,0
31941,0
175202,0
75890,0
12192,0
22164,0
149365,0
167755,0
129449,0
152810,0
229094,0
257008,0
20603,0
29875,0
216901,0
240357,0
43094,0
52283,0
256695,0
164066,0
69527,0
229991,0
138844,0
158213,0
219543,0
136841,0
247277,0
73341,0
189814,0
169310,0
158713,0
92015,0
80440,0
82458,0
100461,0
63598,0
111271,0
40542,0
226258,0
202263,0
54109,0
5951,0
91120,0
144095,0
3050,0
162711,0
67390,0
225925,0
113726,0
246215,0
87895,0
203591,0
81563,0
15461,0
81431,0
136563,0
132412,0
255678,0
253009,0
120935,0
197507,0
147117,0
264034,0
8694,0
143478,0
113614,0
83364,0
2033,0
157782,0
45216,0
233932,0
77994,0
78815,0
86761,0
138340,0
2341,0
173002,0
146293,0
123594,0
87471,0
247073,0
233192,0
152567,0
175976,0
116506,0
59550,0
137853,0
158039,0
202224,0
179447,0
96274,0
76167,0
217926,0
30563,0
252165,0
257805,0
260534,0
260694,0
127551,0
125458,0
143669,0
117918,0
5336,0
168748,0
84970,0
27309,0
81656,0
49722,0
226177,0
71611,0
74587,0
92058,0
104489,0
257545,0
8629,0
46639,0
186857,0
144901,0
79634,0
166136,0
242800,0
183757,0
251994,0
127867,0
92431,0
101687,0
64467,0
14443,0
72356,0
56684,0
54670,0
34895,0
20384,0
188339,0
191860,0
139872,0
12354,0
98372,0
155858,0
162193,0
88272,0
19987,0
214737,0
113947,0
202960,0
216891,0
239200,0
26669,0
35091,0
63476,0
243576,0
51115,0
99794,0
237195,0
156526,0
68176,0
244245,0
120719,0
73057,0
262653,0
99492,0
47555,0
136797,0
8250,0
53856,0
21665,0
222379,0
246845,0
170984,0
67143,0
225753,0
104244,0
136310,0
141282,0
4796,0
92875,0
161953,0
169005,0
156917,0
232887,0
147940,0
224392,0
224592,0
108715,0
160079,0
116441,0
34420,0
474,0
128371,0
98755,0
164165,0
246303,0
95302,0
202435,0
201947,0
145834,0
35487,0
59464,0
120122,0
225458,0
25792,0
18963,0
93828,0
246840,0
177885,0
36807,0
119830,0
161439,0
15389,0
45379,0
43797,0
142234,0
264965,0
109325,0
231651,0
133571,0
107722,0
198105,0
252208,0
38040,0
142977,0
32626,0
14143,0
6125,0
73207,0
61817,0
229233,0
151724,0
13869,0
144248,0
226877,0
208608,0
3069,0
218879,0
177865,0
211400,0
212674,0
44589,0
76379,0
110055,0
258209,0
12627,0
243804,0
24114,0
78243,0
117256,0
153008,0
178392,0
4190,0
46909,0
241575,0
194831,0
140338,0
256977,0
1938,0
3784,0
241161,0
247966,0
102317,0
119833,0
132952,0
9095,0
165133,0
144305,0
149108,0
186210,0
181702,0
18970,0
16495,0
15210,0
51910,0
89374,0
7937,0
240019,0
6769,0
218854,0
83344,0
266448,0
225947,0
192337,0
201294,0
238885,0
25696,0
26824,0
98030,0
72548,0
213928,0
34962,0
63618,0
64212,0
21078,0
62613,0
121409,0
147121,0
27604,0
196368,0
189003,0
260001,0
24758,0
255127,0
245422,0
254366,0
134223,0
218509,0
153533,0
213677,0
252747,0
39149,0
241528,0
119520,0
24216,0
42673,0
82532,0
161418,0
231784,0
8840,0
212960,0
107394,0
95649,0
115772,0
78123,0
211807,0
20422,0
180396,0
109037,0
118411,0
254613,0
195511,0
230952,0
146861,0
219425,0
226476,0
254375,0
203629,0
42425,0
123645,0
209763,0
79620,0
79377,0
42006,0
110347,0
201977,0
216423,0
112923,0
114243,0
199984,0
144278,0
259029,0
194171,0
76136,0
142805,0
196083,0
188835,0
230549,0
134663,0
105346,0
223659,0
29891,0
135844,0
166573,0
255224,0
41916,0
212484,0
205678,0
124619,0
10027,0
198920,0
209507,0
209266,0
206220,0
72910,0
18536,0
173310,0
1965,0
198167,0
243235,0
116741,0
253578,0
149483,0
113105,0
153910,0
135902,0
171100,0
118303,0
208831,0
248961,0
9228,0
66782,0
226488,0
9466,0
225530,0
153086,0
185752,0
259797,0
229502,0
180775,0
148268,0
69179,0
6587,0
253011,0
252530,0
56907,0
728,0
169942,0
32949,0
115158,0
212507,0
251953,0
146952,0
89978,0
90727,0
13281,0
250068,0
110184,0
263558,0
213989,0
234022,0
100239,0
95021,0
182272,0
16758,0
80710,0
137466,0
50954,0
76481,0
53789,0
231452,0
28390,0
16555,0
255546,0
69356,0
70909,0
91989,0
84969,0
150030,0
124599,0
194935,0
30038,0
117063,0
238910,0
142259,0
220965,0
166531,0
162976,0
1005,0
136284,0
81839,0
19190,0
68532,0
217512,0
251559,0
89558,0
33364,0
67057,0
46031,0
79261,0
165670,0
152149,0
170607,0
76991,0
214639,0
111377,0
120287,0
44932,0
245801,0
18642,0
50019,0
8519,0
208576,0
11691,0
159266,0
166452,0
61025,0
121226,0
118855,0
212035,0
214077,0
138659,0
256955,0
30070,0
22420,0
186789,0
74350,0
74266,0
198006,0
216687,0
26489,0
13669,0
141742,0
177600,0
161994,0
180323,0
43860,0
193668,0
241940,0
26876,0
162513,0
39887,0
18458,0
159697,0
12681,0
6547,0
109353,0
118839,0
187663,0
59361,0
102216,0
128741,0
261273,0
153288,0
244255,0
96458,0
125100,0
228380,0
221455,0
18542,0
20493,0
233360,0
155216,0
95185,0
232194,0
35906,0
245241,0
103140,0
9146,0
7272,0
49096,0
110926,0
214479,0
57559,0
157931,0
116185,0
64940,0
19159,0
101619,0
8349,0
85658,0
17759,0
251918,0
68457,0
263218,0
171457,0
45049,0
246783,0
61118,0
86984,0
17987,0
130306,0
33275,0
71471,0
118022,0
258786,0
7131,0
251151,0
168880,0
94478,0
7553,0
19527,0
207618,0
203902,0
1383,0
224142,0
34698,0
255479,0
50793,0
256949,0
229495,0
164566,0
189936,0
84056,0
218517,0
108378,0
14238,0
197835,0
93075,0
159130,0
31951,0
177258,0
103511,0
80147,0
15668,0
205216,0
6841,0
251704,0
256626,0
144295,0
41470,0
208746,0
251737,0
66827,0
158658,0
186170,0
131194,0
179708,0
104824,0
134894,0
40617,0
95719,0
216706,0
108638,0
37818,0
32371,0
32104,0
259317,0
207385,0
22255,0
118835,0
105992,0
26301,0
177790,0
169441,0
26206,0
152817,0
136668,0
66872,0
88695,0
185804,0
171227,0
113275,0
33572,0
75544,0
134408,0
121494,0
136712,0
45636,0
80500,0
44324,0
154379,0
26859,0
217146,0
154799,0
134283,0
199670,0
167420,0
232169,0
171072,0
180607,0
154251,0
81810,0
36640,0
266091,0
176326,0
108235,0
65404,0
82696,0
261524,0
258470,0
129421,0
265743,0
32145,0
72413,0
27524,0
138218,0
101769,0
121193,0
140261,0
22591,0
58557,0
164365,0
257866,0
55517,0
35710,0
21026,0
175661,0
44944,0
249419,0
136625,0
145489,0
159153,0
24659,0
130557,0
74880,0
183052,0
125254,0
19099,0
240099,0
164797,0
69624,0
91579,0
79858,0
264005,0
120555,0
150596,0
24329,0
70805,0
57684,0
6193,0
181879,0
257703,0
166797,0
143659,0
119306,0
82679,0
18278,0
151845,0
193506,0
61180,0
7929,0
214903,0
251233,0
117600,0
32862,0
261238,0
13568,0
27398,0
178846,0
193112,0
14388,0
100672,0
92152,0
34439,0
127380,0
245945,0
12425,0
51979,0
111794,0
180101,0
7822,0
67027,0
115823,0
139373,0
265915,0
1657,0
83578,0
230048,0
242321,0
185261,0
180325,0
27221,0
84536,0
96433,0
145625,0
7560,0
245996,0
144126,0
223720,0
77652,0
248698,0
235783,0
210931,0
149990,0
129146,0
51956,0
66655,0
261413,0
169779,0
183795,0
156739,0
21515,0
120678,0
61990,0
133300,0
218048,0
109587,0
58197,0
66422,0
240251,0
263986,0
158455,0
202961,0
60602,0
4321,0
39838,0
230214,0
58789,0
207397,0
130743,0
133246,0
31523,0
99020,0
97552,0
108216,0
50505,0
70129,0
4193,0
218150,0
201002,0
143782,0
19759,0
45244,0
159188,0
173498,0
174085,0
126947,0
122126,0
244797,0
132940,0
82758,0
142668,0
255779,0
232295,0
4723,0
11571,0
207126,0
152123,0
13297,0
75659,0
32611,0
224517,0
101850,0
262011,0
122951,0
218518,0
202889,0
132321,0
209134,0
78936,0
74948,0
264037,0
258841,0
172506,0
107336,0
252676,0
150914,0
260572,0
34491,0
100393,0
199428,0
53813,0
181797,0
86697,0
62453,0
81583,0
22382,0
66555,0
16271,0
241308,0
20016,0
204741,0
106151,0
146402,0
23656,0
161830,0
167351,0
15625,0
151293,0
166425,0
197836,0
53233,0
120792,0
254130,0
44253,0
233102,0
189488,0
82850,0
19350,0
141911,0
82855,0
157534,0
140478,0
135580,0
53118,0
112054,0
232539,0
21443,0
248169,0
65974,0
183047,0
148572,0
157689,0
50856,0
17710,0
170652,0
146246,0
65371,0
140151,0
140485,0
186813,0
198878,0
194084,0
33745,0
144921,0
201408,0
163680,0
57444,0
157735,0
45801,0
59544,0
152862,0
137303,0
112146,0
26286,0
59813,0
101609,0
186115,0
244633,0
172139,0
75639,0
264925,0
46855,0
182458,0
256364,0
159300,0
220444,0
173538,0
96165,0
15863,0
108875,0
203418,0
152585,0
210235,0
264284,0
241135,0
97602,0
60446,0
264355,0
153587,0
109310,0
179711,0
191775,0
251224,0
170903,0
42090,0
13636,0
105141,0
2586,0
260481,0
70749,0
22445,0
128024,0
159047,0
165208,0
48606,0
38339,0
21191,0
237223,0
221100,0
238842,0
872,0
23655,0
121978,0
130648,0
200273,0
135312,0
206061,0
242432,0
62226,0
177268,0
179642,0
254002,0
186511,0
120332,0
125318,0
27681,0
81740,0
89933,0
137406,0
227387,0
251242,0
76568,0
163113,0
144797,0
177689,0
118197,0
35789,0
253657,0
135528,0
141280,0
192642,0
49889,0
135599,0
225510,0
208736,0
4580,0
5558,0
65730,0
10664,0
62287,0
68394,0
109935,0
177355,0
217190,0
238390,0
44773,0
58970,0
31058,0
42394,0
228268,0
158331,0
34941,0
183036,0
209445,0
31894,0
230640,0
4835,0
144378,0
192191,0
33056,0
213797,0
62246,0
124686,0
231650,0
253067,0
134555,0
222813,0
9791,0
117211,0
44785,0
157885,0
206029,0
196003,0
178077,0
10910,0
33756,0
69778,0
103527,0
235423,0
109268,0
14730,0
161609,0
149098,0
259306,0
279,0
101423,0
143490,0
162093,0
172596,0
165775,0
172219,0
247671,0
214347,0
131398,0
156252,0
67659,0
126746,0
187715,0
158191,0
70339,0
65813,0
178867,0
263505,0
19512,0
92994,0
173511,0
27618,0
73557,0
154683,0
138568,0
208777,0
231697,0
50753,0
37827,0
143140,0
65852,0
90640,0
230169,0
174629,0
141751,0
164292,0
138282,0
148748,0
40796,0
174346,0
88959,0
90058,0
18826,0
66198,0
28257,0
235719,0
63521,0
178126,0
154403,0
173967,0
63261,0
6227,0
177616,0
170373,0
5052,0
140042,0
46255,0
101997,0
186412,0
242001,0
123071,0
266212,0
179431,0
108035,0
80869,0
45103,0
166367,0
148534,0
238837,0
139334,0
235398,0
228213,0
144051,0
263222,0
182399,0
173835,0
77653,0
237793,0
21077,0
34011,0
44241,0
9137,0
14682,0
122042,0
81779,0
119740,0
228966,0
159245,0
4715,0
192796,0
122641,0
184131,0
204076,0
26867,0
226739,0
196870,0
145683,0
199961,0
105608,0
117302,0
201635,0
163992,0
160139,0
125861,0
208881,0
82686,0
70801,0
241878,0
243244,0
36413,0
105115,0
250378,0
108433,0
9882,0
27960,0
189734,0
212093,0
371,0
142535,0
164192,0
65022,0
107165,0
136604,0
77324,0
255769,0
206007,0
159444,0
71418,0
185633,0
161732,0
210595,0
5207,0
194926,0
114261,0
241731,0
120318,0
7829,0
170993,0
19490,0
104805,0
21723,0
109771,0
153755,0
219518,0
26697,0
53490,0
258963,0
52619,0
157513,0
24482,0
399,0
130351,0
1078,0
42516,0
136047,0
43742,0
96446,0
149278,0
252462,0
135305,0
106896,0
137075,0
189545,0
147354,0
247512,0
194972,0
248048,0
237081,0
217892,0
11228,0
109636,0
97255,0
98706,0
248649,0
135015,0
218840,0
6520,0
161914,0
23981,0
13738,0
237023,0
217915,0
63109,0
90972,0
46706,0
74763,0
224925,0
94456,0
44276,0
258665,0
16478,0
115165,0
26190,0
78822,0
52461,0
80294,0
79785,0
111003,0
200715,0
50959,0
139035,0
84100,0
100523,0
103342,0
157946,0
37110,0
257505,0
138370,0
27778,0
227931,0
30604,0
88181,0
53387,0
220709,0
179143,0
198240,0
246226,0
27245,0
194431,0
95713,0
200941,0
135533,0
250030,0
52826,0
96062,0
152577,0
248381,0
1801,0
157808,0
244437,0
202574,0
59695,0
210951,0
19864,0
130012,0
186819,0
232188,0
222865,0
122158,0
85609,0
6997,0
160884,0
100971,0
126735,0
252027,0
258096,0
172977,0
114171,0
259658,0
190130,0
22160,0
169645,0
229730,0
6380,0
47560,0
12322,0
180576,0
67226,0
40036,0
239554,0
71422,0
211578,0
213578,0
223099,0
4326,0
172574,0
21338,0
200972,0
7650,0
46441,0
240276,0
15638,0
232826,0
1574,0
30508,0
92316,0
194590,0
18054,0
144660,0
6382,0
6462,0
12439,0
191606,0
81035,0
254241,0
234759,0
135476,0
253973,0
212554,0
12761,0
166775,0
22351,0
147216,0
202685,0
252512,0
113865,0
252887,0
240151,0
165027,0
37773,0
203549,0
109471,0
71700,0
28825,0
86735,0
232614,0
109317,0
41854,0
243859,0
236543,0
61168,0
211468,0
81061,0
144370,0
173738,0
250105,0
35002,0
251312,0
46690,0
173790,0
173692,0
201654,0
85123,0
145155,0
138780,0
141495,0
1792,0
174486,0
143011,0
108261,0
155258,0
169682,0
220083,0
127343,0
42794,0
226911,0
220641,0
185526,0
167551,0
251569,0
51261,0
205813,0
76176,0
165771,0
126320,0
246149,0
38177,0
185532,0
107951,0
231182,0
9655,0
173861,0
262201,0
10281,0
249618,0
216634,0
220918,0
39958,0
5758,0
205100,0
228147,0
221876,0
129267,0
259320,0
230666,0
213891,0
30792,0
88186,0
52363,0
30548,0
191101,0
245865,0
240467,0
26521,0
5578,0
109686,0
2061,0
174470,0
56812,0
191940,0
236741,0
149160,0
210308,0
134259,0
26193,0
102133,0
154162,0
229193,0
261555,0
124486,0
134820,0
145893,0
88735,0
162305,0
205756,0
146105,0
199514,0
28954,0
64075,0
128467,0
159132,0
115315,0
78424,0
151311,0
116398,0
73428,0
248015,0
253241,0
76323,0
5135,0
125784,0
217049,0
15500,0
49023,0
132423,0
174631,0
115894,0
265758,0
152143,0
82912,0
35546,0
173477,0
251724,0
220306,0
104861,0
59769,0
17282,0
68052,0
213313,0
256216,0
122627,0
22730,0
6531,0
137312,0
233117,0
98815,0
184752,0
83453,0
153709,0
44262,0
83673,0
118957,0
188053,0
70211,0
250163,0
188399,0
263000,0
238894,0
177704,0
88259,0
49873,0
97351,0
47017,0
31831,0
2372,0
3508,0
139130,0
145905,0
105057,0
189605,0
123175,0
210926,0
206274,0
134456,0
194483,0
183325,0
76746,0
262700,0
93025,0
215811,0
230364,0
213700,0
137217,0
162427,0
254104,0
138008,0
155213,0
55883,0
254733,0
43631,0
133601,0
260470,0
64665,0
116732,0
49747,0
44110,0
195157,0
205949,0
257165,0
68877,0
84177,0
157100,0
157314,0
112430,0
78154,0
165847,0
179729,0
208948,0
215185,0
209286,0
211074,0
111620,0
202143,0
169836,0
252839,0
243881,0
4624,0
249144,0
249054,0
26632,0
142688,0
144498,0
178124,0
195575,0
72707,0
117402,0
206775,0
206432,0
75449,0
88220,0
259021,0
199068,0
90140,0
227036,0
13330,0
229775,0
227707,0
56412,0
165994,0
138455,0
112384,0
149405,0
99563,0
75941,0
210609,0
111166,0
149519,0
4903,0
13814,0
151866,0
47003,0
74285,0
13181,0
234884,0
245528,0
242879,0
70524,0
226963,0
97935,0
38998,0
265756,0
28337,0
236101,0
84492,0
260980,0
227593,0
50732,0
177409,0
86297,0
207916,0
112212,0
58232,0
57835,0
196944,0
8543,0
59372,0
175461,0
266388,0
104362,0
118696,0
39090,0
1751,0
223198,0
251089,0
248950,0
158406,0
188999,0
91639,0
225766,0
73182,0
233841,0
38646,0
25182,0
93492,0
58401,0
55713,0
234540,0
232063,0
69789,0
42538,0
80137,0
115079,0
196425,0
16951,0
214650,0
172076,0
75088,0
163228,0
253086,0
174547,0
131425,0
228739,0
203292,0
224165,0
47159,0
10873,0
260844,0
185621,0
100683,0
264558,0
207152,0
17505,0
45141,0
78384,0
203539,0
245790,0
146585,0
109933,0
167396,0
134705,0
116751,0
59730,0
36524,0
53599,0
186674,0
151735,0
42340,0
69576,0
191683,0
48793,0
257278,0
51108,0
22452,0
210317,0
262097,0
26948,0
67808,0
17418,0
104821,0
104782,0
262966,0
100009,0
243083,0
39890,0
166981,0
73860,0
175808,0
96832,0
147494,0
171740,0
33181,0
92046,0
159440,0
170032,0
255938,0
13372,0
20082,0
38906,0
237930,0
255457,0
8474,0
157473,0
179012,0
181744,0
129475,0
57143,0
213692,0
16096,0
95477,0
174378,0
263440,0
253364,0
158439,0
173983,0
178356,0
150842,0
168563,0
21567,0
108011,0
250897,0
16149,0
123930,0
135655,0
93292,0
138830,0
10974,0
205048,0
76357,0
34526,0
188207,0
117942,0
8466,0
96397,0
188378,0
24187,0
13634,0
36443,0
238638,0
151513,0
248629,0
225248,0
121648,0
191982,0
26663,0
165542,0
22509,0
1771,0
225080,0
207444,0
224087,0
250851,0
37854,0
114803,0
8776,0
51230,0
235627,0
215369,0
265912,0
21334,0
47838,0
17200,0
70913,0
233962,0
84205,0
79961,0
77594,0
95574,0
42678,0
62884,0
48798,0
169418,0
23849,0
256952,0
249987,0
5488,0
34199,0
228444,0
199722,0
181547,0
8554,0
175071,0
252258,0
222027,0
31302,0
234913,0
172430,0
9902,0
158842,0
129096,0
100614,0
125018,0
135316,0
59996,0
68613,0
263686,0
124363,0
71049,0
148990,0
197981,0
244993,0
60481,0
145726,0
97632,0
61134,0
37662,0
17325,0
182761,0
82599,0
132803,0
79328,0
99673,0
102669,0
86111,0
112192,0
187944,0
70926,0
30956,0
231886,0
147098,0
250408,0
244501,0
26378,0
250829,0
96119,0
239525,0
135134,0
234843,0
47002,0
172537,0
136696,0
95444,0
21695,0
15050,0
5600,0
111748,0
241760,0
59292,0
242914,0
217592,0
206015,0
161946,0
187837,0
58482,0
222031,0
203752,0
40612,0
68005,0
95967,0
59602,0
75074,0
189283,0
30411,0
8739,0
1425,0
150532,0
33950,0
20458,0
24072,0
243239,0
227849,0
146745,0
19132,0
228847,0
76497,0
252031,0
7678,0
266103,0
27279,0
106205,0
264346,0
31267,0
186910,0
71233,0
53356,0
105470,0
185140,0
144744,0
250704,0
13932,0
98476,0
71851,0
189303,0
25908,0
261448,0
230231,0
39604,0
75000,0
156914,0
82405,0
107746,0
92930,0
111485,0
30312,0
142158,0
18261,0
203833,0
256937,0
71548,0
150483,0
129996,0
197902,0
244947,0
210198,0
226475,0
187490,0
21422,0
203095,0
117668,0
10519,0
188443,0
202593,0
190731,0
67699,0
51905,0
141083,0
35934,0
16940,0
66267,0
201869,0
100640,0
213111,0
31484,0
174237,0
258734,0
118583,0
79867,0
46181,0
39448,0
145129,0
63985,0
53585,0
97548,0
223507,0
162629,0
155981,0
86348,0
56797,0
18196,0
21485,0
158675,0
77469,0
195374,0
229798,0
81683,0
118573,0
265518,0
111135,0
185023,0
65109,0
120083,0
158771,0
74618,0
111507,0
228581,0
91168,0
161893,0
183025,0
113625,0
96738,0
138765,0
72755,0
29244,0
147708,0
21172,0
86827,0
112570,0
12590,0
28534,0
249620,0
199059,0
229835,0
99028,0
239676,0
154678,0
213097,0
258850,0
241437,0
156099,0
85343,0
201980,0
146729,0
118854,0
188576,0
253652,0
194994,0
37682,0
90901,0
4399,0
80466,0
3990,0
136921,0
48702,0
224038,0
221725,0
37702,0
71138,0
153971,0
200745,0
59708,0
244477,0
264329,0
39126,0
168561,0
136413,0
141855,0
216899,0
265085,0
205428,0
213899,0
70735,0
54230,0
4547,0
71474,0
160124,0
222212,0
129012,0
250198,0
113284,0
129387,0
4188,0
14493,0
14907,0
93803,0
23430,0
18105,0
158731,0
42874,0
185021,0
150384,0
144931,0
86317,0
191927,0
114101,0
31342,0
27802,0
74543,0
240439,0
119188,0
164460,0
39557,0
259942,0
6612,0
51656,0
124769,0
225400,0
182055,0
233529,0
113500,0
171277,0
176783,0
100821,0
56026,0
240438,0
135595,0
129842,0
229399,0
97607,0
228980,0
47228,0
74627,0
243221,0
34964,0
116771,0
46479,0
242504,0
250367,0
205570,0
229162,0
176872,0
158162,0
48718,0
13119,0
8005,0
22470,0
247130,0
42704,0
126742,0
242156,0
168753,0
36465,0
185605,0
175790,0
44924,0
265704,0
157278,0
242701,0
140500,0
105186,0
231838,0
183,0
27668,0
153126,0
235897,0
177380,0
81191,0
187554,0
54482,0
8541,0
90188,0
224242,0
116079,0
17197,0
217634,0
156054,0
232234,0
161387,0
47308,0
133145,0
254348,0
178033,0
93347,0
233675,0
64781,0
161704,0
244509,0
29555,0
23617,0
112447,0
33801,0
256502,0
254275,0
65442,0
123207,0
247537,0
10806,0
140334,0
234079,0
143148,0
113004,0
163321,0
16065,0
148278,0
62676,0
190399,0
41596,0
202905,0
101610,0
56658,0
28969,0
35154,0
147063,0
53044,0
34269,0
231555,0
114183,0
233606,0
125525,0
51805,0
80904,0
196231,0
213634,0
253895,0
29514,0
225574,0
128825,0
44024,0
189520,0
240222,0
133771,0
179078,0
75061,0
84930,0
202564,0
222343,0
85124,0
120822,0
264639,0
119090,0
99087,0
127893,0
1199,0
264572,0
265850,0
118745,0
160931,0
68703,0
101261,0
58585,0
82204,0
211790,0
200117,0
174882,0
173296,0
96749,0
188694,0
49580,0
162300,0
107692,0
162832,0
155618,0
246206,0
196298,0
68969,0
194545,0
45663,0
264613,0
100837,0
243402,0
65673,0
96552,0
205002,0
41102,0
199687,0
67019,0
199506,0
258686,0
244448,0
52965,0
201913,0
231963,0
248217,0
46104,0
155157,0
85721,0
222250,0
15319,0
229707,0
135449,0
117702,0
167500,0
108205,0
92402,0
265441,0
75841,0
17168,0
66737,0
52024,0
231749,0
154621,0
982,0
211963,0
252685,0
98134,0
166485,0
196777,0
200779,0
182938,0
219965,0
25003,0
29462,0
37734,0
217796,0
62357,0
96102,0
100109,0
18384,0
256102,0
112092,0
16865,0
10245,0
157125,0
205820,0
27148,0
106977,0
217792,0
251521,0
111196,0
46898,0
97869,0
184991,0
58485,0
164134,0
49415,0
239178,0
256076,0
76063,0
8884,0
49302,0
13269,0
1783,0
27421,0
132104,0
219588,0
222564,0
189450,0
129963,0
136436,0
27821,0
157486,0
230861,0
211314,0
132506,0
169455,0
48753,0
231061,0
153125,0
190432,0
181796,0
60359,0
261150,0
38273,0
33834,0
163009,0
201356,0
172024,0
86065,0
250614,0
66048,0
51602,0
239992,0
167856,0
7498,0
158363,0
147831,0
243469,0
200985,0
24290,0
176729,0
102740,0
84803,0
14433,0
253027,0
161677,0
70553,0
43584,0
90020,0
149613,0
248509,0
236366,0
144950,0
139787,0
43976,0
11957,0
125214,0
146121,0
41358,0
265052,0
109466,0
227369,0
57699,0
152351,0
102935,0
80762,0
125078,0
170284,0
139119,0
15466,0
83094,0
213965,0
69563,0
249781,0
224538,0
36434,0
197910,0
136120,0
67646,0
231541,0
131352,0
109702,0
51457,0
11921,0
164454,0
4977,0
209416,0
43053,0
55385,0
129693,0
95137,0
126437,0
92330,0
219951,0
12281,0
129541,0
261012,0
15423,0
63160,0
87917,0
108948,0
265684,0
138996,0
84601,0
137639,0
141401,0
122950,0
27506,0
53365,0
134078,0
125676,0
242795,0
61477,0
52867,0
178175,0
123441,0
232708,0
124965,0
53363,0
107576,0
151899,0
96256,0
39400,0
142228,0
113994,0
252732,0
263109,0
227826,0
125178,0
162393,0
5667,0
196655,0
116695,0
256394,0
247096,0
162416,0
230121,0
181428,0
117199,0
29090,0
159784,0
138781,0
193151,0
156658,0
127703,0
3294,0
13008,0
232537,0
247270,0
16338,0
37933,0
38243,0
22096,0
222050,0
186760,0
154259,0
156243,0
6222,0
127895,0
220405,0
140467,0
169826,0
153131,0
72813,0
195612,0
249869,0
40557,0
93397,0
115505,0
142599,0
24745,0
3836,0
328,0
83577,0
124487,0
166649,0
200198,0
105851,0
243527,0
24207,0
236625,0
40684,0
115524,0
178781,0
34799,0
222543,0
127484,0
5681,0
243577,0
82791,0
243951,0
207378,0
191970,0
189516,0
186980,0
168276,0
128032,0
137253,0
110994,0
100520,0
202243,0
217829,0
243113,0
240671,0
139676,0
207682,0
40345,0
63512,0
168167,0
263436,0
227621,0
192235,0
226047,0
49180,0
15928,0
51080,0
248045,0
222777,0
219594,0
6237,0
40255,0
224918,0
227003,0
262729,0
198852,0
98222,0
104003,0
104390,0
265629,0
69379,0
67055,0
258296,0
20622,0
243426,0
116948,0
26833,0
240181,0
47742,0
85087,0
99949,0
161168,0
10931,0
56720,0
19685,0
49466,0
144136,0
56078,0
248996,0
198595,0
58567,0
164972,0
88766,0
228255,0
186012,0
228285,0
179952,0
235500,0
26439,0
161442,0
123724,0
212829,0
131505,0
167922,0
211591,0
231241,0
191643,0
165793,0
65761,0
12859,0
48041,0
247327,0
166654,0
60741,0
266419,0
153324,0
205672,0
110982,0
54128,0
28727,0
197878,0
159268,0
57093,0
116114,0
129813,0
180116,0
12309,0
177553,0
187147,0
226358,0
105403,0
43251,0
45308,0
251893,0
49355,0
72802,0
13876,0
255006,0
219919,0
217940,0
73563,0
113000,0
37996,0
30401,0
103728,0
18575,0
219125,0
227544,0
135646,0
251432,0
67716,0
97409,0
262459,0
234835,0
73834,0
238059,0
75109,0
96541,0
68968,0
214243,0
24986,0
170497,0
86100,0
13216,0
70152,0
53916,0
261136,0
186352,0
166959,0
239085,0
139560,0
89961,0
144490,0
140083,0
30583,0
164481,0
211151,0
134379,0
63955,0
66135,0
141614,0
234975,0
177238,0
245212,0
128028,0
226677,0
170376,0
66879,0
96583,0
142149,0
9883,0
203022,0
122338,0
223954,0
154248,0
249644,0
145807,0
209950,0
260956,0
133500,0
240191,0
90857,0
83581,0
78759,0
27653,0
213265,0
73699,0
65135,0
197805,0
155448,0
260710,0
141561,0
92729,0
188590,0
159878,0
260698,0
210079,0
113432,0
31754,0
117489,0
73114,0
89333,0
245213,0
123021,0
238164,0
61142,0
151245,0
132426,0
226375,0
73301,0
197540,0
221067,0
97320,0
222037,0
255229,0
200705,0
184061,0
168390,0
14431,0
132071,0
117268,0
13313,0
157884,0
180152,0
8259,0
135704,0
7441,0
166240,0
55349,0
203459,0
32585,0
38541,0
198866,0
55543,0
180492,0
235531,0
7795,0
169390,0
153423,0
256696,0
67637,0
185793,0
207003,0
145584,0
206989,0
53201,0
21376,0
111986,0
7060,0
36500,0
118847,0
103649,0
66203,0
191856,0
198677,0
195329,0
90031,0
42961,0
90958,0
87817,0
190535,0
40393,0
82567,0
179501,0
206370,0
47171,0
134857,0
98933,0
187235,0
54551,0
61273,0
152078,0
36625,0
36552,0
133514,0
243816,0
55503,0
11011,0
252623,0
252455,0
103493,0
147973,0
195181,0
197819,0
202014,0
76737,0
199836,0
70173,0
31360,0
256239,0
70494,0
67590,0
235827,0
243533,0
158072,0
93945,0
36042,0
129864,0
166951,0
222752,0
75655,0
117520,0
120067,0
74674,0
168515,0
9640,0
119900,0
106251,0
220608,0
16519,0
16145,0
140236,0
64511,0
221144,0
89042,0
231896,0
14892,0
257761,0
91323,0
228355,0
195288,0
119485,0
14175,0
106400,0
239074,0
201363,0
36055,0
70335,0
127955,0
174157,0
9003,0
167895,0
59676,0
104784,0
153528,0
7921,0
131569,0
190317,0
120372,0
169688,0
160000,0
3655,0
200626,0
143119,0
65234,0
127465,0
153204,0
33726,0
85192,0
240170,0
225223,0
61186,0
34405,0
81665,0
144502,0
165710,0
119960,0
213049,0
14962,0
21008,0
229122,0
27210,0
45205,0
69756,0
36615,0
240236,0
157755,0
185775,0
127569,0
144956,0
47292,0
91260,0
53282,0
180291,0
159299,0
77982,0
230590,0
106704,0
188331,0
93384,0
200895,0
55594,0
238096,0
263983,0
174289,0
248456,0
114834,0
107363,0
68930,0
231435,0
84796,0
153851,0
169742,0
186114,0
189956,0
155145,0
229297,0
3646,0
242596,0
75185,0
117335,0
76973,0
119222,0
100170,0
190476,0
43205,0
175535,0
119859,0
29354,0
263244,0
99809,0
54828,0
256202,0
87152,0
148225,0
136848,0
103270,0
187177,0
197905,0
246265,0
201883,0
162174,0
98483,0
237025,0
214384,0
175892,0
144167,0
219548,0
231487,0
734,0
211667,0
62867,0
5925,0
26229,0
203324,0
131265,0
27296,0
206526,0
55001,0
49637,0
214178,0
217468,0
17228,0
68138,0
91067,0
162452,0
133209,0
203853,0
57035,0
189181,0
230647,0
92073,0
30820,0
77396,0
72400,0
105475,0
11382,0
64610,0
18925,0
108403,0
262671,0
1312,0
41506,0
92348,0
90025,0
116509,0
220733,0
206185,0
172822,0
247167,0
187923,0
60164,0
224031,0
216104,0
66681,0
146071,0
52656,0
159724,0
89414,0
116644,0
104042,0
244464,0
113675,0
210257,0
258796,0
227811,0
215645,0
157509,0
202108,0
76692,0
42368,0
261507,0
124087,0
251286,0
85922,0
80780,0
99110,0
45762,0
25472,0
201572,0
186271,0
56939,0
56642,0
222619,0
212314,0
202936,0
68445,0
113032,0
52099,0
136036,0
90560,0
194401,0
46200,0
224012,0
112815,0
199247,0
234482,0
208432,0
52885,0
210995,0
1678,0
254256,0
83916,0
212706,0
4829,0
129251,0
135165,0
228230,0
62984,0
138701,0
179289,0
53463,0
186023,0
17792,0
154999,0
72794,0
19073,0
226090,0
159102,0
51724,0
265543,0
239280,0
40669,0
42268,0
40690,0
36814,0
260937,0
150742,0
42213,0
65203,0
18313,0
212537,0
32004,0
176888,0
56896,0
249010,0
161831,0
240966,0
58689,0
33491,0
95308,0
168928,0
43465,0
87955,0
40390,0
137012,0
177574,0
49725,0
85239,0
16621,0
160228,0
160876,0
7731,0
117749,0
146760,0
226812,0
1705,0
176921,0
151736,0
222009,0
164348,0
30201,0
264219,0
182339,0
105316,0
72404,0
188996,0
222446,0
165561,0
180212,0
90922,0
4732,0
177492,0
23578,0
208820,0
257381,0
221442,0
138824,0
208118,0
67424,0
113578,0
258556,0
131857,0
49904,0
29792,0
100938,0
218885,0
171864,0
12603,0
111857,0
14169,0
25840,0
58542,0
94755,0
161284,0
162151,0
209203,0
186119,0
245145,0
198678,0
104783,0
15521,0
74736,0
145826,0
66645,0
227891,0
162725,0
121154,0
166577,0
151740,0
186230,0
31679,0
74928,0
107631,0
162807,0
28722,0
215634,0
231549,0
265654,0
18065,0
112718,0
191022,0
76945,0
92030,0
227539,0
62605,0
61791,0
104034,0
142772,0
240734,0
35627,0
224879,0
150560,0
117058,0
21222,0
207840,0
27044,0
138138,0
46625,0
97973,0
161220,0
253991,0
26479,0
235607,0
196894,0
116852,0
101520,0
62187,0
158640,0
36024,0
204225,0
239793,0
114795,0
233630,0
210326,0
76228,0
259622,0
202994,0
235981,0
213597,0
239054,0
249787,0
259841,0
140435,0
69361,0
41254,0
189058,0
105183,0
241922,0
88408,0
82661,0
227895,0
3003,0
185369,0
18302,0
89510,0
234268,0
217504,0
144021,0
209894,0
43212,0
238451,0
165106,0
195492,0
203062,0
204945,0
185520,0
171582,0
210344,0
245821,0
27682,0
181403,0
53977,0
181781,0
45294,0
39913,0
131291,0
129102,0
255904,0
131052,0
91053,0
151840,0
162850,0
41348,0
50240,0
180651,0
85552,0
100470,0
76887,0
141372,0
49922,0
147531,0
232439,0
11007,0
38198,0
259201,0
183959,0
146984,0
176491,0
133311,0
109377,0
149113,0
22155,0
98939,0
83070,0
107209,0
118702,0
106812,0
216097,0
136703,0
199105,0
174310,0
62079,0
65633,0
111574,0
199123,0
22683,0
27165,0
131901,0
261512,0
201503,0
153226,0
212630,0
168295,0
131547,0
141897,0
122195,0
161005,0
109473,0
8318,0
43835,0
127577,0
225818,0
70374,0
72781,0
93726,0
184049,0
103242,0
11916,0
200919,0
249216,0
23069,0
79583,0
171522,0
126881,0
181761,0
2047,0
225292,0
37200,0
50177,0
144237,0
45037,0
101506,0
253279,0
97071,0
85978,0
9447,0
48549,0
207191,0
207577,0
70544,0
51444,0
252564,0
168671,0
162886,0
49087,0
85698,0
225116,0
217828,0
158559,0
177701,0
9772,0
240709,0
226900,0
29914,0
81377,0
120212,0
143262,0
111550,0
59589,0
96790,0
226648,0
116138,0
148638,0
139813,0
87454,0
124416,0
238387,0
218326,0
127967,0
62409,0
106857,0
52081,0
240768,0
40523,0
164678,0
56336,0
45938,0
179496,0
207279,0
202316,0
73264,0
6253,0
66032,0
234887,0
49804,0
69692,0
201170,0
55254,0
117759,0
99693,0
70503,0
55816,0
227689,0
173931,0
110938,0
111064,0
154184,0
62462,0
4642,0
62894,0
185239,0
203152,0
74066,0
198998,0
59023,0
112666,0
206528,0
189101,0
174024,0
125261,0
65721,0
167250,0
54253,0
261887,0
19950,0
114454,0
127575,0
111317,0
15293,0
187028,0
123729,0
190190,0
164067,0
152127,0
92992,0
8432,0
91780,0
225511,0
96172,0
169514,0
262733,0
37473,0
100162,0
39201,0
188509,0
174708,0
234450,0
78084,0
456,0
26556,0
38771,0
197950,0
79152,0
169466,0
151258,0
244376,0
110062,0
110515,0
114179,0
44328,0
258916,0
245314,0
46412,0
80561,0
29144,0
215039,0
149404,0
99658,0
67273,0
152639,0
257076,0
140783,0
58685,0
19296,0
262146,0
265306,0
257398,0
144188,0
123407,0
131897,0
228079,0
93710,0
202942,0
112305,0
125370,0
202637,0
139184,0
140340,0
230273,0
141753,0
117577,0
228783,0
236918,0
134993,0
41029,0
99953,0
158089,0
164039,0
124303,0
103197,0
256450,0
145849,0
57398,0
167135,0
209211,0
245238,0
253146,0
186783,0
175706,0
78245,0
37142,0
80615,0
103281,0
183739,0
157558,0
29581,0
220447,0
64426,0
191392,0
128128,0
240279,0
116203,0
144869,0
137094,0
147166,0
260541,0
146102,0
132512,0
85439,0
130708,0
252373,0
226714,0
163152,0
86578,0
27724,0
218476,0
29307,0
92478,0
12714,0
226483,0
145647,0
257576,0
240274,0
149956,0
196117,0
107669,0
63119,0
185642,0
104697,0
229024,0
140172,0
34214,0
263075,0
259557,0
125046,0
82931,0
143704,0
87983,0
93282,0
242007,0
46825,0
88228,0
21947,0
222906,0
68921,0
208836,0
72795,0
240281,0
232221,0
574,0
158340,0
261017,0
263422,0
189514,0
2038,0
85431,0
203416,0
37318,0
45433,0
19044,0
83120,0
142335,0
5434,0
62327,0
105210,0
102461,0
45370,0
261582,0
57768,0
263568,0
168021,0
258290,0
107126,0
131458,0
146940,0
67427,0
213215,0
182830,0
38773,0
36459,0
10514,0
23313,0
214298,0
169772,0
70292,0
259917,0
94093,0
110256,0
141956,0
138921,0
163491,0
181378,0
223313,0
172889,0
263924,0
188823,0
197422,0
112217,0
61296,0
174711,0
256809,0
263674,0
176761,0
46387,0
185477,0
112901,0
50677,0
91904,0
8964,0
208758,0
250307,0
218332,0
181280,0
182356,0
107005,0
94792,0
198011,0
258697,0
11943,0
190703,0
198843,0
45721,0
148261,0
29431,0
148699,0
120519,0
234739,0
237522,0
248666,0
259176,0
158513,0
206930,0
241791,0
258154,0
132860,0
20045,0
61548,0
117529,0
45542,0
215374,0
265070,0
25495,0
234933,0
209157,0
176805,0
265838,0
89860,0
35174,0
144673,0
151526,0
25983,0
225384,0
71172,0
51291,0
138645,0
32034,0
148728,0
209652,0
235553,0
22326,0
201543,0
193780,0
243944,0
15331,0
179939,0
16313,0
148608,0
151657,0
249723,0
212769,0
48472,0
81060,0
86924,0
26666,0
208419,0
190083,0
223,0
51623,0
220561,0
76763,0
30012,0
147129,0
166374,0
204613,0
249009,0
23898,0
85477,0
187229,0
191849,0
138214,0
77981,0
235550,0
60401,0
22231,0
121550,0
220576,0
193543,0
20444,0
183098,0
107689,0
253825,0
208008,0
58064,0
107370,0
201581,0
55057,0
21634,0
47950,0
31049,0
183822,0
112331,0
84490,0
264453,0
50010,0
146220,0
93387,0
221146,0
55995,0
253047,0
133780,0
204194,0
210828,0
44716,0
164291,0
148107,0
34646,0
42363,0
255367,0
141519,0
87248,0
251161,0
87648,0
43871,0
24871,0
97371,0
226234,0
162328,0
133316,0
86341,0
164984,0
95825,0
246949,0
241214,0
117241,0
220885,0
121911,0
78659,0
243520,0
242434,0
231356,0
165502,0
221891,0
65037,0
227822,0
175648,0
25006,0
220774,0
149544,0
208294,0
138784,0
208809,0
93394,0
22234,0
110294,0
251351,0
242506,0
74203,0
152300,0
27651,0
18195,0
211804,0
91931,0
92690,0
59368,0
164633,0
2396,0
239872,0
99767,0
7967,0
49287,0
252294,0
106846,0
254804,0
66261,0
79176,0
127622,0
102425,0
187647,0
220418,0
108503,0
123365,0
94963,0
134085,0
45503,0
135776,0
15427,0
257924,0
136984,0
259945,0
220478,0
216205,0
150905,0
71553,0
99513,0
258347,0
207372,0
163977,0
207549,0
162044,0
13679,0
154322,0
49277,0
115558,0
226334,0
245487,0
3747,0
238389,0
97379,0
132317,0
229922,0
195278,0
49734,0
217493,0
108769,0
194588,0
104366,0
103580,0
178501,0
58310,0
35465,0
118233,0
215434,0
214204,0
196337,0
142219,0
218675,0
12064,0
233541,0
36342,0
79155,0
183483,0
111395,0
119357,0
43161,0
229006,0
132021,0
163060,0
62477,0
158813,0
56532,0
216102,0
199512,0
110827,0
17033,0
158176,0
47044,0
215087,0
217484,0
151500,0
37353,0
39553,0
142017,0
14120,0
108739,0
3738,0
92111,0
126288,0
33762,0
210359,0
106821,0
118169,0
252850,0
182328,0
228269,0
261535,0
138446,0
135579,0
12175,0
121735,0
229892,0
63770,0
64315,0
227217,0
2207,0
137649,0
176410,0
88962,0
38223,0
207926,0
237205,0
167137,0
14536,0
168386,0
99999,0
137736,0
12421,0
225754,0
86948,0
94232,0
236987,0
248250,0
166182,0
31477,0
216253,0
170516,0
11618,0
262737,0
171149,0
111094,0
65190,0
141832,0
119101,0
232923,0
168913,0
163886,0
151318,0
122275,0
159416,0
80084,0
180179,0
253331,0
42729,0
197203,0
228232,0
149264,0
210511,0
3604,0
140282,0
246156,0
11121,0
55269,0
129546,0
118752,0
111102,0
103180,0
156264,0
69436,0
229301,0
243684,0
250306,0
160032,0
203385,0
16836,0
193448,0
154586,0
164140,0
135650,0
7314,0
217218,0
15132,0
5299,0
170632,0
89793,0
252044,0
183539,0
125883,0
34108,0
80962,0
165980,0
95330,0
257335,0
253672,0
116582,0
70322,0
123903,0
215593,0
190340,0
67795,0
8752,0
260913,0
241271,0
258768,0
256488,0
231348,0
66067,0
173372,0
246396,0
197383,0
143268,0
61708,0
18197,0
154680,0
69673,0
3658,0
119317,0
207780,0
97765,0
220189,0
243846,0
81219,0
3440,0
88819,0
141059,0
233839,0
228821,0
187854,0
32406,0
232393,0
20181,0
117011,0
158918,0
53466,0
130846,0
92920,0
255500,0
198334,0
74069,0
198910,0
238449,0
89549,0
45741,0
84265,0
52610,0
116139,0
92860,0
237852,0
216451,0
262855,0
151060,0
170482,0
238122,0
158829,0
39841,0
58541,0
123284,0
19804,0
44046,0
212272,0
90908,0
4331,0
68380,0
93228,0
18215,0
145583,0
46783,0
34086,0
210615,0
138476,0
109363,0
53447,0
95941,0
91431,0
114506,0
50276,0
37670,0
180951,0
177599,0
154927,0
190573,0
134006,0
228389,0
242152,0
103879,0
6099,0
75154,0
44549,0
239411,0
136498,0
261220,0
118646,0
161372,0
30492,0
64130,0
69882,0
64054,0
68310,0
218552,0
126822,0
85758,0
19825,0
184147,0
86523,0
31450,0
223525,0
193119,0
145883,0
183203,0
200159,0
92691,0
152990,0
44114,0
212638,0
75959,0
109689,0
161689,0
6157,0
151220,0
159275,0
100115,0
8583,0
51815,0
237020,0
32637,0
66366,0
78789,0
157503,0
129054,0
114087,0
253687,0
11895,0
23335,0
122815,0
74065,0
257196,0
140388,0
148675,0
123448,0
98298,0
152769,0
139944,0
114213,0
45858,0
140170,0
155819,0
206067,0
48500,0
126910,0
14457,0
168375,0
9927,0
24804,0
76834,0
66211,0
178663,0
153987,0
151926,0
50859,0
106670,0
240810,0
173260,0
97685,0
261959,0
53573,0
118038,0
188958,0
186780,0
247375,0
52758,0
187862,0
70067,0
59325,0
216150,0
147078,0
111422,0
259430,0
182704,0
87530,0
222283,0
34247,0
7833,0
145000,0
130661,0
235646,0
139236,0
149670,0
221429,0
216788,0
236913,0
43642,0
92244,0
154815,0
249737,0
29971,0
208752,0
188360,0
126876,0
151561,0
208874,0
165586,0
124225,0
21666,0
86408,0
11291,0
227683,0
224571,0
196191,0
125451,0
162084,0
81785,0
190007,0
41052,0
250885,0
265822,0
195440,0
245248,0
225673,0
148041,0
5952,0
189392,0
138548,0
228292,0
260843,0
208019,0
36378,0
82942,0
176294,0
86519,0
162971,0
15469,0
55534,0
128529,0
224043,0
50145,0
130311,0
156560,0
1233,0
249672,0
140179,0
27508,0
143820,0
128300,0
139221,0
5482,0
151215,0
53914,0
42535,0
148722,0
265109,0
65223,0
201642,0
258935,0
247536,0
249405,0
253961,0
121510,0
263388,0
140851,0
262719,0
265563,0
191537,0
232599,0
176208,0
202882,0
105530,0
122925,0
378,0
101679,0
75587,0
162548,0
59821,0
160926,0
100897,0
1070,0
258609,0
119560,0
3550,0
187626,0
247514,0
122016,0
14014,0
97095,0
5907,0
67187,0
132574,0
43256,0
87523,0
170585,0
243737,0
61871,0
156831,0
250881,0
153572,0
90604,0
256129,0
264557,0
12669,0
264506,0
164611,0
102623,0
195752,0
164562,0
103428,0
228408,0
172078,0
254277,0
197509,0
203261,0
14860,0
47551,0
67790,0
208488,0
210051,0
137820,0
38294,0
152237,0
86163,0
221105,0
249209,0
26340,0
52255,0
265705,0
124083,0
162495,0
260005,0
161489,0
72653,0
178316,0
147237,0
2720,0
112945,0
12960,0
137613,0
113679,0
49134,0
224645,0
6305,0
42799,0
218621,0
238651,0
169888,0
162543,0
16591,0
196667,0
244973,0
87350,0
130435,0
42648,0
125060,0
147629,0
246608,0
32866,0
174725,0
55345,0
231535,0
42100,0
23539,0
26497,0
209895,0
9456,0
175385,0
89865,0
86712,0
18077,0
241105,0
103483,0
48789,0
52671,0
82579,0
45075,0
225254,0
166949,0
265482,0
84440,0
150691,0
98727,0
45615,0
258355,0
236201,0
109631,0
49362,0
265140,0
207733,0
248052,0
265025,0
153041,0
113110,0
82590,0
107983,0
196572,0
202324,0
136525,0
234860,0
51619,0
131235,0
175516,0
137765,0
112373,0
146624,0
118678,0
155115,0
52267,0
255887,0
20365,0
65330,0
253997,0
52361,0
222239,0
118808,0
53390,0
95644,0
100320,0
219902,0
145347,0
122197,0
59454,0
81137,0
175205,0
46614,0
32643,0
213151,0
45863,0
133263,0
173953,0
166938,0
34651,0
160716,0
142993,0
60635,0
52985,0
143996,0
69226,0
251481,0
48828,0
234148,0
196254,0
164340,0
180591,0
221139,0
31725,0
137387,0
239965,0
27220,0
52878,0
61971,0
219911,0
72909,0
189763,0
172424,0
253996,0
108581,0
131864,0
30934,0
202149,0
121111,0
151828,0
136313,0
64809,0
236561,0
244011,0
239325,0
73069,0
5936,0
131865,0
116012,0
132939,0
195765,0
39859,0
75513,0
110759,0
230385,0
68536,0
211976,0
12403,0
131202,0
130484,0
85159,0
160971,0
68383,0
26306,0
117453,0
44185,0
214167,0
191893,0
144752,0
212847,0
65184,0
237501,0
123576,0
11357,0
137589,0
211483,0
209537,0
135459,0
218188,0
117813,0
40674,0
162187,0
101513,0
255921,0
227419,0
260994,0
4758,0
41026,0
164156,0
32469,0
207366,0
262606,0
185351,0
233804,0
258851,0
133065,0
259210,0
164208,0
104236,0
25802,0
58717,0
231576,0
173127,0
195325,0
227936,0
8254,0
247810,0
169710,0
31075,0
218926,0
47951,0
200896,0
60472,0
19216,0
198496,0
54487,0
166528,0
16401,0
108387,0
215458,0
102015,0
168798,0
170609,0
247928,0
175603,0
213953,0
1957,0
7516,0
184255,0
215392,0
160560,0
95585,0
146514,0
159882,0
100952,0
10008,0
181534,0
141576,0
191288,0
33482,0
247993,0
187737,0
231139,0
232200,0
36757,0
233664,0
75808,0
264541,0
123810,0
28270,0
111987,0
162537,0
63328,0
207108,0
95469,0
252123,0
87316,0
265252,0
5995,0
21899,0
157304,0
165444,0
188866,0
43224,0
127537,0
103183,0
151425,0
193404,0
31622,0
67132,0
50808,0
265238,0
31061,0
127324,0
232114,0
126813,0
179154,0
165239,0
240638,0
95480,0
222373,0
22372,0
107468,0
125901,0
55960,0
160421,0
149846,0
149294,0
72066,0
7714,0
210267,0
137334,0
62695,0
77894,0
30665,0
76969,0
195674,0
132932,0
212416,0
85133,0
128548,0
93380,0
177012,0
128097,0
17244,0
45543,0
28228,0
210163,0
29989,0
120445,0
200961,0
107694,0
198483,0
217389,0
264908,0
218922,0
227340,0
228644,0
90952,0
22526,0
201521,0
30344,0
175842,0
53691,0
153915,0
46602,0
42625,0
74103,0
175406,0
67471,0
228948,0
54475,0
178646,0
244967,0
248952,0
40246,0
162467,0
46650,0
176719,0
180288,0
53111,0
117423,0
24434,0
117068,0
201746,0
11884,0
5804,0
40443,0
187770,0
183408,0
131856,0
140931,0
211669,0
3609,0
110863,0
258231,0
265535,0
208707,0
111829,0
200704,0
72220,0
174446,0
147399,0
100910,0
53248,0
16450,0
199398,0
51399,0
76752,0
209620,0
152969,0
147333,0
90088,0
61884,0
53106,0
68647,0
195883,0
14787,0
214636,0
244434,0
193169,0
38756,0
190300,0
263849,0
145286,0
176932,0
84736,0
158202,0
155741,0
245879,0
45194,0
209060,0
249920,0
115834,0
127112,0
157716,0
139641,0
137958,0
95675,0
203360,0
52548,0
124897,0
91641,0
13261,0
171050,0
146801,0
58881,0
227646,0
230368,0
56207,0
188537,0
3325,0
44471,0
257117,0
75369,0
109274,0
130335,0
265721,0
116052,0
21743,0
172570,0
104348,0
143055,0
248452,0
263462,0
205913,0
176192,0
266399,0
179417,0
185322,0
71911,0
14794,0
133646,0
135548,0
61133,0
211961,0
196964,0
158572,0
66319,0
185046,0
226778,0
213855,0
253198,0
33499,0
138503,0
119643,0
3227,0
57064,0
196484,0
240503,0
159669,0
200403,0
199529,0
146578,0
201464,0
56963,0
47949,0
232301,0
59632,0
170379,0
186800,0
62523,0
247813,0
169687,0
98709,0
32609,0
105506,0
119844,0
250347,0
262130,0
144718,0
140736,0
146502,0
231844,0
95770,0
161235,0
214337,0
145817,0
116459,0
254493,0
53229,0
1670,0
192504,0
170801,0
175606,0
68452,0
184410,0
151849,0
198936,0
163633,0
149462,0
11235,0
137454,0
167481,0
172380,0
9630,0
242342,0
120462,0
107172,0
47209,0
214476,0
173982,0
157927,0
95664,0
174569,0
246039,0
166023,0
171700,0
62100,0
118947,0
97166,0
74324,0
237054,0
32392,0
220437,0
41906,0
198745,0
245540,0
225685,0
123517,0
129110,0
56816,0
31836,0
176711,0
47732,0
223685,0
184954,0
266135,0
127109,0
231431,0
28713,0
59789,0
7831,0
25274,0
6921,0
179730,0
44169,0
83634,0
58219,0
158789,0
29629,0
226881,0
197075,0
245453,0
192527,0
181170,0
262123,0
65620,0
132372,0
186432,0
30902,0
238844,0
132061,0
183616,0
192447,0
158495,0
122876,0
135573,0
54192,0
179968,0
5641,0
195092,0
226179,0
49978,0
262288,0
38574,0
175226,0
259654,0
251066,0
21273,0
121308,0
197900,0
75835,0
240566,0
61847,0
177576,0
136323,0
155745,0
159754,0
142330,0
22690,0
73899,0
173656,0
100652,0
4080,0
139059,0
23734,0
134892,0
75617,0
243848,0
168387,0
22011,0
176614,0
243588,0
232386,0
158477,0
37104,0
68821,0
172933,0
131880,0
4661,0
82534,0
80268,0
70468,0
263491,0
151607,0
210536,0
140787,0
175817,0
211936,0
107702,0
26815,0
116252,0
185712,0
205795,0
66151,0
128755,0
146059,0
225431,0
9214,0
200625,0
160319,0
240049,0
210977,0
156545,0
46247,0
95723,0
121041,0
121367,0
114853,0
36127,0
69483,0
217781,0
224412,0
184935,0
18645,0
189024,0
146042,0
247542,0
146292,0
155526,0
41661,0
208586,0
49119,0
210041,0
141752,0
43916,0
201438,0
162256,0
242838,0
204903,0
85630,0
10801,0
252873,0
9872,0
208643,0
19776,0
10172,0
144834,0
168443,0
148514,0
40389,0
134935,0
217210,0
24856,0
155471,0
99394,0
9380,0
83317,0
158978,0
158394,0
179773,0
232779,0
98579,0
84130,0
40797,0
164051,0
83098,0
46360,0
50442,0
137304,0
124951,0
68347,0
127721,0
238747,0
22595,0
119192,0
136439,0
60205,0
26323,0
217096,0
102055,0
82529,0
31576,0
22574,0
63790,0
219000,0
2893,0
41298,0
122897,0
41277,0
195515,0
9004,0
252179,0
31079,0
226039,0
189662,0
11165,0
97170,0
264731,0
55141,0
231617,0
27276,0
177655,0
167757,0
207555,0
183170,0
149369,0
224234,0
148366,0
200453,0
216565,0
138084,0
63383,0
35024,0
27705,0
151325,0
51636,0
53636,0
112982,0
132262,0
229590,0
70273,0
90198,0
121595,0
67286,0
147640,0
50259,0
13010,0
63774,0
37963,0
221920,0
152902,0
130519,0
857,0
178173,0
34031,0
126375,0
90116,0
142526,0
262571,0
138679,0
226146,0
190025,0
97504,0
188451,0
233976,0
76507,0
248208,0
261282,0
36786,0
183461,0
157405,0
13914,0
132456,0
151872,0
64763,0
135040,0
245460,0
118700,0
217455,0
186116,0
136576,0
207947,0
218091,0
133999,0
255924,0
205142,0
95468,0
24267,0
167679,0
242930,0
122050,0
264447,0
60308,0
47403,0
180686,0
34063,0
124194,0
180662,0
83837,0
15942,0
175845,0
102228,0
216029,0
74263,0
69830,0
134798,0
48685,0
181872,0
140461,0
27168,0
9573,0
191663,0
229159,0
253072,0
165784,0
72660,0
252528,0
118228,0
105789,0
165221,0
150829,0
108837,0
148975,0
255369,0
47244,0
150360,0
221612,0
105024,0
221313,0
58991,0
134244,0
178148,0
98720,0
191212,0
72513,0
228463,0
234284,0
152406,0
207610,0
118748,0
244039,0
145972,0
251496,0
211480,0
152727,0
26998,0
201566,0
97256,0
186835,0
19391,0
176859,0
3274,0
121465,0
119655,0
33564,0
79526,0
2995,0
137946,0
52433,0
260590,0
71066,0
233785,0
204897,0
242379,0
17450,0
11790,0
212125,0
237044,0
264401,0
31378,0
102117,0
146835,0
134177,0
55283,0
170618,0
52869,0
45268,0
186891,0
11182,0
26034,0
48327,0
157025,0
15575,0
253953,0
157434,0
140120,0
137504,0
49548,0
142531,0
66112,0
226622,0
115451,0
115346,0
98004,0
149177,0
99051,0
209807,0
5879,0
45623,0
156554,0
143344,0
157291,0
241519,0
202182,0
232574,0
1749,0
25530,0
26100,0
10423,0
127666,0
244505,0
161191,0
6016,0
206456,0
70659,0
121174,0
253857,0
211076,0
243663,0
39278,0
98285,0
244599,0
216430,0
194987,0
147370,0
157708,0
143043,0
13474,0
244769,0
115325,0
78919,0
194955,0
100891,0
263780,0
52690,0
32337,0
240903,0
72298,0
72167,0
39249,0
180345,0
228713,0
200327,0
235308,0
100095,0
148307,0
188150,0
95332,0
197665,0
38165,0
139500,0
72087,0
258843,0
167231,0
85105,0
161046,0
177350,0
34535,0
30267,0
42440,0
121748,0
18407,0
201298,0
33846,0
203393,0
179343,0
221652,0
126802,0
134915,0
255507,0
31893,0
30615,0
71828,0
46092,0
163223,0
249861,0
262660,0
246329,0
94132,0
104616,0
255594,0
182024,0
21934,0
111373,0
197797,0
162221,0
54552,0
25932,0
229628,0
258908,0
91585,0
97126,0
153070,0
118417,0
228078,0
80512,0
130635,0
198056,0
82669,0
243201,0
117795,0
104684,0
29596,0
144286,0
13081,0
208318,0
259194,0
255671,0
25583,0
20452,0
17579,0
97678,0
28032,0
28717,0
138724,0
86291,0
103216,0
217682,0
255120,0
152648,0
38289,0
172200,0
76081,0
77797,0
156808,0
140054,0
169795,0
182120,0
24093,0
130856,0
38795,0
216605,0
261551,0
61628,0
37505,0
33178,0
22560,0
177417,0
233375,0
162222,0
12013,0
46466,0
261357,0
41958,0
208599,0
242920,0
216120,0
210499,0
23369,0
183187,0
219724,0
80658,0
50822,0
230633,0
34540,0
31913,0
134318,0
149533,0
235932,0
196574,0
227512,0
19506,0
219469,0
142605,0
48056,0
15295,0
8093,0
262041,0
255896,0
234607,0
1235,0
111180,0
100659,0
53963,0
245329,0
202520,0
59126,0
66166,0
53442,0
203862,0
209683,0
95251,0
158464,0
93596,0
192773,0
67119,0
237133,0
134345,0
56591,0
81768,0
213190,0
71452,0
68471,0
87004,0
159613,0
151901,0
159330,0
101088,0
138278,0
245509,0
170677,0
127797,0
245732,0
213702,0
258127,0
17119,0
206805,0
125499,0
52576,0
47726,0
61053,0
51025,0
202620,0
28271,0
227960,0
19945,0
44392,0
187376,0
72246,0
2272,0
148737,0
61389,0
63561,0
116137,0
14530,0
164790,0
61670,0
227488,0
243503,0
24484,0
249509,0
30065,0
75276,0
90823,0
147114,0
41684,0
209621,0
9763,0
191653,0
248721,0
125514,0
126891,0
115379,0
229065,0
108941,0
170092,0
24105,0
250389,0
205884,0
174094,0
240839,0
245360,0
137678,0
142417,0
83256,0
143750,0
81893,0
129293,0
200707,0
190815,0
88044,0
127226,0
266274,0
27675,0
189606,0
82414,0
80055,0
218265,0
150174,0
150493,0
12171,0
71890,0
195025,0
262939,0
236006,0
198631,0
255467,0
157744,0
118925,0
145402,0
188154,0
242985,0
131658,0
128107,0
254802,0
151362,0
60976,0
33108,0
8766,0
69586,0
11985,0
97767,0
41038,0
53443,0
54784,0
218305,0
16752,0
57890,0
152092,0
123240,0
159126,0
237440,0
114668,0
76163,0
38357,0
237355,0
94801,0
241449,0
29985,0
156996,0
123440,0
173661,0
216719,0
68125,0
107804,0
152250,0
135376,0
127115,0
181672,0
260996,0
243950,0
99856,0
15420,0
183760,0
75700,0
165445,0
118264,0
74009,0
256649,0
151616,0
242762,0
183395,0
144268,0
9080,0
196036,0
84219,0
153600,0
81352,0
55047,0
249599,0
249157,0
52853,0
89854,0
2614,0
6070,0
29416,0
258408,0
251551,0
117111,0
17790,0
93,0
260595,0
154445,0
47215,0
24305,0
232136,0
133746,0
265188,0
93201,0
98823,0
84309,0
101791,0
180803,0
17150,0
192335,0
206070,0
106757,0
17442,0
23336,0
9824,0
135238,0
21849,0
170877,0
9724,0
35440,0
114389,0
48466,0
203695,0
182678,0
40599,0
209208,0
79648,0
74354,0
122181,0
80905,0
45089,0
43435,0
139574,0
163195,0
68886,0
44721,0
150187,0
28223,0
11288,0
139868,0
225534,0
101035,0
149153,0
191027,0
175315,0
120826,0
104216,0
224591,0
152422,0
194938,0
139259,0
217920,0
245642,0
89378,0
113574,0
76364,0
227731,0
128005,0
89439,0
214708,0
204968,0
168697,0
95309,0
257033,0
101148,0
64648,0
228069,0
114411,0
217939,0
222284,0
161559,0
114456,0
149463,0
126797,0
28869,0
198525,0
26250,0
168236,0
132774,0
80480,0
36412,0
164011,0
13453,0
172127,0
218175,0
89886,0
181833,0
114174,0
167815,0
53380,0
131768,0
203520,0
160827,0
184784,0
82182,0
65196,0
208915,0
85297,0
57920,0
122141,0
186481,0
33046,0
24752,0
43856,0
139684,0
67201,0
79380,0
113784,0
117287,0
95910,0
184338,0
67750,0
13157,0
242828,0
131576,0
220878,0
204064,0
102466,0
94528,0
216772,0
249166,0
226636,0
108869,0
166210,0
201929,0
169884,0
213478,0
37431,0
144508,0
10107,0
247526,0
85143,0
13251,0
101198,0
246334,0
53146,0
97429,0
63972,0
20826,0
231459,0
93100,0
196609,0
144741,0
83394,0
110657,0
3359,0
71748,0
263590,0
104556,0
62543,0
45678,0
202988,0
220099,0
227760,0
243101,0
109369,0
120918,0
112810,0
3099,0
71378,0
199220,0
21793,0
56815,0
135213,0
184568,0
144893,0
15645,0
100801,0
152367,0
129799,0
226137,0
144205,0
154796,0
32127,0
175593,0
255118,0
141397,0
221305,0
156268,0
12766,0
214539,0
143024,0
59061,0
99474,0
214089,0
123328,0
78137,0
198465,0
204256,0
233706,0
111878,0
85906,0
71050,0
236032,0
62426,0
237289,0
234167,0
87935,0
55357,0
21964,0
236375,0
103849,0
14771,0
201167,0
210591,0
134893,0
69672,0
262433,0
99564,0
214444,0
244550,0
205751,0
259208,0
228571,0
140677,0
248053,0
233446,0
263705,0
247158,0
153130,0
35492,0
14592,0
9798,0
60780,0
201512,0
135286,0
192464,0
224689,0
172792,0
72788,0
249130,0
202047,0
29780,0
217457,0
163920,0
137259,0
111443,0
164401,0
10888,0
213379,0
88434,0
47341,0
46895,0
5033,0
164802,0
119482,0
176849,0
126460,0
237511,0
175030,0
2951,0
83214,0
25900,0
254727,0
78929,0
30405,0
81784,0
262119,0
167835,0
246958,0
153262,0
163324,0
242289,0
242409,0
261110,0
695,0
190547,0
255922,0
11396,0
634,0
114491,0
135325,0
151224,0
40839,0
265257,0
187956,0
155424,0
260739,0
259756,0
39260,0
228309,0
211186,0
86705,0
155315,0
61815,0
136787,0
90748,0
16124,0
116002,0
89247,0
46202,0
183698,0
228841,0
110361,0
216347,0
3024,0
91888,0
162350,0
7354,0
178145,0
206646,0
163551,0
121531,0
70044,0
94361,0
105493,0
131370,0
143637,0
24809,0
172459,0
228127,0
246338,0
264433,0
72964,0
138795,0
105466,0
52736,0
180489,0
185515,0
230402,0
172310,0
112063,0
61190,0
199465,0
47146,0
81440,0
192868,0
23323,0
221246,0
100252,0
195979,0
49106,0
99121,0
241554,0
252578,0
234298,0
121397,0
140805,0
94272,0
129947,0
829,0
258599,0
234649,0
148927,0
229627,0
64761,0
75523,0
231130,0
221774,0
249191,0
113171,0
57370,0
243053,0
43019,0
238344,0
132961,0
212811,0
131888,0
53113,0
179561,0
59652,0
94897,0
106389,0
108614,0
67644,0
123018,0
263803,0
180947,0
182561,0
187557,0
191584,0
26713,0
163725,0
37669,0
80176,0
179491,0
139439,0
103736,0
40818,0
36390,0
112881,0
33376,0
73286,0
74309,0
62058,0
37970,0
249200,0
258503,0
86908,0
116030,0
15489,0
231234,0
137082,0
124869,0
218028,0
84146,0
46096,0
36875,0
195904,0
12874,0
90877,0
25904,0
95663,0
202003,0
2215,0
215768,0
84235,0
40875,0
94491,0
55442,0
1768,0
81335,0
32725,0
88349,0
66152,0
196918,0
230383,0
21035,0
256611,0
207957,0
264286,0
166311,0
57815,0
107519,0
88133,0
119536,0
86575,0
88425,0
189980,0
154982,0
29510,0
148364,0
184749,0
165675,0
13806,0
184571,0
8309,0
4969,0
143502,0
61664,0
25149,0
40606,0
213481,0
59096,0
83112,0
56175,0
82413,0
75020,0
220817,0
28168,0
122885,0
240842,0
253614,0
181314,0
120139,0
8443,0
17935,0
226322,0
30068,0
225291,0
22923,0
37558,0
1871,0
258293,0
25141,0
236629,0
121414,0
200155,0
57379,0
259133,0
231866,0
84733,0
231768,0
131757,0
72971,0
49436,0
60567,0
44994,0
42491,0
254385,0
213771,0
164455,0
79665,0
176643,0
13811,0
89909,0
23013,0
50746,0
223438,0
211230,0
50476,0
63051,0
210352,0
222096,0
190371,0
141791,0
180160,0
37493,0
218867,0
246740,0
176147,0
20712,0
242235,0
17644,0
135684,0
121429,0
15528,0
209486,0
262444,0
240992,0
76695,0
190502,0
33154,0
17326,0
45658,0
147382,0
153304,0
10795,0
50174,0
45798,0
111480,0
206510,0
224998,0
262932,0
17839,0
256748,0
250091,0
30829,0
201583,0
187705,0
18763,0
71953,0
137538,0
84180,0
195257,0
225445,0
91730,0
175923,0
250279,0
247724,0
223238,0
128787,0
180278,0
145563,0
62514,0
114396,0
26657,0
86038,0
238560,0
191599,0
3119,0
161673,0
68944,0
197067,0
47130,0
116,0
266383,0
53538,0
72543,0
222632,0
125709,0
115051,0
114922,0
208549,0
39411,0
97229,0
109298,0
67283,0
66923,0
24851,0
254713,0
166574,0
183231,0
68567,0
149212,0
12125,0
32350,0
146454,0
256089,0
159593,0
197452,0
197438,0
234750,0
260344,0
106730,0
131680,0
159382,0
210137,0
26947,0
219749,0
143018,0
126685,0
17551,0
175338,0
263795,0
13984,0
93602,0
67184,0
140400,0
36816,0
221594,0
65931,0
46935,0
148757,0
82689,0
251939,0
45251,0
53714,0
124650,0
155089,0
83737,0
60999,0
116122,0
124575,0
115740,0
118155,0
202901,0
28524,0
196893,0
170610,0
62215,0
196895,0
13836,0
137859,0
168650,0
79717,0
32255,0
14050,0
178186,0
116832,0
205188,0
77718,0
140108,0
238669,0
66868,0
5236,0
243992,0
191050,0
178537,0
83382,0
29948,0
17398,0
62171,0
56020,0
126470,0
195853,0
122589,0
11946,0
70108,0
91367,0
14069,0
224935,0
194210,0
236181,0
77343,0
252561,0
183808,0
53730,0
51206,0
266030,0
37437,0
162657,0
127857,0
123290,0
235367,0
186405,0
11327,0
20925,0
226898,0
208357,0
157141,0
49260,0
202343,0
43364,0
259644,0
150649,0
230448,0
150385,0
264649,0
167634,0
74001,0
261251,0
70264,0
249525,0
222986,0
36761,0
168369,0
101113,0
179105,0
42517,0
183118,0
248707,0
119547,0
234828,0
71078,0
3998,0
100338,0
31692,0
254166,0
85316,0
125161,0
228487,0
48713,0
51734,0
203028,0
215240,0
236613,0
160624,0
185583,0
224997,0
114670,0
200527,0
81653,0
216453,0
197591,0
152602,0
242957,0
265606,0
95822,0
67066,0
14645,0
166213,0
159248,0
262944,0
230788,0
250546,0
4726,0
252078,0
29512,0
50563,0
126149,0
232633,0
138485,0
179574,0
262864,0
161560,0
180629,0
143550,0
71297,0
5366,0
26387,0
224714,0
36679,0
22186,0
210584,0
170,0
221114,0
138530,0
57784,0
153291,0
101301,0
204470,0
255726,0
157026,0
198674,0
27470,0
128643,0
28463,0
117506,0
32457,0
39501,0
219757,0
34757,0
163817,0
37967,0
176898,0
191612,0
81921,0
215719,0
95996,0
1141,0
49261,0
4413,0
197688,0
22806,0
37080,0
48502,0
263313,0
179762,0
89950,0
83334,0
159681,0
16318,0
154599,0
201952,0
178796,0
245788,0
85821,0
146492,0
162512,0
129628,0
83625,0
235696,0
18822,0
237170,0
189622,0
239720,0
69156,0
135748,0
262027,0
220015,0
46121,0
119896,0
156415,0
169606,0
145253,0
247230,0
5647,0
213090,0
235997,0
74545,0
84439,0
5001,0
181864,0
72557,0
21697,0
115343,0
3870,0
202779,0
32411,0
151080,0
258164,0
186457,0
31798,0
133926,0
202984,0
227230,0
227474,0
242077,0
24125,0
221135,0
209699,0
80151,0
92830,0
4900,0
255530,0
21339,0
911,0
192194,0
165054,0
111335,0
130452,0
31741,0
135291,0
115210,0
158175,0
203686,0
70370,0
102279,0
242984,0
164298,0
40263,0
213543,0
193164,0
174909,0
166142,0
233013,0
33176,0
246789,0
18404,0
3286,0
41193,0
17634,0
121479,0
213783,0
235106,0
89249,0
88696,0
188587,0
127202,0
13507,0
202444,0
148146,0
197247,0
206681,0
42434,0
121420,0
250214,0
15255,0
265250,0
109683,0
33527,0
112406,0
18418,0
34662,0
62614,0
245555,0
97179,0
255970,0
44751,0
30199,0
137629,0
39699,0
11270,0
65571,0
188780,0
111784,0
49745,0
148935,0
21615,0
30716,0
26675,0
82492,0
164845,0
160168,0
243708,0
99987,0
138960,0
124598,0
266266,0
176323,0
225660,0
226450,0
171793,0
208416,0
89889,0
198638,0
187539,0
90704,0
128259,0
214651,0
120543,0
238799,0
148822,0
100981,0
65137,0
144412,0
130386,0
101308,0
114656,0
129763,0
108032,0
170338,0
256068,0
225162,0
104218,0
230775,0
86465,0
218451,0
103063,0
235230,0
9460,0
28578,0
166621,0
248102,0
69874,0
135811,0
92692,0
100653,0
94573,0
101718,0
10555,0
209682,0
64063,0
105278,0
120944,0
15674,0
177924,0
79244,0
32008,0
202375,0
118508,0
189175,0
65646,0
99003,0
48651,0
257834,0
71818,0
10153,0
208086,0
29725,0
240928,0
78134,0
121608,0
200759,0
203268,0
136663,0
39534,0
27646,0
216381,0
200723,0
182735,0
103595,0
179890,0
109890,0
163111,0
79445,0
254970,0
261432,0
223258,0
138582,0
42955,0
12340,0
221587,0
153236,0
845,0
246368,0
248774,0
203208,0
1827,0
135891,0
172854,0
191088,0
188692,0
180456,0
27991,0
145327,0
45768,0
171997,0
110284,0
85207,0
118602,0
178133,0
154126,0
58276,0
207854,0
97610,0
151034,0
234516,0
173571,0
208124,0
140888,0
46046,0
174526,0
50297,0
252848,0
9825,0
14426,0
54086,0
73754,0
202497,0
4833,0
226843,0
120407,0
47557,0
25322,0
73909,0
247979,0
177750,0
202686,0
60287,0
191926,0
107799,0
209985,0
146015,0
112985,0
32692,0
226763,0
21847,0
76716,0
59474,0
56489,0
73131,0
222437,0
75223,0
134683,0
194527,0
194057,0
148285,0
260206,0
118620,0
82111,0
1686,0
60688,0
185833,0
100865,0
118590,0
71620,0
206666,0
79423,0
117919,0
217611,0
26375,0
191297,0
112619,0
113058,0
121166,0
29942,0
191610,0
221453,0
196319,0
59318,0
86281,0
109392,0
122374,0
94011,0
252360,0
166238,0
115199,0
263399,0
156051,0
230756,0
116319,0
104433,0
15764,0
183088,0
63179,0
122109,0
87502,0
74381,0
230185,0
166372,0
147720,0
230075,0
257978,0
8197,0
121277,0
160995,0
112275,0
192492,0
205550,0
230972,0
8469,0
66268,0
204055,0
59618,0
227623,0
257717,0
247920,0
77926,0
222478,0
71703,0
204098,0
180191,0
92541,0
230508,0
121871,0
180990,0
203619,0
176930,0
36927,0
7020,0
147947,0
2339,0
230531,0
46485,0
165064,0
259069,0
241654,0
83858,0
145220,0
150083,0
55119,0
209248,0
165855,0
221389,0
182006,0
199196,0
141880,0
99037,0
148385,0
170442,0
101403,0
138948,0
217388,0
158727,0
119576,0
39518,0
52906,0
100138,0
7273,0
244758,0
146241,0
94944,0
98700,0
27409,0
79193,0
187102,0
222282,0
216475,0
66337,0
222131,0
115385,0
153815,0
60342,0
162019,0
137603,0
49048,0
67,0
114504,0
144710,0
54946,0
68252,0
64816,0
188075,0
260919,0
129113,0
196220,0
250420,0
17931,0
22432,0
31601,0
60695,0
243366,0
99674,0
39891,0
499,0
58326,0
111950,0
264343,0
122105,0
252947,0
99625,0
123073,0
161010,0
161179,0
130762,0
202176,0
91422,0
665,0
50540,0
140747,0
138087,0
41824,0
145596,0
83324,0
247161,0
40822,0
69171,0
43397,0
14233,0
41346,0
67480,0
137119,0
230691,0
70758,0
157678,0
51555,0
30630,0
18013,0
57211,0
164333,0
71226,0
107721,0
66071,0
66154,0
178069,0
134904,0
186599,0
30522,0
258183,0
25575,0
28268,0
89681,0
232899,0
225652,0
43284,0
8058,0
216661,0
94135,0
12106,0
45287,0
64233,0
94623,0
266543,0
143214,0
64680,0
19733,0
38044,0
110752,0
6260,0
234332,0
108910,0
7914,0
110026,0
2188,0
223730,0
215322,0
22153,0
13516,0
97951,0
219031,0
70089,0
249976,0
248332,0
41422,0
177895,0
21709,0
29671,0
18823,0
128354,0
36099,0
144463,0
153550,0
44666,0
123360,0
259662,0
17884,0
14523,0
111274,0
233449,0
195526,0
33690,0
204892,0
59956,0
163533,0
196717,0
141444,0
211946,0
174098,0
158670,0
145890,0
172895,0
128348,0
181917,0
203531,0
228814,0
49621,0
59037,0
169182,0
184267,0
228851,0
214703,0
103155,0
32507,0
114733,0
264164,0
151518,0
142880,0
143607,0
201276,0
117659,0
111119,0
165901,0
232751,0
266570,0
48978,0
193117,0
102765,0
61960,0
254459,0
161368,0
194004,0
244975,0
110513,0
254905,0
153917,0
48234,0
138651,0
178323,0
71130,0
37112,0
145717,0
254649,0
234492,0
197125,0
17928,0
114433,0
167598,0
82240,0
188686,0
260658,0
8079,0
127908,0
40480,0
110336,0
45280,0
45602,0
134487,0
206894,0
85795,0
258931,0
211636,0
146742,0
112713,0
168669,0
261465,0
144313,0
100621,0
67584,0
233120,0
204981,0
258754,0
180759,0
8491,0
21004,0
262317,0
5036,0
12237,0
164654,0
100051,0
24492,0
93444,0
146994,0
254759,0
63908,0
191565,0
29121,0
212226,0
47055,0
79559,0
138460,0
15123,0
789,0
52157,0
171287,0
94939,0
243573,0
188144,0
28080,0
70722,0
154203,0
222660,0
158385,0
153724,0
135218,0
62188,0
93653,0
59699,0
65193,0
42278,0
193910,0
37311,0
238436,0
125516,0
17054,0
197516,0
139843,0
238103,0
103758,0
216939,0
87215,0
71083,0
61796,0
133723,0
237504,0
90092,0
18376,0
228182,0
184174,0
57969,0
119700,0
16784,0
107906,0
229439,0
145490,0
113553,0
187595,0
138789,0
220041,0
32651,0
100720,0
223453,0
234839,0
211401,0
154662,0
53234,0
40491,0
157337,0
195124,0
81609,0
228385,0
207406,0
106471,0
25242,0
224437,0
150901,0
35223,0
51204,0
52009,0
39447,0
239636,0
54523,0
82281,0
205787,0
196927,0
64833,0
73661,0
629,0
217688,0
197323,0
199071,0
145874,0
225321,0
61659,0
43330,0
224911,0
94818,0
197582,0
90679,0
51445,0
218991,0
198275,0
113745,0
106981,0
48756,0
241515,0
234666,0
44681,0
28355,0
37214,0
18733,0
231609,0
221331,0
70630,0
185487,0
61620,0
142815,0
238967,0
29139,0
217097,0
67677,0
112731,0
10254,0
98927,0
25261,0
112979,0
154652,0
80328,0
254054,0
250415,0
101444,0
64164,0
228247,0
238557,0
57827,0
121556,0
151045,0
87447,0
211485,0
243355,0
240408,0
205309,0
128545,0
164283,0
34631,0
110872,0
158867,0
47706,0
86522,0
85792,0
59775,0
188395,0
160940,0
214645,0
94866,0
126070,0
185004,0
99080,0
209951,0
141919,0
151971,0
112028,0
123634,0
216025,0
154153,0
187136,0
125670,0
69355,0
32675,0
68070,0
15870,0
60616,0
235654,0
189876,0
7836,0
126792,0
152794,0
196280,0
102919,0
124023,0
62911,0
189457,0
194674,0
166416,0
175380,0
213841,0
238890,0
116887,0
205821,0
234675,0
223341,0
41709,0
141985,0
51056,0
251149,0
54520,0
140439,0
15594,0
89127,0
109571,0
26996,0
234907,0
137380,0
165232,0
239726,0
116312,0
212792,0
139198,0
7010,0
50268,0
192697,0
155730,0
204496,0
212022,0
159030,0
113431,0
43831,0
130669,0
104094,0
265632,0
4512,0
173274,0
192100,0
129021,0
119835,0
53994,0
62535,0
260982,0
254898,0
192274,0
208879,0
217376,0
258022,0
138074,0
56261,0
241802,0
28074,0
7504,0
149475,0
89251,0
49437,0
82621,0
203357,0
97392,0
139557,0
215767,0
8676,0
131328,0
259292,0
90772,0
60204,0
204356,0
246993,0
135020,0
201152,0
84553,0
138374,0
158871,0
157123,0
37587,0
114517,0
10158,0
80204,0
41414,0
38094,0
206765,0
41158,0
34643,0
15103,0
180123,0
147712,0
243462,0
150335,0
154717,0
158723,0
28480,0
111503,0
121140,0
205102,0
244443,0
173908,0
237230,0
50383,0
229969,0
40136,0
48846,0
177949,0
12111,0
61617,0
107420,0
115721,0
108568,0
9081,0
133943,0
90607,0
156933,0
178957,0
238479,0
156279,0
54687,0
37414,0
33258,0
31081,0
243147,0
120632,0
200221,0
227210,0
198730,0
118566,0
201349,0
166753,0
84786,0
74452,0
55545,0
64821,0
240047,0
96657,0
38389,0
48726,0
69773,0
208909,0
232491,0
55800,0
172910,0
152453,0
48576,0
24450,0
22939,0
12571,0
189022,0
9718,0
256279,0
78537,0
240541,0
90306,0
144118,0
230235,0
184425,0
248008,0
219654,0
3489,0
263095,0
143118,0
248930,0
65961,0
175515,0
189408,0
20039,0
164899,0
181023,0
66536,0
13766,0
204375,0
40027,0
238484,0
189789,0
41988,0
87920,0
54256,0
10269,0
17120,0
165720,0
264480,0
173559,0
152658,0
43235,0
5059,0
27948,0
88503,0
247587,0
189963,0
130046,0
200093,0
264751,0
26620,0
41817,0
106298,0
134588,0
128070,0
13904,0
162494,0
32633,0
250662,0
44872,0
230306,0
186351,0
184763,0
29123,0
187693,0
31382,0
249244,0
234611,0
147319,0
220523,0
46943,0
136118,0
201185,0
201649,0
145063,0
53890,0
109850,0
149095,0
192407,0
213787,0
24402,0
58030,0
65206,0
236915,0
145262,0
30546,0
163950,0
7380,0
242666,0
43013,0
22459,0
60490,0
251154,0
69853,0
120210,0
158803,0
62590,0
198919,0
226612,0
118390,0
160601,0
241376,0
127073,0
90976,0
175153,0
250294,0
236115,0
47127,0
27953,0
263248,0
68174,0
13231,0
181348,0
206685,0
101323,0
234962,0
266452,0
63547,0
86306,0
75246,0
169776,0
185952,0
128888,0
122245,0
113075,0
50590,0
225961,0
88380,0
21530,0
239179,0
173094,0
93514,0
201407,0
13366,0
60253,0
247198,0
139068,0
139202,0
190528,0
75694,0
172954,0
105458,0
85214,0
172569,0
123462,0
167023,0
193945,0
167616,0
88440,0
209054,0
180235,0
141322,0
45463,0
19622,0
246656,0
60869,0
14061,0
94464,0
71435,0
91481,0
262132,0
57482,0
118027,0
155180,0
119432,0
255363,0
240996,0
29939,0
243822,0
141699,0
81553,0
87212,0
236890,0
73028,0
235697,0
90747,0
228330,0
42752,0
144895,0
53606,0
10279,0
266551,0
32376,0
188510,0
11427,0
213383,0
254768,0
213142,0
27988,0
31188,0
164017,0
167444,0
71973,0
228207,0
133574,0
70889,0
61236,0
248455,0
5594,0
36894,0
54065,0
185829,0
187759,0
97597,0
220141,0
137689,0
26708,0
260884,0
57076,0
87823,0
76913,0
225401,0
161202,0
184793,0
170604,0
141396,0
47780,0
230836,0
129342,0
215810,0
71384,0
251495,0
143330,0
265136,0
232091,0
41124,0
149619,0
175069,0
70871,0
217718,0
109489,0
59905,0
259876,0
255910,0
132245,0
60804,0
26709,0
143467,0
241811,0
81454,0
63836,0
109546,0
188953,0
167571,0
265130,0
133376,0
216397,0
228619,0
87892,0
87223,0
73529,0
243776,0
6542,0
28031,0
196634,0
666,0
266235,0
73725,0
221160,0
78467,0
29180,0
102950,0
391,0
54863,0
180031,0
136634,0
249873,0
145680,0
85085,0
44703,0
145349,0
95654,0
52050,0
152618,0
220462,0
243096,0
196335,0
42867,0
179763,0
109781,0
193788,0
135315,0
86942,0
112936,0
247438,0
244879,0
160565,0
178206,0
145248,0
163779,0
150306,0
150571,0
56191,0
171097,0
147994,0
52421,0
128442,0
245711,0
221861,0
90056,0
147562,0
257932,0
73853,0
150741,0
39740,0
13099,0
87379,0
3816,0
247286,0
169234,0
70510,0
206665,0
128064,0
32485,0
9458,0
250466,0
73370,0
253012,0
85416,0
174103,0
98407,0
35656,0
60079,0
180052,0
94109,0
166477,0
23939,0
219222,0
43262,0
89679,0
13217,0
238426,0
143347,0
178097,0
121208,0
172020,0
228110,0
158944,0
155490,0
243590,0
149723,0
55496,0
192674,0
184216,0
36351,0
15486,0
246888,0
260076,0
132732,0
128131,0
192629,0
48688,0
206607,0
192825,0
251883,0
263273,0
24792,0
162665,0
113425,0
214580,0
51764,0
191757,0
70289,0
53900,0
259289,0
265700,0
212413,0
14008,0
158601,0
251730,0
204045,0
27307,0
211885,0
18700,0
345,0
102295,0
238048,0
131699,0
47591,0
57779,0
77030,0
119077,0
198548,0
143780,0
165476,0
55355,0
231706,0
45239,0
146571,0
46301,0
117985,0
244040,0
244392,0
170467,0
66191,0
93999,0
214585,0
126679,0
244508,0
239133,0
27776,0
69367,0
102592,0
134819,0
224600,0
171455,0
63204,0
209750,0
168893,0
149928,0
127834,0
212824,0
230770,0
107091,0
113222,0
136974,0
63853,0
200994,0
93186,0
179953,0
65982,0
48588,0
260547,0
131073,0
142988,0
133541,0
216514,0
125927,0
138234,0
86557,0
84243,0
172409,0
186761,0
266,0
23376,0
228393,0
43302,0
253354,0
237608,0
144129,0
152447,0
24268,0
160544,0
37397,0
87296,0
167425,0
201687,0
246019,0
16213,0
42339,0
244932,0
55389,0
219809,0
24598,0
137179,0
169486,0
38462,0
121654,0
197529,0
188198,0
183305,0
19984,0
5478,0
37061,0
135764,0
13711,0
204190,0
175640,0
54152,0
156179,0
65863,0
182969,0
94886,0
114529,0
7946,0
200633,0
35066,0
173482,0
222375,0
48843,0
150583,0
180400,0
33793,0
90776,0
210979,0
218419,0
62065,0
57648,0
69273,0
118558,0
88811,0
251255,0
233652,0
260328,0
200684,0
234645,0
142916,0
250337,0
243340,0
259860,0
229637,0
65077,0
109207,0
112198,0
212091,0
10743,0
21333,0
225184,0
185734,0
56135,0
168284,0
4214,0
214447,0
12244,0
23049,0
241012,0
9261,0
96485,0
151303,0
232910,0
176400,0
50596,0
163420,0
131953,0
158534,0
108538,0
60946,0
80694,0
121727,0
84262,0
92321,0
49089,0
75482,0
115244,0
214598,0
254279,0
86776,0
88251,0
64903,0
97458,0
7931,0
183186,0
207288,0
170282,0
212292,0
115697,0
139358,0
221254,0
245195,0
149226,0
2239,0
149893,0
254914,0
146087,0
201767,0
22327,0
266328,0
39030,0
128899,0
152524,0
137023,0
213693,0
26045,0
254069,0
242673,0
47353,0
219721,0
266186,0
258885,0
55150,0
37699,0
235743,0
4694,0
192790,0
17203,0
92535,0
119786,0
9089,0
66738,0
132444,0
187624,0
253139,0
46400,0
134572,0
206740,0
25511,0
44088,0
209058,0
145053,0
220158,0
31803,0
8231,0
47570,0
67317,0
21516,0
181322,0
205426,0
256121,0
266446,0
121872,0
159178,0
162639,0
69781,0
75797,0
61012,0
28917,0
83662,0
200523,0
45067,0
87954,0
125307,0
29889,0
62408,0
66284,0
2375,0
116099,0
137951,0
253023,0
151195,0
65024,0
206312,0
74560,0
228736,0
14672,0
70556,0
52809,0
156503,0
132173,0
99512,0
171505,0
32602,0
236852,0
88776,0
63088,0
266242,0
137296,0
73642,0
74446,0
151646,0
234107,0
34769,0
151915,0
43570,0
137438,0
166731,0
145865,0
195119,0
193589,0
98354,0
185888,0
74016,0
224852,0
30406,0
242940,0
139914,0
75864,0
123564,0
260090,0
191426,0
256287,0
148090,0
111257,0
54632,0
216164,0
15512,0
178286,0
25043,0
141361,0
244871,0
142302,0
230298,0
262684,0
140518,0
5178,0
157502,0
63143,0
64840,0
104427,0
208407,0
211175,0
85806,0
149598,0
25390,0
225851,0
113595,0
105712,0
168274,0
100551,0
45204,0
234222,0
130225,0
53965,0
135514,0
133991,0
150858,0
148102,0
233554,0
209161,0
127744,0
66498,0
71151,0
113237,0
40403,0
71963,0
156330,0
204703,0
36838,0
23937,0
82019,0
129836,0
263597,0
52138,0
263431,0
195829,0
212,0
59369,0
105857,0
257891,0
212220,0
57598,0
191388,0
245231,0
184880,0
129311,0
191709,0
32200,0
165966,0
261530,0
68640,0
136936,0
147959,0
116109,0
33457,0
177941,0
237623,0
232958,0
113523,0
119924,0
53559,0
113663,0
70040,0
45437,0
32618,0
124959,0
112333,0
228193,0
255815,0
174722,0
2695,0
163542,0
189687,0
92010,0
116980,0
135794,0
27690,0
154190,0
24884,0
91898,0
144402,0
205386,0
164812,0
21261,0
86564,0
251486,0
263957,0
44202,0
17934,0
166183,0
29280,0
19277,0
241075,0
131592,0
131449,0
181005,0
210683,0
8110,0
226513,0
78627,0
14333,0
93698,0
140145,0
29524,0
249551,0
56630,0
233570,0
106155,0
112712,0
18866,0
135455,0
252135,0
227469,0
250096,0
235349,0
115323,0
112068,0
266299,0
97200,0
42262,0
6864,0
65669,0
204841,0
247118,0
67048,0
205427,0
172817,0
46896,0
190655,0
256556,0
136196,0
188997,0
137366,0
123792,0
148832,0
53185,0
20460,0
44054,0
183095,0
114847,0
34165,0
219231,0
241275,0
208394,0
252514,0
12374,0
214739,0
25844,0
175514,0
88561,0
104002,0
96076,0
191553,0
38497,0
136152,0
65936,0
222400,0
195294,0
116386,0
225504,0
66044,0
93207,0
175738,0
226120,0
222470,0
106344,0
180214,0
92457,0
119386,0
184939,0
194548,0
78649,0
259566,0
242175,0
172099,0
7225,0
164908,0
201788,0
20137,0
235303,0
210849,0
242371,0
87095,0
38614,0
10730,0
2078,0
149328,0
256458,0
101030,0
155033,0
91727,0
94377,0
147621,0
177722,0
73307,0
210841,0
256399,0
141173,0
176076,0
181813,0
130171,0
109962,0
100026,0
219098,0
25555,0
20565,0
104707,0
135911,0
76050,0
128546,0
206182,0
82765,0
112267,0
91297,0
97680,0
168017,0
255573,0
240990,0
240468,0
137943,0
120303,0
132267,0
159280,0
94632,0
61958,0
65458,0
27445,0
187988,0
208588,0
16334,0
222857,0
12489,0
48131,0
20251,0
265943,0
125500,0
223227,0
107589,0
186828,0
119880,0
103526,0
180114,0
50096,0
67442,0
82190,0
56593,0
170385,0
248157,0
217678,0
30534,0
82887,0
222225,0
138639,0
27144,0
122049,0
83936,0
240441,0
92419,0
25457,0
2550,0
189304,0
7323,0
116470,0
237769,0
148713,0
104762,0
238372,0
187216,0
128172,0
67792,0
30404,0
169193,0
147541,0
33675,0
43080,0
112583,0
59978,0
179545,0
27900,0
213940,0
261196,0
103466,0
153331,0
213057,0
3806,0
20307,0
219089,0
203144,0
84603,0
240802,0
107488,0
41366,0
146539,0
126374,0
19407,0
240718,0
194122,0
174070,0
197113,0
113278,0
241492,0
86083,0
244336,0
54989,0
247005,0
91418,0
263290,0
136528,0
182421,0
214216,0
172372,0
245866,0
244570,0
197121,0
226926,0
20485,0
26645,0
219206,0
39779,0
68134,0
15323,0
209748,0
147713,0
158734,0
115802,0
177473,0
69746,0
179463,0
184438,0
185511,0
58142,0
239982,0
21462,0
237720,0
82944,0
30076,0
79855,0
157894,0
14615,0
12365,0
221015,0
260877,0
56773,0
13056,0
249734,0
7757,0
102463,0
176170,0
258143,0
160205,0
142261,0
115494,0
125049,0
243242,0
170601,0
51422,0
66677,0
168189,0
257321,0
172133,0
14290,0
244634,0
9929,0
97250,0
47454,0
145682,0
170058,0
104365,0
116149,0
264015,0
151030,0
240282,0
155308,0
218436,0
242904,0
67211,0
121093,0
78325,0
204657,0
168513,0
154097,0
21364,0
78761,0
242774,0
103058,0
64979,0
184921,0
56083,0
201113,0
45210,0
186810,0
135542,0
54631,0
232350,0
35233,0
36765,0
18588,0
128904,0
56661,0
52327,0
79143,0
219658,0
22080,0
247012,0
27041,0
87048,0
135409,0
264626,0
159499,0
97677,0
188272,0
122013,0
98217,0
49704,0
21161,0
158252,0
191736,0
86524,0
211681,0
230329,0
95764,0
129650,0
11215,0
177806,0
258207,0
56968,0
158255,0
73672,0
230924,0
70053,0
97744,0
108212,0
225465,0
148738,0
14272,0
21693,0
84257,0
178434,0
204146,0
239981,0
241233,0
59966,0
154402,0
137432,0
87994,0
265064,0
135268,0
76055,0
88603,0
242196,0
237505,0
157797,0
72835,0
255493,0
15742,0
30671,0
106747,0
65425,0
89093,0
184481,0
172603,0
218579,0
63115,0
19231,0
88530,0
204343,0
8742,0
92040,0
9297,0
194097,0
160626,0
72511,0
210363,0
247304,0
149783,0
23619,0
62443,0
146488,0
92527,0
112626,0
160236,0
46189,0
168485,0
78648,0
58987,0
258764,0
221884,0
120477,0
149237,0
247595,0
121376,0
190337,0
226627,0
98581,0
92285,0
263110,0
43825,0
230495,0
86546,0
58391,0
101757,0
213227,0
163373,0
100879,0
60667,0
181212,0
113889,0
45386,0
227635,0
85891,0
77907,0
170380,0
232793,0
10490,0
24249,0
26108,0
202517,0
127217,0
191369,0
91669,0
112427,0
2129,0
139021,0
115399,0
106180,0
229606,0
165557,0
252586,0
60782,0
246346,0
84950,0
151236,0
232837,0
57492,0
130374,0
235977,0
109464,0
67060,0
41823,0
122558,0
49409,0
155433,0
43500,0
187171,0
251732,0
236390,0
86257,0
8293,0
115264,0
62136,0
176388,0
95629,0
6924,0
207509,0
249686,0
34995,0
249222,0
109154,0
51453,0
5922,0
172593,0
162347,0
208292,0
109544,0
31233,0
114358,0
134228,0
188777,0
265420,0
228227,0
59751,0
32480,0
58499,0
201057,0
18661,0
3709,0
1304,0
94147,0
38669,0
262414,0
102368,0
48729,0
42302,0
216822,0
83213,0
834,0
72389,0
51385,0
14374,0
200855,0
153905,0
259848,0
221764,0
81844,0
238320,0
121065,0
124699,0
228641,0
241116,0
50272,0
5783,0
93222,0
62172,0
121640,0
92464,0
255035,0
105664,0
32227,0
151469,0
68843,0
12541,0
90411,0
85356,0
14125,0
227607,0
1368,0
246562,0
261780,0
155967,0
191983,0
13690,0
216418,0
26148,0
140803,0
8107,0
11420,0
105449,0
259368,0
64756,0
82455,0
104351,0
36837,0
179618,0
173301,0
2392,0
225424,0
47326,0
230532,0
14487,0
140889,0
122164,0
146076,0
121756,0
67950,0
128654,0
218832,0
65765,0
51679,0
239247,0
108111,0
136108,0
65333,0
63996,0
136358,0
91847,0
121299,0
103108,0
152544,0
145215,0
98437,0
75047,0
18069,0
231288,0
199085,0
105653,0
132898,0
91786,0
46395,0
21740,0
164269,0
231702,0
84595,0
151928,0
243924,0
70741,0
87242,0
231905,0
98955,0
176126,0
262042,0
50787,0
26930,0
135840,0
240538,0
219163,0
181443,0
255194,0
87971,0
210203,0
82744,0
225608,0
246970,0
147141,0
66001,0
152516,0
107443,0
37124,0
236157,0
109713,0
150859,0
116388,0
241136,0
85557,0
96266,0
141577,0
243306,0
128431,0
194226,0
133280,0
195653,0
219738,0
181009,0
13504,0
91421,0
118049,0
170081,0
104939,0
76905,0
49281,0
36015,0
65478,0
179544,0
200844,0
154570,0
86691,0
179754,0
35334,0
178799,0
113250,0
187468,0
48244,0
17492,0
17825,0
151297,0
69272,0
70563,0
135657,0
136748,0
26566,0
66321,0
255324,0
238829,0
68525,0
217155,0
98166,0
249060,0
88800,0
137869,0
17671,0
239912,0
16177,0
50709,0
134189,0
151087,0
169348,0
104191,0
98183,0
16028,0
206021,0
264501,0
4211,0
49616,0
188935,0
201978,0
87196,0
143109,0
129479,0
255665,0
130499,0
114554,0
204460,0
122636,0
168758,0
134847,0
87047,0
230751,0
118052,0
77864,0
266432,0
137505,0
118199,0
133231,0
46608,0
67748,0
111157,0
229936,0
196007,0
261170,0
194798,0
219244,0
163797,0
21891,0
70119,0
93497,0
96872,0
261211,0
164810,0
265876,0
115406,0
85448,0
48172,0
150554,0
104120,0
36280,0
15873,0
54595,0
249197,0
47891,0
36756,0
84634,0
57313,0
142744,0
136434,0
4919,0
126019,0
137887,0
87490,0
138209,0
85502,0
129119,0
89084,0
259984,0
225214,0
113685,0
219320,0
41473,0
237950,0
15869,0
63941,0
255095,0
116313,0
49124,0
88025,0
85793,0
200179,0
49555,0
150579,0
14779,0
80895,0
40921,0
47054,0
127505,0
166242,0
49981,0
60048,0
69269,0
252813,0
51929,0
124524,0
220286,0
82655,0
68179,0
207911,0
3689,0
250798,0
17304,0
114470,0
30826,0
111912,0
63556,0
109532,0
157987,0
227152,0
170315,0
66463,0
92461,0
126358,0
19530,0
104644,0
33382,0
185048,0
243805,0
191534,0
22225,0
219036,0
7712,0
167778,0
264321,0
165112,0
251600,0
225357,0
81114,0
60936,0
121717,0
29048,0
115716,0
3083,0
122729,0
118475,0
135438,0
240327,0
115431,0
84771,0
58522,0
133888,0
148494,0
112602,0
98319,0
21707,0
200488,0
139444,0
232898,0
133268,0
184741,0
110610,0
250460,0
224970,0
21351,0
263996,0
35308,0
154943,0
251443,0
58584,0
74540,0
88879,0
73466,0
250092,0
181318,0
32033,0
76992,0
78315,0
26600,0
246646,0
120105,0
32035,0
132913,0
205816,0
139362,0
112329,0
257987,0
171393,0
136235,0
52790,0
16697,0
148549,0
140116,0
111057,0
120004,0
169437,0
5724,0
27843,0
215720,0
190506,0
87729,0
73203,0
199226,0
136394,0
176105,0
246665,0
251240,0
187870,0
43623,0
50537,0
232745,0
72956,0
46851,0
194465,0
56683,0
184833,0
24495,0
207931,0
88485,0
161645,0
119045,0
98404,0
175465,0
165450,0
71023,0
236721,0
122414,0
114524,0
23063,0
255132,0
6400,0
171379,0
174819,0
75446,0
92390,0
254634,0
128146,0
169361,0
152053,0
219853,0
223832,0
218249,0
189282,0
107517,0
159031,0
174920,0
183849,0
141591,0
191033,0
107253,0
86993,0
263551,0
27066,0
179882,0
140225,0
151301,0
176710,0
11202,0
103204,0
98689,0
63071,0
257472,0
107483,0
19087,0
257847,0
16935,0
18145,0
202492,0
248978,0
235851,0
19538,0
154147,0
94548,0
83624,0
213738,0
61806,0
153791,0
204257,0
187604,0
255860,0
253219,0
259729,0
99448,0
139695,0
110845,0
13951,0
1845,0
215690,0
136473,0
248947,0
183735,0
53724,0
124436,0
159850,0
253223,0
26173,0
181974,0
79554,0
242334,0
131026,0
241194,0
39640,0
28283,0
135395,0
33487,0
83342,0
66762,0
76618,0
2549,0
91249,0
15018,0
126169,0
221183,0
131771,0
28528,0
212387,0
152370,0
47226,0
153332,0
109736,0
70352,0
88308,0
55948,0
251269,0
102174,0
64854,0
39840,0
265881,0
130078,0
60861,0
177566,0
198713,0
74621,0
253039,0
33266,0
121456,0
117494,0
248854,0
72914,0
245586,0
244889,0
41783,0
123013,0
62364,0
82729,0
8790,0
158831,0
19037,0
250915,0
200211,0
169146,0
218880,0
60871,0
66263,0
89241,0
197663,0
191093,0
157675,0
194975,0
23300,0
91402,0
102501,0
98590,0
186037,0
223333,0
137211,0
1829,0
139530,0
69049,0
171419,0
148325,0
79463,0
61830,0
178099,0
91725,0
213869,0
162153,0
146444,0
39750,0
114991,0
85565,0
83968,0
48011,0
64905,0
92257,0
246951,0
109729,0
230875,0
211638,0
201685,0
177394,0
15034,0
84522,0
9340,0
78770,0
63845,0
244083,0
78050,0
42640,0
129204,0
34323,0
224178,0
166201,0
35140,0
69910,0
29363,0
54694,0
115442,0
94233,0
180689,0
251755,0
199128,0
11814,0
122450,0
162581,0
133207,0
157848,0
199510,0
134896,0
263609,0
96829,0
107583,0
243733,0
150535,0
68063,0
42621,0
168927,0
33267,0
215209,0
115480,0
193406,0
43536,0
8282,0
108082,0
114310,0
108409,0
243981,0
244870,0
102579,0
48714,0
48302,0
18771,0
263921,0
70066,0
11774,0
205285,0
199005,0
94188,0
16160,0
122047,0
115670,0
110608,0
168822,0
56442,0
3907,0
41491,0
248131,0
133266,0
96398,0
101175,0
226874,0
214434,0
154125,0
46736,0
121105,0
147702,0
16717,0
190218,0
83368,0
138848,0
120983,0
10838,0
143992,0
266487,0
129991,0
132384,0
242953,0
215092,0
233499,0
266606,0
236729,0
103030,0
190256,0
90542,0
153769,0
263042,0
131412,0
255225,0
115607,0
217912,0
213032,0
251872,0
46243,0
79449,0
20026,0
179888,0
241461,0
156951,0
188834,0
89801,0
141178,0
122243,0
164828,0
178406,0
231562,0
223722,0
106566,0
101990,0
74776,0
68406,0
180846,0
86138,0
36996,0
6226,0
136156,0
135216,0
256254,0
61035,0
12132,0
240938,0
36445,0
65237,0
27834,0
82825,0
160434,0
107296,0
202747,0
200600,0
131364,0
154267,0
50629,0
235848,0
43594,0
138951,0
209932,0
127221,0
197040,0
238758,0
167978,0
69646,0
240793,0
14304,0
139853,0
227228,0
146690,0
127101,0
44637,0
109442,0
18173,0
121541,0
238707,0
19094,0
243461,0
16171,0
114081,0
213904,0
171807,0
3594,0
62684,0
199455,0
37987,0
33165,0
190810,0
194464,0
10813,0
85498,0
41794,0
26167,0
85240,0
46769,0
65331,0
264246,0
65075,0
53451,0
206323,0
162650,0
60816,0
18131,0
263629,0
9288,0
91716,0
85825,0
61040,0
259191,0
63977,0
82702,0
258723,0
203177,0
108545,0
126117,0
182777,0
159157,0
99591,0
110316,0
26103,0
187857,0
165118,0
216021,0
173740,0
182907,0
128989,0
101144,0
104989,0
165302,0
124624,0
245368,0
97944,0
81281,0
160633,0
117000,0
108132,0
75012,0
95246,0
155817,0
171962,0
53088,0
241852,0
72613,0
154546,0
187963,0
236012,0
82506,0
109132,0
135477,0
62848,0
77878,0
106042,0
2455,0
63348,0
249596,0
245081,0
35982,0
185149,0
67984,0
230478,0
45168,0
27660,0
150062,0
20302,0
129163,0
136480,0
159142,0
22140,0
132407,0
205294,0
166016,0
3316,0
159385,0
131892,0
32582,0
124361,0
181209,0
157062,0
105834,0
153497,0
236300,0
8170,0
133460,0
232890,0
41055,0
7978,0
224585,0
105535,0
75811,0
101332,0
50470,0
12675,0
10558,0
188496,0
113377,0
10459,0
9125,0
63105,0
108110,0
244844,0
222104,0
37537,0
266173,0
168327,0
135191,0
186817,0
164084,0
129706,0
90099,0
210372,0
83614,0
24800,0
155696,0
80674,0
50496,0
134570,0
152974,0
203081,0
235686,0
153609,0
23988,0
18372,0
16826,0
210862,0
177856,0
195598,0
119618,0
265626,0
87864,0
234572,0
42934,0
262054,0
146693,0
258771,0
96653,0
184014,0
48288,0
244545,0
169325,0
30209,0
105104,0
234728,0
207330,0
222321,0
259372,0
16803,0
162320,0
190326,0
40588,0
52101,0
66483,0
192360,0
101310,0
86700,0
140936,0
26427,0
182988,0
34585,0
40987,0
48461,0
9192,0
61942,0
33133,0
47182,0
190507,0
206417,0
192732,0
210970,0
152302,0
195885,0
12497,0
245591,0
179020,0
188704,0
122669,0
217037,0
240195,0
135644,0
235633,0
118832,0
237221,0
79035,0
154411,0
7494,0
126531,0
38394,0
140362,0
133314,0
203696,0
78364,0
28152,0
233016,0
120399,0
263359,0
164294,0
154,0
70348,0
187800,0
21782,0
125964,0
262678,0
153896,0
235470,0
79256,0
182634,0
16741,0
235284,0
36828,0
82642,0
87387,0
163795,0
23867,0
169303,0
969,0
131925,0
3618,0
141845,0
73876,0
158400,0
220245,0
119209,0
1759,0
28178,0
20695,0
199385,0
251592,0
249377,0
111758,0
106353,0
216594,0
31287,0
37264,0
161465,0
133151,0
173438,0
28292,0
7054,0
15439,0
203587,0
5383,0
241054,0
191326,0
199213,0
110135,0
83649,0
76251,0
265126,0
55778,0
256058,0
181685,0
106491,0
137782,0
44220,0
167409,0
88551,0
110655,0
194941,0
118464,0
127680,0
234480,0
60555,0
31701,0
2621,0
10543,0
178201,0
212103,0
90284,0
233379,0
100208,0
13678,0
160417,0
236481,0
16939,0
74057,0
46232,0
62439,0
178216,0
118025,0
258842,0
14229,0
96865,0
33542,0
78072,0
72790,0
141619,0
67882,0
234155,0
16234,0
89628,0
86267,0
250700,0
230894,0
74482,0
7649,0
13890,0
194123,0
124547,0
80558,0
167525,0
166980,0
138801,0
122255,0
81783,0
180178,0
63060,0
179779,0
224351,0
180673,0
129688,0
139133,0
190263,0
42210,0
54032,0
226083,0
3159,0
71528,0
266431,0
153103,0
41944,0
163500,0
196407,0
219369,0
44717,0
4554,0
168001,0
210676,0
136165,0
241255,0
168811,0
147678,0
155259,0
184527,0
260236,0
33061,0
185013,0
30779,0
29433,0
177424,0
35028,0
216883,0
218728,0
57117,0
212917,0
61108,0
3931,0
258867,0
113328,0
122742,0
260225,0
120718,0
128551,0
52535,0
178702,0
199840,0
2679,0
196947,0
166545,0
104749,0
169342,0
17318,0
250355,0
194280,0
211622,0
265849,0
114699,0
258167,0
151388,0
264021,0
138465,0
104457,0
112091,0
18978,0
134827,0
209348,0
108120,0
48397,0
192372,0
71092,0
139301,0
119596,0
206035,0
103067,0
226651,0
38320,0
216580,0
33128,0
176359,0
130637,0
3141,0
32568,0
153957,0
158680,0
105788,0
108464,0
208856,0
146667,0
42812,0
60664,0
120779,0
126843,0
207253,0
14790,0
257118,0
95011,0
21014,0
76928,0
211786,0
144550,0
263062,0
110807,0
22659,0
100204,0
171199,0
235016,0
173554,0
55838,0
78633,0
23136,0
16743,0
77285,0
28781,0
57468,0
246515,0
148876,0
160091,0
87716,0
181923,0
263475,0
80221,0
33927,0
213924,0
157210,0
201064,0
31785,0
131843,0
225276,0
14594,0
161147,0
134480,0
216485,0
198834,0
189943,0
192052,0
151420,0
7473,0
8402,0
206173,0
14863,0
120995,0
72610,0
247699,0
205552,0
70071,0
183548,0
112443,0
187195,0
255319,0
250625,0
205669,0
119615,0
87516,0
41826,0
102246,0
214533,0
190572,0
183246,0
101117,0
177373,0
252924,0
177632,0
249289,0
88132,0
90798,0
78866,0
94713,0
171212,0
42575,0
125416,0
105387,0
241541,0
246142,0
245354,0
248470,0
223713,0
199275,0
90231,0
260467,0
251377,0
16652,0
167892,0
243587,0
28853,0
222535,0
55613,0
227081,0
139628,0
158290,0
104287,0
21482,0
120907,0
216723,0
97639,0
27387,0
127757,0
54892,0
254092,0
118387,0
216141,0
85766,0
7746,0
111866,0
153089,0
157561,0
97795,0
195540,0
264889,0
138040,0
37890,0
108406,0
146656,0
157222,0
96120,0
100156,0
76908,0
221805,0
217750,0
5086,0
151527,0
97251,0
216481,0
258785,0
183934,0
686,0
173146,0
138841,0
9310,0
234314,0
10786,0
131056,0
195994,0
22346,0
150633,0
189097,0
202645,0
51761,0
245494,0
111781,0
203335,0
210936,0
102908,0
58364,0
89700,0
224953,0
194600,0
178029,0
163282,0
256497,0
65873,0
64391,0
76765,0
200219,0
25222,0
217314,0
260890,0
154418,0
181416,0
223760,0
152402,0
28474,0
165131,0
130962,0
252706,0
128396,0
177219,0
101742,0
107271,0
199907,0
22710,0
116426,0
245651,0
236019,0
183249,0
245802,0
126744,0
179224,0
146258,0
70884,0
237098,0
102089,0
114594,0
53094,0
45258,0
77222,0
181851,0
130667,0
175326,0
98891,0
223304,0
95667,0
203655,0
92450,0
209732,0
160129,0
215165,0
159910,0
111938,0
162788,0
228727,0
115328,0
155620,0
65737,0
198685,0
86158,0
197091,0
8797,0
185740,0
33446,0
180050,0
62069,0
123603,0
60229,0
151226,0
169279,0
197799,0
231119,0
13539,0
25906,0
136225,0
215074,0
223737,0
58560,0
207445,0
163762,0
201820,0
17610,0
25923,0
111621,0
138665,0
38445,0
239798,0
130056,0
130650,0
179132,0
172164,0
194492,0
111710,0
217626,0
223119,0
266295,0
221806,0
166743,0
12202,0
85185,0
49369,0
143310,0
60492,0
44787,0
249806,0
264055,0
113252,0
189946,0
90465,0
251452,0
64965,0
92661,0
159192,0
12815,0
61266,0
97523,0
144685,0
166801,0
203967,0
161577,0
61729,0
205882,0
72851,0
225514,0
148135,0
141256,0
102837,0
190666,0
209622,0
158466,0
42159,0
50036,0
6498,0
24840,0
110940,0
208184,0
133217,0
20209,0
223100,0
97603,0
254596,0
53701,0
40565,0
40896,0
223190,0
225016,0
114106,0
186461,0
73753,0
252242,0
211826,0
59181,0
82338,0
181105,0
202769,0
35578,0
71020,0
185304,0
255058,0
223857,0
206817,0
127976,0
1843,0
198057,0
146299,0
24078,0
254207,0
148965,0
217486,0
394,0
151888,0
134438,0
243341,0
150279,0
116942,0
46846,0
185726,0
198772,0
139994,0
51156,0
71033,0
51791,0
169508,0
221642,0
262439,0
169255,0
112400,0
13604,0
146525,0
136553,0
215848,0
83076,0
216896,0
217657,0
24027,0
252993,0
36078,0
191471,0
85198,0
141295,0
249790,0
258202,0
98602,0
250649,0
244290,0
252895,0
141454,0
103846,0
160807,0
155260,0
91098,0
206599,0
19573,0
10075,0
25692,0
209735,0
135457,0
62358,0
180302,0
172877,0
210856,0
49692,0
120452,0
182108,0
78282,0
134979,0
261361,0
231827,0
150190,0
125429,0
61557,0
116721,0
113894,0
30755,0
251853,0
47556,0
149289,0
93212,0
179821,0
5156,0
230148,0
196545,0
253394,0
43887,0
97686,0
153444,0
175180,0
87094,0
165252,0
121499,0
86254,0
123022,0
51229,0
177233,0
83223,0
257549,0
169680,0
76013,0
117672,0
137867,0
18526,0
134782,0
135917,0
26508,0
148386,0
171217,0
14662,0
189214,0
237114,0
188927,0
249529,0
8972,0
169063,0
166063,0
215100,0
2599,0
85050,0
167347,0
58785,0
54983,0
142239,0
94863,0
3765,0
18074,0
164028,0
249751,0
173204,0
244377,0
228156,0
249161,0
34060,0
131830,0
33534,0
165167,0
117982,0
164478,0
81470,0
173507,0
78217,0
139967,0
169505,0
171293,0
25722,0
173947,0
172955,0
155667,0
226349,0
207404,0
186589,0
15407,0
230491,0
135096,0
95505,0
108692,0
223471,0
9455,0
16428,0
91371,0
84830,0
35438,0
214659,0
60259,0
218583,0
16352,0
259800,0
179632,0
165921,0
143381,0
80795,0
185770,0
193630,0
41056,0
171785,0
188469,0
140192,0
240048,0
4169,0
24156,0
33238,0
229346,0
189131,0
144791,0
195355,0
248032,0
206958,0
20132,0
246398,0
23154,0
265799,0
155071,0
64270,0
247735,0
51135,0
134544,0
22349,0
119716,0
201867,0
118621,0
39481,0
245587,0
198838,0
195744,0
194479,0
122533,0
101809,0
176979,0
92746,0
137557,0
213259,0
14504,0
206169,0
85526,0
236248,0
165543,0
70555,0
41821,0
20333,0
190479,0
127435,0
216848,0
126226,0
185418,0
38703,0
17704,0
225605,0
102332,0
211833,0
14281,0
190393,0
264019,0
80668,0
205797,0
226254,0
88970,0
235875,0
177605,0
9483,0
259782,0
121679,0
157667,0
51582,0
108881,0
63686,0
121694,0
261745,0
216625,0
32266,0
190570,0
58895,0
10206,0
103875,0
58650,0
121663,0
122011,0
204875,0
206161,0
235406,0
154548,0
145049,0
73451,0
81388,0
235102,0
220541,0
197505,0
120811,0
78318,0
58465,0
259988,0
234230,0
83690,0
164376,0
48604,0
183366,0
186547,0
193080,0
20097,0
238696,0
192010,0
232871,0
235097,0
80608,0
117542,0
239765,0
139467,0
155904,0
122894,0
25684,0
133377,0
183040,0
209327,0
257258,0
81410,0
222884,0
260408,0
178461,0
251590,0
143596,0
64016,0
232623,0
31330,0
110495,0
218405,0
53496,0
159096,0
64185,0
227408,0
154617,0
240238,0
192745,0
165939,0
224398,0
68737,0
130275,0
106920,0
18855,0
234654,0
41526,0
265412,0
182937,0
239931,0
89783,0
252012,0
233139,0
127707,0
208247,0
55904,0
234732,0
176592,0
42780,0
13293,0
9949,0
241841,0
241828,0
249139,0
258389,0
115653,0
90550,0
139464,0
88030,0
239943,0
165697,0
9648,0
42452,0
242400,0
24004,0
201439,0
104708,0
54908,0
163700,0
11722,0
210293,0
198437,0
26926,0
239302,0
163076,0
2202,0
46103,0
4050,0
251472,0
141890,0
228146,0
233124,0
131474,0
101306,0
126062,0
164150,0
103999,0
715,0
83548,0
128109,0
176199,0
71234,0
62478,0
135692,0
59908,0
257696,0
82303,0
100279,0
162345,0
185972,0
34262,0
195274,0
226357,0
264843,0
211971,0
101051,0
189719,0
250672,0
251379,0
82507,0
260308,0
17912,0
6669,0
2835,0
91656,0
219285,0
52592,0
70367,0
223249,0
188838,0
54397,0
52540,0
62797,0
214881,0
1410,0
116990,0
221881,0
109684,0
218539,0
100235,0
161404,0
26788,0
179402,0
102829,0
170366,0
37965,0
214790,0
61747,0
173687,0
234451,0
2697,0
227847,0
192934,0
176927,0
164443,0
148547,0
66049,0
257658,0
79707,0
262608,0
238712,0
166896,0
134033,0
128827,0
202281,0
133261,0
147676,0
74768,0
129142,0
154659,0
214808,0
58764,0
126253,0
107161,0
228170,0
231171,0
239984,0
167257,0
175267,0
136458,0
149511,0
14277,0
113175,0
101977,0
247950,0
36856,0
160491,0
33201,0
108426,0
224433,0
198460,0
96858,0
221852,0
257988,0
16115,0
64561,0
27869,0
243003,0
72906,0
143082,0
237231,0
20525,0
233084,0
21919,0
181927,0
52246,0
12546,0
211434,0
119152,0
224492,0
214363,0
41121,0
30509,0
6960,0
178397,0
72663,0
175342,0
202649,0
75221,0
109552,0
136333,0
211874,0
118836,0
148436,0
168426,0
89780,0
145151,0
89958,0
50200,0
84577,0
94415,0
178708,0
150861,0
19467,0
201505,0
219300,0
152332,0
129165,0
66685,0
133621,0
162628,0
194080,0
8809,0
174430,0
120708,0
198019,0
92414,0
63004,0
222099,0
16629,0
152010,0
92106,0
56790,0
128683,0
196954,0
149558,0
253174,0
152682,0
248379,0
32295,0
27051,0
226601,0
128636,0
131633,0
81737,0
60701,0
23503,0
189748,0
33318,0
116331,0
214044,0
126144,0
93484,0
149833,0
76649,0
172832,0
251012,0
3746,0
115831,0
90634,0
199975,0
169867,0
93907,0
146657,0
47886,0
67688,0
28275,0
253464,0
226804,0
101353,0
35429,0
254465,0
82006,0
65875,0
135014,0
51105,0
91405,0
49494,0
29662,0
95035,0
225976,0
45777,0
263991,0
131672,0
12710,0
2278,0
81772,0
264310,0
239475,0
41807,0
83301,0
189988,0
27278,0
223891,0
129768,0
9590,0
30124,0
148729,0
9256,0
67219,0
187439,0
98508,0
245667,0
79462,0
146995,0
264333,0
159093,0
163498,0
36634,0
35057,0
190782,0
218859,0
182307,0
263578,0
179877,0
240707,0
81269,0
145984,0
3088,0
12366,0
56068,0
179866,0
120045,0
76312,0
122316,0
199094,0
2344,0
20201,0
93393,0
142580,0
197093,0
45076,0
102554,0
122933,0
55820,0
155799,0
130095,0
262417,0
150111,0
162856,0
129434,0
210270,0
181583,0
219878,0
148618,0
247424,0
193071,0
177121,0
29096,0
18484,0
71157,0
161980,0
89800,0
154885,0
62560,0
78709,0
264615,0
31074,0
182420,0
171006,0
240418,0
142964,0
231419,0
58168,0
143007,0
188261,0
39821,0
128301,0
134168,0
218092,0
204304,0
121791,0
260868,0
165696,0
85829,0
88283,0
203766,0
33251,0
43954,0
120484,0
246415,0
197857,0
32066,0
57135,0
232501,0
16595,0
207747,0
228145,0
225205,0
36082,0
147386,0
144316,0
260816,0
83591,0
196891,0
225667,0
107586,0
126256,0
229883,0
15475,0
111275,0
109550,0
255638,0
16159,0
151644,0
36427,0
11717,0
47263,0
30922,0
77094,0
87720,0
205321,0
205864,0
126347,0
6535,0
131678,0
139365,0
91471,0
145388,0
94699,0
75796,0
236154,0
1688,0
126605,0
19870,0
157402,0
130692,0
248539,0
103983,0
54910,0
208455,0
206386,0
55733,0
252978,0
103678,0
46165,0
255213,0
19541,0
46506,0
156436,0
150601,0
103568,0
10864,0
58896,0
67687,0
4749,0
247929,0
147898,0
263846,0
190311,0
89817,0
184372,0
122996,0
181585,0
262965,0
66254,0
228267,0
29570,0
110572,0
176732,0
242862,0
252653,0
210944,0
166881,0
24038,0
81646,0
237124,0
98376,0
168869,0
123921,0
37113,0
209469,0
235936,0
214568,0
46438,0
75102,0
141003,0
70250,0
257360,0
157877,0
4650,0
147421,0
52958,0
238413,0
110291,0
57178,0
191678,0
202380,0
207917,0
2241,0
20407,0
66265,0
210217,0
55159,0
69757,0
247297,0
22491,0
107593,0
24821,0
96714,0
161845,0
171515,0
218027,0
67649,0
162264,0
177327,0
8986,0
88714,0
133585,0
249625,0
12,0
198671,0
168163,0
152821,0
108991,0
70812,0
127674,0
54513,0
125691,0
174394,0
52343,0
60785,0
162879,0
137136,0
227184,0
23402,0
155875,0
160273,0
188024,0
158198,0
153694,0
15686,0
107186,0
51629,0
147138,0
204648,0
253458,0
231961,0
70065,0
207060,0
124528,0
158805,0
187296,0
55747,0
210558,0
51126,0
123042,0
85670,0
156275,0
35568,0
92092,0
239702,0
5370,0
246470,0
122977,0
149115,0
100185,0
202843,0
119761,0
109081,0
232538,0
34679,0
130655,0
145986,0
100175,0
180124,0
4849,0
173357,0
39038,0
242043,0
238777,0
144337,0
48730,0
221362,0
190969,0
611,0
197535,0
54923,0
147777,0
252829,0
165944,0
13065,0
46367,0
188675,0
203551,0
235072,0
140952,0
55677,0
234569,0
14223,0
243050,0
181855,0
47516,0
17188,0
190040,0
110721,0
255176,0
255478,0
138592,0
95092,0
209164,0
96615,0
143567,0
70418,0
125560,0
14647,0
46587,0
198464,0
80195,0
12380,0
40191,0
26417,0
153834,0
251586,0
164289,0
92490,0
264508,0
41,0
80264,0
249471,0
52687,0
192026,0
45203,0
2563,0
123682,0
252228,0
103778,0
120934,0
153242,0
186906,0
158425,0
148374,0
48021,0
260194,0
101152,0
205950,0
253831,0
159020,0
163313,0
49968,0
207322,0
184123,0
70495,0
129621,0
263258,0
22995,0
78781,0
55020,0
205644,0
211267,0
152492,0
203256,0
3620,0
177573,0
230951,0
19618,0
33055,0
137229,0
85073,0
266325,0
107523,0
26177,0
161345,0
73527,0
253156,0
256709,0
204498,0
39926,0
80149,0
119937,0
229452,0
218391,0
103273,0
37516,0
7818,0
61480,0
8652,0
157551,0
119839,0
185192,0
58348,0
27972,0
244804,0
259000,0
137626,0
67351,0
190608,0
106614,0
180148,0
66328,0
95070,0
21590,0
32030,0
56976,0
75193,0
53860,0
91824,0
139376,0
252726,0
121661,0
231901,0
7302,0
185206,0
54691,0
217733,0
162209,0
255810,0
198266,0
28903,0
123623,0
23183,0
226735,0
187007,0
27607,0
57655,0
230414,0
189207,0
141245,0
8495,0
264404,0
85750,0
139052,0
203855,0
41515,0
183102,0
138647,0
217173,0
197735,0
115869,0
6670,0
245602,0
22834,0
226444,0
146871,0
83035,0
29636,0
221722,0
81157,0
20072,0
214458,0
133631,0
54068,0
158114,0
184384,0
220895,0
58408,0
107757,0
122726,0
266359,0
54897,0
127861,0
266021,0
249915,0
192097,0
165113,0
146448,0
119685,0
53120,0
203756,0
201243,0
172039,0
204373,0
206897,0
120839,0
172617,0
237596,0
82426,0
84745,0
43354,0
86656,0
228755,0
2045,0
93437,0
179960,0
143724,0
263298,0
14394,0
18854,0
200511,0
264624,0
261010,0
97450,0
207492,0
42472,0
89372,0
161903,0
39977,0
171553,0
115808,0
160529,0
1919,0
245296,0
80041,0
28404,0
261496,0
80994,0
171122,0
195516,0
120280,0
171115,0
181525,0
117188,0
2515,0
224391,0
156997,0
137881,0
27206,0
46571,0
245753,0
86148,0
159752,0
264606,0
37658,0
31992,0
177958,0
11019,0
150521,0
156958,0
82771,0
131349,0
158165,0
32399,0
89257,0
139370,0
48542,0
192341,0
34583,0
160149,0
43407,0
46207,0
122788,0
119539,0
216812,0
39921,0
1989,0
184704,0
173697,0
234027,0
258518,0
67749,0
69219,0
224810,0
240361,0
237426,0
242060,0
175093,0
27969,0
12107,0
66646,0
101086,0
203964,0
232457,0
131379,0
36071,0
180869,0
154442,0
50459,0
29428,0
207289,0
163612,0
186165,0
90555,0
251440,0
54620,0
230276,0
22879,0
96915,0
166075,0
138609,0
166489,0
223073,0
177244,0
161942,0
177362,0
244221,0
49907,0
73722,0
252213,0
73818,0
48507,0
51424,0
179088,0
158847,0
209471,0
63283,0
35515,0
14365,0
191667,0
136646,0
1320,0
228086,0
13266,0
262845,0
42410,0
162342,0
190620,0
123774,0
213404,0
136804,0
136894,0
13847,0
205040,0
6860,0
164458,0
26457,0
20843,0
217192,0
202703,0
43123,0
109522,0
16526,0
212133,0
125073,0
229327,0
76206,0
132610,0
5904,0
101648,0
11027,0
237766,0
264040,0
71279,0
21011,0
129674,0
45496,0
256710,0
180786,0
46148,0
251465,0
127105,0
91327,0
24654,0
184915,0
232842,0
8644,0
84894,0
220273,0
79508,0
43739,0
26949,0
50139,0
190939,0
264083,0
246336,0
171597,0
173693,0
103781,0
246309,0
109762,0
210249,0
217380,0
151078,0
242301,0
208918,0
35637,0
121754,0
28919,0
187196,0
173884,0
78772,0
19764,0
120803,0
95975,0
56283,0
127679,0
241971,0
209851,0
93219,0
176292,0
135988,0
253987,0
184076,0
111192,0
38218,0
253954,0
27678,0
262063,0
229175,0
26101,0
125981,0
154186,0
34911,0
93156,0
4240,0
64292,0
76877,0
81088,0
109666,0
264736,0
128687,0
76304,0
28737,0
51344,0
80158,0
19155,0
252764,0
78881,0
135381,0
20334,0
12436,0
16411,0
226855,0
266280,0
44636,0
257085,0
31820,0
138601,0
149549,0
59122,0
131179,0
149507,0
184396,0
247696,0
56059,0
70939,0
190823,0
66612,0
192536,0
95149,0
173857,0
51363,0
259343,0
216156,0
173778,0
179186,0
87778,0
129062,0
136048,0
222034,0
256970,0
232893,0
222790,0
77857,0
258572,0
114164,0
168186,0
164065,0
199157,0
157828,0
202493,0
97692,0
131367,0
86214,0
29149,0
245004,0
146387,0
196689,0
42936,0
204477,0
83032,0
119567,0
174524,0
188332,0
9912,0
237640,0
177975,0
246738,0
11335,0
88644,0
81838,0
43447,0
207594,0
243320,0
51516,0
79852,0
18471,0
34873,0
44964,0
82087,0
25987,0
157620,0
129013,0
92967,0
143308,0
192896,0
50944,0
43820,0
135896,0
186076,0
107208,0
120062,0
114531,0
131107,0
45607,0
190351,0
129169,0
97079,0
256126,0
120538,0
90073,0
219952,0
4767,0
101247,0
10502,0
251834,0
165005,0
111134,0
98141,0
123470,0
26661,0
63677,0
113216,0
16754,0
172781,0
2669,0
134407,0
266424,0
115655,0
28409,0
205456,0
111409,0
151348,0
32933,0
102671,0
220910,0
148981,0
195600,0
88590,0
244014,0
143313,0
167065,0
133745,0
61701,0
83253,0
22994,0
96940,0
27785,0
211795,0
187820,0
225069,0
198646,0
112657,0
133699,0
235559,0
209198,0
224434,0
100794,0
132229,0
90931,0
201690,0
111855,0
33436,0
43437,0
172152,0
188466,0
230007,0
227033,0
70684,0
266525,0
120609,0
153034,0
92563,0
171523,0
102750,0
194749,0
7407,0
63724,0
104405,0
254919,0
124453,0
109038,0
261584,0
147737,0
58539,0
25217,0
85605,0
42810,0
65742,0
239315,0
102124,0
172943,0
87110,0
234073,0
231902,0
153390,0
156089,0
51188,0
241569,0
119237,0
18438,0
151154,0
190160,0
149101,0
72860,0
266630,0
15030,0
20457,0
228118,0
154227,0
208104,0
84620,0
234375,0
205317,0
218895,0
205400,0
110180,0
105773,0
10626,0
130518,0
10908,0
151943,0
189381,0
146678,0
247436,0
253734,0
6653,0
169510,0
237390,0
143407,0
210539,0
60716,0
40725,0
69154,0
6412,0
79381,0
240535,0
118724,0
204262,0
150544,0
159487,0
260371,0
258427,0
150315,0
155034,0
241094,0
248448,0
162950,0
168912,0
197150,0
45699,0
210909,0
177324,0
77500,0
114958,0
221157,0
231115,0
93854,0
113743,0
84699,0
213446,0
66212,0
207109,0
133593,0
255404,0
224032,0
5325,0
63811,0
201550,0
52641,0
2087,0
37638,0
258944,0
54891,0
15048,0
111722,0
36554,0
463,0
118612,0
26437,0
261396,0
122412,0
164990,0
174145,0
193197,0
62880,0
200373,0
242220,0
177992,0
33299,0
41852,0
222976,0
172940,0
26311,0
138116,0
143929,0
195906,0
141086,0
246533,0
170068,0
84897,0
243595,0
137227,0
33882,0
76058,0
161866,0
97193,0
173447,0
99342,0
152568,0
86653,0
201165,0
220832,0
223201,0
257557,0
34418,0
42795,0
31744,0
53899,0
26182,0
190983,0
38333,0
27431,0
265358,0
127965,0
188289,0
188483,0
159682,0
229603,0
142498,0
102038,0
152072,0
38636,0
254136,0
197787,0
255967,0
244537,0
244525,0
45848,0
115611,0
10081,0
57484,0
235157,0
234066,0
162066,0
83308,0
227900,0
156523,0
120694,0
168829,0
151680,0
256062,0
169412,0
16098,0
141973,0
133287,0
123280,0
233441,0
67543,0
55443,0
94729,0
27836,0
124830,0
143900,0
186246,0
163107,0
214516,0
214510,0
116988,0
199541,0
19630,0
237329,0
39579,0
191680,0
167163,0
72913,0
210018,0
127249,0
145644,0
172583,0
119508,0
224018,0
245615,0
44447,0
264914,0
28444,0
29706,0
36040,0
122761,0
150760,0
129034,0
217706,0
140430,0
65467,0
126687,0
257025,0
176099,0
244667,0
230056,0
93057,0
185950,0
214022,0
205806,0
208682,0
31131,0
190626,0
177132,0
159677,0
90312,0
214855,0
237549,0
191930,0
76676,0
505,0
17394,0
191069,0
52493,0
2465,0
123677,0
138953,0
188455,0
21021,0
142170,0
44651,0
173380,0
31940,0
1206,0
264712,0
9157,0
173385,0
102652,0
128879,0
84128,0
127104,0
201870,0
239967,0
176525,0
223564,0
33779,0
36174,0
142260,0
33656,0
96512,0
28965,0
156139,0
101293,0
172390,0
13226,0
243436,0
258400,0
155649,0
4210,0
202336,0
251820,0
27488,0
137920,0
150072,0
38073,0
37088,0
258932,0
21528,0
98454,0
124104,0
237592,0
86262,0
145466,0
259010,0
68692,0
216505,0
142768,0
7774,0
239391,0
150240,0
160841,0
226187,0
90417,0
149288,0
185689,0
224915,0
228406,0
35673,0
102102,0
167741,0
101832,0
178534,0
9702,0
87779,0
114739,0
10011,0
264259,0
231275,0
70186,0
246005,0
73032,0
45324,0
26823,0
232308,0
90692,0
158365,0
153443,0
151056,0
12754,0
146070,0
131481,0
21111,0
161221,0
246178,0
42676,0
8956,0
12187,0
203442,0
250539,0
54579,0
96477,0
198477,0
32316,0
151684,0
223516,0
243026,0
168725,0
37740,0
178176,0
188090,0
246018,0
200358,0
53598,0
65919,0
36448,0
185264,0
60487,0
18183,0
49579,0
46842,0
98290,0
124667,0
224724,0
228457,0
145184,0
34270,0
104650,0
162430,0
149621,0
239685,0
215499,0
248051,0
264753,0
133755,0
122254,0
177913,0
91462,0
135804,0
136685,0
132487,0
51216,0
87797,0
64606,0
10689,0
260740,0
236076,0
72025,0
127094,0
175221,0
61949,0
97483,0
108463,0
184794,0
226899,0
71406,0
50598,0
55574,0
70489,0
41135,0
200113,0
34432,0
265440,0
112573,0
91035,0
83207,0
156185,0
215242,0
200987,0
211363,0
204285,0
220085,0
107788,0
28130,0
17068,0
115485,0
155227,0
237039,0
218923,0
177216,0
135439,0
250134,0
1868,0
208816,0
237832,0
57394,0
4818,0
228161,0
36441,0
169446,0
52774,0
21439,0
33143,0
247495,0
85932,0
169117,0
98523,0
31982,0
151517,0
21404,0
166152,0
260056,0
1859,0
22049,0
253087,0
227968,0
63507,0
91869,0
214236,0
42668,0
16366,0
226950,0
153428,0
190928,0
142352,0
148746,0
5217,0
133095,0
117010,0
203709,0
245519,0
99816,0
149919,0
227653,0
58636,0
26798,0
160492,0
210394,0
77079,0
1568,0
227024,0
88821,0
36542,0
253016,0
31211,0
81344,0
71671,0
28349,0
13495,0
124500,0
215146,0
108031,0
255,0
47954,0
23594,0
107714,0
139353,0
111813,0
215125,0
245734,0
190064,0
199752,0
43906,0
118147,0
32544,0
198216,0
136207,0
253890,0
90027,0
66976,0
157394,0
67876,0
34326,0
115423,0
144681,0
156393,0
189316,0
191358,0
66601,0
130052,0
178493,0
256219,0
137420,0
224071,0
136148,0
247423,0
195599,0
218127,0
147324,0
225165,0
163167,0
117269,0
115847,0
217996,0
33002,0
32421,0
221649,0
204561,0
51393,0
45693,0
142367,0
75056,0
258584,0
146254,0
140582,0
142190,0
146239,0
160518,0
258137,0
29722,0
140901,0
171071,0
232360,0
74811,0
97807,0
95267,0
206597,0
159873,0
88340,0
143569,0
48470,0
102386,0
74091,0
192705,0
28646,0
154883,0
120295,0
47100,0
23935,0
25399,0
255098,0
187655,0
255836,0
42886,0
223295,0
147582,0
6407,0
119577,0
265726,0
105713,0
2976,0
244436,0
139014,0
33317,0
126172,0
119657,0
86116,0
103969,0
172971,0
104590,0
193142,0
93043,0
164209,0
195188,0
10719,0
121307,0
264340,0
93367,0
14448,0
203558,0
246683,0
21791,0
101725,0
139519,0
17379,0
110408,0
220898,0
132875,0
97668,0
160616,0
69557,0
105966,0
250659,0
261932,0
123304,0
168552,0
233365,0
224098,0
39462,0
66034,0
231506,0
132283,0
160065,0
181903,0
92228,0
10589,0
92136,0
5841,0
259248,0
227384,0
135779,0
10205,0
66162,0
171915,0
70761,0
108441,0
216321,0
237241,0
186631,0
255968,0
219172,0
91182,0
157033,0
244997,0
114333,0
134761,0
41219,0
154371,0
95561,0
6617,0
29292,0
118525,0
153672,0
88193,0
170854,0
132339,0
37641,0
38059,0
29820,0
215319,0
216623,0
160312,0
35596,0
83830,0
144695,0
161167,0
139055,0
93722,0
23475,0
131520,0
187778,0
90472,0
257959,0
156044,0
129076,0
70101,0
24272,0
127137,0
56401,0
245115,0
97050,0
49062,0
28569,0
223321,0
106684,0
44455,0
81649,0
191399,0
17954,0
26454,0
127932,0
179982,0
43628,0
230823,0
122912,0
153011,0
254795,0
142202,0
196707,0
187127,0
88750,0
117375,0
187005,0
175723,0
119630,0
232980,0
120163,0
55830,0
211279,0
46035,0
234916,0
141317,0
58015,0
172144,0
25645,0
148128,0
27579,0
160012,0
164127,0
156661,0
63281,0
217673,0
210915,0
55428,0
86895,0
169974,0
32901,0
74289,0
21574,0
158663,0
182092,0
95519,0
12976,0
249450,0
152287,0
120654,0
63308,0
76754,0
189373,0
159048,0
229856,0
246568,0
148179,0
32502,0
82102,0
266384,0
203048,0
68946,0
226397,0
72975,0
190835,0
78519,0
218565,0
242298,0
223335,0
134567,0
85654,0
197946,0
145998,0
154507,0
151594,0
112857,0
231524,0
1029,0
234077,0
136737,0
55402,0
157400,0
261161,0
214832,0
91519,0
136084,0
133742,0
172551,0
205836,0
217347,0
75674,0
150066,0
83516,0
230176,0
31078,0
155636,0
244043,0
210350,0
14449,0
155740,0
224742,0
148463,0
68730,0
107481,0
259951,0
114736,0
251254,0
11453,0
112023,0
108423,0
75176,0
74008,0
61877,0
241603,0
224694,0
59179,0
14334,0
116501,0
161662,0
75306,0
80290,0
109611,0
8946,0
42965,0
61613,0
80570,0
160484,0
137208,0
109820,0
147388,0
67964,0
59630,0
17951,0
213389,0
30169,0
13034,0
248905,0
195403,0
199970,0
82712,0
235036,0
53101,0
62774,0
213729,0
219252,0
79875,0
73565,0
259821,0
229747,0
1219,0
49631,0
225980,0
134508,0
261505,0
29532,0
264758,0
154410,0
167764,0
218736,0
230444,0
44639,0
66350,0
58242,0
22071,0
231049,0
156625,0
172432,0
99981,0
30134,0
68878,0
35292,0
89176,0
233745,0
225021,0
154765,0
203969,0
46378,0
118580,0
46888,0
113734,0
220723,0
46692,0
164686,0
121390,0
38872,0
15787,0
210316,0
52642,0
97253,0
208135,0
203888,0
169196,0
103586,0
265005,0
73170,0
19606,0
85735,0
114560,0
176129,0
127056,0
154145,0
215635,0
240577,0
119996,0
65462,0
166627,0
174967,0
158326,0
43733,0
21498,0
207062,0
45575,0
265948,0
227679,0
211307,0
88125,0
25120,0
254148,0
137972,0
159833,0
47702,0
69608,0
233738,0
20385,0
38738,0
91787,0
105531,0
223288,0
69204,0
120986,0
116553,0
103,0
261619,0
234196,0
10483,0
60074,0
64328,0
184902,0
158346,0
198383,0
98366,0
115198,0
66053,0
132308,0
193986,0
76170,0
163745,0
237847,0
55766,0
95661,0
199382,0
94872,0
192210,0
195117,0
123605,0
49068,0
212191,0
255701,0
2946,0
211255,0
101910,0
38987,0
180845,0
265844,0
36190,0
30658,0
158701,0
119078,0
256640,0
61072,0
112280,0
161746,0
115960,0
172295,0
208728,0
244470,0
232798,0
157959,0
128479,0
61783,0
213652,0
102150,0
47626,0
69709,0
59109,0
2894,0
142716,0
227090,0
27283,0
256924,0
178776,0
139681,0
78586,0
81169,0
200517,0
53681,0
208929,0
180041,0
236098,0
70454,0
26486,0
172153,0
151187,0
198038,0
92922,0
145992,0
58031,0
213082,0
19725,0
48395,0
88727,0
10961,0
174867,0
223268,0
172523,0
26107,0
138694,0
96650,0
57498,0
84503,0
135966,0
68271,0
202547,0
113227,0
194173,0
124743,0
192875,0
175837,0
113235,0
107231,0
242659,0
174974,0
71440,0
188475,0
29483,0
94708,0
112164,0
67214,0
94124,0
28861,0
108994,0
196833,0
123873,0
37754,0
169027,0
124362,0
8494,0
119265,0
108911,0
221914,0
4596,0
10426,0
1460,0
20856,0
240405,0
206340,0
148852,0
60158,0
173250,0
205327,0
184411,0
98154,0
219275,0
117410,0
151766,0
81141,0
159017,0
246010,0
7394,0
84237,0
10944,0
170612,0
132264,0
129536,0
154530,0
229697,0
258056,0
156946,0
260051,0
91979,0
185644,0
178994,0
259732,0
13920,0
114557,0
78513,0
111314,0
87977,0
182890,0
46267,0
4830,0
93254,0
144135,0
217428,0
243734,0
13288,0
66991,0
113772,0
257034,0
218526,0
29115,0
79223,0
90268,0
19548,0
130364,0
240084,0
238536,0
224565,0
73472,0
235510,0
188417,0
116413,0
134839,0
232283,0
109215,0
56760,0
209944,0
244027,0
168508,0
100097,0
49190,0
149531,0
204817,0
195386,0
10425,0
257352,0
74663,0
139587,0
119460,0
101552,0
227624,0
65712,0
82678,0
47466,0
239516,0
193066,0
133590,0
218820,0
72297,0
228551,0
104109,0
221494,0
166602,0
172594,0
140160,0
186410,0
205960,0
84494,0
57290,0
177532,0
102605,0
63888,0
168160,0
9490,0
167244,0
26541,0
167915,0
134184,0
20149,0
74918,0
237488,0
23429,0
146305,0
22487,0
68150,0
129126,0
224074,0
258809,0
10434,0
209902,0
216544,0
172956,0
149528,0
20691,0
153839,0
175596,0
171941,0
265379,0
166728,0
26423,0
74922,0
206136,0
13171,0
249992,0
200566,0
145387,0
145704,0
49461,0
119498,0
75059,0
262415,0
201701,0
46567,0
82095,0
119681,0
45074,0
192178,0
78063,0
32270,0
182614,0
123935,0
222862,0
57657,0
12180,0
261734,0
63293,0
211603,0
225809,0
117088,0
83420,0
211984,0
148475,0
166543,0
716,0
18329,0
262885,0
248216,0
97110,0
143829,0
149130,0
60155,0
75932,0
168292,0
140475,0
102943,0
217613,0
188642,0
171279,0
59336,0
102676,0
29753,0
42288,0
39569,0
95368,0
152503,0
138461,0
111082,0
151366,0
34325,0
218289,0
9321,0
224212,0
231478,0
255521,0
264277,0
148308,0
14313,0
178585,0
118397,0
120868,0
54420,0
138926,0
127968,0
95345,0
13863,0
132743,0
107230,0
29620,0
96362,0
60599,0
136029,0
208559,0
233236,0
248305,0
64224,0
164155,0
151398,0
3985,0
141941,0
72955,0
60122,0
47517,0
53804,0
76159,0
202284,0
94766,0
241454,0
60611,0
19660,0
75328,0
22968,0
188266,0
170734,0
90919,0
214359,0
181571,0
12595,0
236183,0
116102,0
262052,0
36089,0
117796,0
105907,0
23574,0
221869,0
257743,0
18816,0
164795,0
216409,0
73967,0
26396,0
250788,0
265894,0
50111,0
4313,0
55213,0
191156,0
45106,0
230063,0
5946,0
59508,0
256205,0
170062,0
188883,0
80758,0
64640,0
57006,0
250565,0
170166,0
29134,0
82919,0
21214,0
198956,0
215170,0
128473,0
164487,0
85296,0
3394,0
185463,0
59547,0
195923,0
203060,0
214498,0
211706,0
180664,0
249438,0
82756,0
122930,0
176202,0
209430,0
248409,0
36401,0
150482,0
35076,0
45756,0
44643,0
153186,0
194786,0
85974,0
222648,0
38506,0
76288,0
85244,0
59011,0
251324,0
227275,0
192404,0
152894,0
212473,0
33112,0
65820,0
31180,0
2228,0
217365,0
257784,0
108693,0
21767,0
37690,0
35956,0
131839,0
145099,0
120721,0
226732,0
30743,0
48526,0
18764,0
202546,0
158875,0
50109,0
227772,0
25949,0
203776,0
100241,0
120674,0
251025,0
213498,0
56260,0
109172,0
127690,0
180653,0
173934,0
154477,0
16857,0
28818,0
151952,0
165664,0
226511,0
62186,0
43930,0
196333,0
46280,0
153499,0
85088,0
139017,0
217725,0
6895,0
149466,0
152721,0
111023,0
203168,0
13554,0
224316,0
226958,0
103666,0
1494,0
202821,0
125116,0
140033,0
33441,0
32860,0
228766,0
161772,0
32524,0
256950,0
65660,0
136082,0
109133,0
20686,0
575,0
227218,0
110359,0
178900,0
223990,0
131414,0
236603,0
162169,0
266335,0
162070,0
97992,0
112515,0
65569,0
165591,0
255139,0
75769,0
125090,0
179087,0
231812,0
10857,0
127339,0
48965,0
124506,0
66106,0
185067,0
194735,0
260978,0
178898,0
28061,0
225792,0
125533,0
112392,0
133525,0
215256,0
58755,0
237342,0
91851,0
115083,0
108988,0
183898,0
58008,0
160498,0
161403,0
81449,0
82554,0
36551,0
62093,0
206327,0
18926,0
242274,0
90712,0
181849,0
111069,0
131121,0
46311,0
222354,0
208360,0
80295,0
117941,0
252997,0
62506,0
263034,0
116101,0
129056,0
17030,0
212403,0
96676,0
143666,0
123447,0
84328,0
187792,0
156456,0
111709,0
158361,0
107877,0
151655,0
237818,0
12490,0
223555,0
257248,0
113208,0
248836,0
135937,0
41389,0
41290,0
136116,0
33362,0
260047,0
42709,0
140481,0
140615,0
127801,0
128658,0
191664,0
124607,0
258252,0
166026,0
58643,0
225039,0
255972,0
207256,0
49173,0
230182,0
253594,0
84220,0
35819,0
100576,0
234869,0
155418,0
63840,0
242889,0
37692,0
83488,0
34102,0
104694,0
34134,0
145952,0
205067,0
91754,0
212449,0
87893,0
237942,0
18502,0
175970,0
202599,0
217266,0
258973,0
8039,0
242520,0
24529,0
60240,0
210673,0
42042,0
50755,0
56149,0
99331,0
149263,0
72963,0
245914,0
16187,0
262230,0
79073,0
214747,0
77053,0
8715,0
6042,0
67809,0
55462,0
142030,0
242890,0
177365,0
138176,0
217875,0
186469,0
197522,0
234747,0
213733,0
77616,0
239389,0
73459,0
79323,0
134718,0
67090,0
87054,0
39268,0
24819,0
85539,0
68530,0
84395,0
53564,0
31646,0
233088,0
45548,0
144993,0
177536,0
47255,0
151304,0
188811,0
110199,0
166916,0
112600,0
45145,0
78157,0
44016,0
113442,0
154228,0
13022,0
223160,0
213545,0
175292,0
202442,0
107366,0
71363,0
58145,0
149821,0
80130,0
205335,0
252834,0
101469,0
251537,0
227302,0
178813,0
81879,0
221568,0
9053,0
46818,0
127211,0
22748,0
134202,0
152248,0
168492,0
45791,0
33193,0
106382,0
107218,0
23137,0
94215,0
67168,0
158660,0
223968,0
255637,0
181143,0
210264,0
257224,0
137503,0
100298,0
262801,0
258760,0
176232,0
162959,0
232467,0
63629,0
35326,0
120663,0
107419,0
87109,0
85592,0
76492,0
34645,0
161781,0
4378,0
165926,0
120236,0
54396,0
244516,0
90142,0
47642,0
112265,0
239831,0
219014,0
233461,0
100258,0
85896,0
183620,0
11824,0
133212,0
141667,0
96290,0
180549,0
94297,0
191385,0
87488,0
138226,0
144675,0
222942,0
226299,0
111883,0
125195,0
12578,0
53083,0
13756,0
47955,0
45187,0
210886,0
57738,0
175328,0
226347,0
14006,0
235319,0
113954,0
171268,0
68085,0
240479,0
119217,0
37452,0
67247,0
187699,0
27745,0
119107,0
209156,0
192032,0
110861,0
40094,0
21032,0
240463,0
192921,0
76222,0
64320,0
171590,0
92108,0
129233,0
120668,0
50780,0
110214,0
60557,0
179944,0
104197,0
103622,0
236504,0
105666,0
101895,0
38338,0
13569,0
155898,0
174658,0
48201,0
175360,0
34023,0
228562,0
147169,0
89540,0
119486,0
157738,0
143818,0
255560,0
126096,0
133184,0
187479,0
168774,0
145586,0
174857,0
254552,0
185828,0
53973,0
107453,0
153737,0
224823,0
144596,0
157630,0
175369,0
196273,0
187293,0
38322,0
25178,0
77744,0
200773,0
84441,0
230643,0
217084,0
32309,0
217533,0
230763,0
171326,0
75282,0
23176,0
177128,0
228924,0
214806,0
129253,0
232990,0
253697,0
51780,0
11086,0
199020,0
24913,0
258052,0
142850,0
214624,0
121935,0
68777,0
14000,0
26112,0
197989,0
248007,0
169890,0
54496,0
128721,0
62411,0
150480,0
158207,0
259356,0
83712,0
53468,0
153941,0
203699,0
232631,0
30890,0
28583,0
53158,0
85649,0
128928,0
231158,0
88992,0
252883,0
111302,0
153030,0
65378,0
66622,0
6758,0
45431,0
45804,0
44388,0
177748,0
178295,0
228732,0
249836,0
155968,0
88244,0
164693,0
133272,0
79120,0
22218,0
7287,0
133472,0
232333,0
59863,0
199278,0
256174,0
244105,0
79739,0
101296,0
224505,0
27487,0
150777,0
38152,0
238308,0
70326,0
187271,0
229084,0
18927,0
186417,0
21654,0
62203,0
207477,0
60084,0
209049,0
160126,0
53957,0
157213,0
147445,0
106360,0
185549,0
66805,0
130207,0
98174,0
161363,0
105556,0
168092,0
31533,0
106308,0
225577,0
209309,0
243680,0
175818,0
4564,0
78776,0
20779,0
40675,0
20642,0
247836,0
148690,0
85597,0
198697,0
97496,0
259779,0
44508,0
38948,0
196768,0
180065,0
209555,0
49923,0
178777,0
121294,0
257725,0
4691,0
24863,0
146221,0
187673,0
8862,0
109644,0
235403,0
250720,0
165201,0
110348,0
238627,0
40947,0
118516,0
252990,0
92443,0
195265,0
135444,0
52546,0
153266,0
157542,0
152694,0
2331,0
44083,0
77902,0
17020,0
57917,0
196226,0
176590,0
2012,0
58464,0
44792,0
81584,0
105342,0
52537,0
42321,0
229920,0
63753,0
97499,0
98966,0
190861,0
213732,0
179842,0
251759,0
96535,0
148742,0
110366,0
158135,0
65162,0
18766,0
221756,0
102891,0
18186,0
247969,0
48545,0
43416,0
195071,0
192667,0
190682,0
98752,0
23447,0
51382,0
28378,0
9486,0
220328,0
114140,0
108241,0
190964,0
230374,0
111836,0
44268,0
46542,0
223550,0
52003,0
254363,0
49037,0
83040,0
1246,0
63538,0
258451,0
227857,0
216494,0
75351,0
31592,0
79422,0
206311,0
5985,0
154262,0
150707,0
263603,0
67121,0
250418,0
160630,0
208803,0
128655,0
5175,0
265360,0
184412,0
172566,0
90569,0
55681,0
184985,0
33877,0
87235,0
99189,0
152132,0
250218,0
184099,0
96526,0
177285,0
105070,0
135807,0
104690,0
129268,0
51451,0
137302,0
213397,0
71017,0
225125,0
240613,0
226303,0
193606,0
95208,0
71034,0
147477,0
65121,0
117831,0
94480,0
220821,0
68876,0
260127,0
178388,0
112435,0
2161,0
113423,0
35993,0
213006,0
24850,0
185607,0
206451,0
35972,0
34492,0
112375,0
106249,0
83177,0
219287,0
18702,0
87269,0
34842,0
151988,0
104776,0
95704,0
139712,0
11901,0
200993,0
54043,0
138231,0
135771,0
197223,0
123361,0
95544,0
2702,0
235434,0
263068,0
73181,0
135532,0
161566,0
52781,0
134833,0
203303,0
236953,0
126739,0
99387,0
258713,0
95521,0
130308,0
44733,0
195121,0
975,0
223186,0
200256,0
126667,0
240174,0
42371,0
235657,0
162877,0
22125,0
266479,0
261506,0
238653,0
68681,0
191642,0
135585,0
57451,0
221941,0
212228,0
227179,0
264479,0
54718,0
37077,0
43690,0
135,0
83093,0
7540,0
209476,0
124086,0
81254,0
26546,0
196997,0
184380,0
170975,0
4068,0
239874,0
35088,0
162166,0
211129,0
255356,0
199621,0
227396,0
129580,0
252249,0
153160,0
220966,0
158500,0
46740,0
264316,0
266507,0
25682,0
235169,0
26077,0
265805,0
74585,0
109179,0
198326,0
58396,0
87822,0
55431,0
131559,0
193022,0
72742,0
238666,0
161974,0
60366,0
147170,0
261411,0
100967,0
32575,0
82466,0
206099,0
265646,0
76476,0
4791,0
12720,0
132514,0
175699,0
241560,0
10152,0
259687,0
72487,0
221398,0
76120,0
73870,0
198705,0
264970,0
52278,0
151972,0
163409,0
34344,0
125310,0
188512,0
226724,0
29950,0
181893,0
212513,0
133524,0
110571,0
133187,0
138409,0
107129,0
232588,0
184135,0
215672,0
197680,0
125406,0
88726,0
202919,0
694,0
253703,0
210822,0
1161,0
129949,0
186406,0
162341,0
184815,0
232591,0
185367,0
194717,0
83991,0
10553,0
176056,0
29033,0
58454,0
159430,0
156563,0
132092,0
50420,0
123519,0
208002,0
210768,0
212712,0
50945,0
141783,0
237568,0
129773,0
11798,0
166992,0
176598,0
162753,0
64591,0
73668,0
89348,0
200264,0
217557,0
179216,0
232838,0
230012,0
40051,0
206385,0
45519,0
23865,0
232506,0
79789,0
167228,0
195223,0
185591,0
7965,0
122817,0
26069,0
201225,0
112016,0
32997,0
182621,0
131327,0
192432,0
198777,0
121700,0
232072,0
147313,0
211932,0
176362,0
228986,0
222294,0
259017,0
20282,0
124317,0
105295,0
39134,0
232736,0
68098,0
18657,0
117270,0
99119,0
214140,0
133986,0
15967,0
188313,0
198132,0
172167,0
217336,0
168266,0
39111,0
48673,0
108664,0
3519,0
69060,0
185042,0
76143,0
80606,0
260411,0
156365,0
33389,0
203851,0
209850,0
102193,0
184133,0
28285,0
166027,0
30231,0
264357,0
19756,0
91767,0
31585,0
255116,0
13947,0
186934,0
199207,0
18271,0
6807,0
75217,0
181638,0
241698,0
32569,0
98423,0
79645,0
144835,0
110108,0
63901,0
41819,0
94885,0
140678,0
217382,0
59980,0
156131,0
137163,0
121775,0
2254,0
46531,0
264360,0
154740,0
216911,0
8791,0
111653,0
234055,0
242260,0
159344,0
37475,0
189810,0
233371,0
183708,0
204871,0
44673,0
53326,0
146302,0
172671,0
148606,0
177878,0
45420,0
232057,0
976,0
139595,0
101249,0
206331,0
205389,0
207992,0
230947,0
185685,0
83469,0
47590,0
134994,0
85488,0
88189,0
34872,0
192242,0
77468,0
73732,0
30187,0
73241,0
156258,0
133067,0
166506,0
263232,0
63049,0
224902,0
67540,0
11530,0
165645,0
177035,0
221222,0
154289,0
63415,0
265053,0
149556,0
241551,0
4856,0
88599,0
15179,0
257345,0
217234,0
40331,0
37310,0
158154,0
34724,0
128307,0
193575,0
9796,0
132126,0
63113,0
256336,0
119676,0
5984,0
24193,0
216592,0
98642,0
67117,0
57997,0
56074,0
95708,0
131161,0
88195,0
235197,0
154286,0
105353,0
205911,0
176370,0
213339,0
86079,0
112528,0
147497,0
74536,0
187407,0
203344,0
15464,0
254508,0
220496,0
163847,0
99092,0
30241,0
120459,0
146342,0
211753,0
248322,0
51182,0
142500,0
259690,0
50854,0
203330,0
182165,0
216422,0
3783,0
83514,0
182498,0
63525,0
181522,0
1445,0
243117,0
230397,0
102658,0
220681,0
97502,0
251654,0
45193,0
188809,0
167839,0
156669,0
234679,0
70466,0
239059,0
31174,0
209598,0
199812,0
234923,0
202127,0
261047,0
200465,0
241182,0
53039,0
14844,0
29527,0
78879,0
120260,0
141462,0
144945,0
4330,0
150690,0
248435,0
23730,0
40581,0
75993,0
162520,0
180835,0
25689,0
174903,0
69762,0
199636,0
102504,0
174443,0
67147,0
127019,0
39521,0
152151,0
230867,0
205430,0
255036,0
64609,0
220840,0
183513,0
36113,0
211782,0
132436,0
140494,0
87116,0
141112,0
71524,0
219676,0
157381,0
82703,0
132218,0
231764,0
128238,0
89399,0
27791,0
244240,0
48117,0
141079,0
70511,0
33967,0
81289,0
156704,0
176563,0
188611,0
88828,0
123637,0
117538,0
37428,0
240072,0
46823,0
47686,0
22054,0
240689,0
200288,0
236586,0
131200,0
153101,0
135953,0
221950,0
22378,0
36884,0
78819,0
167851,0
55362,0
231239,0
239768,0
186548,0
4049,0
23305,0
224704,0
92191,0
168792,0
75772,0
14869,0
11927,0
125793,0
182378,0
181561,0
188793,0
160443,0
197796,0
17509,0
125679,0
185162,0
135923,0
21813,0
19708,0
148966,0
41078,0
232877,0
90805,0
221071,0
176016,0
152697,0
260309,0
75623,0
257157,0
247603,0
74286,0
104293,0
160080,0
121249,0
40768,0
222103,0
118287,0
186720,0
16870,0
131963,0
167411,0
225315,0
140098,0
146095,0
58873,0
171002,0
42585,0
31611,0
88270,0
211657,0
85846,0
127668,0
91007,0
72868,0
176313,0
109192,0
228172,0
48377,0
78753,0
83157,0
216512,0
199784,0
203288,0
168134,0
106064,0
135262,0
96054,0
204212,0
19909,0
175161,0
160783,0
132929,0
119747,0
190210,0
5698,0
108647,0
5717,0
76610,0
111923,0
259556,0
48084,0
239854,0
80782,0
191747,0
99530,0
137548,0
169451,0
110352,0
8721,0
144624,0
206536,0
60610,0
41049,0
139491,0
10643,0
226249,0
250719,0
244755,0
152562,0
99536,0
93743,0
109411,0
99304,0
216968,0
119750,0
46456,0
70982,0
144043,0
206901,0
185649,0
71054,0
147524,0
217223,0
135853,0
13024,0
229632,0
201863,0
126135,0
257768,0
130085,0
140070,0
97615,0
168075,0
105394,0
218345,0
122901,0
131103,0
169335,0
40299,0
121551,0
25019,0
246890,0
213546,0
37512,0
194105,0
260976,0
190978,0
38393,0
139336,0
143097,0
143264,0
139145,0
13959,0
128556,0
77253,0
48259,0
4648,0
253945,0
230257,0
245287,0
228001,0
114595,0
1966,0
31774,0
117468,0
65347,0
43078,0
171971,0
203765,0
22461,0
261914,0
193034,0
244998,0
184485,0
255790,0
99298,0
29727,0
250262,0
65781,0
87052,0
247689,0
195870,0
1413,0
140296,0
242725,0
220018,0
127036,0
239428,0
191319,0
88990,0
55911,0
150487,0
123551,0
176844,0
213585,0
205773,0
224471,0
148639,0
134685,0
218231,0
264527,0
220427,0
10673,0
48959,0
26961,0
258881,0
244613,0
89478,0
233823,0
223373,0
180877,0
164124,0
213018,0
107731,0
259637,0
54231,0
70080,0
235939,0
80054,0
28370,0
22531,0
30324,0
73282,0
204963,0
27130,0
232841,0
82131,0
149676,0
109020,0
106601,0
124187,0
231990,0
83006,0
12075,0
79515,0
75789,0
228044,0
29021,0
6217,0
241070,0
136122,0
138051,0
145943,0
18085,0
208352,0
179179,0
181075,0
226781,0
178829,0
138352,0
8568,0
209365,0
255518,0
154733,0
136490,0
260812,0
58971,0
131360,0
8292,0
164636,0
34336,0
6259,0
241837,0
121022,0
105486,0
131320,0
233618,0
101001,0
11144,0
46628,0
208520,0
150278,0
62338,0
169686,0
49358,0
244554,0
50526,0
252981,0
164386,0
37286,0
164897,0
140219,0
38988,0
254735,0
124421,0
78174,0
92451,0
264232,0
96819,0
166259,0
262652,0
43769,0
229801,0
184063,0
199336,0
101651,0
152455,0
145092,0
207730,0
67376,0
50525,0
506,0
56435,0
124777,0
24165,0
72222,0
86606,0
153256,0
68204,0
15002,0
190827,0
143315,0
44070,0
14519,0
143851,0
116324,0
263482,0
54999,0
202989,0
206199,0
80443,0
154854,0
141320,0
161219,0
117568,0
33466,0
220426,0
208195,0
85471,0
191259,0
60213,0
251041,0
117854,0
253183,0
226706,0
241119,0
109307,0
235458,0
175353,0
90441,0
186393,0
59441,0
13414,0
118902,0
18740,0
258493,0
182519,0
72054,0
29635,0
96700,0
165589,0
55635,0
220889,0
153810,0
46563,0
33360,0
208897,0
146310,0
62458,0
252445,0
186820,0
158541,0
11321,0
254819,0
138661,0
198695,0
204050,0
135635,0
85714,0
211582,0
16682,0
24906,0
58207,0
147819,0
107849,0
77512,0
129059,0
213493,0
56938,0
66088,0
167520,0
255357,0
91877,0
36220,0
148206,0
252996,0
144027,0
181396,0
190817,0
59165,0
126292,0
135080,0
37691,0
263484,0
70625,0
220064,0
39064,0
130756,0
32560,0
137967,0
8395,0
169134,0
148914,0
157319,0
101260,0
172844,0
217505,0
196625,0
26251,0
88150,0
23913,0
25572,0
222154,0
76762,0
45601,0
14753,0
193675,0
221877,0
254526,0
185995,0
16671,0
107398,0
185308,0
184529,0
155493,0
17831,0
177218,0
144100,0
75151,0
81358,0
142286,0
93767,0
238728,0
207002,0
195616,0
122486,0
232305,0
27377,0
181181,0
261838,0
132559,0
145871,0
227945,0
197476,0
198530,0
210354,0
107275,0
57818,0
5431,0
117649,0
93993,0
200632,0
258361,0
148868,0
185276,0
79804,0
88176,0
104402,0
218945,0
158312,0
54509,0
219388,0
86599,0
109627,0
183130,0
196113,0
190268,0
87969,0
157622,0
118549,0
49522,0
33325,0
187367,0
174887,0
53822,0
31566,0
259233,0
43964,0
222996,0
214723,0
153028,0
78043,0
132854,0
21410,0
12809,0
216124,0
109197,0
250015,0
255190,0
143963,0
244054,0
259743,0
214071,0
33076,0
81554,0
223080,0
67765,0
210911,0
245182,0
73748,0
177959,0
186247,0
128040,0
141100,0
112207,0
83672,0
121860,0
25570,0
12574,0
89318,0
227213,0
260011,0
214230,0
21646,0
54241,0
96946,0
117752,0
247954,0
264153,0
48755,0
26751,0
126391,0
205785,0
15822,0
197874,0
196218,0
129873,0
109662,0
83303,0
221570,0
6321,0
60680,0
122377,0
196818,0
86579,0
67385,0
265993,0
212729,0
130024,0
50881,0
234942,0
45338,0
31297,0
182880,0
33260,0
60177,0
70020,0
81989,0
235513,0
21344,0
243360,0
137775,0
42691,0
248178,0
41680,0
6021,0
55460,0
59594,0
79662,0
89329,0
28343,0
24731,0
232223,0
244420,0
172173,0
22951,0
127012,0
60435,0
219782,0
162794,0
106849,0
119993,0
259516,0
257572,0
90830,0
234347,0
7690,0
193823,0
176061,0
218792,0
107307,0
119911,0
51202,0
212806,0
68364,0
59655,0
134715,0
49834,0
176559,0
200515,0
43926,0
221767,0
223399,0
77642,0
222370,0
82185,0
4519,0
87084,0
191525,0
136727,0
217517,0
124062,0
51409,0
204868,0
196031,0
188136,0
145756,0
111711,0
20936,0
187538,0
126939,0
60402,0
121552,0
256366,0
92688,0
12301,0
216642,0
34034,0
56561,0
191102,0
149517,0
226760,0
209497,0
127360,0
104379,0
79151,0
235084,0
107244,0
20435,0
141584,0
93878,0
9583,0
199188,0
215968,0
249865,0
235806,0
60165,0
151637,0
116798,0
150162,0
64360,0
169322,0
155354,0
116883,0
91999,0
196624,0
1159,0
95066,0
73318,0
187429,0
190060,0
165498,0
99118,0
210840,0
115253,0
56382,0
177857,0
251646,0
59017,0
131476,0
235299,0
230731,0
201634,0
107682,0
27803,0
249434,0
8144,0
207251,0
90006,0
164850,0
206997,0
183508,0
16543,0
128881,0
5183,0
193114,0
66041,0
151827,0
175740,0
61132,0
105946,0
222967,0
101824,0
244314,0
228441,0
205781,0
218979,0
60085,0
73221,0
89655,0
235629,0
26327,0
5188,0
17212,0
32561,0
21460,0
212426,0
63698,0
184301,0
232083,0
14814,0
204202,0
262118,0
229043,0
174219,0
183680,0
162646,0
55105,0
48252,0
49207,0
157776,0
148844,0
171042,0
207358,0
148566,0
187644,0
214713,0
2785,0
39178,0
184710,0
126485,0
56021,0
49765,0
212561,0
202386,0
160511,0
96345,0
212026,0
84051,0
167706,0
189969,0
65302,0
218917,0
6914,0
156127,0
52945,0
219523,0
88511,0
15577,0
7092,0
37244,0
77551,0
222460,0
112518,0
161447,0
155179,0
198798,0
90801,0
260441,0
90374,0
221776,0
22152,0
171125,0
27179,0
217783,0
61722,0
241899,0
147731,0
199237,0
89537,0
66401,0
140641,0
121583,0
178653,0
170178,0
260058,0
166796,0
41138,0
219808,0
41904,0
103142,0
20185,0
60774,0
53133,0
73983,0
89742,0
24423,0
104016,0
243572,0
220472,0
164987,0
211449,0
227812,0
179356,0
259074,0
21127,0
95979,0
120252,0
235140,0
108621,0
193727,0
26765,0
104313,0
41628,0
7867,0
160311,0
198297,0
225645,0
40531,0
158885,0
222990,0
108417,0
189841,0
260057,0
151044,0
100187,0
82061,0
51207,0
74366,0
103992,0
96456,0
165722,0
139921,0
254511,0
134270,0
70015,0
196873,0
180688,0
156450,0
181808,0
156589,0
239465,0
39098,0
33149,0
171463,0
94843,0
94990,0
237986,0
42997,0
111775,0
200673,0
102148,0
123121,0
16191,0
108285,0
40734,0
210334,0
63900,0
234525,0
157493,0
203368,0
253133,0
207452,0
14714,0
147775,0
70776,0
243202,0
255073,0
129339,0
90681,0
11990,0
162782,0
51225,0
177443,0
198961,0
118791,0
142461,0
154565,0
114525,0
200263,0
215224,0
159265,0
175691,0
155899,0
121210,0
149801,0
43526,0
265833,0
202314,0
250204,0
27399,0
241110,0
214869,0
151206,0
201748,0
38374,0
66345,0
237035,0
96431,0
234299,0
103518,0
253647,0
2474,0
66701,0
111144,0
127580,0
136876,0
210543,0
57753,0
244342,0
106893,0
111484,0
265390,0
116103,0
228561,0
143859,0
241530,0
134062,0
83419,0
146343,0
241833,0
208039,0
9400,0
230679,0
30107,0
185361,0
142306,0
207235,0
244359,0
244129,0
70150,0
70931,0
198331,0
84091,0
66787,0
72743,0
154019,0
67239,0
92356,0
174616,0
63748,0
139716,0
109797,0
132253,0
121102,0
95686,0
232068,0
42155,0
184350,0
190102,0
99991,0
4469,0
18117,0
55234,0
249496,0
119234,0
162560,0
36999,0
102002,0
3236,0
16025,0
9585,0
113824,0
162651,0
204376,0
237655,0
201058,0
239041,0
178066,0
31236,0
197648,0
87996,0
153391,0
259978,0
249211,0
4834,0
11189,0
179662,0
117569,0
157329,0
234414,0
162048,0
263269,0
93852,0
114505,0
176288,0
143647,0
81598,0
178931,0
202317,0
264311,0
189480,0
180849,0
187808,0
53791,0
176497,0
37461,0
110364,0
94043,0
232670,0
202940,0
82253,0
153285,0
104132,0
40034,0
120504,0
184382,0
255973,0
183490,0
120447,0
19962,0
51525,0
52999,0
142742,0
257211,0
171960,0
15378,0
206363,0
109483,0
228844,0
223138,0
250457,0
225795,0
109322,0
158137,0
231417,0
135905,0
23777,0
241029,0
101604,0
244416,0
153750,0
9988,0
206429,0
205567,0
108916,0
107277,0
40876,0
198026,0
62053,0
104049,0
51935,0
133634,0
223290,0
59305,0
34751,0
143694,0
11868,0
83243,0
164123,0
190858,0
123818,0
2460,0
121823,0
27513,0
101962,0
172623,0
87756,0
148367,0
190248,0
140339,0
215504,0
144610,0
70789,0
66500,0
78658,0
264392,0
77611,0
148395,0
3740,0
139932,0
93002,0
150928,0
81098,0
176670,0
165138,0
39922,0
124434,0
218117,0
178733,0
222872,0
120977,0
183372,0
132710,0
122872,0
107637,0
104528,0
129549,0
59344,0
3023,0
216873,0
116247,0
149804,0
162435,0
253336,0
27192,0
19438,0
117713,0
224485,0
75239,0
169044,0
247660,0
157835,0
96846,0
78024,0
83410,0
9105,0
206097,0
15519,0
23187,0
41860,0
73718,0
188036,0
137001,0
207700,0
12127,0
190578,0
39136,0
83711,0
55831,0
138070,0
18861,0
121924,0
46446,0
827,0
44971,0
49589,0
221684,0
9515,0
37774,0
8392,0
169580,0
113863,0
75285,0
98898,0
205629,0
142967,0
58944,0
168019,0
17222,0
176714,0
3052,0
46005,0
220795,0
201910,0
18742,0
218702,0
240680,0
45443,0
231135,0
222511,0
245640,0
49464,0
106420,0
27720,0
60700,0
112349,0
158,0
221293,0
233602,0
248235,0
154301,0
220754,0
45128,0
165983,0
35634,0
90749,0
55282,0
200335,0
26775,0
249123,0
203599,0
210501,0
137696,0
206255,0
171611,0
197179,0
110702,0
247080,0
30589,0
177862,0
70216,0
222316,0
235049,0
26358,0
158287,0
15170,0
72954,0
31777,0
9969,0
243353,0
232110,0
238778,0
159532,0
164337,0
37058,0
172010,0
18332,0
207027,0
94354,0
41813,0
110339,0
241978,0
100917,0
205692,0
25729,0
225811,0
237815,0
238396,0
133230,0
179383,0
130636,0
76033,0
171719,0
132832,0
72048,0
261322,0
89246,0
100359,0
179928,0
206985,0
25441,0
171246,0
192349,0
244350,0
10744,0
164240,0
218105,0
108335,0
76447,0
152387,0
201511,0
134844,0
250353,0
158994,0
232315,0
255979,0
255590,0
77158,0
129903,0
6192,0
100293,0
237639,0
180466,0
110353,0
24486,0
152751,0
143733,0
227288,0
59916,0
214404,0
41334,0
171310,0
56585,0
229053,0
171549,0
15327,0
205302,0
128069,0
36012,0
73107,0
36981,0
24873,0
248460,0
130799,0
20028,0
234333,0
235527,0
150044,0
236364,0
210612,0
107217,0
4444,0
249019,0
83556,0
106933,0
239175,0
58336,0
69131,0
167026,0
23979,0
1815,0
183269,0
231626,0
109557,0
155359,0
186893,0
134315,0
207403,0
195631,0
236226,0
168846,0
58884,0
93685,0
151669,0
164399,0
111426,0
2525,0
215675,0
232911,0
197351,0
122534,0
90249,0
80910,0
188971,0
173799,0
167617,0
19180,0
178121,0
52521,0
123544,0
113346,0
203046,0
38788,0
42167,0
161779,0
169835,0
172715,0
44112,0
4103,0
174231,0
246802,0
59536,0
166830,0
2659,0
114802,0
195958,0
225200,0
239277,0
210469,0
199956,0
177427,0
171699,0
196889,0
163562,0
136386,0
242465,0
184315,0
151629,0
196731,0
143379,0
224306,0
153854,0
138249,0
125297,0
137252,0
201793,0
4713,0
251686,0
31674,0
159935,0
192569,0
4224,0
266272,0
232306,0
201235,0
159347,0
18654,0
266390,0
219141,0
48438,0
161067,0
134451,0
66530,0
99282,0
109035,0
234760,0
100436,0
183807,0
40252,0
172290,0
222786,0
25014,0
56043,0
182944,0
96376,0
208697,0
27485,0
125034,0
132251,0
98164,0
84167,0
151968,0
116465,0
207065,0
114839,0
120255,0
47659,0
196032,0
58517,0
213701,0
212246,0
144991,0
158103,0
75657,0
120309,0
217810,0
147148,0
202067,0
35409,0
90784,0
78120,0
100989,0
39884,0
178623,0
45494,0
10203,0
178693,0
219233,0
208336,0
3798,0
213910,0
219917,0
114,0
142671,0
187343,0
200240,0
131346,0
112153,0
37934,0
215526,0
111608,0
77311,0
198221,0
58708,0
59042,0
93024,0
191990,0
88702,0
233901,0
109720,0
28287,0
185902,0
215862,0
148894,0
143193,0
121136,0
4794,0
241742,0
152113,0
145143,0
85620,0
226657,0
242566,0
194450,0
83302,0
142773,0
252136,0
19722,0
99322,0
213047,0
214472,0
52970,0
143690,0
66548,0
83718,0
168554,0
135245,0
265090,0
59451,0
262616,0
151390,0
194090,0
204208,0
26805,0
165196,0
157719,0
76026,0
118867,0
234623,0
247942,0
62126,0
1476,0
195753,0
65098,0
47624,0
166910,0
84225,0
35965,0
122899,0
12480,0
35694,0
29790,0
13376,0
171504,0
146789,0
161597,0
39192,0
189575,0
174621,0
97926,0
194496,0
266601,0
251639,0
242396,0
237714,0
88466,0
160912,0
151424,0
231585,0
219455,0
216787,0
205683,0
240790,0
223340,0
209805,0
234731,0
202112,0
193834,0
230132,0
155322,0
185319,0
15978,0
184032,0
184439,0
175319,0
143482,0
189632,0
45120,0
200033,0
28185,0
148739,0
35698,0
260477,0
207093,0
32729,0
142297,0
55093,0
138858,0
207937,0
231160,0
153878,0
123483,0
57037,0
178652,0
29828,0
178513,0
128495,0
212278,0
213233,0
101250,0
265974,0
150753,0
132405,0
170079,0
179556,0
214109,0
256041,0
220289,0
28572,0
117278,0
124190,0
81724,0
182582,0
34380,0
199269,0
233172,0
18898,0
121156,0
41460,0
134328,0
211232,0
246526,0
29992,0
224265,0
28461,0
27189,0
150394,0
8073,0
102154,0
13382,0
118641,0
101405,0
79944,0
147780,0
92961,0
47902,0
99131,0
113302,0
101972,0
194907,0
76962,0
180436,0
32772,0
157767,0
107883,0
56934,0
237795,0
121846,0
10132,0
11791,0
159108,0
140798,0
112995,0
262507,0
31474,0
163857,0
216793,0
13040,0
242954,0
205625,0
256109,0
241180,0
31359,0
228335,0
99164,0
176513,0
22156,0
39607,0
68661,0
17097,0
104580,0
72275,0
141936,0
149,0
185638,0
53986,0
63508,0
146977,0
190649,0
218095,0
63782,0
119732,0
175844,0
95312,0
65960,0
124840,0
201502,0
5161,0
30562,0
38809,0
175002,0
160683,0
248729,0
229641,0
75716,0
123179,0
105854,0
170545,0
59894,0
190023,0
193532,0
104184,0
226071,0
249091,0
229464,0
62213,0
85788,0
156752,0
241146,0
57710,0
158474,0
122644,0
71447,0
94842,0
144448,0
142878,0
235596,0
215356,0
27586,0
56905,0
189826,0
200495,0
187209,0
168142,0
264313,0
79469,0
9945,0
16224,0
21197,0
111403,0
217671,0
81494,0
30143,0
197387,0
197678,0
123165,0
166071,0
230890,0
118077,0
91659,0
107182,0
231337,0
12058,0
134516,0
522,0
174164,0
258353,0
91010,0
107080,0
191015,0
142707,0
261902,0
21718,0
218937,0
218008,0
160532,0
193653,0
113143,0
186502,0
93083,0
242960,0
35338,0
124812,0
199833,0
120987,0
177499,0
223702,0
258838,0
258709,0
75416,0
37926,0
3891,0
1619,0
94465,0
98103,0
99242,0
106733,0
266639,0
244319,0
2612,0
12907,0
243470,0
99097,0
107602,0
118794,0
37325,0
113909,0
65322,0
113860,0
252443,0
1431,0
266022,0
63825,0
15932,0
105962,0
218646,0
93203,0
149423,0
162369,0
62814,0
202351,0
24823,0
175412,0
156692,0
219256,0
94357,0
2903,0
62479,0
232954,0
159549,0
224883,0
59918,0
44250,0
140322,0
167040,0
238375,0
121117,0
184926,0
27995,0
228007,0
157571,0
127978,0
124239,0
105792,0
173459,0
75441,0
92059,0
177561,0
253211,0
103028,0
97449,0
3368,0
88433,0
47731,0
128966,0
71831,0
92686,0
243131,0
25235,0
118588,0
48150,0
42637,0
17088,0
72396,0
250275,0
46619,0
156092,0
171845,0
139187,0
253059,0
85712,0
50336,0
121956,0
73523,0
5905,0
95473,0
230562,0
263865,0
136251,0
124787,0
66946,0
250176,0
57262,0
209584,0
20500,0
34084,0
83717,0
84578,0
256804,0
236075,0
227091,0
133177,0
191571,0
155674,0
51824,0
91941,0
86918,0
99597,0
33683,0
223860,0
46558,0
95392,0
192092,0
216529,0
37467,0
43058,0
74673,0
97933,0
265950,0
16540,0
88265,0
257573,0
27743,0
154122,0
184505,0
173314,0
178208,0
212668,0
192437,0
168516,0
263867,0
196209,0
69467,0
80312,0
174242,0
30167,0
200728,0
62102,0
4286,0
177254,0
166630,0
162058,0
79236,0
96180,0
59189,0
62012,0
165898,0
163351,0
250846,0
39523,0
26604,0
58281,0
176419,0
236777,0
4015,0
180229,0
182515,0
142523,0
206719,0
190454,0
56876,0
38480,0
88326,0
168169,0
14353,0
21744,0
120833,0
154235,0
247231,0
18808,0
93378,0
259086,0
38138,0
259159,0
43637,0
72364,0
93456,0
260314,0
123600,0
20053,0
160152,0
169334,0
59700,0
69826,0
60322,0
245887,0
144743,0
127331,0
41004,0
145927,0
44205,0
96498,0
76968,0
57925,0
62108,0
202670,0
230195,0
99489,0
123946,0
221106,0
249771,0
76678,0
173214,0
232834,0
87887,0
169978,0
230350,0
186954,0
166766,0
57401,0
136406,0
23581,0
203020,0
39123,0
238335,0
25079,0
119406,0
105721,0
144150,0
26856,0
197598,0
65105,0
102127,0
243094,0
86313,0
40912,0
1001,0
246910,0
184591,0
100195,0
168950,0
113869,0
54084,0
145039,0
180475,0
247105,0
214198,0
204959,0
137283,0
231044,0
97414,0
123628,0
44231,0
13318,0
161841,0
79569,0
4862,0
114914,0
153289,0
97967,0
166635,0
178438,0
68937,0
178937,0
216241,0
127389,0
28342,0
157731,0
260302,0
87280,0
247742,0
102874,0
246510,0
66037,0
94504,0
52976,0
121954,0
208269,0
118277,0
237432,0
138279,0
182203,0
48114,0
236831,0
222740,0
82842,0
205126,0
55053,0
138877,0
183236,0
249853,0
141868,0
10462,0
71446,0
132614,0
125465,0
139344,0
263893,0
256491,0
680,0
165318,0
190831,0
150588,0
210719,0
152424,0
136337,0
82310,0
39097,0
23600,0
229433,0
149460,0
70231,0
97091,0
181421,0
194023,0
179434,0
187061,0
180965,0
265681,0
126960,0
114995,0
247156,0
121637,0
159690,0
104506,0
195077,0
174055,0
174119,0
10670,0
113780,0
41927,0
157187,0
87884,0
194355,0
53961,0
134428,0
159174,0
223549,0
81802,0
17921,0
140343,0
265446,0
172080,0
132044,0
174370,0
60187,0
112678,0
183261,0
94001,0
129573,0
79340,0
10550,0
232889,0
119121,0
177544,0
109175,0
260598,0
54674,0
235188,0
111815,0
250110,0
222341,0
169214,0
143897,0
244648,0
150466,0
85789,0
182645,0
169988,0
98287,0
259449,0
9554,0
174716,0
92867,0
190386,0
183719,0
263695,0
18123,0
260798,0
137144,0
84134,0
238786,0
27313,0
77091,0
160896,0
43048,0
189110,0
181433,0
234399,0
166540,0
150006,0
95950,0
259213,0
31442,0
57460,0
181369,0
199463,0
75914,0
126850,0
23911,0
206744,0
13590,0
49876,0
225179,0
7051,0
121560,0
140610,0
64720,0
154174,0
68078,0
78551,0
104685,0
254005,0
252055,0
57877,0
129691,0
164964,0
48385,0
198230,0
93452,0
213774,0
202207,0
83268,0
172791,0
56575,0
56203,0
88119,0
256766,0
62112,0
264167,0
30828,0
57450,0
10859,0
260126,0
227703,0
239830,0
76698,0
113568,0
144721,0
127648,0
97286,0
29787,0
132757,0
255453,0
170821,0
161011,0
220599,0
175021,0
89938,0
89296,0
184483,0
165632,0
26688,0
245204,0
153727,0
82882,0
143641,0
163205,0
104387,0
205851,0
61256,0
246682,0
148234,0
197297,0
4074,0
39142,0
27038,0
155996,0
148180,0
150273,0
38947,0
57692,0
138536,0
260027,0
215317,0
98172,0
35106,0
264571,0
121454,0
263480,0
257513,0
113231,0
244850,0
133387,0
49101,0
156744,0
102405,0
46873,0
210762,0
100348,0
203570,0
203913,0
202206,0
10551,0
132235,0
251009,0
248237,0
185199,0
17824,0
119232,0
15201,0
86006,0
235872,0
95128,0
26411,0
205011,0
100598,0
243945,0
80278,0
184893,0
42897,0
200513,0
80756,0
265959,0
21061,0
104303,0
15777,0
131634,0
140057,0
32073,0
211820,0
58559,0
113038,0
95797,0
241777,0
6330,0
190308,0
225439,0
188206,0
231527,0
183996,0
221671,0
183481,0
167252,0
207936,0
247489,0
132078,0
221020,0
64559,0
222105,0
221829,0
20371,0
146394,0
138134,0
72107,0
218387,0
33555,0
32670,0
81224,0
95,0
110218,0
108498,0
109479,0
76480,0
86654,0
34562,0
143847,0
175654,0
210109,0
205472,0
37556,0
246203,0
182568,0
168848,0
106066,0
50394,0
243643,0
160439,0
17321,0
108301,0
61635,0
74258,0
251384,0
60772,0
156112,0
121625,0
25385,0
62279,0
236599,0
253081,0
245940,0
224418,0
178641,0
126498,0
40410,0
137744,0
200792,0
4934,0
82830,0
69609,0
82256,0
22858,0
194031,0
180195,0
147174,0
178370,0
212076,0
60886,0
166675,0
65220,0
71369,0
92383,0
155578,0
37360,0
113906,0
73360,0
41087,0
13159,0
33544,0
185288,0
260713,0
163474,0
143280,0
187106,0
24605,0
130925,0
59968,0
75935,0
255308,0
163788,0
78797,0
39104,0
207794,0
9827,0
191768,0
70328,0
88796,0
9396,0
144646,0
250800,0
57321,0
169357,0
207275,0
47157,0
61255,0
36596,0
22941,0
145010,0
164745,0
183057,0
134583,0
86340,0
22897,0
132671,0
178626,0
89047,0
71448,0
260253,0
101483,0
174273,0
228092,0
233169,0
41797,0
164677,0
35594,0
65145,0
93140,0
78368,0
197521,0
5266,0
111475,0
180239,0
161292,0
150078,0
71320,0
250256,0
154390,0
80724,0
227172,0
186577,0
134139,0
12628,0
244626,0
258623,0
57870,0
211222,0
59578,0
261232,0
213204,0
97082,0
223639,0
196684,0
200699,0
243947,0
197227,0
111577,0
33851,0
218596,0
102981,0
143972,0
125241,0
155727,0
175942,0
212844,0
51826,0
185414,0
253488,0
198000,0
10896,0
212541,0
5744,0
200638,0
241788,0
186648,0
250761,0
128011,0
134258,0
133088,0
142064,0
129316,0
49205,0
158585,0
234658,0
235390,0
236109,0
114089,0
193573,0
263808,0
101768,0
94033,0
52718,0
57311,0
61621,0
99540,0
35163,0
221657,0
50763,0
60971,0
106607,0
93439,0
254967,0
32418,0
19460,0
196757,0
266363,0
20393,0
248223,0
152963,0
29282,0
95818,0
171168,0
134205,0
207107,0
185811,0
143706,0
64041,0
68549,0
139499,0
154154,0
233093,0
177300,0
173162,0
181255,0
149099,0
39904,0
97881,0
193016,0
197037,0
135875,0
225378,0
75834,0
9785,0
62296,0
201321,0
9739,0
185787,0
54725,0
82643,0
260154,0
186193,0
126961,0
58141,0
58638,0
134400,0
116159,0
120027,0
34913,0
9767,0
237276,0
8842,0
214254,0
22397,0
230358,0
24999,0
142195,0
220716,0
68524,0
139633,0
95377,0
237022,0
154841,0
238469,0
105054,0
155704,0
247469,0
76389,0
115669,0
143159,0
255123,0
63469,0
113945,0
158901,0
23826,0
218088,0
19572,0
249660,0
249879,0
123988,0
102975,0
208871,0
177620,0
176812,0
92571,0
258604,0
21055,0
84,0
34808,0
154452,0
129754,0
194883,0
149049,0
248070,0
230046,0
250617,0
30196,0
260692,0
19498,0
5812,0
185904,0
46903,0
188969,0
240888,0
179287,0
129807,0
237001,0
154856,0
148776,0
100099,0
45333,0
32088,0
65526,0
211024,0
31417,0
228307,0
133606,0
178737,0
53653,0
6473,0
163586,0
129728,0
255649,0
187957,0
125822,0
229321,0
21932,0
183644,0
149635,0
171113,0
235901,0
201614,0
255483,0
254223,0
223690,0
170742,0
166739,0
65457,0
149022,0
169462,0
43903,0
159650,0
25676,0
68360,0
57570,0
263559,0
75612,0
218463,0
25730,0
138699,0
99602,0
3670,0
14045,0
187901,0
35925,0
185908,0
265381,0
6595,0
87666,0
198096,0
186662,0
235647,0
86169,0
193431,0
244092,0
228796,0
122702,0
220317,0
241634,0
152472,0
30784,0
222913,0
228426,0
92429,0
252559,0
247616,0
226164,0
221220,0
252922,0
78665,0
49365,0
149033,0
177848,0
228443,0
174455,0
130776,0
32534,0
187513,0
94556,0
202879,0
60810,0
172560,0
50999,0
173041,0
256019,0
164583,0
100550,0
222021,0
155616,0
70600,0
77974,0
43349,0
97925,0
104913,0
217801,0
139864,0
51637,0
134324,0
38815,0
263378,0
162974,0
258834,0
103462,0
94922,0
120573,0
141523,0
220346,0
28627,0
246144,0
78631,0
253560,0
162417,0
248837,0
259075,0
86983,0
175886,0
255969,0
254906,0
87736,0
115921,0
36405,0
205973,0
155879,0
48908,0
134611,0
159777,0
234344,0
175218,0
24620,0
146006,0
101259,0
225147,0
30531,0
20196,0
264443,0
115805,0
143991,0
254018,0
167241,0
216003,0
125695,0
259175,0
223239,0
107709,0
92883,0
164,0
100594,0
124768,0
253260,0
215639,0
179745,0
178891,0
88736,0
241836,0
166913,0
117203,0
65492,0
41106,0
41113,0
1348,0
22480,0
72082,0
41795,0
181746,0
33219,0
261674,0
20456,0
232786,0
231780,0
10817,0
16175,0
248605,0
242207,0
58986,0
39275,0
217343,0
260440,0
29654,0
103925,0
222615,0
176422,0
97275,0
250855,0
77984,0
191522,0
228977,0
220342,0
29890,0
39073,0
262675,0
106928,0
124112,0
113536,0
266097,0
231912,0
52839,0
168250,0
147209,0
57516,0
21120,0
161270,0
12002,0
177049,0
45660,0
48491,0
225728,0
208399,0
171961,0
84006,0
59112,0
130884,0
77121,0
1659,0
245239,0
36095,0
188930,0
186133,0
102971,0
36970,0
20175,0
31497,0
196669,0
171364,0
38188,0
258775,0
116927,0
48251,0
232878,0
16858,0
202070,0
42921,0
83572,0
129711,0
148314,0
188606,0
123070,0
20412,0
759,0
14729,0
206005,0
114247,0
188220,0
193561,0
31097,0
213030,0
263978,0
232562,0
18830,0
88700,0
235514,0
9417,0
103402,0
231132,0
34299,0
241865,0
86484,0
146615,0
87475,0
87849,0
112538,0
123243,0
265933,0
183784,0
57314,0
133761,0
155276,0
217964,0
48854,0
12399,0
24689,0
149218,0
10995,0
168011,0
197978,0
38617,0
116958,0
194728,0
89912,0
254184,0
43049,0
18106,0
214576,0
27730,0
216396,0
261503,0
14275,0
43193,0
33169,0
33969,0
23056,0
164774,0
21514,0
197921,0
43252,0
137202,0
248262,0
78367,0
129680,0
207511,0
72838,0
228537,0
203044,0
133374,0
226955,0
219788,0
46557,0
66840,0
84267,0
96022,0
111093,0
156126,0
2056,0
251078,0
16332,0
2902,0
171163,0
196473,0
82410,0
159255,0
220373,0
231322,0
37016,0
173810,0
54085,0
111926,0
107847,0
196297,0
104845,0
79111,0
32436,0
101378,0
84039,0
241066,0
26891,0
188016,0
58294,0
39589,0
23263,0
209147,0
3719,0
142645,0
15618,0
22371,0
265791,0
66091,0
8740,0
48331,0
19079,0
214583,0
247218,0
255975,0
139811,0
37268,0
163747,0
251133,0
220006,0
262586,0
140538,0
71760,0
116042,0
260920,0
171057,0
185251,0
191772,0
139601,0
60977,0
175350,0
221797,0
245589,0
136781,0
103089,0
242484,0
165820,0
17891,0
199223,0
191594,0
108811,0
243880,0
217285,0
103902,0
104831,0
221658,0
111491,0
37542,0
169698,0
72332,0
83872,0
20047,0
176899,0
222057,0
70031,0
117086,0
262286,0
235325,0
158948,0
190065,0
136541,0
37183,0
220235,0
220279,0
55414,0
42736,0
169082,0
82992,0
232407,0
161459,0
265129,0
159495,0
4871,0
254510,0
174146,0
188397,0
92829,0
135157,0
58312,0
104349,0
221851,0
161890,0
110951,0
87417,0
40792,0
164438,0
156984,0
187302,0
127329,0
39270,0
72771,0
194028,0
61177,0
68896,0
229436,0
23060,0
234325,0
229421,0
4745,0
231820,0
410,0
148771,0
193426,0
111099,0
139120,0
55421,0
250122,0
216004,0
198064,0
162329,0
248201,0
203425,0
213367,0
57612,0
119164,0
252525,0
29412,0
148159,0
43176,0
100638,0
234861,0
34213,0
6482,0
199969,0
151156,0
147418,0
220005,0
233181,0
260235,0
14205,0
98043,0
251656,0
166827,0
22856,0
129317,0
41216,0
225570,0
91889,0
148401,0
144253,0
49247,0
1755,0
199479,0
168277,0
137582,0
141707,0
158000,0
112832,0
123037,0
84992,0
124594,0
232549,0
47763,0
46529,0
171647,0
196388,0
162138,0
252838,0
244630,0
263562,0
222048,0
33384,0
159184,0
81846,0
224345,0
41350,0
71674,0
39541,0
146018,0
219976,0
15565,0
44836,0
59672,0
116379,0
124007,0
259120,0
101254,0
46057,0
108101,0
163186,0
131718,0
161664,0
32246,0
91388,0
110080,0
174322,0
62810,0
3388,0
91881,0
196219,0
71491,0
198443,0
14192,0
49239,0
212446,0
47009,0
262794,0
29497,0
50246,0
206574,0
48297,0
72921,0
127610,0
255961,0
159331,0
156345,0
114488,0
113892,0
77082,0
74280,0
210301,0
79859,0
44134,0
87325,0
8702,0
242726,0
142288,0
71549,0
33773,0
83395,0
75457,0
72118,0
196194,0
266155,0
247314,0
178568,0
253455,0
67077,0
244057,0
45832,0
108332,0
135513,0
208684,0
178648,0
60597,0
237252,0
6484,0
99537,0
214072,0
85195,0
138122,0
216790,0
169380,0
123785,0
110280,0
261247,0
93636,0
63357,0
39045,0
233286,0
63604,0
177779,0
213912,0
171655,0
226646,0
73912,0
39516,0
120566,0
50508,0
220445,0
219767,0
61239,0
224515,0
208392,0
65482,0
250335,0
87255,0
46293,0
206174,0
87862,0
173764,0
224999,0
167943,0
7562,0
132829,0
246850,0
58951,0
120227,0
38353,0
192842,0
126275,0
26898,0
131172,0
80335,0
166473,0
222089,0
78620,0
54659,0
211096,0
176616,0
170753,0
144904,0
181577,0
143969,0
53097,0
159583,0
3188,0
261343,0
219993,0
125186,0
157916,0
53000,0
264562,0
150272,0
167417,0
140784,0
143672,0
163654,0
74210,0
237468,0
227023,0
55198,0
103967,0
81302,0
7972,0
184755,0
131922,0
107574,0
107432,0
140113,0
41734,0
254462,0
159912,0
743,0
217258,0
110436,0
1138,0
163087,0
72480,0
266286,0
79718,0
107232,0
174838,0
226052,0
253358,0
131710,0
251799,0
49171,0
196872,0
41040,0
165067,0
70306,0
258331,0
15465,0
6182,0
69325,0
264985,0
25782,0
51657,0
258651,0
195231,0
132778,0
94521,0
183313,0
119767,0
76038,0
158576,0
136331,0
225073,0
133227,0
221374,0
147643,0
264187,0
4045,0
225250,0
245384,0
12016,0
146407,0
132577,0
263291,0
136212,0
59997,0
52905,0
252041,0
137710,0
170948,0
39706,0
83087,0
76865,0
69064,0
41627,0
136271,0
205018,0
5562,0
122820,0
127688,0
224503,0
37881,0
183152,0
168077,0
69663,0
202404,0
118369,0
52616,0
210397,0
31782,0
56324,0
100085,0
54196,0
91637,0
237470,0
11299,0
21174,0
16548,0
53668,0
22019,0
156612,0
193886,0
233498,0
206521,0
181305,0
158431,0
68714,0
229155,0
235240,0
236422,0
168705,0
90890,0
13322,0
48973,0
31288,0
114957,0
129499,0
98643,0
117738,0
113182,0
30439,0
216231,0
224318,0
167089,0
152162,0
115645,0
139656,0
235196,0
128346,0
167167,0
238219,0
256615,0
149559,0
228601,0
53450,0
226996,0
172588,0
95757,0
265302,0
165651,0
127420,0
116415,0
91310,0
248044,0
216757,0
187924,0
125574,0
77160,0
229678,0
76443,0
148359,0
132964,0
164158,0
68520,0
223205,0
193196,0
37893,0
3480,0
119490,0
188844,0
53732,0
140320,0
54376,0
173032,0
27386,0
203935,0
178526,0
182767,0
111963,0
253379,0
212679,0
196623,0
233762,0
260221,0
74473,0
22821,0
263542,0
203386,0
174971,0
263126,0
91939,0
190543,0
201597,0
251783,0
13488,0
52685,0
86437,0
26265,0
214305,0
14659,0
218682,0
224222,0
94045,0
9989,0
62654,0
18044,0
116112,0
40755,0
108267,0
154693,0
102479,0
176892,0
110498,0
81136,0
218199,0
255763,0
199373,0
176621,0
114131,0
226792,0
253784,0
208504,0
65771,0
139743,0
125088,0
180293,0
129080,0
182878,0
162614,0
102690,0
116746,0
109514,0
171179,0
101806,0
243624,0
45113,0
22062,0
244767,0
25346,0
122223,0
4936,0
239556,0
450,0
219158,0
107829,0
12155,0
100759,0
12551,0
193582,0
218263,0
64206,0
206119,0
8458,0
177081,0
156529,0
233218,0
233531,0
77024,0
262252,0
19136,0
67394,0
112794,0
30403,0
48822,0
58157,0
11113,0
202094,0
58298,0
242367,0
37904,0
5561,0
51960,0
16430,0
227214,0
85708,0
18031,0
59920,0
36357,0
228689,0
34062,0
77882,0
115456,0
212846,0
197500,0
115573,0
245967,0
15879,0
186197,0
104957,0
64689,0
121306,0
223925,0
33827,0
234413,0
231972,0
28034,0
260635,0
40454,0
223334,0
125420,0
100599,0
219851,0
71086,0
260878,0
217583,0
16207,0
42543,0
40112,0
230907,0
230304,0
128828,0
42096,0
127898,0
157465,0
103540,0
153117,0
95338,0
91266,0
180923,0
235702,0
106837,0
26249,0
126130,0
14702,0
82164,0
257430,0
150057,0
205765,0
54925,0
192498,0
237120,0
121098,0
82766,0
26631,0
249711,0
137002,0
92343,0
239566,0
221451,0
210990,0
192012,0
43927,0
15262,0
211531,0
116059,0
94352,0
111937,0
159918,0
28925,0
232743,0
245430,0
98567,0
98991,0
230022,0
75588,0
16306,0
131667,0
103013,0
65970,0
129372,0
156388,0
53244,0
91104,0
92063,0
100142,0
183192,0
57872,0
107159,0
42563,0
5004,0
203509,0
134926,0
159811,0
236907,0
187660,0
15583,0
38173,0
101681,0
182359,0
257578,0
25600,0
236940,0
126211,0
223347,0
116062,0
136179,0
54577,0
264760,0
55208,0
178467,0
87401,0
204704,0
198121,0
32774,0
13329,0
55225,0
247036,0
199283,0
83508,0
174785,0
164410,0
6534,0
208161,0
164537,0
168111,0
198629,0
2472,0
23293,0
115077,0
184441,0
157710,0
82349,0
263451,0
190877,0
122389,0
211510,0
204918,0
96110,0
200098,0
199332,0
120278,0
9753,0
106693,0
31345,0
180948,0
180619,0
244904,0
56213,0
48680,0
154564,0
239575,0
182159,0
756,0
40747,0
77807,0
232667,0
94353,0
115516,0
36913,0
74171,0
16946,0
125287,0
176970,0
111019,0
27918,0
202362,0
177076,0
20462,0
242581,0
35320,0
82028,0
104007,0
41261,0
242757,0
182142,0
219761,0
89868,0
27773,0
42174,0
50576,0
96851,0
164506,0
207963,0
208756,0
222043,0
94788,0
241190,0
253666,0
152759,0
122628,0
129833,0
117073,0
195597,0
16287,0
213661,0
191818,0
237257,0
115189,0
134221,0
232594,0
230821,0
127658,0
265155,0
254478,0
26741,0
51535,0
15368,0
65059,0
7406,0
206950,0
204283,0
161506,0
130337,0
247835,0
181804,0
17687,0
112972,0
223501,0
203383,0
10310,0
147332,0
240138,0
63223,0
94909,0
117124,0
149220,0
142652,0
41600,0
222735,0
100873,0
197693,0
168964,0
12986,0
27709,0
162297,0
225836,0
49710,0
25460,0
238438,0
208839,0
26744,0
222066,0
252159,0
3560,0
88866,0
218939,0
12164,0
236673,0
168289,0
201773,0
211663,0
54737,0
134620,0
62434,0
190061,0
152868,0
200954,0
46794,0
67304,0
256713,0
209436,0
202081,0
83674,0
232102,0
243715,0
249278,0
135082,0
166017,0
186710,0
134111,0
26160,0
161855,0
213768,0
118301,0
15055,0
80441,0
158951,0
223744,0
9361,0
17880,0
34318,0
185415,0
40517,0
11279,0
229413,0
126060,0
107996,0
197866,0
38405,0
143488,0
149995,0
190590,0
108026,0
131749,0
29873,0
264260,0
262774,0
189295,0
180347,0
130918,0
84544,0
118945,0
69283,0
183362,0
83496,0
152971,0
163196,0
260137,0
125191,0
226252,0
165770,0
23664,0
91903,0
72764,0
205589,0
207818,0
84202,0
216214,0
233655,0
264490,0
220691,0
59341,0
243220,0
91232,0
235305,0
17070,0
29778,0
73186,0
169498,0
118623,0
208672,0
73163,0
62267,0
200397,0
56747,0
163948,0
24365,0
196961,0
15690,0
186839,0
54414,0
34971,0
116706,0
78579,0
125001,0
257203,0
263157,0
2369,0
99360,0
223916,0
70307,0
125991,0
27478,0
222442,0
8689,0
205153,0
23370,0
194498,0
45060,0
259234,0
21830,0
77234,0
182916,0
13618,0
143496,0
19204,0
73292,0
48026,0
243651,0
41427,0
44196,0
34889,0
248383,0
35667,0
62011,0
176814,0
15251,0
151522,0
23156,0
262341,0
163375,0
101660,0
77441,0
232575,0
50711,0
87378,0
265191,0
105877,0
123168,0
213669,0
89789,0
120301,0
54486,0
140904,0
179861,0
45913,0
16464,0
213134,0
125567,0
222193,0
244212,0
204345,0
231184,0
76214,0
56334,0
133812,0
226208,0
231265,0
81660,0
206055,0
91507,0
115433,0
45793,0
112919,0
35227,0
208675,0
220542,0
229013,0
118487,0
206718,0
214357,0
250506,0
130964,0
61461,0
22554,0
149574,0
147630,0
8097,0
214482,0
68033,0
253796,0
52212,0
89121,0
155264,0
67794,0
115906,0
28586,0
130554,0
241629,0
130923,0
141453,0
137007,0
30452,0
120815,0
172005,0
71690,0
68484,0
118674,0
177346,0
17331,0
102457,0
89419,0
191613,0
6146,0
246987,0
264874,0
206153,0
70849,0
179753,0
55190,0
25058,0
103720,0
218166,0
206389,0
231507,0
55687,0
9667,0
266223,0
89864,0
89826,0
55578,0
26367,0
11289,0
89691,0
220357,0
48584,0
52406,0
133399,0
62273,0
164311,0
160335,0
52754,0
29681,0
202854,0
66127,0
229369,0
55656,0
196079,0
257434,0
8802,0
201411,0
184979,0
104695,0
55373,0
76375,0
198257,0
196852,0
63460,0
204434,0
175544,0
74339,0
197682,0
69665,0
64161,0
164671,0
223381,0
137254,0
77537,0
1086,0
233806,0
137256,0
174686,0
24941,0
121703,0
81704,0
170097,0
155243,0
256645,0
211815,0
44103,0
249378,0
92057,0
85059,0
123421,0
92234,0
36118,0
190413,0
89290,0
182216,0
248119,0
226043,0
91792,0
145133,0
152845,0
246076,0
135561,0
178433,0
59211,0
249816,0
46471,0
158342,0
156509,0
22199,0
100486,0
136872,0
33175,0
119391,0
46839,0
117234,0
69051,0
117428,0
180035,0
226422,0
107671,0
235966,0
46532,0
31181,0
230256,0
222956,0
234894,0
226526,0
102087,0
152774,0
168541,0
246826,0
192098,0
5062,0
5284,0
230244,0
84370,0
122350,0
50361,0
35302,0
101698,0
93563,0
249753,0
117609,0
202296,0
156819,0
260889,0
6865,0
109951,0
85020,0
35759,0
210875,0
59864,0
24643,0
54975,0
138322,0
3945,0
191855,0
140321,0
74136,0
105147,0
17563,0
247347,0
256990,0
161312,0
66027,0
137636,0
40334,0
133096,0
46440,0
101370,0
265128,0
228918,0
162150,0
90728,0
31717,0
94550,0
164166,0
140894,0
53600,0
74425,0
146159,0
128726,0
208493,0
177108,0
41311,0
206596,0
16535,0
76769,0
181385,0
249465,0
165574,0
172618,0
23168,0
263862,0
97611,0
30625,0
169516,0
214168,0
198420,0
136730,0
143131,0
100481,0
108465,0
105745,0
50347,0
157967,0
222709,0
67252,0
79931,0
226731,0
51885,0
104897,0
167701,0
201164,0
120533,0
265247,0
108087,0
265397,0
196504,0
18950,0
211988,0
151713,0
183402,0
89474,0
226656,0
257676,0
258733,0
177340,0
104671,0
10717,0
44106,0
6583,0
108088,0
48704,0
226055,0
113130,0
185973,0
57875,0
189802,0
176003,0
19648,0
123949,0
126814,0
182430,0
78562,0
203919,0
213299,0
127742,0
233945,0
121013,0
54494,0
30454,0
240679,0
172730,0
223839,0
252424,0
53602,0
112438,0
198462,0
35946,0
54522,0
31784,0
22306,0
23031,0
219766,0
152745,0
198884,0
4048,0
79426,0
147410,0
251451,0
94433,0
223051,0
174160,0
29019,0
31970,0
9518,0
155632,0
20106,0
119863,0
71425,0
81406,0
99638,0
112229,0
189821,0
246133,0
212891,0
220650,0
200642,0
76636,0
72274,0
27471,0
184250,0
130044,0
1480,0
94035,0
146262,0
175932,0
208020,0
40923,0
166866,0
101807,0
249199,0
107876,0
160464,0
196115,0
182966,0
162027,0
212838,0
182571,0
147135,0
100740,0
87724,0
60576,0
248864,0
97666,0
130567,0
80434,0
209125,0
99566,0
92159,0
176021,0
91385,0
69591,0
246234,0
248,0
252232,0
209207,0
65861,0
42762,0
10271,0
243676,0
220683,0
266243,0
27039,0
77692,0
184164,0
210726,0
5670,0
242328,0
84813,0
189432,0
202019,0
66281,0
257948,0
16047,0
181491,0
191769,0
250712,0
233335,0
202985,0
187011,0
29012,0
137609,0
107147,0
47697,0
43538,0
120007,0
72170,0
184039,0
163946,0
45023,0
100415,0
192547,0
246375,0
238473,0
252489,0
118574,0
75778,0
96116,0
154015,0
167489,0
94420,0
72865,0
240953,0
12173,0
251199,0
81240,0
122567,0
64071,0
183381,0
117206,0
266553,0
121485,0
220761,0
84776,0
199825,0
161752,0
137563,0
249475,0
209085,0
205486,0
209229,0
225460,0
73982,0
38458,0
194163,0
223242,0
203590,0
35836,0
210006,0
256075,0
153654,0
142167,0
13595,0
34158,0
11877,0
48521,0
171626,0
189527,0
115216,0
227327,0
30789,0
53089,0
25917,0
115467,0
193436,0
54553,0
214762,0
246284,0
132454,0
104536,0
23425,0
166225,0
58716,0
187801,0
17985,0
81083,0
190313,0
79986,0
177744,0
134965,0
71356,0
179123,0
167059,0
213935,0
94098,0
26932,0
124269,0
229032,0
238034,0
65975,0
2090,0
184345,0
246872,0
83506,0
28882,0
211930,0
112158,0
1791,0
1488,0
108357,0
132724,0
155168,0
239233,0
162948,0
165424,0
115816,0
182992,0
173609,0
234179,0
41687,0
216349,0
100232,0
75606,0
146313,0
86850,0
109450,0
129721,0
232921,0
174690,0
176715,0
63884,0
239473,0
168362,0
233148,0
40552,0
125747,0
123319,0
208066,0
207168,0
235504,0
157856,0
10771,0
2049,0
263099,0
198077,0
213337,0
92828,0
250636,0
48659,0
249180,0
173626,0
212688,0
109269,0
68755,0
46100,0
133109,0
31144,0
78636,0
170825,0
37187,0
164884,0
32667,0
230954,0
38536,0
25834,0
225356,0
54928,0
233646,0
94125,0
223476,0
223517,0
228306,0
6636,0
129202,0
184898,0
210616,0
101121,0
6248,0
263508,0
109076,0
121876,0
116179,0
227661,0
15530,0
30978,0
159276,0
93017,0
93786,0
179341,0
109465,0
59063,0
26584,0
231531,0
250097,0
22368,0
148777,0
69838,0
171039,0
244453,0
117766,0
122687,0
72933,0
227652,0
250983,0
135008,0
205283,0
41863,0
57343,0
104282,0
248641,0
158611,0
148614,0
173059,0
99100,0
85106,0
116574,0
164667,0
211170,0
250503,0
137423,0
92958,0
213555,0
90556,0
18478,0
214663,0
239209,0
129575,0
65693,0
185780,0
234031,0
22901,0
770,0
190755,0
201955,0
192406,0
143901,0
74251,0
48009,0
62492,0
127227,0
199502,0
225409,0
90218,0
249424,0
25655,0
31279,0
184556,0
169250,0
235949,0
74683,0
205607,0
253787,0
186536,0
171743,0
221073,0
95859,0
138096,0
217970,0
34425,0
79494,0
244015,0
50551,0
232044,0
95045,0
235758,0
139945,0
158023,0
237585,0
13664,0
128386,0
222155,0
224873,0
215573,0
265484,0
127302,0
225597,0
55412,0
214217,0
83887,0
70512,0
1015,0
182237,0
215200,0
80966,0
38613,0
47469,0
105871,0
95391,0
35887,0
163415,0
101053,0
54421,0
149957,0
208223,0
132839,0
258021,0
218163,0
220719,0
168971,0
162344,0
184860,0
36525,0
243216,0
126767,0
11975,0
105567,0
224384,0
192879,0
248899,0
124408,0
94397,0
244422,0
207465,0
14373,0
47485,0
242422,0
18524,0
33124,0
196781,0
210924,0
262953,0
240832,0
131887,0
170641,0
243746,0
33689,0
206478,0
199106,0
143334,0
265790,0
12999,0
23099,0
687,0
139094,0
17307,0
133441,0
97530,0
237414,0
190391,0
93125,0
207621,0
177968,0
222820,0
128849,0
20909,0
224577,0
20570,0
102259,0
191589,0
210492,0
183652,0
63924,0
47323,0
92223,0
244922,0
199718,0
70986,0
136537,0
160095,0
191846,0
184024,0
5293,0
53607,0
265438,0
259433,0
135796,0
37572,0
50225,0
84229,0
68646,0
224179,0
248502,0
4071,0
148949,0
223127,0
207787,0
176096,0
126107,0
192411,0
128030,0
84377,0
29569,0
210472,0
150727,0
260631,0
47440,0
87082,0
36483,0
189577,0
146326,0
14943,0
66616,0
99464,0
95694,0
161749,0
126237,0
247153,0
206559,0
4778,0
222883,0
21403,0
122721,0
35991,0
215866,0
97839,0
89079,0
24628,0
130451,0
247465,0
133023,0
59224,0
233345,0
204093,0
76006,0
112402,0
241944,0
222297,0
217749,0
31175,0
232966,0
112,0
187576,0
263521,0
76207,0
113512,0
136838,0
5127,0
43990,0
166986,0
260256,0
104735,0
252106,0
209090,0
174633,0
110886,0
207417,0
201675,0
61640,0
172482,0
94976,0
230813,0
124740,0
186581,0
82795,0
166860,0
188782,0
246527,0
18512,0
200929,0
228153,0
31528,0
158496,0
29294,0
58135,0
141419,0
228864,0
51440,0
251335,0
215375,0
35496,0
266183,0
135192,0
260988,0
178506,0
111594,0
87201,0
176533,0
31283,0
28210,0
46610,0
173045,0
111657,0
262108,0
233317,0
31022,0
48497,0
110800,0
63096,0
40721,0
133083,0
231822,0
99882,0
102046,0
259840,0
40046,0
117419,0
25269,0
23667,0
265765,0
107899,0
26625,0
160754,0
74927,0
106394,0
199528,0
234265,0
9484,0
152603,0
238020,0
265066,0
166423,0
231228,0
139579,0
258311,0
59456,0
236974,0
148468,0
258070,0
147903,0
7893,0
99293,0
162691,0
14731,0
248574,0
55994,0
27375,0
237008,0
248225,0
96923,0
7612,0
158241,0
234163,0
91896,0
12922,0
113135,0
8571,0
74233,0
95024,0
5359,0
136873,0
4408,0
28923,0
258502,0
139309,0
35655,0
161152,0
77431,0
238641,0
131754,0
206777,0
191267,0
224240,0
261009,0
145071,0
192129,0
233361,0
25413,0
32077,0
194075,0
177937,0
241346,0
169881,0
135030,0
166826,0
93687,0
158416,0
78792,0
177674,0
258731,0
53734,0
199860,0
119099,0
44956,0
14735,0
233765,0
66133,0
7011,0
28662,0
41333,0
31845,0
75768,0
210537,0
116782,0
158130,0
20587,0
145237,0
130153,0
27593,0
200404,0
16910,0
200874,0
243250,0
65647,0
202522,0
162569,0
95540,0
9579,0
881,0
206276,0
107707,0
200541,0
32199,0
226631,0
134133,0
55660,0
23253,0
148731,0
84814,0
243591,0
172991,0
264583,0
105233,0
231880,0
168456,0
68001,0
21164,0
87974,0
99841,0
31503,0
212385,0
166057,0
238937,0
98276,0
121722,0
113281,0
113331,0
111699,0
198365,0
213459,0
151846,0
168313,0
122051,0
149236,0
126513,0
244247,0
201951,0
13905,0
107526,0
44987,0
30764,0
187494,0
207631,0
252270,0
84004,0
189427,0
32473,0
70863,0
242714,0
51631,0
101325,0
231031,0
107374,0
179694,0
5530,0
111733,0
193571,0
97520,0
90522,0
163297,0
30759,0
192914,0
235551,0
43755,0
59720,0
67481,0
170431,0
88656,0
17306,0
18680,0
80163,0
19974,0
57638,0
87575,0
108362,0
6242,0
127548,0
264577,0
161583,0
43941,0
62996,0
11960,0
90576,0
86991,0
145473,0
123055,0
248040,0
116715,0
205362,0
76919,0
9936,0
27816,0
232765,0
39655,0
263892,0
187174,0
23196,0
259958,0
2646,0
201386,0
215186,0
216629,0
101182,0
115715,0
83632,0
247913,0
228576,0
189178,0
257878,0
91975,0
143613,0
254238,0
7375,0
11460,0
176527,0
118091,0
165745,0
251975,0
114029,0
1675,0
33443,0
165448,0
89401,0
213809,0
202410,0
13072,0
179262,0
215002,0
234112,0
154220,0
23184,0
186946,0
121006,0
15272,0
42806,0
258099,0
213127,0
198072,0
57959,0
111172,0
126465,0
194986,0
3184,0
75910,0
52445,0
136104,0
181922,0
255775,0
205340,0
79055,0
14590,0
97452,0
244528,0
71145,0
178298,0
198141,0
239174,0
103255,0
154394,0
135978,0
26219,0
33319,0
109876,0
157991,0
227461,0
254395,0
253537,0
191743,0
206904,0
125055,0
102447,0
206926,0
265348,0
220248,0
15283,0
40322,0
135242,0
71176,0
256220,0
48434,0
225911,0
184387,0
102263,0
71964,0
77497,0
41355,0
122251,0
254603,0
47912,0
37009,0
79910,0
71007,0
169298,0
146720,0
16238,0
9,0
16607,0
42675,0
253584,0
49946,0
256485,0
165391,0
91,0
204934,0
216775,0
117026,0
81347,0
126131,0
242582,0
81251,0
133769,0
166872,0
202833,0
66754,0
35165,0
168069,0
218161,0
98042,0
71691,0
166191,0
178508,0
163579,0
41218,0
8338,0
26088,0
254413,0
93699,0
165842,0
206036,0
205062,0
210435,0
34217,0
24581,0
189386,0
130489,0
240323,0
167226,0
178153,0
43081,0
75458,0
12311,0
138846,0
29385,0
253677,0
110553,0
37376,0
158858,0
86338,0
43620,0
31987,0
254424,0
178690,0
36407,0
263160,0
5385,0
211090,0
235909,0
59173,0
206037,0
183838,0
246288,0
125751,0
265168,0
60123,0
236626,0
18731,0
250749,0
248572,0
69108,0
164991,0
134084,0
92440,0
244146,0
243280,0
118000,0
237105,0
186272,0
13245,0
8729,0
107,0
125819,0
255207,0
85527,0
10954,0
27378,0
231330,0
194764,0
20483,0
108947,0
153559,0
144615,0
87319,0
121147,0
240391,0
125441,0
58379,0
9033,0
160757,0
32766,0
46572,0
30633,0
95361,0
102339,0
177094,0
205932,0
127061,0
156950,0
188485,0
31609,0
121923,0
239392,0
109511,0
23609,0
46482,0
70430,0
199265,0
163021,0
106326,0
175227,0
214159,0
150472,0
119499,0
179582,0
72156,0
56987,0
170741,0
115580,0
210715,0
197471,0
217316,0
251963,0
260482,0
115205,0
84266,0
156794,0
144871,0
98390,0
119013,0
91472,0
38196,0
39391,0
130030,0
133996,0
83173,0
105570,0
105315,0
183100,0
225700,0
235601,0
242034,0
238496,0
29509,0
117159,0
5526,0
118591,0
67608,0
85947,0
27732,0
113156,0
248886,0
205591,0
148166,0
156376,0
159504,0
102904,0
71220,0
250991,0
90222,0
213686,0
231062,0
2431,0
194352,0
24985,0
142458,0
50011,0
185610,0
130189,0
136766,0
70815,0
141249,0
44851,0
91803,0
201794,0
41986,0
174204,0
187840,0
180219,0
242568,0
247830,0
68800,0
137358,0
36629,0
262942,0
43929,0
203743,0
263030,0
55080,0
257532,0
65530,0
12782,0
94217,0
257254,0
91185,0
34950,0
45941,0
60239,0
126842,0
4773,0
215795,0
75132,0
151357,0
131611,0
33454,0
117671,0
110696,0
212749,0
35757,0
144885,0
237739,0
76086,0
252538,0
81351,0
131619,0
2480,0
175262,0
192449,0
199537,0
56949,0
31458,0
4982,0
264175,0
78299,0
172479,0
98076,0
194847,0
229876,0
157403,0
191929,0
153593,0
212726,0
265612,0
111501,0
208194,0
22342,0
229785,0
189579,0
14328,0
80106,0
136288,0
55714,0
216582,0
96604,0
154893,0
115014,0
99510,0
258221,0
119874,0
132369,0
161700,0
238408,0
95739,0
156528,0
171766,0
234819,0
91769,0
126818,0
19659,0
61274,0
132124,0
144151,0
23377,0
173744,0
45008,0
97608,0
219144,0
98143,0
68013,0
159848,0
80008,0
243921,0
15557,0
52812,0
80992,0
36203,0
91762,0
90633,0
35074,0
58713,0
68852,0
199367,0
67343,0
257770,0
107311,0
156318,0
165395,0
103686,0
116355,0
194840,0
183561,0
44227,0
236140,0
72284,0
129450,0
201334,0
209456,0
243991,0
126670,0
109615,0
244487,0
127172,0
25283,0
224153,0
179609,0
202290,0
67223,0
242779,0
144636,0
251094,0
79028,0
111364,0
183966,0
257200,0
30358,0
114249,0
59609,0
149059,0
201484,0
237839,0
219500,0
235010,0
27689,0
148749,0
181100,0
228437,0
27890,0
27990,0
214430,0
178464,0
100414,0
28601,0
234054,0
152475,0
117062,0
13258,0
33,0
13790,0
52779,0
200269,0
202947,0
59674,0
149037,0
169054,0
167127,0
58099,0
216568,0
244219,0
212968,0
163985,0
65728,0
40744,0
45114,0
85739,0
223346,0
214769,0
148071,0
54822,0
264693,0
20323,0
183564,0
226507,0
154523,0
194811,0
79979,0
160649,0
217409,0
73925,0
150439,0
220969,0
11516,0
98974,0
109948,0
139230,0
23820,0
20559,0
179011,0
93827,0
35425,0
212367,0
62608,0
27531,0
24926,0
81807,0
17861,0
20180,0
110839,0
32589,0
202584,0
239204,0
94411,0
42162,0
115974,0
208965,0
256533,0
33603,0
8315,0
201425,0
196365,0
261092,0
159590,0
117310,0
131965,0
102922,0
100933,0
34642,0
24526,0
86033,0
238178,0
175676,0
43591,0
124654,0
95200,0
205201,0
215272,0
20544,0
53480,0
186660,0
250776,0
14029,0
129401,0
83144,0
57807,0
201693,0
142043,0
149081,0
182368,0
135301,0
118507,0
240020,0
9536,0
229134,0
52652,0
223436,0
202763,0
153181,0
13993,0
170167,0
201838,0
52960,0
73442,0
3301,0
266395,0
29461,0
220922,0
88054,0
129405,0
252709,0
163530,0
258376,0
92939,0
187323,0
191737,0
262025,0
211773,0
164728,0
79536,0
165935,0
196125,0
62816,0
2052,0
202549,0
155974,0
256887,0
240703,0
158407,0
13673,0
231154,0
146050,0
51064,0
22166,0
30224,0
187206,0
69172,0
177323,0
19611,0
96251,0
192826,0
221523,0
85165,0
32608,0
218439,0
49877,0
194183,0
115531,0
166603,0
38010,0
193931,0
158487,0
7472,0
129335,0
82265,0
92123,0
202137,0
135893,0
106884,0
136929,0
28724,0
1256,0
200897,0
103074,0
8674,0
66896,0
148301,0
41963,0
87810,0
80169,0
133953,0
73867,0
5465,0
164570,0
129042,0
88753,0
213093,0
87830,0
256576,0
39927,0
107843,0
188796,0
120520,0
167759,0
4349,0
257237,0
3412,0
172821,0
113707,0
56996,0
204523,0
215420,0
66009,0
69514,0
106722,0
152848,0
58172,0
10373,0
109888,0
189805,0
114620,0
170669,0
105649,0
108644,0
128641,0
203533,0
162814,0
96818,0
257089,0
23721,0
117721,0
230171,0
32481,0
239737,0
81435,0
252689,0
19456,0
113234,0
253917,0
162831,0
149748,0
20613,0
97024,0
160978,0
113291,0
149994,0
169308,0
14710,0
205571,0
80339,0
27367,0
169934,0
118366,0
52105,0
125578,0
234960,0
266565,0
263539,0
89469,0
130174,0
216148,0
211665,0
135469,0
83988,0
118145,0
111390,0
124165,0
55982,0
224615,0
193991,0
232673,0
228180,0
54856,0
191829,0
146938,0
34792,0
198339,0
168862,0
139031,0
161812,0
100874,0
78071,0
17898,0
208757,0
259819,0
78293,0
63679,0
7446,0
246621,0
98024,0
121516,0
260728,0
129520,0
205253,0
78222,0
265056,0
146205,0
209237,0
215962,0
7638,0
189857,0
20529,0
131606,0
146811,0
243638,0
57100,0
86759,0
229784,0
261882,0
236802,0
165678,0
112472,0
230803,0
89417,0
105358,0
218515,0
48722,0
57328,0
165171,0
65345,0
207822,0
106139,0
90419,0
117477,0
5609,0
56317,0
11710,0
145361,0
151962,0
52204,0
38455,0
259706,0
86463,0
72919,0
128958,0
212956,0
60863,0
73759,0
79126,0
237721,0
19236,0
98270,0
220059,0
31106,0
166720,0
217078,0
172262,0
252923,0
185613,0
232075,0
254506,0
242126,0
29766,0
20503,0
113482,0
139620,0
153201,0
130904,0
92846,0
203011,0
238936,0
209834,0
118744,0
197213,0
111796,0
47108,0
112577,0
69706,0
66122,0
82070,0
249113,0
27380,0
220324,0
135703,0
1009,0
220340,0
23623,0
242395,0
172928,0
128692,0
80150,0
16832,0
224722,0
247404,0
159544,0
134962,0
157805,0
40853,0
47827,0
24734,0
17988,0
31294,0
16156,0
67063,0
219600,0
244419,0
162655,0
114691,0
72470,0
257054,0
60018,0
230654,0
64136,0
47831,0
48490,0
141542,0
136366,0
254530,0
15884,0
153763,0
227165,0
126318,0
81111,0
241468,0
207293,0
145839,0
140634,0
254030,0
97310,0
129910,0
7670,0
77666,0
210579,0
2276,0
115449,0
63138,0
56114,0
232452,0
60340,0
96503,0
150292,0
130164,0
149154,0
262086,0
217508,0
75003,0
197329,0
214222,0
178635,0
162439,0
84714,0
94497,0
145506,0
23535,0
116599,0
251473,0
253800,0
251369,0
33032,0
262259,0
218864,0
241644,0
215331,0
24503,0
190644,0
62574,0
71484,0
246726,0
208128,0
103670,0
153076,0
33528,0
180508,0
216569,0
146537,0
18966,0
104061,0
84827,0
208506,0
116056,0
57681,0
117504,0
57347,0
54175,0
204860,0
79498,0
256145,0
95169,0
261080,0
137755,0
217073,0
114300,0
85787,0
178413,0
191065,0
71919,0
9270,0
61391,0
258267,0
140206,0
106404,0
49930,0
48334,0
131019,0
54083,0
10424,0
190640,0
118697,0
58687,0
144323,0
55671,0
177458,0
206829,0
35157,0
67088,0
59025,0
55194,0
168073,0
149963,0
236367,0
63345,0
186521,0
50656,0
143048,0
23807,0
188368,0
57155,0
108413,0
104013,0
58836,0
109199,0
28356,0
139452,0
250778,0
46376,0
168352,0
16771,0
79755,0
31113,0
201223,0
188875,0
40998,0
219067,0
200394,0
104018,0
242243,0
206187,0
6287,0
90217,0
110428,0
94239,0
261340,0
108831,0
236642,0
239045,0
101049,0
32610,0
111981,0
32756,0
195804,0
37939,0
27540,0
234890,0
119889,0
47039,0
255700,0
15612,0
462,0
123183,0
179607,0
212531,0
100901,0
150501,0
126360,0
89361,0
134087,0
131648,0
212731,0
118721,0
126435,0
155934,0
8229,0
226248,0
69839,0
7948,0
26161,0
122081,0
242652,0
216967,0
161528,0
13236,0
172129,0
15890,0
117021,0
109794,0
75229,0
20782,0
192201,0
195106,0
172371,0
122218,0
223029,0
195556,0
108052,0
86270,0
234824,0
253788,0
78488,0
238988,0
124011,0
208084,0
224700,0
34052,0
34499,0
200070,0
59901,0
214382,0
137261,0
151493,0
8926,0
90439,0
72276,0
240627,0
172759,0
249373,0
114852,0
167168,0
36379,0
183252,0
152647,0
114465,0
63219,0
72143,0
44866,0
260773,0
141096,0
189885,0
22270,0
89271,0
72818,0
22066,0
163129,0
88602,0
28065,0
39568,0
133578,0
131958,0
29404,0
185922,0
57141,0
211111,0
156535,0
67450,0
109155,0
21255,0
85986,0
2425,0
184764,0
76619,0
148884,0
149950,0
173627,0
173818,0
170687,0
186358,0
106285,0
138047,0
69229,0
80752,0
154956,0
212751,0
66247,0
26119,0
177657,0
211748,0
239811,0
197811,0
259331,0
77021,0
35281,0
248426,0
100642,0
476,0
108593,0
259716,0
85114,0
182981,0
7376,0
26808,0
171568,0
250507,0
245689,0
77474,0
69430,0
9751,0
174731,0
75409,0
73320,0
75749,0
103247,0
245143,0
99078,0
123242,0
154119,0
111729,0
75043,0
249591,0
133669,0
75195,0
224423,0
235658,0
265759,0
206945,0
163503,0
174448,0
151894,0
257804,0
118008,0
153627,0
222907,0
192814,0
222751,0
83413,0
22174,0
68982,0
121045,0
28057,0
8083,0
211189,0
62956,0
150755,0
251941,0
202792,0
53404,0
155831,0
220344,0
77118,0
153920,0
135795,0
212271,0
186702,0
205665,0
28932,0
41153,0
226007,0
116571,0
190585,0
127242,0
259322,0
94815,0
81756,0
258410,0
127407,0
56394,0
207272,0
54762,0
64333,0
85346,0
59483,0
192156,0
249033,0
163539,0
23917,0
88583,0
123488,0
75865,0
190660,0
187768,0
5740,0
130623,0
112849,0
117306,0
94576,0
20463,0
67453,0
43363,0
19835,0
8763,0
153372,0
194534,0
218641,0
255393,0
163451,0
201538,0
34111,0
56636,0
224921,0
210011,0
52618,0
215426,0
257232,0
194336,0
168999,0
168545,0
133511,0
155240,0
231846,0
156931,0
158568,0
179392,0
254827,0
95845,0
45998,0
196929,0
166740,0
48242,0
244168,0
149268,0
148998,0
122995,0
154386,0
31490,0
171593,0
228277,0
241771,0
88853,0
121793,0
127900,0
157633,0
86012,0
150607,0
12861,0
54158,0
120601,0
40989,0
39971,0
148312,0
101778,0
82891,0
59939,0
93316,0
261051,0
65641,0
261514,0
176187,0
131113,0
263354,0
266520,0
84463,0
132006,0
173028,0
190460,0
137669,0
89584,0
136041,0
139405,0
55358,0
176445,0
24220,0
84374,0
214735,0
30709,0
12833,0
19887,0
228140,0
240221,0
244494,0
13304,0
247727,0
124759,0
5014,0
257656,0
178061,0
2602,0
170483,0
192397,0
182054,0
212770,0
46642,0
175954,0
120915,0
91963,0
68598,0
80313,0
50118,0
163596,0
95241,0
115194,0
229220,0
255881,0
240430,0
163832,0
113013,0
215647,0
42199,0
50853,0
72561,0
92239,0
168837,0
242509,0
157077,0
78653,0
240691,0
138173,0
61993,0
100902,0
48582,0
129659,0
54870,0
148112,0
39168,0
47269,0
263091,0
140270,0
261742,0
185141,0
217004,0
240168,0
138016,0
79061,0
81996,0
166209,0
169055,0
223648,0
112050,0
129107,0
167869,0
223015,0
69098,0
69998,0
29895,0
192878,0
50039,0
34576,0
62386,0
4943,0
92811,0
88523,0
67464,0
61851,0
181327,0
195982,0
97238,0
32032,0
34998,0
75402,0
39159,0
159131,0
48324,0
257811,0
198228,0
89594,0
6884,0
89847,0
159411,0
159947,0
205104,0
157840,0
240599,0
78951,0
61076,0
142071,0
253100,0
76680,0
109793,0
109138,0
36192,0
91996,0
135263,0
11024,0
184308,0
44564,0
128669,0
52347,0
237265,0
141976,0
251651,0
105488,0
194746,0
203898,0
117145,0
91492,0
21622,0
233721,0
117773,0
145565,0
112507,0
70628,0
244751,0
52943,0
63638,0
101138,0
45732,0
83136,0
220347,0
2518,0
7827,0
183214,0
228802,0
136052,0
229605,0
19801,0
239955,0
204994,0
137282,0
140576,0
42797,0
55436,0
15915,0
142255,0
60436,0
166570,0
102544,0
261334,0
13125,0
162750,0
1895,0
205804,0
70282,0
167202,0
7410,0
22484,0
124569,0
120673,0
249562,0
198964,0
38619,0
10928,0
200356,0
6241,0
129832,0
85453,0
195109,0
79075,0
178633,0
154380,0
121997,0
239583,0
201905,0
250691,0
159519,0
8380,0
165431,0
14274,0
7741,0
74346,0
52184,0
157972,0
62088,0
7550,0
232459,0
123400,0
77630,0
256953,0
128263,0
101282,0
75138,0
204967,0
181642,0
187701,0
70963,0
6578,0
193558,0
125246,0
46986,0
249317,0
180446,0
195662,0
218771,0
17807,0
142961,0
65839,0
1403,0
249051,0
264158,0
146672,0
243709,0
61739,0
120835,0
63027,0
146092,0
197547,0
106648,0
98425,0
193469,0
214463,0
260610,0
35522,0
241242,0
232925,0
105935,0
190839,0
62048,0
26548,0
169665,0
228504,0
217695,0
2136,0
153674,0
139602,0
196399,0
22868,0
216989,0
38854,0
170562,0
67503,0
37136,0
25846,0
58386,0
181171,0
157816,0
262685,0
120980,0
190852,0
146133,0
160954,0
37707,0
64076,0
205347,0
105260,0
35722,0
176140,0
214992,0
57825,0
139109,0
143937,0
178907,0
2725,0
118412,0
253149,0
67906,0
14906,0
229608,0
201072,0
106743,0
152373,0
41570,0
230375,0
243442,0
27029,0
119684,0
201383,0
206732,0
181463,0
67629,0
79394,0
186806,0
193126,0
125637,0
117357,0
64512,0
166119,0
113792,0
149257,0
153796,0
29574,0
86792,0
57396,0
264078,0
183720,0
14967,0
82922,0
145104,0
146146,0
20950,0
15014,0
70456,0
49803,0
172317,0
70104,0
44861,0
221327,0
99491,0
12320,0
159575,0
126695,0
261169,0
131665,0
187090,0
110049,0
235184,0
72076,0
15875,0
182956,0
189648,0
220917,0
14750,0
64529,0
211920,0
3313,0
224536,0
15515,0
265407,0
64982,0
19664,0
32632,0
12066,0
263478,0
195888,0
266149,0
233966,0
158749,0
162303,0
75316,0
216264,0
5166,0
86793,0
106664,0
85760,0
243160,0
45574,0
128076,0
191526,0
222176,0
3101,0
2398,0
228377,0
212116,0
219245,0
262724,0
142845,0
32558,0
160114,0
226596,0
155795,0
146646,0
130284,0
103417,0
13512,0
226653,0
205060,0
110636,0
97424,0
195874,0
26178,0
124675,0
229045,0
167688,0
254846,0
197173,0
163458,0
93338,0
167288,0
114218,0
217328,0
57922,0
4030,0
168454,0
28785,0
15954,0
205540,0
155003,0
180800,0
167129,0
171689,0
77766,0
95855,0
261938,0
242267,0
261384,0
61726,0
20502,0
51632,0
3151,0
31736,0
77070,0
222598,0
249961,0
4872,0
97366,0
265746,0
79019,0
7457,0
36949,0
61784,0
173386,0
17554,0
246785,0
195014,0
94406,0
92957,0
182510,0
186539,0
134023,0
246616,0
107241,0
180075,0
40079,0
10875,0
24777,0
84047,0
224672,0
171391,0
205254,0
115375,0
261473,0
239936,0
182327,0
51643,0
188317,0
133718,0
91343,0
13381,0
29930,0
255342,0
41380,0
164020,0
71786,0
32308,0
168642,0
195582,0
159721,0
145895,0
39293,0
217216,0
138692,0
156367,0
34119,0
130828,0
15997,0
100430,0
36511,0
9865,0
261198,0
207056,0
265166,0
6756,0
116596,0
51170,0
166100,0
184279,0
214726,0
243153,0
183995,0
236371,0
215735,0
87649,0
180332,0
62451,0
8158,0
154208,0
206947,0
4139,0
190359,0
190848,0
209297,0
170410,0
76157,0
27131,0
23466,0
194407,0
105474,0
38256,0
237281,0
108734,0
190669,0
239563,0
191805,0
257933,0
25674,0
153284,0
769,0
180414,0
180529,0
221608,0
60325,0
205172,0
14569,0
178883,0
214943,0
164107,0
96300,0
36311,0
77296,0
256186,0
113047,0
221211,0
88797,0
55297,0
225658,0
1998,0
163426,0
86849,0
261701,0
251235,0
265231,0
102173,0
183043,0
109286,0
170264,0
24332,0
92682,0
126361,0
113770,0
37176,0
190404,0
221934,0
67240,0
17154,0
55679,0
199952,0
60373,0
123876,0
260425,0
129881,0
215496,0
116336,0
223849,0
184922,0
266371,0
40170,0
134067,0
74742,0
228666,0
173073,0
151299,0
15182,0
209177,0
70851,0
218548,0
93720,0
32114,0
247239,0
118465,0
112285,0
84692,0
211125,0
246556,0
161190,0
118376,0
135227,0
252852,0
128232,0
171492,0
155016,0
79686,0
33330,0
142781,0
52703,0
21475,0
162017,0
70098,0
139412,0
262079,0
158016,0
194765,0
99989,0
183882,0
10810,0
27360,0
124681,0
241739,0
111290,0
157090,0
264485,0
202993,0
55813,0
226380,0
23418,0
182100,0
209788,0
243699,0
128567,0
232844,0
132800,0
15356,0
77545,0
156191,0
188570,0
6235,0
239777,0
130887,0
196784,0
183796,0
177798,0
235336,0
133891,0
144805,0
121525,0
162830,0
17638,0
183437,0
121910,0
239620,0
166298,0
173892,0
126794,0
243904,0
74608,0
38325,0
68315,0
120597,0
85015,0
116163,0
179942,0
9082,0
28764,0
14917,0
97413,0
142316,0
7368,0
119292,0
126874,0
179045,0
143841,0
35362,0
187811,0
73046,0
115971,0
79056,0
263003,0
183888,0
101316,0
948,0
176916,0
18079,0
14486,0
250145,0
188596,0
214535,0
72140,0
247029,0
95441,0
135400,0
7462,0
180454,0
76461,0
252859,0
201193,0
225479,0
7932,0
90726,0
253804,0
25041,0
194776,0
146472,0
245233,0
225079,0
212150,0
33247,0
251429,0
192900,0
231579,0
46076,0
184989,0
171999,0
191654,0
89437,0
156424,0
246858,0
80799,0
246246,0
106475,0
143273,0
185755,0
32059,0
116675,0
205766,0
118636,0
245946,0
58405,0
193848,0
135887,0
33480,0
5300,0
263175,0
121335,0
230261,0
247635,0
258324,0
105703,0
255477,0
259707,0
259785,0
137390,0
249305,0
214234,0
237722,0
92895,0
173378,0
137562,0
201068,0
225138,0
36306,0
50837,0
52282,0
72264,0
163827,0
251320,0
256589,0
221530,0
122477,0
5261,0
27204,0
172257,0
2690,0
114614,0
169119,0
138208,0
101558,0
89626,0
209803,0
27583,0
49657,0
247843,0
66725,0
229035,0
22224,0
217544,0
248547,0
167213,0
175190,0
138195,0
152937,0
224013,0
110356,0
226700,0
25428,0
243922,0
77307,0
139541,0
255326,0
246034,0
191270,0
197784,0
109944,0
180809,0
162849,0
77226,0
72601,0
67220,0
209647,0
173633,0
206558,0
144925,0
134581,0
94716,0
141425,0
262114,0
119842,0
168914,0
195229,0
260967,0
168057,0
95913,0
134080,0
208862,0
110866,0
60760,0
47145,0
100607,0
173615,0
182913,0
41634,0
207246,0
214400,0
20501,0
260687,0
192760,0
23644,0
238050,0
40573,0
12904,0
241547,0
85494,0
16344,0
246505,0
17130,0
254990,0
216132,0
226002,0
238802,0
123767,0
230842,0
257183,0
170289,0
61514,0
212626,0
169401,0
6320,0
20386,0
61576,0
250392,0
98068,0
53857,0
105482,0
19221,0
183781,0
212711,0
82997,0
126280,0
18374,0
83942,0
127947,0
152681,0
153310,0
70802,0
99246,0
92506,0
253195,0
178277,0
58521,0
209756,0
57539,0
25299,0
56710,0
196483,0
25814,0
62366,0
106746,0
33469,0
133552,0
93658,0
82055,0
160302,0
43589,0
32223,0
50538,0
101867,0
1731,0
12910,0
192888,0
117139,0
1911,0
261556,0
154861,0
179764,0
246628,0
79553,0
113120,0
131630,0
200464,0
29451,0
137415,0
61321,0
73875,0
51861,0
12515,0
91159,0
191532,0
46674,0
62640,0
177977,0
255608,0
142467,0
87859,0
194333,0
127998,0
72970,0
87489,0
191333,0
34291,0
237547,0
258900,0
73326,0
135371,0
121674,0
265877,0
185327,0
94274,0
242584,0
264375,0
210742,0
235343,0
146511,0
5523,0
14475,0
88543,0
203986,0
98795,0
169713,0
226776,0
56373,0
17098,0
96063,0
30188,0
80416,0
63904,0
52505,0
219052,0
205237,0
202668,0
242237,0
197346,0
201105,0
136583,0
20651,0
84728,0
202713,0
8386,0
236937,0
73036,0
52590,0
239449,0
251642,0
82826,0
106871,0
181414,0
81798,0
10774,0
232617,0
137447,0
222497,0
54457,0
148393,0
42616,0
210002,0
11026,0
243870,0
61011,0
171732,0
113710,0
167558,0
240086,0
110005,0
50230,0
211655,0
15239,0
251272,0
75663,0
179974,0
80018,0
249111,0
60625,0
123476,0
56080,0
77779,0
204195,0
142222,0
125544,0
200936,0
178115,0
85895,0
75172,0
48484,0
82971,0
196349,0
46942,0
66469,0
174130,0
181747,0
239779,0
26264,0
37758,0
132714,0
207607,0
59818,0
39729,0
230196,0
84512,0
250533,0
245661,0
155699,0
153486,0
61294,0
30571,0
45189,0
228772,0
207504,0
129082,0
103043,0
122326,0
172742,0
81874,0
23055,0
258237,0
186776,0
38882,0
15573,0
192689,0
28836,0
137824,0
254201,0
136114,0
58225,0
104920,0
110563,0
16324,0
196664,0
29414,0
187906,0
167108,0
3409,0
90866,0
197454,0
148165,0
210037,0
18708,0
210868,0
97355,0
139107,0
101300,0
56150,0
40505,0
150809,0
161095,0
203359,0
123779,0
195212,0
154875,0
167468,0
70922,0
93373,0
96206,0
104060,0
80507,0
21388,0
221791,0
156585,0
9247,0
101450,0
76175,0
204511,0
140010,0
234255,0
116123,0
252453,0
216838,0
12252,0
189672,0
136692,0
187159,0
208282,0
84023,0
243005,0
69006,0
151434,0
42431,0
125047,0
160942,0
5501,0
145608,0
261869,0
101180,0
200998,0
145416,0
252359,0
36497,0
135416,0
200940,0
67881,0
36678,0
70721,0
99507,0
113437,0
54932,0
20533,0
166143,0
251070,0
157428,0
62869,0
164310,0
241608,0
100766,0
179664,0
100835,0
113893,0
111248,0
71022,0
186310,0
91044,0
201993,0
147654,0
124894,0
245858,0
91309,0
174240,0
13107,0
130622,0
144906,0
117605,0
202052,0
88280,0
150749,0
164848,0
162530,0
174144,0
224748,0
160998,0
232410,0
216233,0
206086,0
59600,0
62195,0
88569,0
156392,0
70128,0
177877,0
234579,0
8635,0
86035,0
57019,0
211494,0
41879,0
203193,0
64791,0
53947,0
57526,0
71264,0
169218,0
91060,0
210528,0
164184,0
8651,0
227964,0
130227,0
109390,0
42740,0
137369,0
52233,0
141968,0
220028,0
146926,0
246578,0
73881,0
80540,0
6392,0
117197,0
259552,0
112255,0
111295,0
75795,0
18824,0
32351,0
40194,0
125526,0
237362,0
127656,0
223211,0
60150,0
131960,0
160340,0
232758,0
153460,0
45521,0
182681,0
80129,0
117655,0
143267,0
183038,0
142109,0
233595,0
257014,0
245379,0
133294,0
33634,0
250267,0
74966,0
14091,0
175945,0
238127,0
27458,0
124234,0
111573,0
201090,0
84076,0
58490,0
57352,0
35620,0
176858,0
265678,0
102560,0
212084,0
60465,0
193147,0
47882,0
209504,0
166497,0
81036,0
244337,0
99932,0
234694,0
54408,0
211124,0
234368,0
160496,0
98075,0
80232,0
4570,0
24457,0
30874,0
30675,0
164491,0
200679,0
109608,0
146564,0
103191,0
128466,0
229643,0
54013,0
213388,0
78594,0
178514,0
147027,0
162596,0
190153,0
216266,0
219183,0
22282,0
219803,0
75568,0
201008,0
85101,0
153716,0
16501,0
261561,0
211235,0
130691,0
181862,0
60827,0
186281,0
82238,0
10546,0
177663,0
200544,0
218288,0
220920,0
202220,0
21752,0
138057,0
35795,0
238756,0
124947,0
205798,0
140096,0
90044,0
258134,0
183298,0
207591,0
245338,0
112363,0
80180,0
16704,0
91166,0
52075,0
81217,0
240164,0
265801,0
263283,0
57947,0
105478,0
93489,0
1781,0
173418,0
28096,0
213327,0
254369,0
120211,0
118762,0
40614,0
137224,0
40766,0
144946,0
37283,0
56366,0
152232,0
105229,0
54502,0
216112,0
199429,0
242197,0
48980,0
189667,0
113359,0
152390,0
101491,0
77939,0
197322,0
250584,0
51320,0
137997,0
219157,0
194895,0
31445,0
59367,0
237629,0
90369,0
132508,0
91381,0
178111,0
163123,0
135332,0
197579,0
174740,0
192289,0
34205,0
10019,0
133218,0
10659,0
156197,0
58056,0
206122,0
258479,0
83277,0
54567,0
208168,0
45874,0
226888,0
255959,0
96624,0
175388,0
170566,0
34415,0
92196,0
27835,0
86742,0
155588,0
240273,0
158288,0
201314,0
41368,0
110320,0
110533,0
142771,0
32952,0
205833,0
92404,0
221289,0
64553,0
137716,0
231233,0
213879,0
51007,0
255156,0
187178,0
138063,0
241434,0
184081,0
80946,0
57247,0
12362,0
225969,0
194179,0
105753,0
185247,0
190296,0
261191,0
214692,0
4517,0
163522,0
242499,0
180839,0
23008,0
183318,0
247688,0
7989,0
64132,0
256494,0
127719,0
61125,0
244744,0
205441,0
26397,0
185214,0
204443,0
205392,0
196102,0
252928,0
258318,0
79021,0
153768,0
228818,0
61778,0
105098,0
35976,0
58264,0
76658,0
189753,0
42733,0
107744,0
21503,0
105584,0
173945,0
262332,0
151974,0
237089,0
55016,0
257289,0
196151,0
63548,0
55158,0
63037,0
232876,0
207189,0
113935,0
108996,0
227601,0
51378,0
83322,0
99444,0
25767,0
64997,0
32241,0
62466,0
190227,0
207368,0
136760,0
44694,0
187107,0
107261,0
83653,0
56309,0
214780,0
134973,0
148290,0
245797,0
176188,0
121599,0
40592,0
208992,0
214460,0
162010,0
220162,0
112311,0
163134,0
190777,0
12429,0
21104,0
33693,0
11527,0
259275,0
126334,0
28602,0
82585,0
240569,0
183056,0
5652,0
155865,0
31959,0
242594,0
46238,0
97885,0
99495,0
69464,0
226256,0
207367,0
6403,0
62728,0
74537,0
83615,0
97014,0
176008,0
203472,0
129453,0
212936,0
211557,0
100959,0
61337,0
103609,0
175181,0
30329,0
152875,0
79965,0
236794,0
179537,0
82926,0
57781,0
237820,0
150049,0
77794,0
190267,0
264739,0
89027,0
139905,0
86630,0
149672,0
18258,0
48524,0
29403,0
6723,0
13877,0
233713,0
30393,0
253361,0
199354,0
197915,0
247131,0
244553,0
16793,0
133340,0
106136,0
149362,0
168067,0
60477,0
47531,0
28383,0
185236,0
32931,0
26578,0
127747,0
143518,0
28102,0
244985,0
52717,0
202611,0
103199,0
66303,0
42284,0
103097,0
217038,0
95620,0
43950,0
125886,0
11546,0
139839,0
230246,0
134141,0
137532,0
234145,0
234215,0
86789,0
246912,0
70294,0
146519,0
193312,0
103544,0
254887,0
244113,0
166294,0
252964,0
12287,0
99044,0
33850,0
171721,0
210328,0
235187,0
91203,0
65319,0
232697,0
247915,0
7646,0
4343,0
175949,0
72015,0
209900,0
32025,0
18243,0
24803,0
64937,0
237922,0
135512,0
115861,0
2780,0
198793,0
141195,0
64055,0
105872,0
115443,0
226906,0
255183,0
189237,0
39010,0
117137,0
191598,0
57517,0
205916,0
46184,0
158941,0
94302,0
73537,0
224664,0
128226,0
224273,0
224239,0
183339,0
2308,0
207908,0
5723,0
162783,0
29042,0
80022,0
133615,0
96130,0
173907,0
45278,0
59492,0
216708,0
80781,0
237077,0
130797,0
70770,0
253579,0
203077,0
251539,0
174143,0
150628,0
15878,0
112661,0
57310,0
42630,0
146287,0
240428,0
6190,0
143112,0
69997,0
44678,0
99488,0
30166,0
248681,0
139223,0
65927,0
29369,0
105876,0
58868,0
44551,0
48206,0
165831,0
7545,0
154884,0
19833,0
72628,0
30854,0
120975,0
183625,0
187089,0
95006,0
107053,0
6679,0
258481,0
231399,0
133800,0
251461,0
154314,0
14571,0
7918,0
117462,0
161780,0
9697,0
47150,0
25147,0
97167,0
205139,0
26987,0
149968,0
67020,0
253542,0
111614,0
44494,0
12420,0
153222,0
266139,0
85193,0
105636,0
224253,0
266226,0
258706,0
244086,0
212414,0
31085,0
81711,0
152400,0
151338,0
83030,0
175305,0
189339,0
119457,0
155979,0
201056,0
104135,0
99760,0
52626,0
150719,0
250736,0
43396,0
97130,0
209632,0
251156,0
140095,0
37340,0
140512,0
94764,0
212900,0
242939,0
56466,0
135031,0
123143,0
207828,0
217319,0
95970,0
141038,0
94320,0
129860,0
148213,0
40359,0
9918,0
27970,0
95358,0
27596,0
58519,0
197806,0
22009,0
204465,0
228240,0
35216,0
246687,0
235645,0
4466,0
234902,0
234912,0
56877,0
222051,0
107027,0
253993,0
144314,0
10811,0
27356,0
163782,0
123474,0
36912,0
84278,0
28288,0
75266,0
51694,0
1912,0
231167,0
19946,0
135414,0
119352,0
195444,0
198220,0
81003,0
118888,0
236187,0
133994,0
162795,0
256524,0
122926,0
168340,0
134061,0
119471,0
33548,0
76740,0
87835,0
165065,0
194202,0
126839,0
134172,0
41961,0
118846,0
246596,0
173457,0
126522,0
221448,0
103240,0
7372,0
68444,0
207435,0
40810,0
25607,0
146503,0
7430,0
155005,0
254331,0
147790,0
81764,0
130794,0
182552,0
47385,0
194644,0
190301,0
260149,0
18206,0
225803,0
33195,0
20821,0
109693,0
263319,0
37462,0
176237,0
247019,0
45963,0
58992,0
180552,0
84735,0
198991,0
231012,0
172988,0
46900,0
27882,0
171441,0
89337,0
3527,0
161547,0
73969,0
263050,0
4991,0
253603,0
68082,0
102135,0
253859,0
138053,0
60687,0
236175,0
81420,0
24954,0
148945,0
20300,0
191728,0
150667,0
141446,0
23362,0
158691,0
49784,0
243920,0
102408,0
42700,0
214333,0
107538,0
228419,0
192904,0
69465,0
143791,0
41564,0
55498,0
250663,0
33765,0
24994,0
214241,0
105845,0
225927,0
198784,0
212060,0
238719,0
82150,0
34183,0
40655,0
18859,0
5639,0
252330,0
227017,0
19968,0
233474,0
32455,0
40117,0
106593,0
173715,0
40016,0
57465,0
6338,0
154895,0
97375,0
14784,0
44978,0
149400,0
99267,0
246125,0
31885,0
228191,0
76587,0
235593,0
35961,0
256888,0
17477,0
16116,0
62474,0
62525,0
149412,0
6374,0
244709,0
160254,0
176148,0
232546,0
60564,0
134971,0
3487,0
11325,0
211458,0
262714,0
224715,0
144067,0
36431,0
114398,0
264126,0
175159,0
48122,0
158244,0
75437,0
203822,0
147437,0
55167,0
1096,0
242302,0
90495,0
186089,0
220197,0
257591,0
84427,0
67585,0
4201,0
177221,0
163074,0
101818,0
40711,0
60101,0
224520,0
61066,0
147026,0
6033,0
129398,0
102637,0
194968,0
67740,0
109609,0
74715,0
259405,0
258708,0
199508,0
39475,0
60195,0
94235,0
218705,0
77100,0
147100,0
82317,0
259630,0
209928,0
30249,0
80418,0
242097,0
23227,0
173833,0
74751,0
265627,0
36207,0
53312,0
171255,0
230574,0
22883,0
102906,0
95918,0
50386,0
4009,0
98763,0
215871,0
200662,0
99186,0
52425,0
39620,0
163268,0
148569,0
22799,0
177404,0
119853,0
266611,0
252404,0
213172,0
21454,0
18171,0
37953,0
236948,0
8778,0
207989,0
123223,0
266252,0
214850,0
216530,0
74738,0
144690,0
229712,0
121384,0
260508,0
136474,0
145300,0
223602,0
151315,0
74061,0
22751,0
48171,0
255362,0
229916,0
247028,0
93714,0
191567,0
55644,0
19850,0
195292,0
247503,0
1388,0
23006,0
142530,0
203347,0
134593,0
58308,0
179411,0
203639,0
93647,0
203857,0
52608,0
168499,0
98475,0
154873,0
247276,0
29017,0
10628,0
41835,0
55520,0
100264,0
149847,0
26168,0
6369,0
5875,0
212571,0
189759,0
242884,0
182009,0
102997,0
11094,0
127174,0
240338,0
44087,0
120590,0
107493,0
111097,0
230839,0
143415,0
142452,0
258894,0
158381,0
118559,0
98986,0
60819,0
71372,0
138456,0
136884,0
179692,0
86471,0
206424,0
171876,0
115571,0
197817,0
252968,0
80800,0
87271,0
55292,0
32001,0
70312,0
234935,0
227209,0
47267,0
205460,0
126803,0
58472,0
82918,0
115239,0
163301,0
177552,0
160097,0
110169,0
242229,0
82957,0
260494,0
70246,0
146238,0
104186,0
219366,0
1522,0
199026,0
27879,0
13455,0
69319,0
62865,0
260168,0
129338,0
44062,0
92240,0
233828,0
227200,0
177518,0
166985,0
194026,0
191839,0
161606,0
88988,0
172323,0
11757,0
141471,0
225011,0
174454,0
124849,0
225494,0
99201,0
53280,0
119986,0
61335,0
234648,0
32919,0
180530,0
152519,0
264261,0
187188,0
2796,0
108384,0
136309,0
239115,0
188560,0
233748,0
32204,0
105604,0
225140,0
186373,0
40241,0
255529,0
18412,0
143840,0
61918,0
204117,0
143959,0
92926,0
246950,0
132789,0
217687,0
111763,0
52,0
11049,0
220280,0
257446,0
161110,0
219180,0
94997,0
71189,0
87050,0
39919,0
67773,0
251721,0
141124,0
162793,0
32990,0
24974,0
92140,0
197533,0
262739,0
21251,0
80884,0
219382,0
24199,0
33910,0
234555,0
175007,0
191873,0
90194,0
151028,0
12929,0
214707,0
148352,0
247429,0
228618,0
149499,0
204905,0
15935,0
153934,0
22482,0
99352,0
266296,0
87535,0
197402,0
101191,0
85963,0
97419,0
251753,0
166164,0
190159,0
93151,0
163164,0
115965,0
240367,0
265691,0
202222,0
102698,0
62348,0
211394,0
165089,0
97824,0
167272,0
213889,0
76856,0
201263,0
180056,0
66375,0
135448,0
131735,0
82411,0
10520,0
244282,0
40916,0
106227,0
175993,0
157066,0
242789,0
190706,0
24372,0
220703,0
254021,0
245503,0
119702,0
85587,0
113067,0
48347,0
161079,0
74852,0
39215,0
2650,0
47075,0
103340,0
242067,0
186016,0
191380,0
139208,0
28976,0
128469,0
121268,0
3185,0
45472,0
30056,0
49550,0
27599,0
131393,0
80923,0
266261,0
255392,0
146854,0
73580,0
103788,0
7926,0
42635,0
5415,0
217149,0
43920,0
105786,0
56820,0
265640,0
208072,0
230265,0
90913,0
151763,0
132777,0
58646,0
57789,0
222955,0
244790,0
22056,0
265110,0
161718,0
180509,0
247753,0
262561,0
164690,0
238411,0
38632,0
196845,0
59896,0
28795,0
83536,0
166224,0
43956,0
152850,0
198424,0
100103,0
100692,0
55461,0
106603,0
189720,0
212409,0
43298,0
143663,0
143029,0
86998,0
188074,0
231395,0
211843,0
138376,0
234122,0
94674,0
132204,0
58419,0
14407,0
241705,0
245691,0
42151,0
123852,0
237924,0
15061,0
233301,0
242712,0
129990,0
183675,0
142258,0
254696,0
125629,0
113534,0
58344,0
245739,0
18452,0
232354,0
176406,0
142635,0
97637,0
54608,0
143445,0
152081,0
62917,0
153520,0
214246,0
110648,0
103683,0
117804,0
45069,0
191390,0
92540,0
1600,0
58061,0
204689,0
180224,0
102183,0
17526,0
257849,0
213381,0
221675,0
98954,0
69380,0
121180,0
221973,0
86240,0
206546,0
245930,0
162682,0
100285,0
97057,0
13745,0
171938,0
15130,0
151538,0
5331,0
254232,0
140177,0
121480,0
193913,0
107128,0
81527,0
149063,0
208960,0
131460,0
39671,0
69486,0
9560,0
215450,0
58230,0
195034,0
108343,0
153418,0
224100,0
135029,0
117164,0
37099,0
134809,0
228989,0
125579,0
93199,0
99423,0
39955,0
221902,0
93668,0
26731,0
158997,0
65864,0
109657,0
47242,0
161496,0
150445,0
23515,0
103391,0
228936,0
50757,0
122692,0
94300,0
203562,0
199706,0
16620,0
232521,0
255408,0
239272,0
125158,0
94149,0
175293,0
51210,0
24413,0
224519,0
68024,0
175318,0
25751,0
215393,0
89033,0
177524,0
161052,0
242106,0
31405,0
15759,0
200361,0
115387,0
237151,0
147620,0
50815,0
220624,0
28174,0
27012,0
51957,0
128296,0
90274,0
151748,0
16656,0
32107,0
200387,0
264295,0
254646,0
252966,0
64061,0
98433,0
183166,0
60242,0
121380,0
249358,0
175522,0
138422,0
128051,0
255955,0
27226,0
224036,0
261347,0
84524,0
181021,0
79027,0
131231,0
54321,0
193610,0
69956,0
56185,0
115609,0
70062,0
15979,0
35693,0
138336,0
209846,0
77847,0
181612,0
173694,0
253653,0
140524,0
60160,0
119481,0
66842,0
221646,0
15592,0
155480,0
40564,0
99120,0
238521,0
158272,0
90393,0
16827,0
21884,0
123761,0
128747,0
106761,0
143104,0
165552,0
26553,0
3174,0
129357,0
214782,0
126921,0
37442,0
44810,0
225858,0
64439,0
32531,0
202650,0
162768,0
100422,0
91382,0
148875,0
12286,0
233244,0
184850,0
177168,0
109734,0
198065,0
70573,0
257421,0
263615,0
166530,0
128807,0
242090,0
207480,0
15960,0
111391,0
142643,0
35618,0
129938,0
111538,0
213937,0
170718,0
56835,0
228210,0
229903,0
196979,0
131921,0
249550,0
88070,0
121439,0
51809,0
85164,0
136377,0
109970,0
125174,0
163201,0
200627,0
211825,0
216877,0
84507,0
228391,0
99954,0
137459,0
144257,0
232855,0
35132,0
86518,0
222925,0
51265,0
181503,0
66409,0
243127,0
68088,0
65389,0
2910,0
50400,0
1673,0
249409,0
127791,0
9344,0
56753,0
129772,0
172220,0
127977,0
166431,0
182261,0
115376,0
141144,0
83907,0
262010,0
136877,0
92479,0
107704,0
178698,0
166918,0
177428,0
143444,0
121909,0
206336,0
51698,0
221436,0
76098,0
149266,0
68431,0
121288,0
217294,0
250351,0
87513,0
125762,0
200840,0
53470,0
162172,0
23434,0
211472,0
15036,0
25783,0
221257,0
120662,0
114497,0
17828,0
96605,0
99634,0
47021,0
89224,0
211270,0
211923,0
6153,0
167138,0
116444,0
191337,0
136385,0
33979,0
192247,0
162286,0
237479,0
83539,0
123702,0
10709,0
60888,0
164881,0
72725,0
112055,0
124229,0
232961,0
17508,0
204492,0
224670,0
63412,0
19501,0
19327,0
157890,0
156945,0
102297,0
5377,0
72315,0
108521,0
41182,0
21453,0
56326,0
215991,0
239763,0
17220,0
14628,0
146067,0
105549,0
92115,0
240923,0
160386,0
77250,0
170159,0
136230,0
229523,0
232820,0
231263,0
252484,0
1242,0
230403,0
36895,0
18220,0
136171,0
230815,0
259008,0
40310,0
20186,0
261131,0
163651,0
190255,0
111048,0
49526,0
52769,0
144905,0
113602,0
206783,0
250002,0
208606,0
6188,0
37735,0
265033,0
109764,0
53150,0
130773,0
126007,0
215579,0
140749,0
104177,0
128406,0
187833,0
220553,0
105519,0
183131,0
208062,0
85635,0
17798,0
21331,0
239749,0
107549,0
256433,0
107281,0
6057,0
87851,0
173979,0
113400,0
264631,0
81385,0
20454,0
136868,0
197532,0
166585,0
126233,0
105724,0
177310,0
103280,0
67249,0
98072,0
92805,0
168374,0
227088,0
238962,0
169648,0
29440,0
215376,0
125570,0
85625,0
239891,0
174522,0
169014,0
168240,0
128162,0
198728,0
235962,0
132869,0
148415,0
109189,0
174709,0
37170,0
185382,0
256124,0
256152,0
99432,0
75931,0
114464,0
89539,0
121790,0
14799,0
248152,0
60744,0
217490,0
164870,0
252783,0
105350,0
85729,0
13625,0
168408,0
112235,0
56162,0
230757,0
4518,0
138161,0
60444,0
83216,0
125917,0
70406,0
16852,0
153377,0
49798,0
140035,0
222928,0
90873,0
173337,0
140061,0
191751,0
161274,0
67720,0
149252,0
23011,0
148430,0
253136,0
26368,0
128504,0
263167,0
190882,0
133123,0
24252,0
16921,0
134373,0
70010,0
57632,0
6822,0
31907,0
201066,0
28462,0
4014,0
190537,0
141391,0
253248,0
133896,0
172106,0
208433,0
13468,0
193261,0
151208,0
58431,0
19924,0
83181,0
167094,0
54129,0
263804,0
207166,0
113463,0
115784,0
130780,0
168228,0
109050,0
172707,0
41322,0
118297,0
190177,0
245172,0
97952,0
17536,0
94511,0
218438,0
159829,0
174132,0
138186,0
68726,0
216139,0
88023,0
179551,0
223545,0
109372,0
224853,0
201808,0
250577,0
165016,0
170757,0
66891,0
135255,0
109146,0
137758,0
33885,0
98569,0
238204,0
46916,0
108157,0
20795,0
149046,0
241653,0
145856,0
191468,0
58998,0
73670,0
65988,0
184310,0
206430,0
117187,0
187041,0
168773,0
216286,0
148211,0
147670,0
156214,0
230695,0
45957,0
91451,0
180412,0
104546,0
46357,0
172326,0
30000,0
62493,0
128821,0
256831,0
234640,0
181015,0
143067,0
194629,0
143850,0
170594,0
48105,0
249692,0
117377,0
184300,0
97716,0
255705,0
257384,0
213959,0
67269,0
212788,0
197100,0
226434,0
264110,0
109741,0
99385,0
266003,0
154281,0
135889,0
253971,0
265971,0
89576,0
1151,0
3686,0
238281,0
42117,0
180737,0
36176,0
168165,0
77837,0
176593,0
138786,0
21642,0
128822,0
6652,0
49882,0
157739,0
32277,0
43876,0
246429,0
216588,0
228556,0
66790,0
216158,0
182974,0
79695,0
161164,0
177564,0
7651,0
176549,0
155178,0
172178,0
235906,0
160061,0
106397,0
114241,0
250821,0
140563,0
238878,0
188359,0
46390,0
26802,0
206595,0
15715,0
7825,0
26472,0
72624,0
264706,0
96979,0
162295,0
140771,0
22365,0
138508,0
208946,0
265595,0
27647,0
185010,0
44347,0
150674,0
81457,0
44642,0
160522,0
156090,0
121182,0
138229,0
18949,0
32504,0
189670,0
173676,0
116178,0
17093,0
159809,0
2253,0
238929,0
48860,0
43402,0
180399,0
91089,0
128885,0
17209,0
137043,0
222162,0
231740,0
216541,0
31159,0
257822,0
236693,0
93089,0
255898,0
98184,0
167522,0
43464,0
265938,0
247211,0
159630,0
214477,0
215700,0
17879,0
212920,0
21828,0
58786,0
264820,0
206120,0
183091,0
67133,0
166179,0
52676,0
209705,0
211644,0
7879,0
122356,0
250840,0
183250,0
220047,0
233346,0
202416,0
107985,0
6132,0
69059,0
201063,0
86474,0
122939,0
242303,0
166084,0
213196,0
12499,0
22553,0
142525,0
118770,0
52423,0
3530,0
233791,0
40994,0
93460,0
212722,0
236548,0
52778,0
91493,0
1713,0
58626,0
15245,0
149538,0
199310,0
62465,0
10690,0
38413,0
31373,0
226905,0
252743,0
220956,0
42236,0
77225,0
24688,0
83580,0
205630,0
103041,0
221376,0
54213,0
264117,0
202885,0
239820,0
202662,0
78235,0
6706,0
171270,0
94950,0
113993,0
225815,0
65943,0
81227,0
223010,0
875,0
72145,0
56211,0
14551,0
194177,0
29069,0
763,0
61975,0
258474,0
55390,0
185646,0
34628,0
138749,0
140618,0
160897,0
244356,0
209786,0
33157,0
64677,0
129940,0
263314,0
111006,0
98851,0
103752,0
126915,0
20854,0
77256,0
192670,0
167799,0
151579,0
66040,0
112951,0
139189,0
145384,0
199583,0
89546,0
221129,0
125721,0
163106,0
6464,0
14255,0
175162,0
116619,0
119025,0
157128,0
238930,0
69307,0
39121,0
56727,0
60001,0
260231,0
31337,0
151143,0
116965,0
50704,0
204700,0
124949,0
120725,0
65195,0
48163,0
257404,0
146222,0
69893,0
106972,0
262920,0
144626,0
106051,0
82991,0
37249,0
213460,0
4424,0
94733,0
49344,0
242317,0
133727,0
86804,0
66359,0
144330,0
107291,0
56092,0
37703,0
79239,0
10710,0
120758,0
63559,0
161388,0
115822,0
200345,0
97559,0
238720,0
199655,0
17495,0
169296,0
70994,0
242887,0
77314,0
184213,0
95699,0
75918,0
213766,0
171439,0
43896,0
202122,0
179829,0
109633,0
113439,0
10414,0
55117,0
164003,0
172415,0
210153,0
20356,0
154217,0
254608,0
38735,0
195170,0
109782,0
32613,0
169720,0
263947,0
207789,0
164811,0
113796,0
57133,0
137379,0
159919,0
126187,0
35427,0
107866,0
227336,0
35117,0
218984,0
196130,0
92022,0
259700,0
172764,0
149512,0
163875,0
25189,0
239258,0
198272,0
108733,0
71362,0
105312,0
31324,0
152635,0
154661,0
84993,0
143664,0
262428,0
7266,0
119777,0
85154,0
228175,0
203804,0
132011,0
63847,0
211281,0
66131,0
64394,0
27622,0
70366,0
25112,0
153872,0
21966,0
243321,0
156550,0
255782,0
55325,0
251803,0
50015,0
72261,0
250319,0
241447,0
136205,0
65676,0
40665,0
40843,0
135120,0
97112,0
167931,0
10527,0
153432,0
48174,0
40474,0
155552,0
58263,0
180969,0
101569,0
124170,0
28280,0
49102,0
130314,0
102126,0
155416,0
254094,0
184503,0
59303,0
218501,0
221134,0
228964,0
87914,0
201878,0
240155,0
71855,0
186263,0
93931,0
111565,0
149224,0
209831,0
62789,0
155332,0
43751,0
161198,0
156069,0
96465,0
196458,0
257171,0
16510,0
38697,0
70691,0
155644,0
169432,0
119262,0
31380,0
254481,0
89384,0
255536,0
60539,0
148887,0
197488,0
101294,0
164556,0
111021,0
5987,0
47823,0
11244,0
120812,0
209254,0
125267,0
137325,0
258956,0
202754,0
119433,0
101476,0
146708,0
175019,0
121433,0
123598,0
34905,0
252317,0
185956,0
82401,0
168538,0
213842,0
108316,0
188723,0
153293,0
102781,0
248251,0
218217,0
60620,0
249973,0
204246,0
86303,0
21016,0
67845,0
93278,0
250139,0
109639,0
69040,0
184136,0
131080,0
150422,0
231994,0
10702,0
98256,0
263033,0
79702,0
226014,0
155199,0
264193,0
233292,0
164485,0
239228,0
8800,0
153403,0
63797,0
58832,0
35833,0
120319,0
194469,0
19220,0
35143,0
255572,0
206247,0
1849,0
142676,0
225288,0
252831,0
112502,0
214416,0
265203,0
192453,0
193455,0
258320,0
248976,0
192978,0
134464,0
101873,0
233612,0
18023,0
220960,0
231411,0
46188,0
16453,0
249040,0
265776,0
36890,0
231075,0
12269,0
257882,0
86253,0
186458,0
199454,0
149196,0
6370,0
45422,0
34676,0
64806,0
148026,0
155355,0
57772,0
186728,0
256316,0
197636,0
232825,0
250713,0
106469,0
259753,0
96026,0
63454,0
253575,0
185566,0
25456,0
163580,0
192647,0
204682,0
44795,0
18598,0
45689,0
147885,0
23078,0
100546,0
32407,0
148067,0
18874,0
210599,0
255770,0
207838,0
230376,0
50986,0
65355,0
63953,0
10259,0
231026,0
187274,0
181625,0
124625,0
4546,0
77915,0
46778,0
87773,0
248622,0
164404,0
185657,0
64202,0
103419,0
172443,0
198932,0
245619,0
117914,0
207785,0
149600,0
39290,0
78852,0
142754,0
107548,0
254013,0
220455,0
260321,0
249324,0
158930,0
108174,0
46283,0
58501,0
4486,0
195671,0
224008,0
103084,0
162891,0
107026,0
153960,0
143303,0
262657,0
113488,0
150412,0
152720,0
31966,0
86794,0
221238,0
183575,0
61818,0
220989,0
51365,0
93055,0
95696,0
221165,0
53151,0
136252,0
53922,0
184940,0
156573,0
223593,0
90318,0
201316,0
265055,0
94369,0
206121,0
227720,0
195105,0
10611,0
93777,0
91925,0
86361,0
43977,0
14963,0
234685,0
120760,0
232496,0
122229,0
165659,0
54981,0
168931,0
107850,0
225804,0
22954,0
248354,0
8193,0
139665,0
105588,0
202446,0
169443,0
111902,0
55424,0
7922,0
126710,0
72701,0
182045,0
126709,0
64869,0
251401,0
29589,0
82530,0
25706,0
158936,0
177639,0
182071,0
40777,0
107256,0
152869,0
253736,0
95986,0
97662,0
240046,0
96878,0
155066,0
261381,0
77659,0
243689,0
259809,0
175189,0
203635,0
39506,0
38805,0
106466,0
5704,0
105192,0
47391,0
161118,0
233998,0
213473,0
7177,0
208903,0
224465,0
55600,0
207510,0
71610,0
144039,0
142061,0
102362,0
142166,0
213348,0
41933,0
16162,0
215336,0
29200,0
188214,0
190753,0
61093,0
206495,0
139873,0
111034,0
58122,0
248981,0
233831,0
29047,0
4555,0
27606,0
64747,0
39954,0
209887,0
104904,0
42080,0
14880,0
77631,0
219947,0
256052,0
7425,0
160458,0
134350,0
135246,0
218562,0
234150,0
150361,0
161230,0
38793,0
27566,0
110312,0
89444,0
95207,0
129182,0
14116,0
232616,0
85548,0
111108,0
39202,0
194434,0
252333,0
193134,0
865,0
85264,0
221098,0
147936,0
66818,0
73623,0
161026,0
63189,0
5360,0
57260,0
201239,0
68702,0
248856,0
176686,0
141681,0
142379,0
50541,0
7086,0
38183,0
89467,0
70056,0
59394,0
33136,0
109142,0
163335,0
212640,0
125129,0
107665,0
70693,0
12736,0
118398,0
103162,0
77323,0
241948,0
147915,0
162972,0
216113,0
181178,0
34357,0
120503,0
31284,0
249680,0
21721,0
135066,0
24080,0
182654,0
180683,0
126326,0
17193,0
235921,0
18237,0
46126,0
200119,0
165130,0
131170,0
76499,0
192838,0
18135,0
224737,0
95050,0
10472,0
65108,0
243969,0
240250,0
32159,0
717,0
112967,0
189684,0
179499,0
158904,0
211116,0
90943,0
103687,0
89424,0
13347,0
7370,0
43482,0
140700,0
85706,0
203719,0
105108,0
109946,0
241205,0
61926,0
218964,0
18091,0
172004,0
232153,0
98263,0
139260,0
161487,0
120224,0
124440,0
96432,0
19325,0
259519,0
201270,0
233805,0
63692,0
158113,0
52977,0
154051,0
46949,0
63497,0
259059,0
22321,0
183737,0
48739,0
11037,0
194777,0
21596,0
264482,0
145431,0
170346,0
170494,0
40707,0
143964,0
229713,0
58647,0
161109,0
74809,0
19492,0
233344,0
198163,0
125913,0
217288,0
149868,0
145741,0
95052,0
74825,0
159099,0
216250,0
81076,0
48432,0
56060,0
25284,0
128017,0
259931,0
182828,0
4643,0
78281,0
218491,0
234632,0
254775,0
181368,0
198470,0
155466,0
192817,0
209872,0
48938,0
259196,0
128029,0
82895,0
221719,0
197798,0
24561,0
249218,0
3896,0
149147,0
194649,0
251111,0
257343,0
132347,0
18584,0
65437,0
258197,0
241084,0
184324,0
221232,0
164590,0
195985,0
18067,0
46875,0
178551,0
132685,0
135741,0
50112,0
4989,0
211541,0
204457,0
8927,0
208228,0
172676,0
181245,0
41976,0
197812,0
8992,0
23001,0
256057,0
174428,0
76556,0
228013,0
121382,0
222948,0
32135,0
35750,0
209709,0
129597,0
2907,0
30174,0
203132,0
161821,0
189503,0
3290,0
15433,0
6476,0
223846,0
11998,0
160337,0
55245,0
95698,0
143422,0
205667,0
27695,0
223183,0
257213,0
248147,0
178912,0
215104,0
244530,0
252738,0
15253,0
28110,0
59266,0
66172,0
212587,0
254344,0
21725,0
151787,0
54649,0
243246,0
218268,0
250482,0
56883,0
93230,0
259392,0
6863,0
156568,0
12196,0
146202,0
216239,0
186162,0
40440,0
31430,0
197268,0
188977,0
103616,0
157661,0
141547,0
116008,0
201355,0
45221,0
147572,0
55560,0
210787,0
125694,0
215734,0
262324,0
79162,0
20653,0
139343,0
101926,0
264444,0
71711,0
156952,0
21006,0
132445,0
128459,0
39037,0
163729,0
180391,0
69516,0
21625,0
64289,0
114843,0
95710,0
172136,0
53617,0
57069,0
81539,0
79585,0
64249,0
255935,0
263376,0
250827,0
140460,0
247853,0
182856,0
167804,0
218804,0
158417,0
143431,0
132904,0
6839,0
236052,0
108677,0
61426,0
60746,0
56235,0
34319,0
263393,0
112804,0
241792,0
29203,0
22709,0
187769,0
26196,0
228401,0
42287,0
27374,0
232132,0
225089,0
217546,0
29063,0
167661,0
62398,0
170592,0
24872,0
66745,0
180587,0
40166,0
256236,0
31153,0
18528,0
154028,0
159831,0
71737,0
135383,0
184767,0
227702,0
244914,0
108975,0
208126,0
228238,0
163960,0
28453,0
206496,0
105304,0
50903,0
121678,0
57662,0
146590,0
159159,0
157680,0
255662,0
35486,0
28826,0
88827,0
816,0
25455,0
96891,0
132745,0
16680,0
58680,0
233534,0
152431,0
222393,0
49263,0
11354,0
26328,0
262062,0
217945,0
142646,0
144746,0
148360,0
210816,0
12795,0
127975,0
235155,0
38679,0
156783,0
10605,0
173613,0
21603,0
103294,0
7048,0
265733,0
250904,0
147760,0
198946,0
220863,0
52183,0
229156,0
30503,0
37733,0
96001,0
59296,0
177873,0
246947,0
94533,0
169160,0
180719,0
102505,0
186209,0
262195,0
162787,0
232332,0
102275,0
28279,0
62710,0
97444,0
87948,0
128711,0
257935,0
185350,0
219135,0
122804,0
111652,0
70390,0
35356,0
257773,0
211974,0
65555,0
226472,0
62027,0
25533,0
81538,0
185534,0
255918,0
40973,0
189952,0
162333,0
54800,0
22120,0
90717,0
94884,0
114804,0
181751,0
35314,0
22993,0
206156,0
171012,0
4058,0
51311,0
208703,0
82650,0
243457,0
164719,0
154907,0
57015,0
17657,0
14380,0
36201,0
8646,0
7623,0
80424,0
118758,0
150763,0
132489,0
200938,0
166890,0
132422,0
77040,0
262423,0
213623,0
212863,0
4573,0
138117,0
266167,0
19811,0
6561,0
184181,0
33954,0
260742,0
235800,0
8693,0
131536,0
129089,0
35372,0
166765,0
198518,0
44940,0
142333,0
233238,0
31672,0
8256,0
22159,0
119136,0
29164,0
156231,0
170559,0
63073,0
177210,0
206911,0
134708,0
21854,0
132249,0
14930,0
238331,0
243818,0
67839,0
246685,0
191981,0
70188,0
121496,0
203125,0
93672,0
46330,0
75105,0
204012,0
73052,0
211215,0
240490,0
35359,0
228870,0
253042,0
75045,0
246700,0
38087,0
121447,0
133510,0
65010,0
64481,0
83889,0
186182,0
21551,0
201935,0
9770,0
21121,0
209896,0
223978,0
205223,0
260442,0
88549,0
61314,0
66081,0
90731,0
159629,0
16049,0
186189,0
163440,0
157734,0
38799,0
134788,0
188234,0
80307,0
220249,0
169998,0
146620,0
115813,0
158832,0
254729,0
263772,0
259413,0
215825,0
203423,0
146227,0
93637,0
129904,0
26588,0
182993,0
252503,0
196861,0
69911,0
90169,0
22961,0
100036,0
254896,0
94002,0
99516,0
96966,0
75222,0
146549,0
242028,0
58705,0
180156,0
36871,0
58888,0
135130,0
149664,0
64448,0
154150,0
186656,0
200121,0
185998,0
108490,0
80599,0
209800,0
94656,0
161775,0
98921,0
202382,0
61503,0
124718,0
167061,0
86388,0
244116,0
207399,0
160213,0
39219,0
82752,0
124497,0
70597,0
94310,0
103341,0
5340,0
114902,0
263817,0
181994,0
145225,0
97719,0
204770,0
245045,0
55007,0
209976,0
161968,0
201954,0
161454,0
179409,0
30397,0
150712,0
266635,0
239673,0
50072,0
195144,0
238116,0
184017,0
77532,0
177973,0
123889,0
26345,0
247921,0
5852,0
36668,0
231276,0
51094,0
107157,0
115860,0
227103,0
196432,0
95499,0
150178,0
48262,0
23904,0
11306,0
6218,0
44526,0
169258,0
144333,0
208235,0
117633,0
6722,0
128522,0
14515,0
177784,0
199049,0
154276,0
238660,0
56605,0
108053,0
174292,0
181207,0
110587,0
35387,0
157404,0
58507,0
235412,0
69934,0
66648,0
152120,0
61056,0
189618,0
63458,0
141027,0
175985,0
39366,0
68057,0
125095,0
226166,0
254721,0
42142,0
214993,0
45781,0
12391,0
234876,0
233017,0
63068,0
161742,0
263901,0
26017,0
97278,0
190851,0
71173,0
7245,0
72465,0
93445,0
224985,0
236202,0
61033,0
73427,0
22603,0
164078,0
156926,0
5900,0
197774,0
42629,0
233651,0
135367,0
204998,0
38261,0
87081,0
108186,0
167245,0
129722,0
104849,0
232967,0
225127,0
123648,0
2181,0
95235,0
74168,0
137919,0
81139,0
108508,0
240645,0
67270,0
149211,0
213013,0
264064,0
110517,0
197072,0
263866,0
62152,0
257142,0
145764,0
57508,0
192425,0
257972,0
80444,0
233592,0
48345,0
94578,0
40623,0
172948,0
31584,0
208930,0
263699,0
77587,0
200042,0
9418,0
134647,0
30529,0
5553,0
218393,0
93453,0
173216,0
202634,0
110441,0
54998,0
40719,0
239105,0
31042,0
91670,0
17486,0
180828,0
99909,0
66005,0
72927,0
117929,0
27919,0
64362,0
154252,0
224691,0
144982,0
187585,0
114503,0
177496,0
135825,0
95374,0
196789,0
222869,0
63409,0
82637,0
14427,0
3650,0
174655,0
44603,0
41885,0
111970,0
105722,0
167521,0
122142,0
179293,0
45664,0
221541,0
2312,0
93184,0
241701,0
153502,0
128563,0
100762,0
22451,0
27667,0
129789,0
111074,0
2678,0
124629,0
208193,0
54406,0
39102,0
13506,0
222575,0
180268,0
108398,0
177372,0
238125,0
200546,0
95573,0
265967,0
73109,0
102996,0
206507,0
97109,0
18000,0
157333,0
58459,0
173208,0
12156,0
206039,0
61969,0
235480,0
126954,0
191389,0
129978,0
168172,0
133980,0
219204,0
135422,0
249294,0
20309,0
99581,0
146476,0
111752,0
76478,0
24704,0
23531,0
36566,0
104179,0
215095,0
73715,0
248601,0
4558,0
79006,0
133138,0
58899,0
82119,0
164560,0
150538,0
49063,0
151958,0
137641,0
193369,0
146711,0
112638,0
259906,0
57081,0
77479,0
108353,0
94131,0
81811,0
243394,0
40870,0
36998,0
144238,0
77349,0
22726,0
219769,0
236830,0
70365,0
128286,0
181101,0
95650,0
139549,0
101105,0
166024,0
210108,0
2005,0
183930,0
12345,0
120354,0
69228,0
239098,0
143532,0
31662,0
228829,0
135475,0
77354,0
233960,0
130135,0
167192,0
250432,0
157976,0
19131,0
41805,0
13747,0
102163,0
38372,0
189839,0
42231,0
249477,0
23705,0
259546,0
163537,0
37779,0
110075,0
201702,0
217136,0
82060,0
104902,0
254225,0
103235,0
91125,0
238687,0
70481,0
193546,0
47042,0
157548,0
250085,0
198046,0
163079,0
144060,0
107801,0
73996,0
107853,0
194052,0
97625,0
20270,0
192571,0
28594,0
215971,0
42327,0
52846,0
184956,0
110245,0
107683,0
156687,0
114117,0
212889,0
108533,0
147488,0
114880,0
93423,0
260888,0
1947,0
235276,0
121524,0
123367,0
31067,0
157528,0
55945,0
258570,0
111030,0
85454,0
219333,0
195678,0
162358,0
215782,0
143665,0
13695,0
54317,0
14468,0
81577,0
219736,0
175517,0
186855,0
21781,0
214103,0
101963,0
115133,0
232762,0
127969,0
73700,0
37293,0
173428,0
252315,0
181936,0
9209,0
173645,0
82358,0
45329,0
211600,0
202233,0
95630,0
73583,0
233357,0
79324,0
126898,0
185102,0
101271,0
60719,0
67378,0
209388,0
197860,0
239153,0
250129,0
146266,0
263904,0
132103,0
251222,0
218856,0
41901,0
15737,0
55957,0
184802,0
134309,0
90511,0
178132,0
115540,0
126105,0
56667,0
164588,0
40851,0
53603,0
9078,0
124756,0
192101,0
49401,0
114277,0
155158,0
24410,0
117245,0
229910,0
28318,0
248960,0
105813,0
116339,0
149788,0
59566,0
44514,0
8974,0
75644,0
248728,0
264633,0
55089,0
185632,0
61357,0
3085,0
36396,0
171473,0
100689,0
62024,0
206720,0
154348,0
11947,0
55445,0
53583,0
31145,0
160277,0
258524,0
50622,0
38472,0
24563,0
200201,0
48378,0
216574,0
17420,0
4563,0
93529,0
55815,0
61232,0
77752,0
101372,0
64702,0
30346,0
170868,0
20506,0
114828,0
209702,0
21455,0
20551,0
24608,0
237614,0
97376,0
116688,0
82454,0
43781,0
162390,0
24676,0
91457,0
22713,0
218130,0
35959,0
82227,0
163649,0
12284,0
202902,0
144263,0
124247,0
79806,0
189833,0
236539,0
264079,0
193530,0
81495,0
33582,0
117141,0
103480,0
143168,0
5079,0
155938,0
148575,0
131917,0
81258,0
212305,0
11733,0
74239,0
41518,0
104398,0
85269,0
167786,0
218084,0
68807,0
10367,0
134733,0
153483,0
111313,0
143807,0
266146,0
226456,0
186996,0
21687,0
163673,0
20415,0
164234,0
35244,0
234631,0
23965,0
35375,0
108826,0
118514,0
242508,0
82386,0
92974,0
4005,0
73756,0
172797,0
126506,0
34896,0
219669,0
136223,0
216819,0
35279,0
254304,0
60857,0
223653,0
204060,0
98185,0
247326,0
226719,0
214561,0
87941,0
68526,0
168915,0
211981,0
54823,0
110762,0
31574,0
251200,0
66699,0
34733,0
109229,0
173167,0
37851,0
84747,0
50384,0
55564,0
256037,0
215785,0
62769,0
156499,0
54399,0
188271,0
46334,0
235053,0
190994,0
99934,0
158412,0
261526,0
183498,0
84024,0
115817,0
207284,0
207434,0
127735,0
96884,0
51093,0
134445,0
34722,0
137175,0
235620,0
116242,0
226068,0
76394,0
14028,0
223926,0
25343,0
226617,0
160667,0
179901,0
175271,0
211022,0
85232,0
80958,0
181360,0
91706,0
182917,0
57008,0
178877,0
193240,0
216734,0
167910,0
23451,0
247124,0
109685,0
230580,0
30036,0
34004,0
166852,0
155840,0
96671,0
6853,0
152225,0
231913,0
100425,0
117113,0
155203,0
18156,0
129744,0
115006,0
62124,0
41103,0
81676,0
11674,0
121598,0
198750,0
48097,0
157850,0
41690,0
180799,0
21883,0
59973,0
58222,0
72410,0
157398,0
265568,0
222889,0
167333,0
55962,0
32724,0
64208,0
186698,0
265486,0
41706,0
213658,0
228909,0
102141,0
112623,0
43388,0
110968,0
157544,0
175284,0
165202,0
130791,0
187004,0
214021,0
91361,0
51767,0
115059,0
187497,0
195639,0
24705,0
186999,0
128288,0
170882,0
203486,0
144890,0
173755,0
188379,0
67402,0
161055,0
77952,0
175781,0
162589,0
42031,0
128022,0
191985,0
206171,0
43744,0
224124,0
117289,0
84523,0
242971,0
40908,0
231453,0
52431,0
108973,0
263203,0
131277,0
243464,0
196498,0
102688,0
250310,0
71079,0
227713,0
211233,0
127489,0
180599,0
123068,0
1284,0
158253,0
130726,0
35817,0
18482,0
46732,0
243885,0
50257,0
72316,0
62658,0
70902,0
137237,0
145825,0
53014,0
156611,0
258726,0
35202,0
151874,0
164880,0
44563,0
180613,0
197676,0
189551,0
127708,0
256302,0
92835,0
109940,0
67237,0
59546,0
164037,0
14369,0
186067,0
62904,0
247805,0
29818,0
126708,0
217821,0
29523,0
73862,0
61339,0
78025,0
146967,0
16372,0
63243,0
263519,0
120464,0
24534,0
40052,0
156420,0
108364,0
63440,0
148096,0
149489,0
265512,0
180317,0
136215,0
265356,0
235272,0
66502,0
213376,0
144369,0
69749,0
91810,0
169849,0
65297,0
129212,0
191472,0
225526,0
126348,0
114767,0
42706,0
154396,0
221871,0
9504,0
164405,0
72382,0
112904,0
256304,0
144258,0
27442,0
145138,0
248535,0
83195,0
19031,0
117491,0
42239,0
178264,0
25163,0
95333,0
7665,0
259050,0
87619,0
57980,0
265740,0
176108,0
64727,0
173752,0
128066,0
179935,0
124208,0
65102,0
94087,0
215037,0
95142,0
234682,0
201695,0
159663,0
47092,0
125884,0
100641,0
207559,0
69169,0
127204,0
118592,0
145458,0
164200,0
84500,0
122236,0
68685,0
8617,0
161518,0
83437,0
131410,0
110340,0
160333,0
158741,0
169399,0
141979,0
255611,0
74992,0
200124,0
137585,0
207102,0
248192,0
129456,0
73571,0
38328,0
249548,0
228528,0
193929,0
77347,0
255099,0
104713,0
103641,0
253151,0
187109,0
213329,0
43621,0
37521,0
155956,0
240519,0
10822,0
190403,0
120991,0
107764,0
36005,0
252361,0
37075,0
42415,0
42558,0
136923,0
61562,0
119409,0
90672,0
85430,0
170844,0
3075,0
74100,0
48496,0
246745,0
225121,0
4205,0
8424,0
12133,0
154457,0
78894,0
164125,0
247207,0
259783,0
1872,0
234496,0
171814,0
191246,0
69310,0
161667,0
99367,0
113815,0
238954,0
97715,0
79617,0
101655,0
73435,0
109696,0
100895,0
187874,0
188109,0
74276,0
74799,0
199806,0
223458,0
119105,0
109640,0
198727,0
219580,0
101675,0
220058,0
96900,0
20294,0
171275,0
67155,0
208894,0
105821,0
184603,0
20864,0
200669,0
159427,0
6354,0
235418,0
91747,0
137300,0
123663,0
208967,0
225627,0
51294,0
71897,0
60734,0
169528,0
83149,0
240336,0
25756,0
183272,0
23317,0
64947,0
66966,0
90582,0
266385,0
64286,0
90348,0
227030,0
102321,0
175222,0
144713,0
210152,0
245205,0
167498,0
163792,0
10946,0
152640,0
186343,0
60513,0
165660,0
235675,0
87702,0
105227,0
33760,0
24879,0
116986,0
205411,0
124837,0
241552,0
35462,0
178123,0
158515,0
171343,0
165970,0
68010,0
135000,0
51969,0
218069,0
160281,0
166746,0
237360,0
258645,0
58578,0
37389,0
238912,0
143387,0
84590,0
84405,0
164920,0
251189,0
210178,0
211440,0
126472,0
208356,0
197219,0
157233,0
260837,0
179641,0
69450,0
206101,0
79521,0
21275,0
56064,0
71309,0
158894,0
205977,0
130932,0
253021,0
254091,0
84525,0
59921,0
262537,0
174,0
182463,0
197711,0
164429,0
201194,0
212625,0
57888,0
225394,0
116013,0
80614,0
156278,0
187272,0
137879,0
249049,0
232159,0
15778,0
199781,0
60592,0
92517,0
239377,0
203140,0
6469,0
231025,0
10394,0
59485,0
145848,0
127824,0
28466,0
92474,0
151673,0
15808,0
200689,0
217571,0
60092,0
96428,0
67310,0
40000,0
81972,0
16931,0
253008,0
137547,0
216913,0
159865,0
261934,0
6614,0
207675,0
131176,0
27197,0
178699,0
208500,0
3381,0
73220,0
158480,0
17856,0
188800,0
120702,0
158366,0
229768,0
169503,0
1618,0
180950,0
49085,0
223774,0
3753,0
199979,0
262659,0
57568,0
225881,0
124359,0
66394,0
174562,0
66586,0
11932,0
81528,0
131653,0
152222,0
94069,0
77989,0
249155,0
217403,0
235378,0
117371,0
87528,0
36972,0
111028,0
97708,0
57733,0
210221,0
32260,0
243719,0
200375,0
217647,0
233077,0
7734,0
192340,0
233885,0
236773,0
71891,0
107573,0
176020,0
252516,0
253518,0
108670,0
216991,0
41085,0
235602,0
97506,0
28999,0
200090,0
76857,0
170429,0
170955,0
169557,0
50164,0
213681,0
257319,0
206150,0
58669,0
234445,0
26480,0
197490,0
19473,0
23023,0
34387,0
187320,0
20602,0
197696,0
253121,0
199172,0
266014,0
259601,0
247572,0
160420,0
33808,0
265836,0
242132,0
127633,0
121702,0
231123,0
162608,0
16893,0
171019,0
156642,0
179076,0
62099,0
195866,0
140548,0
73482,0
174355,0
250067,0
235407,0
191291,0
71250,0
218855,0
119762,0
152532,0
6560,0
227196,0
34045,0
240207,0
260770,0
73456,0
85899,0
160425,0
119274,0
128831,0
108166,0
257080,0
12028,0
257306,0
19637,0
43745,0
35329,0
80000,0
192223,0
140121,0
226780,0
13518,0
54343,0
213332,0
80425,0
86293,0
182007,0
211292,0
23289,0
229595,0
262782,0
252878,0
43692,0
246292,0
101863,0
216227,0
131849,0
206457,0
209727,0
117191,0
79923,0
181860,0
139327,0
204936,0
1357,0
176424,0
194363,0
8798,0
71445,0
72704,0
37193,0
98034,0
152948,0
98157,0
155174,0
87582,0
52740,0
70127,0
198206,0
42639,0
180645,0
212336,0
33750,0
148859,0
183126,0
138156,0
183841,0
63007,0
110415,0
46435,0
36579,0
252936,0
70255,0
257400,0
116026,0
186694,0
97510,0
7846,0
191991,0
77449,0
73390,0
257212,0
150783,0
135210,0
248386,0
129320,0
175298,0
11125,0
128262,0
14266,0
195569,0
149918,0
30536,0
211621,0
227825,0
230247,0
238477,0
232819,0
263690,0
102754,0
164196,0
93994,0
22718,0
147803,0
22023,0
55746,0
263698,0
26468,0
4440,0
44104,0
28340,0
200058,0
257409,0
121622,0
19184,0
41896,0
106573,0
138845,0
249633,0
245330,0
12527,0
131554,0
58617,0
38153,0
10014,0
261962,0
121312,0
121130,0
2727,0
125902,0
9351,0
156892,0
135426,0
113647,0
78290,0
153862,0
22269,0
42061,0
183304,0
2656,0
177171,0
249826,0
235684,0
83421,0
243829,0
226609,0
123194,0
2387,0
184145,0
161133,0
61038,0
133829,0
107832,0
169789,0
227326,0
262474,0
65112,0
123291,0
6923,0
25306,0
21953,0
28888,0
167682,0
188524,0
156422,0
91340,0
156532,0
85981,0
126316,0
254995,0
245106,0
262088,0
69518,0
150779,0
60655,0
36324,0
179687,0
143319,0
57479,0
223530,0
97158,0
256534,0
266087,0
18248,0
150510,0
248824,0
146493,0
216118,0
208140,0
147740,0
56395,0
154476,0
183989,0
174490,0
187110,0
213235,0
2451,0
160980,0
265840,0
104148,0
34161,0
160038,0
204835,0
242794,0
212577,0
60104,0
137338,0
214481,0
30479,0
238914,0
51269,0
82540,0
107717,0
18423,0
108899,0
209718,0
220337,0
172758,0
50234,0
228490,0
195691,0
78372,0
38397,0
35364,0
154655,0
266156,0
90449,0
185705,0
141395,0
46427,0
180643,0
160293,0
85393,0
143094,0
30938,0
236712,0
122846,0
52852,0
60375,0
259450,0
225651,0
199566,0
238501,0
55834,0
131926,0
90173,0
252409,0
145301,0
205471,0
201498,0
60252,0
196285,0
233863,0
10916,0
812,0
101414,0
120405,0
238771,0
162020,0
103287,0
167151,0
153865,0
22957,0
85641,0
32906,0
25506,0
263504,0
205676,0
11397,0
136832,0
105800,0
26326,0
65809,0
35316,0
248127,0
175801,0
61730,0
154337,0
52648,0
200501,0
148014,0
24665,0
197909,0
76237,0
51275,0
76430,0
170829,0
82004,0
16933,0
192412,0
39648,0
181916,0
128118,0
205464,0
160530,0
30413,0
230816,0
79148,0
25165,0
162056,0
35926,0
132674,0
47528,0
59549,0
132781,0
182643,0
8980,0
119969,0
148396,0
157281,0
42742,0
249570,0
222738,0
144350,0
200735,0
109958,0
109251,0
173958,0
109001,0
252824,0
213363,0
28728,0
8696,0
88032,0
66694,0
204974,0
140403,0
179589,0
10110,0
193619,0
48622,0
231313,0
170595,0
116650,0
133580,0
48205,0
202209,0
62993,0
24202,0
99199,0
60961,0
217275,0
52241,0
187311,0
89835,0
44296,0
17895,0
200758,0
202168,0
22973,0
121061,0
108736,0
221733,0
251197,0
139599,0
232111,0
47606,0
139253,0
57490,0
212433,0
13289,0
123151,0
14477,0
22387,0
27193,0
223514,0
203287,0
236417,0
44855,0
172833,0
226426,0
209400,0
123295,0
63669,0
200519,0
179053,0
76374,0
165003,0
49080,0
250179,0
164655,0
173161,0
149333,0
255659,0
140142,0
207248,0
81312,0
152772,0
164075,0
106941,0
258155,0
230153,0
94086,0
180632,0
194039,0
192463,0
14707,0
76972,0
218881,0
6604,0
214244,0
33995,0
175577,0
201073,0
124615,0
44367,0
217925,0
48094,0
240559,0
39222,0
39137,0
112429,0
8077,0
51459,0
114992,0
60275,0
84055,0
106518,0
235729,0
238168,0
195611,0
35657,0
171239,0
242736,0
174174,0
94566,0
112998,0
66859,0
13377,0
230339,0
221212,0
212808,0
140860,0
255294,0
133155,0
179678,0
107087,0
127855,0
259436,0
54190,0
83844,0
247295,0
76068,0
189389,0
217271,0
99206,0
142128,0
118196,0
206025,0
261452,0
223112,0
189382,0
261180,0
81340,0
145101,0
85542,0
94860,0
251480,0
122175,0
21041,0
134477,0
45589,0
206131,0
260875,0
260521,0
29617,0
250553,0
224245,0
71856,0
233880,0
126462,0
172657,0
43658,0
238211,0
257459,0
238024,0
14257,0
93662,0
62780,0
4662,0
27223,0
160558,0
249108,0
184966,0
138235,0
202295,0
59605,0
216052,0
25321,0
82657,0
183873,0
131657,0
165845,0
17179,0
205160,0
165383,0
196597,0
50312,0
53907,0
27582,0
87744,0
109326,0
169544,0
251181,0
207138,0
190787,0
5051,0
157726,0
83240,0
87410,0
8630,0
4244,0
138292,0
49766,0
230745,0
54970,0
212437,0
240473,0
247473,0
47106,0
38033,0
133436,0
11559,0
246921,0
44763,0
96114,0
91099,0
34367,0
1051,0
260139,0
222859,0
133208,0
71065,0
63596,0
524,0
9517,0
37464,0
81237,0
32530,0
251519,0
231770,0
53498,0
2146,0
47857,0
137571,0
146009,0
5504,0
72225,0
60134,0
6301,0
64967,0
1458,0
205503,0
159684,0
4356,0
244990,0
46396,0
79420,0
91756,0
35930,0
208743,0
168770,0
226729,0
37846,0
3524,0
156014,0
171152,0
231229,0
185088,0
82704,0
174469,0
147887,0
121712,0
165478,0
183768,0
184766,0
159603,0
137873,0
219093,0
222832,0
148891,0
146567,0
266201,0
182834,0
246299,0
186357,0
108797,0
160786,0
104982,0
39846,0
147816,0
82935,0
228066,0
80165,0
67781,0
54111,0
264743,0
8692,0
43384,0
170969,0
11158,0
87646,0
214609,0
55147,0
142940,0
101364,0
119338,0
78253,0
52529,0
49163,0
95145,0
120635,0
238214,0
224677,0
140224,0
170745,0
70247,0
174118,0
37076,0
251037,0
218886,0
196839,0
120142,0
98664,0
10192,0
205158,0
19829,0
202630,0
202633,0
195650,0
214141,0
165871,0
156881,0
129198,0
224045,0
205885,0
158324,0
2149,0
6773,0
38088,0
7538,0
134955,0
250921,0
63094,0
28805,0
235131,0
43978,0
233494,0
52858,0
188091,0
86346,0
138704,0
194866,0
85763,0
114222,0
76528,0
5759,0
263928,0
92929,0
149200,0
239802,0
79930,0
62687,0
29577,0
153129,0
185999,0
14338,0
233445,0
77174,0
113661,0
220202,0
7581,0
171119,0
34605,0
185307,0
158848,0
7655,0
3375,0
158738,0
64137,0
242598,0
223724,0
216893,0
91962,0
21269,0
59519,0
242072,0
136799,0
91240,0
197913,0
14655,0
40352,0
113532,0
256028,0
50858,0
141010,0
24428,0
93627,0
146901,0
63546,0
152991,0
149393,0
34844,0
250858,0
146737,0
94603,0
250570,0
105591,0
141469,0
240684,0
168349,0
80435,0
194752,0
53122,0
80439,0
204282,0
131479,0
107073,0
71132,0
262823,0
66287,0
79915,0
122540,0
54621,0
52847,0
185194,0
208253,0
234406,0
206542,0
182168,0
51369,0
148272,0
78162,0
165776,0
50487,0
164528,0
143311,0
40730,0
243163,0
53452,0
45878,0
35841,0
172674,0
46643,0
66231,0
241729,0
158964,0
28266,0
38642,0
53679,0
38283,0
15095,0
108442,0
55307,0
24270,0
103077,0
196821,0
88182,0
167889,0
119836,0
169162,0
169625,0
204757,0
130036,0
163294,0
77272,0
79270,0
72093,0
35853,0
112075,0
143949,0
1523,0
190370,0
12225,0
189871,0
41229,0
235832,0
89362,0
252513,0
51587,0
82555,0
177036,0
226377,0
151041,0
159524,0
40949,0
189600,0
106606,0
207295,0
221952,0
219695,0
210759,0
229692,0
107973,0
203631,0
241622,0
57457,0
54693,0
171978,0
244543,0
81257,0
118343,0
112071,0
205590,0
130553,0
235567,0
105932,0
145525,0
235259,0
208998,0
236756,0
23000,0
236150,0
132306,0
243768,0
36178,0
63080,0
158003,0
199643,0
170826,0
193465,0
185977,0
2843,0
33100,0
73610,0
259907,0
105357,0
30712,0
261233,0
206654,0
180511,0
91111,0
22058,0
119465,0
253092,0
92978,0
97103,0
89674,0
199359,0
263962,0
120557,0
246211,0
42183,0
244893,0
199076,0
119928,0
226054,0
122952,0
183364,0
257001,0
107254,0
232585,0
189084,0
180248,0
153229,0
228510,0
44769,0
213950,0
34148,0
37082,0
98917,0
203468,0
145398,0
38317,0
98061,0
120717,0
193137,0
185258,0
159254,0
134749,0
28201,0
87633,0
190780,0
147792,0
64064,0
124298,0
81532,0
121677,0
207494,0
208134,0
139161,0
56316,0
138931,0
95943,0
216927,0
105660,0
63730,0
230711,0
225107,0
87770,0
11194,0
262983,0
148444,0
97593,0
261484,0
35505,0
120157,0
149883,0
238661,0
266585,0
228014,0
128868,0
29611,0
108459,0
251999,0
179646,0
251912,0
42358,0
244213,0
228429,0
68514,0
53747,0
55728,0
68560,0
11596,0
202157,0
211897,0
189471,0
142918,0
175913,0
259682,0
183221,0
2388,0
66132,0
205261,0
243655,0
94888,0
21915,0
22677,0
265998,0
226756,0
188160,0
65587,0
187094,0
100950,0
242124,0
189822,0
185983,0
76335,0
232167,0
114600,0
180761,0
236205,0
170951,0
67091,0
182438,0
263165,0
148437,0
184346,0
150740,0
35649,0
148450,0
37004,0
50827,0
56751,0
12562,0
56418,0
207334,0
47258,0
252790,0
10005,0
240967,0
100444,0
185129,0
59533,0
115033,0
138955,0
78737,0
146619,0
45605,0
141021,0
84486,0
71179,0
26449,0
146561,0
44491,0
221124,0
154233,0
133918,0
148378,0
189253,0
101388,0
122591,0
251035,0
93308,0
177173,0
44303,0
211152,0
143698,0
146821,0
52668,0
232182,0
202142,0
21378,0
80556,0
30049,0
250984,0
250175,0
191139,0
73160,0
120409,0
154679,0
204327,0
72623,0
39776,0
132337,0
71318,0
160019,0
118734,0
24215,0
112618,0
218294,0
244292,0
107345,0
63489,0
118492,0
142596,0
118159,0
23610,0
176257,0
142857,0
121280,0
83357,0
169537,0
55723,0
73047,0
61552,0
217524,0
72544,0
82902,0
43287,0
161805,0
147393,0
21098,0
212225,0
17166,0
103102,0
199846,0
238938,0
20564,0
190783,0
182468,0
231989,0
260439,0
26907,0
183386,0
190193,0
256720,0
145770,0
213800,0
144698,0
34771,0
94120,0
37981,0
84660,0
106223,0
18485,0
219055,0
256414,0
76309,0
82477,0
159044,0
190423,0
39015,0
249855,0
65631,0
216555,0
176483,0
191439,0
58045,0
77345,0
20051,0
209517,0
27549,0
29782,0
140422,0
16215,0
178445,0
15662,0
149298,0
210112,0
189867,0
266239,0
36639,0
7104,0
197651,0
77092,0
118813,0
109853,0
78296,0
218110,0
6111,0
9342,0
184491,0
176296,0
266129,0
185524,0
212265,0
226217,0
203600,0
27719,0
116587,0
114252,0
186578,0
94579,0
169299,0
211664,0
149673,0
211464,0
172519,0
213657,0
159670,0
255804,0
184565,0
224372,0
69349,0
130774,0
72252,0
150626,0
141988,0
139383,0
173105,0
227494,0
56962,0
158986,0
13807,0
51652,0
204041,0
261207,0
13804,0
54564,0
190581,0
7920,0
238791,0
121523,0
3715,0
12566,0
239310,0
225266,0
234531,0
169571,0
156672,0
70561,0
190837,0
107293,0
173150,0
111039,0
220773,0
232554,0
147022,0
104400,0
68639,0
219236,0
81172,0
153409,0
106117,0
190602,0
218179,0
226758,0
214185,0
132611,0
122663,0
220775,0
222429,0
22118,0
190090,0
192125,0
97358,0
211173,0
174408,0
182558,0
172036,0
224172,0
125885,0
164413,0
98139,0
259301,0
87429,0
153906,0
170541,0
34581,0
36997,0
108658,0
37329,0
189454,0
171498,0
8232,0
140239,0
247290,0
104696,0
255838,0
13002,0
262806,0
100822,0
111705,0
189027,0
264205,0
1946,0
80035,0
255111,0
221206,0
48000,0
59572,0
211121,0
71272,0
107341,0
196436,0
152093,0
31591,0
103003,0
43346,0
266409,0
85031,0
43436,0
140189,0
167212,0
161471,0
229153,0
167514,0
116749,0
85627,0
149802,0
265863,0
130116,0
85868,0
139191,0
254785,0
161466,0
265151,0
210829,0
252937,0
168607,0
215149,0
258770,0
174812,0
170638,0
90068,0
231888,0
70287,0
259058,0
38286,0
238748,0
91303,0
242427,0
42206,0
145772,0
258806,0
34760,0
106385,0
44711,0
39695,0
135206,0
181288,0
154947,0
169312,0
175638,0
164219,0
8191,0
41831,0
63550,0
251456,0
203384,0
222060,0
143516,0
199249,0
61573,0
128975,0
173851,0
34057,0
117262,0
112076,0
194784,0
250792,0
13380,0
168555,0
33600,0
90238,0
206088,0
23701,0
68047,0
212926,0
131568,0
75682,0
153602,0
44821,0
102434,0
65542,0
143412,0
188252,0
68220,0
249565,0
44430,0
148873,0
208880,0
247939,0
175524,0
215260,0
62384,0
103005,0
187054,0
250494,0
235185,0
64402,0
79549,0
103278,0
190375,0
20321,0
90008,0
173278,0
23919,0
90912,0
212573,0
76984,0
252498,0
214009,0
264738,0
5467,0
200572,0
34753,0
197003,0
30034,0
28374,0
148091,0
67500,0
151310,0
251886,0
14797,0
61912,0
9811,0
78,0
243467,0
77770,0
61583,0
209897,0
66168,0
4904,0
51191,0
78774,0
198234,0
86787,0
210132,0
116429,0
67330,0
174324,0
108514,0
50681,0
1918,0
218703,0
97083,0
82886,0
7507,0
46210,0
43998,0
201560,0
123249,0
52585,0
92841,0
16365,0
29673,0
70446,0
131851,0
261128,0
60116,0
116762,0
204559,0
218276,0
96105,0
90254,0
149899,0
151997,0
237758,0
9968,0
143960,0
170491,0
130162,0
127697,0
59715,0
55114,0
22132,0
57284,0
83714,0
99439,0
184278,0
21218,0
259997,0
46871,0
201775,0
81473,0
145164,0
105371,0
250234,0
61754,0
49940,0
168119,0
46430,0
150035,0
203215,0
126091,0
2236,0
52467,0
36193,0
10600,0
195164,0
186376,0
181373,0
213152,0
59338,0
93032,0
172972,0
183819,0
131654,0
263019,0
135798,0
99829,0
39678,0
18340,0
9860,0
118629,0
255397,0
142527,0
216471,0
95470,0
92989,0
189478,0
258279,0
142741,0
257474,0
257130,0
219906,0
53006,0
173017,0
144434,0
17736,0
31231,0
131266,0
164474,0
149809,0
134914,0
243898,0
194556,0
141611,0
227043,0
79650,0
211327,0
164647,0
264939,0
238551,0
73820,0
94145,0
54798,0
134859,0
11293,0
191171,0
84831,0
249808,0
80759,0
106246,0
16433,0
77980,0
141713,0
16016,0
136356,0
230683,0
101838,0
119057,0
258417,0
160448,0
83159,0
262876,0
90191,0
192844,0
85242,0
494,0
52404,0
2020,0
129883,0
20960,0
132048,0
59499,0
246404,0
35801,0
77763,0
50568,0
39454,0
181645,0
6637,0
169708,0
172492,0
173358,0
255960,0
170203,0
25699,0
29450,0
84791,0
117544,0
68123,0
72958,0
19741,0
216061,0
100010,0
96616,0
41532,0
5111,0
56545,0
167952,0
223887,0
151788,0
162331,0
34857,0
140038,0
1626,0
103811,0
115552,0
212146,0
69257,0
188613,0
252405,0
230981,0
87950,0
111353,0
44443,0
196253,0
199149,0
258445,0
123054,0
111967,0
242886,0
237473,0
238958,0
134654,0
75794,0
78632,0
163146,0
136925,0
140908,0
122515,0
155785,0
20928,0
15743,0
223076,0
81694,0
93716,0
235793,0
244191,0
138164,0
23611,0
207206,0
246094,0
72376,0
54434,0
93517,0
20182,0
168050,0
139214,0
11912,0
193350,0
187463,0
165851,0
62905,0
44881,0
215410,0
98048,0
125825,0
17716,0
164843,0
98384,0
84696,0
43339,0
213849,0
18900,0
246933,0
132637,0
5895,0
33087,0
141991,0
167405,0
24951,0
139330,0
131679,0
24407,0
68074,0
9262,0
100893,0
39467,0
88291,0
18468,0
243215,0
32165,0
141974,0
196195,0
6173,0
192610,0
31019,0
98924,0
47826,0
51722,0
227191,0
128818,0
59259,0
68454,0
93793,0
121217,0
230189,0
75125,0
235122,0
87143,0
22004,0
127096,0
113779,0
205937,0
238447,0
209952,0
242695,0
153051,0
28433,0
161239,0
103065,0
72885,0
122800,0
258836,0
47518,0
229673,0
181332,0
53198,0
204144,0
67341,0
44646,0
240924,0
150490,0
41915,0
224310,0
155784,0
186530,0
260422,0
106590,0
135447,0
39709,0
148908,0
231584,0
251970,0
166615,0
242478,0
140352,0
102036,0
122777,0
118829,0
208535,0
98944,0
152386,0
196589,0
43061,0
159666,0
239429,0
5378,0
160344,0
208298,0
84812,0
261447,0
184736,0
222117,0
253127,0
117595,0
92653,0
35108,0
73747,0
152335,0
140818,0
234228,0
191980,0
22942,0
180830,0
13857,0
137297,0
62040,0
68409,0
223122,0
50380,0
239696,0
73796,0
114041,0
152057,0
55165,0
17542,0
76342,0
223178,0
24361,0
11619,0
179578,0
31190,0
171849,0
252348,0
192062,0
87075,0
4226,0
188225,0
218713,0
104774,0
68392,0
41566,0
85797,0
147448,0
82723,0
196530,0
196700,0
149506,0
256367,0
75386,0
112455,0
139741,0
46058,0
153985,0
197305,0
24109,0
82710,0
152393,0
234466,0
238249,0
171981,0
245812,0
27252,0
239049,0
232744,0
55332,0
8178,0
193024,0
125299,0
82664,0
120604,0
261056,0
57786,0
78986,0
22894,0
212036,0
205184,0
45257,0
77998,0
65675,0
187137,0
226215,0
205788,0
92577,0
137222,0
30158,0
61736,0
15545,0
113428,0
132228,0
92094,0
199989,0
47717,0
41780,0
204351,0
260545,0
69864,0
70910,0
124725,0
79282,0
198229,0
54283,0
160243,0
10440,0
165830,0
129423,0
175926,0
233110,0
12003,0
61153,0
35968,0
22970,0
25580,0
58187,0
143608,0
13531,0
178239,0
120123,0
220614,0
152517,0
71029,0
109707,0
94629,0
60720,0
50843,0
154694,0
174304,0
238076,0
49825,0
179027,0
231449,0
88019,0
188281,0
101532,0
32648,0
95974,0
83411,0
44781,0
146195,0
222730,0
152033,0
169156,0
47503,0
46010,0
73369,0
216520,0
7640,0
97141,0
182306,0
159557,0
174638,0
160270,0
99589,0
39641,0
79040,0
92755,0
200594,0
104487,0
26287,0
185324,0
118581,0
143025,0
5657,0
223944,0
109648,0
175587,0
6344,0
184443,0
217573,0
85727,0
120639,0
126016,0
214385,0
222011,0
90874,0
170322,0
196420,0
159725,0
192257,0
5886,0
5090,0
96920,0
4474,0
90843,0
231861,0
30747,0
234021,0
158446,0
109237,0
222974,0
167780,0
264458,0
78793,0
1220,0
92095,0
95110,0
156978,0
187100,0
108345,0
8970,0
224274,0
203518,0
258579,0
127117,0
65869,0
43542,0
169757,0
26014,0
183323,0
254486,0
218766,0
226325,0
71146,0
171800,0
100633,0
110736,0
73736,0
28407,0
157263,0
192500,0
12072,0
56281,0
46304,0
106381,0
213571,0
208990,0
140937,0
209246,0
49453,0
202669,0
6411,0
37724,0
53471,0
26405,0
224530,0
214961,0
16045,0
40189,0
9978,0
69958,0
100019,0
156762,0
246530,0
63994,0
260374,0
188674,0
12208,0
108176,0
258111,0
48127,0
44532,0
127022,0
80417,0
216874,0
27725,0
12778,0
189531,0
33546,0
147711,0
141402,0
40250,0
174530,0
3225,0
133600,0
141362,0
111638,0
166523,0
177589,0
17566,0
45512,0
196708,0
204699,0
159210,0
224415,0
115412,0
204645,0
156159,0
211218,0
17069,0
144873,0
265014,0
62109,0
232846,0
100433,0
258545,0
144788,0
105049,0
67991,0
256155,0
214872,0
144046,0
240474,0
148025,0
150956,0
244672,0
59658,0
192845,0
157427,0
111319,0
163403,0
136618,0
103397,0
264659,0
91055,0
6919,0
195605,0
200443,0
242488,0
160919,0
74028,0
199140,0
142866,0
171181,0
181745,0
163796,0
146959,0
45353,0
64617,0
81119,0
238925,0
125284,0
251363,0
147922,0
52048,0
23496,0
225906,0
162685,0
42260,0
26445,0
7954,0
46626,0
133466,0
19368,0
9706,0
41935,0
52410,0
74056,0
77047,0
88928,0
103841,0
3217,0
89749,0
190647,0
170440,0
32009,0
33842,0
166655,0
39409,0
154674,0
230539,0
99286,0
98488,0
56833,0
64868,0
138132,0
108329,0
16573,0
107265,0
236287,0
3272,0
258136,0
254234,0
243759,0
100147,0
239260,0
127011,0
5863,0
209423,0
220432,0
234290,0
30058,0
4952,0
154328,0
49688,0
139364,0
97616,0
175484,0
117024,0
162933,0
108768,0
71377,0
215802,0
15497,0
171430,0
127142,0
97438,0
178024,0
153405,0
149438,0
146340,0
185545,0
127783,0
265745,0
684,0
180259,0
143708,0
156401,0
98925,0
95362,0
187460,0
22141,0
262785,0
9651,0
113072,0
149432,0
137579,0
180020,0
154836,0
40305,0
258981,0
85252,0
199632,0
18652,0
120700,0
220489,0
52929,0
153907,0
39964,0
157525,0
149024,0
261355,0
251676,0
237539,0
55171,0
226433,0
163668,0
175591,0
97108,0
181817,0
58953,0
58467,0
186207,0
98790,0
66383,0
134688,0
192951,0
214391,0
240383,0
185873,0
243763,0
1446,0
172088,0
1125,0
263886,0
7454,0
266485,0
19867,0
231382,0
80893,0
72905,0
169948,0
26464,0
212837,0
243940,0
189992,0
25880,0
217235,0
1022,0
60193,0
150276,0
214938,0
247325,0
83,0
201441,0
104814,0
62250,0
108813,0
224463,0
14445,0
154287,0
108202,0
54036,0
74402,0
138539,0
264910,0
255178,0
112381,0
179347,0
78646,0
211551,0
10391,0
178154,0
65349,0
133196,0
156467,0
62877,0
113063,0
50492,0
78602,0
99518,0
251635,0
29774,0
177152,0
69846,0
209281,0
31737,0
136731,0
127948,0
12118,0
165144,0
53379,0
153462,0
78074,0
216900,0
235760,0
12542,0
37350,0
1098,0
169307,0
193335,0
51221,0
69292,0
258244,0
78912,0
208001,0
113210,0
91606,0
197142,0
65581,0
229509,0
137181,0
87055,0
57107,0
169379,0
177621,0
228643,0
11313,0
164255,0
98326,0
150409,0
85345,0
9174,0
245160,0
64882,0
182979,0
33203,0
31825,0
133547,0
51816,0
238274,0
113473,0
53904,0
91324,0
160802,0
133320,0
177866,0
99414,0
168905,0
1394,0
130184,0
146501,0
128448,0
64318,0
252635,0
121328,0
115007,0
262122,0
189102,0
201088,0
255515,0
11448,0
101583,0
182344,0
135830,0
129017,0
164800,0
68518,0
154071,0
52332,0
86561,0
203170,0
97706,0
77831,0
20957,0
33044,0
87553,0
180746,0
130888,0
33135,0
169862,0
253577,0
63971,0
135712,0
133232,0
49427,0
93814,0
72126,0
2073,0
131102,0
106354,0
114534,0
181306,0
174935,0
75666,0
147320,0
139163,0
159928,0
105615,0
28886,0
179633,0
1502,0
133672,0
65288,0
71077,0
212912,0
5503,0
178605,0
217665,0
15857,0
123189,0
129796,0
51318,0
9135,0
69230,0
155122,0
129247,0
136347,0
226057,0
94468,0
25790,0
72820,0
212087,0
145113,0
159398,0
15949,0
172995,0
108068,0
50444,0
53405,0
5988,0
128249,0
137533,0
49337,0
90552,0
45734,0
193816,0
94741,0
207139,0
31985,0
156929,0
120159,0
86796,0
104143,0
230130,0
117513,0
188586,0
80776,0
173060,0
128485,0
125162,0
214824,0
4052,0
120454,0
223927,0
163271,0
89006,0
147880,0
265206,0
65018,0
217231,0
96524,0
22579,0
222334,0
99235,0
28577,0
224675,0
160372,0
147126,0
186725,0
24386,0
17842,0
157480,0
128482,0
249866,0
192594,0
187487,0
152779,0
230021,0
225156,0
41141,0
91316,0
118713,0
70263,0
180566,0
60254,0
255755,0
261311,0
119397,0
170060,0
173422,0
262447,0
224685,0
50120,0
202240,0
103431,0
67290,0
115326,0
251804,0
251511,0
8339,0
126455,0
119067,0
53253,0
245860,0
112987,0
108582,0
85134,0
75557,0
165877,0
179310,0
171316,0
204188,0
238761,0
178697,0
108630,0
213995,0
158278,0
11903,0
20990,0
244202,0
133977,0
85837,0
238109,0
56596,0
140045,0
62720,0
87185,0
80471,0
184810,0
232275,0
12639,0
29847,0
68642,0
256910,0
30634,0
145975,0
169152,0
41595,0
40643,0
179967,0
204949,0
98666,0
60712,0
137627,0
210216,0
237164,0
17000,0
47046,0
45249,0
92216,0
46029,0
261097,0
214325,0
11886,0
200963,0
132333,0
75678,0
37972,0
14529,0
118653,0
262930,0
38640,0
211223,0
253137,0
152530,0
208711,0
138723,0
252477,0
194293,0
164004,0
235300,0
99135,0
79708,0
104557,0
245917,0
149931,0
216153,0
163016,0
90718,0
23868,0
193915,0
77523,0
5329,0
244650,0
50296,0
155053,0
99715,0
237675,0
230558,0
161445,0
247846,0
47586,0
56501,0
5582,0
165336,0
152042,0
82276,0
114776,0
156225,0
245857,0
128279,0
46606,0
67874,0
248711,0
180810,0
181983,0
20474,0
21046,0
177328,0
153113,0
41776,0
196408,0
35049,0
130865,0
62280,0
52884,0
142240,0
194187,0
235544,0
251096,0
234206,0
96975,0
142814,0
125934,0
20216,0
164313,0
174071,0
152892,0
91701,0
144417,0
91023,0
58181,0
134734,0
164735,0
247333,0
117712,0
172716,0
183856,0
163549,0
99056,0
160350,0
218718,0
31974,0
36712,0
3535,0
204878,0
174047,0
202653,0
74224,0
179354,0
260983,0
4556,0
81967,0
36874,0
229127,0
70839,0
234261,0
258106,0
128117,0
180850,0
206754,0
145031,0
64254,0
194237,0
131701,0
230843,0
180238,0
33602,0
8631,0
106247,0
216807,0
147439,0
159949,0
196774,0
1424,0
148466,0
243418,0
242670,0
111194,0
263807,0
172381,0
174417,0
250594,0
58538,0
192513,0
65520,0
255329,0
215853,0
88944,0
240395,0
175096,0
3743,0
158769,0
155902,0
48146,0
136430,0
58138,0
154224,0
175826,0
108961,0
173209,0
101916,0
124296,0
259850,0
114410,0
27517,0
86360,0
158912,0
125384,0
24707,0
41871,0
264035,0
160824,0
212966,0
42181,0
32694,0
156347,0
114078,0
106391,0
33524,0
146194,0
172073,0
121627,0
219261,0
195910,0
56525,0
159753,0
85107,0
11226,0
70995,0
230223,0
3152,0
64082,0
225417,0
232356,0
56930,0
2609,0
167828,0
125590,0
262446,0
112650,0
144882,0
201478,0
44962,0
75168,0
44364,0
138976,0
59641,0
160042,0
237301,0
61436,0
73453,0
235242,0
34548,0
136629,0
214433,0
136020,0
66553,0
175862,0
124706,0
76625,0
78085,0
154313,0
124489,0
263308,0
77790,0
166144,0
19093,0
99400,0
229082,0
224186,0
122624,0
74786,0
61619,0
142115,0
108803,0
248086,0
140921,0
10570,0
64910,0
60815,0
91045,0
158594,0
186825,0
205297,0
197973,0
205737,0
204801,0
157075,0
107870,0
113341,0
65267,0
32527,0
71111,0
252132,0
51277,0
162997,0
166369,0
95703,0
19154,0
102964,0
245294,0
249455,0
38304,0
20677,0
125928,0
208863,0
66085,0
123478,0
68631,0
191001,0
177204,0
50961,0
236007,0
256593,0
198003,0
37539,0
218654,0
142874,0
200675,0
250934,0
101956,0
16284,0
90531,0
29398,0
154675,0
88774,0
77550,0
84514,0
89051,0
241329,0
243158,0
189733,0
8994,0
150266,0
220851,0
236285,0
241309,0
187990,0
111819,0
39099,0
8564,0
92024,0
37762,0
95269,0
220601,0
264484,0
251338,0
101373,0
88539,0
36237,0
116505,0
224393,0
64406,0
33098,0
265137,0
169158,0
111984,0
187726,0
149295,0
142677,0
6073,0
108527,0
180247,0
128143,0
258718,0
74806,0
188303,0
255062,0
258407,0
218584,0
266172,0
131016,0
90668,0
228908,0
178332,0
248968,0
237611,0
123099,0
147483,0
184205,0
139946,0
161703,0
165031,0
148049,0
33519,0
142229,0
209775,0
72224,0
196982,0
164540,0
50895,0
143830,0
266629,0
153465,0
159332,0
164849,0
75600,0
21362,0
93839,0
113848,0
32539,0
130241,0
100881,0
46812,0
17869,0
128532,0
181920,0
182113,0
91404,0
162023,0
208888,0
33458,0
10731,0
208773,0
95165,0
130428,0
429,0
24464,0
224374,0
25101,0
209270,0
38525,0
34154,0
115353,0
1493,0
58376,0
202782,0
88267,0
69774,0
7443,0
61927,0
9436,0
72368,0
165017,0
69498,0
10449,0
156576,0
118667,0
96838,0
35393,0
104907,0
120913,0
121918,0
196888,0
222518,0
89343,0
249044,0
135314,0
46984,0
202943,0
260124,0
265902,0
93135,0
19065,0
175306,0
254665,0
77461,0
195256,0
252218,0
31423,0
129957,0
172239,0
165410,0
151016,0
178502,0
217759,0
44265,0
125775,0
192189,0
59999,0
114781,0
243098,0
48467,0
193159,0
156440,0
200962,0
186058,0
130998,0
164666,0
228547,0
238014,0
196346,0
171559,0
216650,0
159625,0
84320,0
262104,0
160051,0
162747,0
49059,0
101860,0
263284,0
157566,0
213830,0
137407,0
8627,0
34977,0
215711,0
179187,0
16197,0
138394,0
31508,0
224164,0
51283,0
160470,0
24660,0
47047,0
261107,0
248313,0
159227,0
56829,0
126431,0
159393,0
231254,0
10428,0
217770,0
131688,0
11473,0
101244,0
37362,0
52338,0
48065,0
221795,0
119784,0
150773,0
10580,0
183567,0
3373,0
90847,0
142593,0
35017,0
36017,0
150301,0
110430,0
155025,0
8713,0
228402,0
46246,0
125918,0
161341,0
157594,0
186865,0
240321,0
203993,0
170318,0
210348,0
28972,0
106157,0
156654,0
59631,0
32253,0
128057,0
51987,0
131807,0
62992,0
198927,0
156285,0
218757,0
213041,0
100588,0
193467,0
109553,0
154825,0
135285,0
83083,0
27259,0
199431,0
65909,0
3253,0
122065,0
78046,0
235900,0
197309,0
248227,0
142424,0
128578,0
170937,0
211693,0
37582,0
239482,0
78621,0
40833,0
15969,0
37149,0
129566,0
22959,0
158616,0
54197,0
182870,0
109264,0
207739,0
119759,0
85358,0
248336,0
20233,0
260540,0
48747,0
264262,0
222742,0
55142,0
173509,0
1719,0
262948,0
252566,0
66038,0
85042,0
56804,0
52444,0
74460,0
229779,0
63396,0
126631,0
169976,0
198095,0
226315,0
99268,0
51373,0
44445,0
166470,0
216971,0
230035,0
52875,0
113098,0
9520,0
85382,0
77721,0
235168,0
107653,0
19900,0
249205,0
65047,0
188984,0
4383,0
188601,0
2384,0
176490,0
227031,0
107118,0
63961,0
135862,0
220461,0
162919,0
80711,0
93283,0
168985,0
207949,0
18009,0
177086,0
70829,0
52612,0
1578,0
220829,0
36869,0
249248,0
77059,0
142055,0
125355,0
83687,0
76581,0
215449,0
243344,0
49680,0
223698,0
176193,0
21500,0
136624,0
46083,0
39540,0
163200,0
190304,0
92481,0
25931,0
76774,0
202579,0
225503,0
82239,0
77440,0
104395,0
192334,0
174788,0
3951,0
224663,0
116248,0
80728,0
175820,0
212591,0
109129,0
132578,0
119148,0
53299,0
36486,0
193744,0
227247,0
264029,0
199324,0
190494,0
162148,0
149136,0
90585,0
36549,0
45164,0
153249,0
80890,0
250957,0
154182,0
215823,0
30318,0
51152,0
191646,0
128246,0
155805,0
1632,0
54444,0
193324,0
249587,0
201943,0
89181,0
226455,0
119373,0
187250,0
214908,0
208179,0
207920,0
208056,0
176255,0
67233,0
69480,0
2040,0
1324,0
238177,0
111284,0
30062,0
16044,0
137311,0
260466,0
177786,0
104728,0
5243,0
191190,0
92445,0
223565,0
220377,0
133226,0
223344,0
242512,0
212555,0
1853,0
125155,0
204606,0
251794,0
171091,0
141265,0
262129,0
186721,0
75893,0
264573,0
128530,0
262906,0
147019,0
124492,0
477,0
90234,0
222329,0
22771,0
256003,0
233325,0
81211,0
10531,0
197069,0
166267,0
197802,0
229511,0
83862,0
107176,0
42134,0
162488,0
165175,0
260316,0
28623,0
253778,0
124095,0
16609,0
207604,0
89575,0
72811,0
32954,0
205019,0
124597,0
249007,0
241693,0
165055,0
29967,0
261632,0
189972,0
95555,0
182040,0
189152,0
116281,0
229745,0
103387,0
176828,0
252946,0
53709,0
151353,0
168150,0
4734,0
133162,0
114313,0
73216,0
225038,0
109585,0
98036,0
42135,0
11031,0
101674,0
188909,0
150091,0
115426,0
158189,0
107779,0
248299,0
155242,0
106193,0
58570,0
73268,0
220903,0
10712,0
106245,0
32802,0
178981,0
110014,0
157436,0
129844,0
168132,0
186416,0
126080,0
161808,0
51417,0
169735,0
126193,0
76401,0
113362,0
252651,0
67176,0
124893,0
262081,0
261763,0
35984,0
185887,0
259533,0
34514,0
81065,0
57249,0
8237,0
117584,0
14839,0
230895,0
253102,0
121562,0
164243,0
89690,0
229521,0
148246,0
59470,0
258384,0
108900,0
57830,0
52277,0
22399,0
128973,0
168566,0
62662,0
137,0
97180,0
154712,0
2114,0
9788,0
88593,0
168631,0
180365,0
107633,0
236813,0
151183,0
88893,0
214228,0
59515,0
166542,0
51458,0
238955,0
171257,0
169438,0
256007,0
228672,0
45642,0
159026,0
234723,0
180373,0
61559,0
181010,0
92898,0
191131,0
35938,0
237646,0
220669,0
76823,0
226547,0
165020,0
176403,0
206180,0
50403,0
250848,0
338,0
257073,0
27679,0
49158,0
183954,0
163650,0
207701,0
210118,0
190791,0
50252,0
175545,0
6889,0
176716,0
112527,0
244018,0
195964,0
153565,0
61352,0
10375,0
150780,0
87458,0
122892,0
196051,0
137048,0
133959,0
213744,0
138532,0
176044,0
217378,0
93830,0
9173,0
146654,0
28151,0
121633,0
99062,0
5401,0
50050,0
93754,0
41932,0
143203,0
85745,0
232142,0
83764,0
193911,0
148509,0
233737,0
189942,0
122314,0
205606,0
158159,0
13254,0
232915,0
162874,0
95522,0
23419,0
67281,0
2244,0
91533,0
96361,0
61000,0
97760,0
125744,0
161641,0
260355,0
234547,0
192389,0
161402,0
235094,0
33789,0
16513,0
33732,0
236532,0
147030,0
50785,0
90321,0
185147,0
195972,0
31571,0
171937,0
142736,0
112487,0
52899,0
149372,0
179891,0
133175,0
1076,0
220659,0
30719,0
244717,0
99214,0
87169,0
214096,0
180770,0
143785,0
192881,0
77167,0
11483,0
148539,0
205732,0
54261,0
189051,0
92484,0
34201,0
237331,0
214879,0
191804,0
250621,0
168874,0
186220,0
104499,0
25420,0
180890,0
90307,0
185606,0
3721,0
76047,0
214050,0
150314,0
240033,0
7476,0
245252,0
169285,0
41385,0
82488,0
161066,0
178579,0
67694,0
218531,0
105559,0
255842,0
80834,0
237199,0
7341,0
176412,0
40888,0
134940,0
89225,0
149993,0
194319,0
50983,0
142758,0
84707,0
218516,0
26262,0
265680,0
67846,0
3307,0
256259,0
6730,0
55178,0
120871,0
129088,0
192589,0
209562,0
69477,0
82815,0
150668,0
106914,0
176324,0
224620,0
39878,0
67678,0
131874,0
106845,0
201660,0
125412,0
252029,0
17894,0
891,0
127236,0
248301,0
59800,0
214150,0
174691,0
100079,0
257966,0
52108,0
12854,0
71880,0
3716,0
247020,0
51526,0
5003,0
153257,0
161966,0
77637,0
187829,0
51272,0
236222,0
244492,0
54637,0
139803,0
35939,0
136784,0
251308,0
80413,0
244590,0
208957,0
218386,0
253073,0
46805,0
162809,0
232805,0
224676,0
194433,0
72478,0
114060,0
32154,0
135622,0
143153,0
137993,0
259457,0
64577,0
99873,0
206202,0
162999,0
204424,0
95125,0
98800,0
40401,0
160262,0
54335,0
161884,0
166378,0
58767,0
175362,0
166929,0
127635,0
191384,0
231492,0
204683,0
207238,0
139032,0
166679,0
175336,0
246612,0
193796,0
154424,0
256056,0
241160,0
167497,0
131806,0
161000,0
109164,0
197105,0
207394,0
51433,0
70577,0
258369,0
113212,0
39066,0
174922,0
212052,0
144137,0
68584,0
58057,0
125263,0
34766,0
176949,0
117840,0
207439,0
157683,0
165626,0
212401,0
117936,0
51970,0
59353,0
13201,0
193145,0
34099,0
123939,0
184331,0
84095,0
131529,0
146099,0
94447,0
588,0
120325,0
221247,0
176947,0
58115,0
142555,0
228465,0
23113,0
209829,0
163897,0
142478,0
88514,0
57021,0
122469,0
62256,0
263141,0
193778,0
133359,0
253894,0
204993,0
5726,0
50796,0
91429,0
14958,0
172439,0
48128,0
9859,0
196168,0
152807,0
103441,0
211256,0
28294,0
181589,0
133171,0
18891,0
126261,0
79984,0
202952,0
110967,0
119066,0
38736,0
213941,0
189852,0
107569,0
246075,0
210123,0
117242,0
240897,0
206064,0
56651,0
35190,0
45425,0
165293,0
72640,0
164433,0
92880,0
43808,0
163346,0
233979,0
83788,0
42564,0
215516,0
91897,0
111015,0
208180,0
196118,0
175990,0
185631,0
74088,0
208393,0
132352,0
83078,0
131007,0
35814,0
111980,0
257702,0
168596,0
108602,0
158475,0
94868,0
108874,0
247399,0
31363,0
225508,0
136733,0
117200,0
72992,0
103320,0
189033,0
109167,0
164135,0
181308,0
68626,0
191949,0
189880,0
130863,0
27195,0
70399,0
19683,0
121453,0
1099,0
7403,0
96617,0
188546,0
116987,0
48465,0
246081,0
211276,0
102327,0
149817,0
90624,0
46799,0
60270,0
132522,0
140825,0
251307,0
41449,0
205394,0
190063,0
83664,0
155455,0
260007,0
105638,0
42614,0
157147,0
24572,0
213836,0
112691,0
235841,0
158303,0
193699,0
95636,0
226878,0
22180,0
137806,0
192606,0
202163,0
145519,0
139997,0
175434,0
200825,0
114998,0
59665,0
19091,0
238987,0
18689,0
50531,0
212736,0
203915,0
67456,0
144807,0
173177,0
84291,0
67737,0
183435,0
62107,0
98879,0
23492,0
199293,0
13968,0
223014,0
207163,0
62882,0
147116,0
167749,0
169217,0
232970,0
21911,0
44734,0
185434,0
230055,0
146388,0
27806,0
33993,0
79313,0
142823,0
54202,0
17804,0
179061,0
247756,0
110952,0
238854,0
211433,0
123734,0
251090,0
245399,0
32349,0
53719,0
228371,0
130600,0
55308,0
80024,0
77275,0
197056,0
228935,0
221034,0
23333,0
30128,0
30875,0
60371,0
206906,0
149348,0
226128,0
158923,0
162771,0
179655,0
244230,0
199780,0
236298,0
44335,0
242386,0
154774,0
210374,0
178732,0
173746,0
54594,0
178214,0
226615,0
38743,0
249933,0
127983,0
54,0
171211,0
198376,0
195067,0
24491,0
112611,0
88679,0
227832,0
14737,0
213827,0
60198,0
90133,0
24917,0
53736,0
164525,0
109140,0
19172,0
83745,0
72288,0
105225,0
165446,0
164847,0
24159,0
60882,0
67933,0
195508,0
249854,0
111450,0
55769,0
25942,0
94611,0
219079,0
113759,0
117860,0
200536,0
253307,0
225679,0
18605,0
6257,0
93880,0
40227,0
229308,0
160612,0
25710,0
230199,0
129686,0
33613,0
44349,0
232771,0
179349,0
192117,0
76886,0
114652,0
155908,0
196704,0
138972,0
250280,0
60955,0
74221,0
56450,0
106930,0
29065,0
16751,0
168231,0
242421,0
193339,0
252037,0
159231,0
39217,0
122837,0
126234,0
88926,0
83423,0
85004,0
261779,0
232634,0
7316,0
40757,0
226413,0
199160,0
163858,0
40963,0
117656,0
75424,0
170813,0
89965,0
234459,0
112607,0
196452,0
266563,0
26011,0
107422,0
27779,0
31112,0
161016,0
185562,0
260210,0
189652,0
169937,0
210119,0
64646,0
3667,0
27484,0
127974,0
202172,0
184280,0
138316,0
4698,0
162207,0
177860,0
259465,0
80638,0
150623,0
194473,0
29744,0
248085,0
210750,0
166107,0
33315,0
62628,0
54329,0
138691,0
222766,0
129525,0
149907,0
95518,0
193395,0
202534,0
103664,0
248442,0
73802,0
115269,0
147663,0
163446,0
44468,0
257547,0
226988,0
132593,0
100634,0
190854,0
19441,0
148627,0
248851,0
149316,0
131464,0
1274,0
202734,0
111350,0
2984,0
203642,0
194379,0
62091,0
184988,0
14066,0
48873,0
24810,0
227991,0
108610,0
10790,0
127565,0
99204,0
198176,0
235692,0
114725,0
116704,0
183834,0
89766,0
58455,0
243396,0
156321,0
234792,0
14806,0
178971,0
91668,0
215874,0
160397,0
37089,0
221209,0
81547,0
181682,0
240698,0
134074,0
155593,0
22291,0
252054,0
179617,0
44378,0
153087,0
82640,0
35557,0
262769,0
243326,0
156223,0
121470,0
218559,0
213731,0
211995,0
79437,0
45873,0
158970,0
232643,0
266617,0
174038,0
207946,0
83183,0
213967,0
43522,0
132038,0
261285,0
107615,0
261494,0
19115,0
85742,0
232006,0
172360,0
115633,0
197380,0
221499,0
145480,0
45301,0
40200,0
67468,0
138131,0
51641,0
184894,0
242114,0
7013,0
189261,0
257123,0
126657,0
58571,0
27287,0
67307,0
72348,0
43585,0
230969,0
170145,0
230311,0
52027,0
144705,0
225048,0
9899,0
62104,0
134453,0
140449,0
216959,0
207614,0
91607,0
260323,0
100513,0
33614,0
15244,0
81830,0
131883,0
33085,0
43670,0
253638,0
246796,0
5234,0
81293,0
11110,0
132411,0
25391,0
127135,0
64307,0
36334,0
213529,0
123438,0
187972,0
88152,0
112032,0
251733,0
157515,0
219794,0
10176,0
196056,0
5456,0
99520,0
58160,0
149966,0
927,0
194736,0
171004,0
193930,0
230106,0
40579,0
47774,0
123359,0
246279,0
47029,0
156219,0
76087,0
47694,0
11300,0
183414,0
138820,0
81705,0
145359,0
245794,0
16831,0
146046,0
56387,0
56933,0
133708,0
14570,0
115821,0
132320,0
15621,0
26355,0
189086,0
134436,0
54656,0
26849,0
256024,0
176414,0
47594,0
37766,0
240427,0
248772,0
163202,0
224971,0
240955,0
196819,0
113079,0
120599,0
58495,0
253791,0
132828,0
261455,0
231629,0
97841,0
212498,0
246923,0
246089,0
148941,0
249401,0
191901,0
261823,0
42474,0
135987,0
177247,0
105619,0
2596,0
15277,0
12705,0
154656,0
35297,0
149656,0
236458,0
59053,0
213572,0
106652,0
200859,0
56195,0
24134,0
158563,0
108348,0
66894,0
164217,0
192795,0
194931,0
103647,0
38469,0
72047,0
132464,0
76149,0
263534,0
222178,0
154912,0
228682,0
252097,0
180254,0
34007,0
262655,0
201485,0
153664,0
212428,0
131871,0
217026,0
183199,0
218803,0
156271,0
30679,0
171376,0
220322,0
26146,0
137742,0
58805,0
21219,0
229404,0
219241,0
129365,0
11941,0
85579,0
5697,0
176952,0
40010,0
193277,0
37279,0
244355,0
23641,0
37985,0
23795,0
229000,0
251346,0
85991,0
208648,0
105639,0
64945,0
135530,0
180077,0
264104,0
90980,0
204935,0
190186,0
221899,0
239132,0
63943,0
42946,0
241411,0
223598,0
86565,0
30940,0
166051,0
73931,0
102650,0
169053,0
541,0
138389,0
187900,0
254541,0
88000,0
124353,0
223037,0
2555,0
253301,0
192014,0
208785,0
258098,0
235556,0
10198,0
250231,0
229833,0
87360,0
175169,0
220230,0
18862,0
194666,0
218354,0
67381,0
89222,0
118338,0
147986,0
243598,0
154319,0
230759,0
113856,0
125767,0
266491,0
175301,0
225866,0
174698,0
79926,0
236574,0
114226,0
168435,0
86095,0
222384,0
109033,0
131655,0
250572,0
198100,0
63216,0
67555,0
84800,0
73156,0
177162,0
146830,0
208406,0
57802,0
249503,0
115610,0
38569,0
240136,0
66723,0
155462,0
224385,0
189764,0
51461,0
149301,0
259930,0
154096,0
201213,0
75164,0
68076,0
219386,0
200545,0
144031,0
17774,0
21284,0
21507,0
54194,0
233846,0
48335,0
107109,0
202837,0
139073,0
245240,0
67974,0
104033,0
57364,0
110642,0
179197,0
118740,0
112431,0
61039,0
230194,0
158650,0
208621,0
150756,0
47279,0
106345,0
48369,0
34255,0
15208,0
51160,0
127646,0
218990,0
224955,0
155139,0
159388,0
241299,0
164882,0
23881,0
67651,0
248108,0
186409,0
185002,0
5934,0
87905,0
8707,0
93026,0
43993,0
164534,0
134174,0
220170,0
109218,0
13348,0
243316,0
87629,0
95777,0
32490,0
70314,0
84650,0
117683,0
138410,0
235788,0
79883,0
157589,0
184858,0
3485,0
131989,0
69892,0
25809,0
192434,0
178848,0
85235,0
265679,0
12136,0
261967,0
130862,0
3703,0
64837,0
198984,0
196000,0
95959,0
223793,0
204551,0
84723,0
36120,0
147298,0
151417,0
229075,0
125904,0
228797,0
115489,0
134832,0
132822,0
185314,0
71011,0
126392,0
66373,0
192551,0
14987,0
15401,0
248036,0
89937,0
162938,0
225100,0
14346,0
42138,0
196926,0
115142,0
125696,0
184961,0
29676,0
75807,0
154245,0
215864,0
71168,0
179465,0
258057,0
209381,0
215490,0
264715,0
33380,0
265889,0
251795,0
25985,0
95850,0
64707,0
106991,0
182619,0
209607,0
113020,0
166855,0
220739,0
48433,0
128486,0
60822,0
213898,0
1512,0
93470,0
241448,0
6778,0
140644,0
177089,0
149163,0
144820,0
130388,0
265483,0
188858,0
132998,0
82706,0
65674,0
52495,0
62898,0
195097,0
148439,0
171728,0
183222,0
153733,0
93644,0
55584,0
232665,0
93335,0
99309,0
76243,0
79646,0
164896,0
68499,0
128859,0
249514,0
128213,0
104551,0
48227,0
126589,0
98025,0
236408,0
221173,0
63026,0
54368,0
25955,0
98775,0
67559,0
136202,0
162504,0
118741,0
156146,0
116837,0
44599,0
108046,0
169614,0
110989,0
106335,0
158430,0
213309,0
102758,0
143122,0
236582,0
23048,0
38364,0
36619,0
186860,0
179153,0
246967,0
189584,0
43321,0
162521,0
141903,0
33185,0
90147,0
77031,0
43282,0
46849,0
234056,0
178430,0
213380,0
90013,0
215822,0
33719,0
72998,0
99188,0
264865,0
139781,0
145933,0
30141,0
88850,0
50224,0
238131,0
17285,0
229092,0
118749,0
182815,0
142679,0
83084,0
104393,0
183324,0
163606,0
84022,0
229372,0
119320,0
262694,0
222665,0
88413,0
43863,0
78073,0
218709,0
137909,0
250037,0
185699,0
140288,0
117081,0
2513,0
140221,0
216855,0
37148,0
134027,0
20305,0
144981,0
288,0
249906,0
32338,0
96879,0
148331,0
44894,0
103101,0
68246,0
238495,0
79712,0
81097,0
241722,0
72308,0
100112,0
251055,0
22496,0
220260,0
65634,0
2823,0
246867,0
23123,0
222571,0
201625,0
233894,0
156861,0
181515,0
173468,0
6808,0
58611,0
109349,0
1382,0
33150,0
238596,0
176700,0
218968,0
40099,0
91843,0
129292,0
247832,0
26928,0
97949,0
134289,0
258995,0
13855,0
259568,0
190050,0
53539,0
89823,0
196205,0
8258,0
187537,0
127118,0
264927,0
129458,0
40645,0
223163,0
47376,0
245297,0
180594,0
252932,0
147512,0
222993,0
135570,0
107760,0
38277,0
148751,0
65701,0
235558,0
100015,0
238870,0
33363,0
129776,0
132292,0
238554,0
4979,0
119123,0
243087,0
121322,0
241168,0
104589,0
79295,0
16458,0
10405,0
139171,0
44692,0
6131,0
78275,0
48337,0
239590,0
166348,0
190372,0
249945,0
10169,0
76030,0
40693,0
62035,0
200931,0
116791,0
90182,0
65689,0
70305,0
119161,0
202959,0
95256,0
145791,0
112715,0
252456,0
9318,0
187712,0
69832,0
220183,0
249714,0
88335,0
207382,0
236418,0
214743,0
244780,0
69124,0
218194,0
32972,0
152549,0
115712,0
256358,0
52490,0
167182,0
82191,0
256835,0
225955,0
219466,0
1002,0
177426,0
151799,0
104188,0
15445,0
26244,0
56682,0
32324,0
207930,0
249560,0
110389,0
157300,0
9558,0
200293,0
156968,0
41089,0
246170,0
59395,0
181098,0
55371,0
150846,0
248170,0
173228,0
71863,0
47221,0
107911,0
99973,0
144158,0
164705,0
141213,0
68550,0
14862,0
162127,0
131703,0
142349,0
200577,0
253450,0
193083,0
92013,0
240631,0
148591,0
42413,0
1164,0
86841,0
4795,0
244835,0
185930,0
86778,0
120283,0
74101,0
116776,0
111336,0
239594,0
11853,0
216696,0
185817,0
136918,0
132142,0
127581,0
24467,0
174507,0
129394,0
231295,0
157108,0
208855,0
161117,0
101759,0
3106,0
260009,0
154385,0
114020,0
77351,0
159693,0
27637,0
110927,0
222807,0
47566,0
37401,0
10193,0
174365,0
127508,0
57783,0
226158,0
24511,0
85091,0
214294,0
41091,0
238874,0
124873,0
113626,0
39748,0
180507,0
116625,0
71934,0
112859,0
212261,0
226283,0
147161,0
190710,0
198944,0
77472,0
104825,0
257238,0
129885,0
65093,0
138113,0
257397,0
25100,0
117789,0
163520,0
228165,0
151452,0
7526,0
108917,0
168028,0
86854,0
88701,0
121342,0
135508,0
218919,0
12165,0
250971,0
20630,0
1019,0
20165,0
186243,0
155202,0
159592,0
146724,0
45082,0
37074,0
219923,0
34174,0
75301,0
190051,0
248636,0
185975,0
139174,0
27959,0
257846,0
151730,0
103054,0
24835,0
153758,0
55263,0
139215,0
189315,0
258140,0
261993,0
101521,0
196988,0
179189,0
160001,0
124224,0
53402,0
42328,0
140090,0
221755,0
38942,0
185078,0
126643,0
234002,0
79450,0
171530,0
230528,0
144725,0
93482,0
96876,0
123017,0
244351,0
128320,0
154050,0
49636,0
67918,0
121229,0
200133,0
207783,0
52801,0
171622,0
121379,0
23461,0
175053,0
239868,0
231966,0
96626,0
168843,0
95741,0
93799,0
204621,0
83313,0
3348,0
12781,0
173848,0
101002,0
61753,0
63642,0
138421,0
200766,0
4757,0
80682,0
104884,0
259061,0
220036,0
63361,0
122942,0
70671,0
200812,0
49143,0
172882,0
159199,0
94378,0
143912,0
95820,0
36832,0
214683,0
11416,0
1350,0
229584,0
58940,0
64866,0
138438,0
73773,0
258104,0
265367,0
66228,0
153718,0
72556,0
22762,0
54744,0
252469,0
69513,0
231362,0
264997,0
63230,0
33924,0
155058,0
201891,0
21087,0
137041,0
17762,0
119130,0
46583,0
161477,0
119775,0
215709,0
183266,0
15115,0
171135,0
109986,0
216395,0
165189,0
5046,0
58117,0
49387,0
183228,0
75137,0
71551,0
197449,0
176833,0
241486,0
219351,0
34159,0
115510,0
98248,0
221571,0
93623,0
5982,0
31139,0
178574,0
92561,0
109214,0
137171,0
239030,0
63721,0
256203,0
247317,0
159213,0
229187,0
130979,0
125891,0
266175,0
196668,0
206123,0
134439,0
62885,0
88965,0
175714,0
262639,0
50078,0
22729,0
152693,0
162654,0
244431,0
191657,0
179539,0
250534,0
119558,0
115998,0
108810,0
85578,0
136098,0
58993,0
67149,0
214722,0
141740,0
99326,0
59043,0
172485,0
113811,0
12557,0
87959,0
261529,0
11580,0
254986,0
78295,0
155528,0
151018,0
223061,0
117214,0
165063,0
68818,0
164759,0
159383,0
232507,0
177154,0
165752,0
191615,0
199703,0
247011,0
61121,0
58011,0
137381,0
211962,0
235975,0
231921,0
225620,0
254109,0
231415,0
119513,0
198748,0
7124,0
194305,0
201417,0
81042,0
80410,0
259272,0
256776,0
123020,0
178045,0
164993,0
37120,0
150688,0
228661,0
56954,0
10738,0
128404,0
72039,0
82860,0
19917,0
62647,0
159911,0
141183,0
143843,0
119753,0
181064,0
13213,0
196542,0
252393,0
243378,0
191890,0
125971,0
222107,0
260038,0
7269,0
109577,0
82499,0
182727,0
220128,0
204440,0
61379,0
110040,0
87526,0
215057,0
98745,0
97800,0
169398,0
260081,0
143260,0
224203,0
57663,0
114550,0
18138,0
235362,0
6987,0
121149,0
215049,0
183028,0
253508,0
166751,0
136089,0
71767,0
207224,0
53809,0
84658,0
44260,0
179780,0
126841,0
176684,0
237122,0
222448,0
34498,0
30005,0
121018,0
40042,0
22878,0
222938,0
2677,0
2313,0
66486,0
170026,0
144048,0
158793,0
89281,0
247184,0
121881,0
125756,0
10842,0
123587,0
201568,0
27710,0
197743,0
216908,0
10724,0
182081,0
84365,0
160121,0
79387,0
167734,0
164418,0
104336,0
255685,0
190462,0
210997,0
150931,0
183084,0
163053,0
223936,0
19663,0
201769,0
191046,0
99928,0
154169,0
65368,0
9584,0
263864,0
191609,0
195184,0
120933,0
210104,0
198107,0
218021,0
89237,0
14665,0
228621,0
33352,0
170822,0
237688,0
192617,0
4108,0
240696,0
168464,0
188571,0
242275,0
64489,0
13520,0
141060,0
146911,0
238843,0
86971,0
246108,0
170866,0
144864,0
149422,0
143056,0
182650,0
245058,0
107103,0
119250,0
73375,0
238608,0
67557,0
178014,0
254286,0
158148,0
65238,0
220904,0
34907,0
78583,0
140950,0
73452,0
32230,0
213969,0
136056,0
93114,0
89025,0
32493,0
113158,0
21148,0
166879,0
181544,0
29666,0
255315,0
215489,0
241619,0
5316,0
52136,0
264942,0
265662,0
184144,0
49228,0
77591,0
54950,0
135995,0
26090,0
63366,0
258040,0
21995,0
93755,0
7371,0
74988,0
244285,0
4930,0
150934,0
3216,0
119756,0
184000,0
90156,0
1007,0
191631,0
174220,0
198973,0
118202,0
191096,0
137024,0
205632,0
248790,0
8260,0
215153,0
92142,0
76890,0
154140,0
220074,0
263013,0
60262,0
103310,0
109077,0
244167,0
209605,0
105613,0
242880,0
74503,0
24300,0
59836,0
195949,0
94405,0
245548,0
69348,0
154367,0
197794,0
193341,0
191902,0
169240,0
103206,0
130124,0
186633,0
181251,0
240152,0
95450,0
106617,0
33965,0
258725,0
149334,0
219045,0
196963,0
188323,0
211514,0
260872,0
257369,0
99019,0
162613,0
103890,0
15628,0
60710,0
17541,0
200952,0
89055,0
19379,0
6275,0
160755,0
1026,0
59115,0
154631,0
142072,0
117400,0
70674,0
39801,0
111969,0
132617,0
212888,0
154802,0
258906,0
194943,0
120161,0
143178,0
60628,0
147718,0
158811,0
20812,0
98279,0
186516,0
258593,0
180547,0
62013,0
160274,0
263675,0
243994,0
212291,0
244459,0
109329,0
230411,0
193594,0
167074,0
153097,0
70598,0
133855,0
256580,0
67672,0
78065,0
95184,0
67576,0
6913,0
184486,0
107252,0
48631,0
260804,0
133354,0
134144,0
59667,0
51773,0
75585,0
153137,0
158528,0
231172,0
42544,0
248808,0
241043,0
44136,0
230967,0
26431,0
175171,0
40499,0
114096,0
186745,0
242537,0
56180,0
115188,0
70853,0
193488,0
173463,0
52926,0
260907,0
178080,0
149358,0
55299,0
246030,0
260329,0
55939,0
215616,0
20345,0
91724,0
112883,0
120544,0
120183,0
66969,0
52440,0
144517,0
237384,0
242092,0
157286,0
60324,0
113262,0
15242,0
78496,0
197544,0
155735,0
9368,0
108968,0
36704,0
151468,0
237386,0
227926,0
230328,0
59703,0
181739,0
40266,0
200999,0
106780,0
96959,0
165566,0
218339,0
49286,0
188656,0
142693,0
40872,0
226555,0
233392,0
169494,0
203645,0
132622,0
213798,0
198290,0
74261,0
135610,0
205086,0
118081,0
156073,0
142398,0
34880,0
165007,0
224943,0
198079,0
37517,0
52491,0
2545,0
203868,0
140722,0
263723,0
244050,0
39716,0
197924,0
25323,0
188412,0
102803,0
124288,0
64351,0
59998,0
27716,0
255232,0
90048,0
236691,0
143540,0
197034,0
84546,0
159727,0
108937,0
23836,0
80656,0
236807,0
89476,0
20325,0
140829,0
101659,0
9676,0
156676,0
103549,0
225979,0
151909,0
233677,0
230395,0
94881,0
187194,0
151843,0
210891,0
202566,0
210453,0
264581,0
186585,0
116460,0
261802,0
141710,0
201738,0
229793,0
99167,0
265819,0
227614,0
94319,0
64101,0
155670,0
76699,0
228721,0
141842,0
179902,0
216566,0
206226,0
137655,0
235589,0
30136,0
168053,0
227000,0
181798,0
177295,0
163504,0
34124,0
143942,0
139101,0
187706,0
77785,0
67489,0
112476,0
28809,0
104437,0
233924,0
69103,0
79246,0
75096,0
237397,0
27217,0
118600,0
224026,0
225963,0
64428,0
193102,0
252257,0
265012,0
189401,0
247038,0
156962,0
17735,0
93369,0
123765,0
252585,0
122056,0
191504,0
181991,0
10739,0
94814,0
230436,0
242165,0
144548,0
65967,0
65069,0
232867,0
53551,0
130857,0
11724,0
68867,0
189819,0
149120,0
39451,0
239783,0
30998,0
180044,0
61087,0
207160,0
259066,0
202147,0
186557,0
205985,0
42209,0
85657,0
191195,0
215416,0
36753,0
93102,0
88121,0
149732,0
102931,0
186486,0
205578,0
191024,0
194575,0
65796,0
90521,0
64981,0
200592,0
156172,0
15830,0
95569,0
261575,0
26204,0
45813,0
25052,0
126608,0
237700,0
214772,0
63399,0
135742,0
95528,0
130631,0
58261,0
167175,0
65284,0
69754,0
212340,0
125727,0
118733,0
150736,0
82318,0
205452,0
81290,0
144777,0
66556,0
198102,0
115370,0
221545,0
145705,0
68798,0
668,0
190693,0
169802,0
205447,0
161877,0
162202,0
57674,0
27097,0
50547,0
157143,0
17596,0
131087,0
1287,0
97177,0
253207,0
204074,0
152873,0
237005,0
23956,0
110712,0
133516,0
208813,0
100240,0
26879,0
58012,0
230058,0
216683,0
205320,0
240918,0
59217,0
218155,0
34032,0
124281,0
57265,0
245335,0
1500,0
85487,0
174318,0
83502,0
164139,0
167613,0
260618,0
141978,0
227342,0
141924,0
130864,0
105717,0
193853,0
52938,0
160721,0
43254,0
147681,0
108868,0
202745,0
227738,0
64539,0
237278,0
13787,0
186657,0
76250,0
152641,0
214556,0
179506,0
193551,0
7248,0
177245,0
241218,0
144541,0
85000,0
139442,0
125823,0
181478,0
249671,0
80097,0
26154,0
207320,0
159616,0
187510,0
3742,0
153703,0
149502,0
139350,0
38202,0
136461,0
139243,0
75289,0
32815,0
45516,0
138127,0
144213,0
81391,0
153416,0
11331,0
266086,0
204207,0
125126,0
138023,0
56383,0
231825,0
18665,0
208233,0
74911,0
41857,0
87571,0
84749,0
183133,0
59468,0
176242,0
134925,0
105204,0
232885,0
143945,0
84678,0
52713,0
119871,0
187056,0
230806,0
69058,0
175121,0
4589,0
116892,0
121884,0
22890,0
95956,0
107136,0
113003,0
206216,0
225055,0
199591,0
150118,0
18537,0
121273,0
165075,0
88975,0
262535,0
245464,0
3824,0
162290,0
87079,0
53799,0
105770,0
162313,0
261743,0
89536,0
101869,0
137327,0
171259,0
238513,0
33049,0
208581,0
255370,0
83943,0
23560,0
77114,0
37409,0
181785,0
74810,0
84560,0
7198,0
59421,0
179958,0
129484,0
56192,0
154160,0
107327,0
115897,0
2185,0
245026,0
95578,0
218677,0
206591,0
236353,0
67073,0
252547,0
59082,0
74142,0
259336,0
49193,0
175408,0
187564,0
60153,0
226593,0
49385,0
18919,0
114113,0
69167,0
5916,0
118195,0
197119,0
239245,0
81587,0
71038,0
247267,0
110383,0
72419,0
197114,0
154668,0
254031,0
133559,0
153552,0
62900,0
265322,0
163672,0
39675,0
196478,0
240334,0
142005,0
162506,0
90750,0
229427,0
195762,0
251318,0
233525,0
98439,0
50354,0
71591,0
25279,0
100084,0
95025,0
44478,0
237531,0
140159,0
131209,0
178835,0
187608,0
124914,0
94846,0
119719,0
122068,0
195818,0
3240,0
23248,0
222821,0
234080,0
99918,0
239520,0
58026,0
204908,0
199763,0
196610,0
72621,0
254908,0
241862,0
32794,0
233532,0
119691,0
16304,0
128823,0
223795,0
197124,0
244778,0
150940,0
28104,0
174630,0
205993,0
51800,0
56617,0
257249,0
63242,0
250268,0
181441,0
17628,0
254860,0
113727,0
51510,0
187445,0
140780,0
251736,0
205770,0
67452,0
258186,0
101871,0
174065,0
250947,0
246799,0
131835,0
200706,0
236864,0
53576,0
197212,0
149653,0
39151,0
99248,0
222671,0
249588,0
157110,0
9866,0
180415,0
52519,0
71147,0
166239,0
176428,0
13359,0
127027,0
258490,0
124119,0
140542,0
42350,0
37160,0
245440,0
124217,0
68830,0
213284,0
108089,0
233680,0
185951,0
201250,0
90052,0
170487,0
255853,0
92262,0
148426,0
20,0
223662,0
21018,0
14670,0
56563,0
36271,0
27308,0
235854,0
151970,0
116428,0
120312,0
137983,0
146573,0
153436,0
241480,0
18746,0
107122,0
198277,0
28053,0
93706,0
169225,0
234461,0
217922,0
127905,0
244306,0
154018,0
116709,0
67859,0
258649,0
235532,0
31385,0
87028,0
164436,0
48190,0
235863,0
89313,0
26650,0
21203,0
93663,0
54258,0
53251,0
172321,0
44381,0
83422,0
162708,0
40740,0
252311,0
143828,0
147579,0
107766,0
188727,0
145577,0
121241,0
123318,0
240594,0
228677,0
16499,0
34021,0
15916,0
157093,0
74466,0
124449,0
110299,0
240269,0
48474,0
25404,0
185957,0
242146,0
215073,0
135913,0
264813,0
166553,0
127483,0
47652,0
64915,0
148076,0
230167,0
105059,0
254706,0
28025,0
173392,0
97527,0
57740,0
125312,0
165497,0
216458,0
206655,0
17277,0
159990,0
154853,0
175317,0
79818,0
62772,0
97299,0
52116,0
79533,0
150860,0
78344,0
145614,0
16058,0
100976,0
195310,0
116682,0
239665,0
76686,0
166857,0
77746,0
205492,0
164282,0
85634,0
218541,0
148338,0
196608,0
32650,0
64842,0
9150,0
182565,0
260112,0
172522,0
145280,0
193908,0
179276,0
38559,0
261038,0
209844,0
141482,0
39456,0
263497,0
223775,0
92388,0
219465,0
242572,0
185499,0
137605,0
43619,0
94871,0
180773,0
18510,0
124286,0
258660,0
75462,0
213653,0
116262,0
262386,0
29945,0
33164,0
266404,0
62254,0
128941,0
184996,0
118640,0
253419,0
215640,0
158427,0
115088,0
144588,0
104486,0
131123,0
193228,0
40404,0
60682,0
175763,0
114148,0
134913,0
13954,0
80074,0
131076,0
82011,0
31007,0
80403,0
266495,0
196940,0
229767,0
62656,0
204612,0
172953,0
45417,0
134541,0
125856,0
74562,0
106926,0
235789,0
60033,0
233047,0
141572,0
61144,0
145541,0
251253,0
176083,0
121809,0
176006,0
95440,0
10914,0
145501,0
239592,0
99260,0
29327,0
169074,0
217953,0
11856,0
88017,0
260136,0
153159,0
23212,0
3167,0
125760,0
63661,0
247754,0
35500,0
202949,0
147810,0
9693,0
243812,0
10213,0
61843,0
22906,0
2604,0
215056,0
114349,0
173787,0
214436,0
91181,0
124558,0
228299,0
36783,0
172983,0
38737,0
54592,0
44044,0
8245,0
17777,0
49905,0
85119,0
104612,0
164444,0
116148,0
246187,0
227153,0
3640,0
166774,0
194882,0
50007,0
9643,0
37513,0
2706,0
111730,0
206454,0
229474,0
87659,0
219699,0
182428,0
229534,0
3062,0
73953,0
88507,0
203563,0
4750,0
112560,0
257276,0
203553,0
28121,0
238674,0
240887,0
195578,0
30601,0
45744,0
42013,0
58155,0
104115,0
93884,0
232856,0
134713,0
127430,0
4170,0
82082,0
127568,0
254659,0
255540,0
61103,0
92868,0
185530,0
21332,0
71670,0
226838,0
142165,0
63384,0
163462,0
127065,0
98497,0
205966,0
201320,0
250731,0
195697,0
100283,0
175953,0
113011,0
251606,0
80136,0
61564,0
234691,0
176515,0
7259,0
242065,0
193097,0
100559,0
102985,0
173006,0
81621,0
94400,0
258542,0
42511,0
29227,0
197188,0
215842,0
240530,0
219510,0
4639,0
28532,0
5124,0
63050,0
190881,0
140712,0
186587,0
51380,0
11514,0
82086,0
179986,0
82220,0
6966,0
25721,0
113064,0
4337,0
225058,0
133764,0
120117,0
32365,0
197460,0
151121,0
244907,0
254647,0
27853,0
222988,0
260904,0
201196,0
174418,0
165414,0
255729,0
195517,0
50993,0
132572,0
88479,0
231800,0
237515,0
21237,0
195004,0
119200,0
42380,0
127805,0
32197,0
96652,0
61322,0
250882,0
173493,0
245441,0
221155,0
29390,0
187087,0
190880,0
80467,0
166307,0
126488,0
253815,0
85636,0
38195,0
150582,0
193771,0
32180,0
238319,0
170337,0
176540,0
110699,0
58577,0
250843,0
161115,0
277,0
84717,0
183571,0
98711,0
15097,0
214365,0
160570,0
80866,0
107389,0
25060,0
219184,0
229875,0
105697,0
28186,0
237299,0
15794,0
98773,0
149307,0
231439,0
165733,0
8513,0
136009,0
148557,0
72552,0
77522,0
30929,0
254871,0
146432,0
64524,0
139180,0
141621,0
73201,0
38239,0
118637,0
215361,0
111797,0
236333,0
67200,0
202925,0
201192,0
154136,0
33236,0
87658,0
242127,0
201053,0
160618,0
207807,0
5840,0
240143,0
23944,0
256065,0
96712,0
111311,0
73321,0
10250,0
10526,0
14764,0
105134,0
97446,0
153498,0
66929,0
56894,0
45594,0
31543,0
206265,0
241319,0
224112,0
256455,0
87149,0
113176,0
92910,0
241300,0
214152,0
103789,0
239903,0
83906,0
79504,0
163785,0
27819,0
249101,0
89107,0
73013,0
110891,0
61206,0
125543,0
3137,0
181440,0
214368,0
167054,0
261338,0
241799,0
83789,0
6526,0
21969,0
68355,0
179651,0
65366,0
99093,0
136986,0
246174,0
165092,0
149773,0
134152,0
33820,0
181683,0
188735,0
236506,0
86209,0
58444,0
142157,0
164519,0
153916,0
188467,0
11,0
37356,0
31751,0
244677,0
10028,0
106619,0
20859,0
163976,0
195588,0
126721,0
6621,0
229123,0
190622,0
201659,0
265092,0
22227,0
14107,0
164451,0
34260,0
5171,0
175045,0
41812,0
87101,0
208430,0
148506,0
175332,0
236470,0
169171,0
90057,0
124902,0
220184,0
258837,0
238948,0
81952,0
190593,0
61743,0
76442,0
194404,0
49859,0
255152,0
151544,0
210255,0
92195,0
209088,0
177322,0
165719,0
219641,0
137756,0
20801,0
195307,0
179688,0
217356,0
89770,0
229500,0
112765,0
181942,0
87273,0
53651,0
71354,0
182689,0
8670,0
190258,0
109006,0
98750,0
238144,0
247042,0
104659,0
260686,0
116793,0
245631,0
20764,0
155483,0
87167,0
173038,0
198109,0
29952,0
122754,0
12318,0
101077,0
170797,0
2580,0
94092,0
6601,0
140625,0
14301,0
69737,0
196052,0
13319,0
262368,0
234429,0
212330,0
226214,0
192541,0
204142,0
176316,0
50612,0
12643,0
60493,0
97772,0
195422,0
169727,0
28460,0
260965,0
199064,0
50552,0
162869,0
108237,0
30612,0
224758,0
12080,0
98292,0
53001,0
13672,0
86287,0
197192,0
183855,0
56635,0
243419,0
51138,0
33996,0
217040,0
47259,0
141620,0
30096,0
6378,0
140776,0
219355,0
172719,0
71093,0
86505,0
113748,0
151443,0
50227,0
84757,0
165161,0
32449,0
181742,0
175286,0
161319,0
56301,0
168923,0
243645,0
122097,0
188904,0
84554,0
49499,0
207078,0
166867,0
198269,0
114629,0
177623,0
7395,0
98430,0
176538,0
94849,0
158027,0
95735,0
201467,0
177190,0
187639,0
207073,0
49898,0
86709,0
160892,0
162847,0
195189,0
188069,0
44509,0
15357,0
203108,0
56711,0
156230,0
16764,0
76089,0
242721,0
80225,0
252288,0
50845,0
187325,0
265708,0
39766,0
246002,0
53015,0
206040,0
42607,0
76392,0
110093,0
81496,0
15727,0
123696,0
212320,0
167664,0
261568,0
121378,0
172131,0
51869,0
79117,0
65901,0
63437,0
238827,0
235728,0
165749,0
148527,0
261590,0
48782,0
212502,0
130917,0
39660,0
131078,0
134714,0
46767,0
159902,0
37060,0
264356,0
45758,0
138643,0
81957,0
27216,0
41154,0
59410,0
105002,0
140856,0
213839,0
221320,0
196676,0
143235,0
212466,0
21311,0
25493,0
126780,0
87890,0
64950,0
23199,0
151662,0
177246,0
598,0
181706,0
18618,0
101176,0
122831,0
94196,0
124160,0
265808,0
14344,0
49830,0
135495,0
181232,0
15852,0
169618,0
185177,0
63993,0
145912,0
237870,0
167818,0
61127,0
27808,0
164835,0
74754,0
12918,0
141568,0
193242,0
168591,0
184228,0
150074,0
152597,0
190496,0
106040,0
129644,0
44976,0
168317,0
253222,0
211612,0
197052,0
202298,0
252256,0
117186,0
256101,0
74124,0
64507,0
204724,0
70379,0
100272,0
199764,0
42398,0
167849,0
79922,0
129406,0
180988,0
182415,0
166911,0
116708,0
196649,0
114854,0
100968,0
134358,0
154121,0
222160,0
38850,0
30753,0
195068,0
230974,0
49370,0
9337,0
203175,0
249442,0
79919,0
185851,0
142828,0
115850,0
180362,0
131909,0
114163,0
36068,0
161002,0
93426,0
37905,0
217287,0
143399,0
1770,0
207396,0
70248,0
72481,0
28098,0
198647,0
204096,0
127775,0
85696,0
25,0
219842,0
111604,0
35400,0
137631,0
28607,0
2629,0
26452,0
122613,0
210496,0
233859,0
199328,0
5617,0
107321,0
203014,0
12176,0
85938,0
24126,0
246394,0
109965,0
94270,0
139136,0
219299,0
174525,0
176568,0
173437,0
177129,0
141556,0
187270,0
139048,0
11350,0
156213,0
122201,0
147870,0
30524,0
136564,0
50759,0
44852,0
122473,0
209785,0
91601,0
200055,0
43942,0
197354,0
53698,0
4551,0
219365,0
262365,0
120723,0
258990,0
170513,0
265107,0
110042,0
98896,0
137569,0
233237,0
255024,0
228130,0
239829,0
178671,0
237408,0
174476,0
135882,0
68725,0
173416,0
44472,0
155101,0
41462,0
61823,0
258156,0
216521,0
37304,0
78269,0
175446,0
166971,0
179881,0
239954,0
141042,0
63336,0
200603,0
213558,0
118251,0
108883,0
35947,0
101067,0
260799,0
258903,0
31133,0
14525,0
162190,0
36963,0
8613,0
46169,0
128679,0
181324,0
144283,0
84738,0
50141,0
152951,0
38103,0
24196,0
56321,0
179834,0
97377,0
251787,0
183641,0
243118,0
73450,0
29150,0
45968,0
198222,0
227766,0
54654,0
96017,0
85147,0
195371,0
106324,0
16650,0
7845,0
89413,0
154107,0
120969,0
152954,0
10486,0
64159,0
25271,0
65912,0
85954,0
2528,0
203010,0
250108,0
75410,0
264740,0
78611,0
79029,0
85415,0
29927,0
5548,0
78230,0
79186,0
25759,0
243646,0
114403,0
193839,0
203244,0
37718,0
95810,0
115047,0
46854,0
91214,0
245614,0
58574,0
111149,0
51913,0
38465,0
39035,0
120623,0
216857,0
74665,0
83922,0
152449,0
161314,0
56194,0
116874,0
54214,0
252144,0
264765,0
262499,0
137263,0
48891,0
56989,0
55450,0
143845,0
194727,0
1208,0
163417,0
22359,0
115193,0
210247,0
119731,0
81718,0
140897,0
159322,0
3405,0
184777,0
61845,0
149548,0
158926,0
145569,0
115790,0
23285,0
224797,0
221777,0
242603,0
202883,0
143797,0
123526,0
120284,0
153433,0
163120,0
152064,0
95545,0
19605,0
178350,0
100880,0
206277,0
87910,0
124984,0
257402,0
52365,0
12216,0
55558,0
264598,0
228824,0
19440,0
83683,0
107836,0
182260,0
214193,0
95316,0
98853,0
45714,0
110369,0
226917,0
214203,0
168934,0
93916,0
175273,0
57905,0
47540,0
19813,0
63934,0
241866,0
48794,0
209326,0
105858,0
93022,0
243900,0
264315,0
185652,0
202610,0
136542,0
255651,0
141283,0
187008,0
86555,0
222810,0
148740,0
53771,0
228155,0
127723,0
198227,0
264417,0
126190,0
220887,0
259419,0
138709,0
136552,0
40302,0
2584,0
73609,0
112514,0
225653,0
235306,0
174925,0
175680,0
63803,0
120408,0
92539,0
7431,0
132014,0
139382,0
31155,0
260095,0
233601,0
29772,0
201304,0
249964,0
90942,0
155523,0
47616,0
205705,0
85102,0
120090,0
9477,0
87967,0
182562,0
101239,0
240779,0
87138,0
223117,0
167820,0
90544,0
176695,0
36624,0
216980,0
23642,0
26111,0
56637,0
223267,0
98181,0
80702,0
89164,0
142708,0
29522,0
165001,0
156763,0
16360,0
216362,0
51977,0
168587,0
152194,0
209845,0
261045,0
265027,0
232509,0
22143,0
166204,0
177900,0
144617,0
42622,0
138758,0
113187,0
150685,0
37407,0
49318,0
246779,0
65456,0
100206,0
210197,0
60355,0
182042,0
101320,0
106913,0
35160,0
90453,0
223603,0
86433,0
40986,0
12624,0
193595,0
7057,0
166206,0
126219,0
240230,0
180483,0
240646,0
161762,0
118630,0
246642,0
245130,0
100935,0
111848,0
193428,0
263756,0
83086,0
161686,0
135721,0
227845,0
208961,0
85807,0
240359,0
34982,0
63053,0
243270,0
65315,0
234878,0
121005,0
104716,0
107673,0
96082,0
157002,0
240224,0
217911,0
22904,0
181397,0
39950,0
15747,0
150879,0
83375,0
225892,0
182213,0
169908,0
242658,0
145187,0
794,0
11734,0
128627,0
266369,0
170419,0
161121,0
204720,0
78407,0
222383,0
68496,0
243427,0
181929,0
78089,0
17862,0
14322,0
250888,0
190203,0
178481,0
84630,0
240544,0
15941,0
155619,0
154734,0
29201,0
95690,0
147899,0
230338,0
166839,0
126629,0
1392,0
156974,0
110904,0
87023,0
150089,0
147758,0
234422,0
22002,0
231034,0
180455,0
168329,0
239709,0
62829,0
8825,0
266505,0
19409,0
92642,0
186641,0
75333,0
195482,0
249528,0
228043,0
154638,0
250642,0
118727,0
133486,0
140308,0
241243,0
257380,0
101884,0
188901,0
109449,0
175424,0
254562,0
230591,0
260910,0
62390,0
32022,0
177460,0
124970,0
116131,0
139207,0
207349,0
198185,0
71247,0
227946,0
201237,0
244237,0
7346,0
155027,0
179340,0
259720,0
94538,0
21073,0
203033,0
30361,0
160155,0
66496,0
152412,0
136842,0
127198,0
75082,0
169799,0
203322,0
168695,0
248294,0
110257,0
88263,0
118743,0
128560,0
145314,0
90808,0
248865,0
99887,0
195718,0
212315,0
232414,0
19201,0
81262,0
245923,0
145465,0
172937,0
86224,0
89446,0
56721,0
71788,0
180425,0
42964,0
102916,0
16493,0
169406,0
172454,0
210522,0
87630,0
226185,0
196736,0
230783,0
167954,0
17264,0
23119,0
234541,0
66252,0
196445,0
11151,0
109650,0
93027,0
92639,0
121787,0
248254,0
100325,0
63492,0
139860,0
89221,0
135750,0
39930,0
42297,0
195264,0
103733,0
206043,0
11848,0
234889,0
154924,0
48077,0
231561,0
77646,0
212547,0
227759,0
94090,0
173258,0
93804,0
252961,0
148538,0
3446,0
103459,0
58703,0
181206,0
181270,0
57121,0
27173,0
213401,0
174199,0
4885,0
112643,0
140844,0
19588,0
188974,0
255371,0
170912,0
1058,0
142020,0
215779,0
104025,0
168707,0
90196,0
220958,0
228138,0
26240,0
113970,0
232833,0
15622,0
96200,0
14648,0
237582,0
211852,0
193782,0
22298,0
83648,0
123940,0
249162,0
15181,0
4523,0
148677,0
43209,0
146341,0
206475,0
65295,0
250728,0
140653,0
26760,0
47923,0
232969,0
205395,0
239686,0
79388,0
60709,0
60994,0
183422,0
142506,0
65337,0
167439,0
83923,0
49814,0
127515,0
233394,0
167323,0
162232,0
2879,0
185410,0
221858,0
70523,0
201638,0
140468,0
72907,0
37720,0
204365,0
209613,0
91484,0
193533,0
87694,0
75688,0
4376,0
172082,0
264481,0
181222,0
46286,0
129278,0
23628,0
137418,0
111717,0
124785,0
146893,0
206258,0
146900,0
224421,0
256668,0
104119,0
142723,0
83397,0
230032,0
175099,0
245126,0
74711,0
76270,0
221338,0
228545,0
190041,0
55612,0
79018,0
214815,0
1730,0
250912,0
152580,0
132516,0
44702,0
73231,0
112984,0
78052,0
146722,0
14640,0
132534,0
172367,0
43550,0
38492,0
159356,0
138552,0
65027,0
187003,0
64258,0
132767,0
66220,0
64546,0
117369,0
160287,0
171235,0
226438,0
245448,0
39741,0
173479,0
255358,0
252275,0
155473,0
44362,0
146265,0
261807,0
47105,0
7012,0
139114,0
245265,0
100605,0
215354,0
40966,0
31029,0
113765,0
47421,0
229286,0
204006,0
147010,0
120003,0
247186,0
210140,0
32133,0
111874,0
215003,0
178428,0
166068,0
81949,0
228346,0
185911,0
87871,0
175433,0
87474,0
131631,0
73132,0
104565,0
2901,0
140757,0
249606,0
16111,0
129638,0
80368,0
144086,0
151933,0
142760,0
220010,0
104290,0
43879,0
166229,0
86107,0
72541,0
222755,0
252644,0
170942,0
92884,0
93181,0
248207,0
136003,0
30422,0
261263,0
93211,0
133021,0
29585,0
82925,0
79822,0
134296,0
114713,0
243632,0
205220,0
51954,0
65041,0
32188,0
114325,0
95475,0
43323,0
22981,0
230006,0
6859,0
223577,0
32912,0
159037,0
66938,0
31356,0
223169,0
154814,0
133641,0
63237,0
220502,0
71478,0
173181,0
172772,0
241317,0
62694,0
21735,0
139753,0
48317,0
184208,0
37962,0
111369,0
12424,0
113757,0
45439,0
73541,0
11687,0
178636,0
217758,0
12085,0
84435,0
160122,0
219932,0
154522,0
98191,0
177578,0
57195,0
57367,0
92819,0
236844,0
251669,0
33021,0
147189,0
21372,0
191777,0
3257,0
196822,0
120985,0
243948,0
12093,0
132325,0
119170,0
202869,0
16756,0
235802,0
62153,0
48939,0
23122,0
176,0
241918,0
222064,0
213579,0
234240,0
184480,0
4604,0
21328,0
167640,0
80983,0
80485,0
116515,0
127873,0
25640,0
116080,0
60767,0
217054,0
141875,0
183877,0
230911,0
84363,0
94540,0
162862,0
180945,0
127463,0
9784,0
48058,0
214461,0
119150,0
134395,0
204690,0
29951,0
92466,0
114774,0
169264,0
4433,0
79609,0
163800,0
45635,0
70629,0
156277,0
265359,0
63522,0
41618,0
115934,0
105816,0
204527,0
209790,0
91846,0
170329,0
183687,0
134260,0
143200,0
6710,0
41192,0
229429,0
81238,0
18785,0
215184,0
14976,0
253761,0
59650,0
112110,0
182795,0
139,0
187631,0
228505,0
16391,0
129802,0
169533,0
266180,0
117002,0
247017,0
34862,0
53524,0
1774,0
132657,0
260360,0
182029,0
11978,0
89092,0
144858,0
147105,0
2150,0
253240,0
16663,0
236593,0
135462,0
125947,0
265674,0
155347,0
182447,0
30920,0
136815,0
103524,0
97436,0
140266,0
69982,0
50707,0
150450,0
218628,0
69885,0
50325,0
175379,0
26544,0
218271,0
913,0
193592,0
243506,0
227553,0
206303,0
213358,0
195409,0
82974,0
50795,0
22111,0
109731,0
37617,0
172633,0
136157,0
65906,0
199210,0
42098,0
197623,0
96881,0
29638,0
194982,0
216408,0
54094,0
101189,0
167599,0
116038,0
116423,0
203049,0
6789,0
98087,0
215441,0
97991,0
31668,0
124819,0
164089,0
141105,0
93829,0
251023,0
139670,0
189133,0
70240,0
176113,0
257143,0
137308,0
71732,0
34169,0
41047,0
8396,0
204153,0
6938,0
49181,0
68721,0
232754,0
56148,0
135013,0
127516,0
222464,0
199483,0
152407,0
66238,0
4660,0
74170,0
109783,0
167159,0
217736,0
265479,0
74121,0
205634,0
218716,0
192086,0
216312,0
67583,0
189460,0
149178,0
157810,0
113981,0
142429,0
6888,0
105425,0
116493,0
132065,0
107572,0
132677,0
49125,0
3910,0
20021,0
240878,0
115030,0
151775,0
165182,0
168967,0
101091,0
252464,0
2945,0
85738,0
96679,0
173198,0
25971,0
23982,0
206713,0
13974,0
257638,0
120798,0
44375,0
120179,0
249074,0
112580,0
199786,0
93510,0
263197,0
111942,0
245177,0
213626,0
43057,0
93468,0
178865,0
110811,0
147866,0
68215,0
110707,0
204125,0
130606,0
147567,0
75958,0
141031,0
120783,0
233634,0
242063,0
101440,0
186790,0
86220,0
92444,0
251155,0
12300,0
186542,0
104413,0
163750,0
20838,0
199569,0
69042,0
241195,0
23972,0
233219,0
101457,0
138121,0
117991,0
191974,0
65086,0
157560,0
75049,0
157457,0
207984,0
200771,0
12483,0
76632,0
60413,0
240390,0
44238,0
14208,0
23038,0
35638,0
132694,0
76020,0
214505,0
146883,0
120750,0
132332,0
11612,0
9699,0
177343,0
65459,0
263424,0
125844,0
254715,0
59366,0
79477,0
5861,0
177126,0
88805,0
203309,0
35116,0
201787,0
179137,0
151847,0
220195,0
37434,0
243496,0
261330,0
167747,0
28677,0
93594,0
59425,0
160487,0
98373,0
236505,0
95537,0
52613,0
139769,0
35975,0
241174,0
109681,0
215124,0
159401,0
21420,0
210882,0
90880,0
100328,0
230713,0
169282,0
66518,0
22548,0
264082,0
23271,0
152466,0
73901,0
248982,0
3421,0
127121,0
146616,0
181087,0
115711,0
182424,0
116064,0
72928,0
210810,0
99572,0
168820,0
250779,0
223156,0
77210,0
229105,0
230764,0
222778,0
108998,0
233569,0
19931,0
188269,0
173599,0
113070,0
125547,0
201075,0
30551,0
156900,0
181844,0
177337,0
129203,0
16331,0
162386,0
221018,0
204123,0
12589,0
41718,0
240767,0
78949,0
39629,0
64594,0
70072,0
221193,0
100536,0
42240,0
229079,0
33405,0
230944,0
163080,0
180609,0
262017,0
129333,0
161056,0
194961,0
43553,0
10078,0
109610,0
160260,0
47329,0
73319,0
100613,0
138449,0
20916,0
161706,0
118379,0
245351,0
251225,0
111221,0
245907,0
143491,0
248872,0
118309,0
5685,0
52034,0
39804,0
136083,0
188297,0
208308,0
185741,0
195033,0
209496,0
21266,0
49236,0
255015,0
46186,0
232559,0
255965,0
60458,0
212351,0
225489,0
160355,0
36277,0
189140,0
62092,0
104670,0
65717,0
23570,0
254170,0
114814,0
163118,0
95225,0
199650,0
93574,0
190448,0
126628,0
32804,0
118109,0
80337,0
51955,0
11742,0
158078,0
142812,0
36247,0
234886,0
194429,0
195700,0
187024,0
120877,0
53645,0
199311,0
239530,0
216942,0
78340,0
66682,0
24035,0
234178,0
137025,0
68627,0
246120,0
162356,0
26058,0
129090,0
83346,0
178252,0
56663,0
193599,0
234706,0
117610,0
140758,0
148617,0
247269,0
173443,0
42929,0
27037,0
199782,0
194382,0
154239,0
50532,0
110485,0
225427,0
99220,0
142560,0
195756,0
107597,0
90244,0
73274,0
142658,0
118625,0
253288,0
27092,0
37523,0
59157,0
222240,0
72184,0
3641,0
2081,0
46152,0
184914,0
8595,0
62570,0
251245,0
160244,0
136747,0
150296,0
181993,0
113245,0
244387,0
7321,0
211136,0
172926,0
105299,0
241581,0
115892,0
231456,0
167414,0
65063,0
81200,0
174957,0
142807,0
110740,0
82872,0
109499,0
53797,0
120912,0
12104,0
51308,0
125750,0
118485,0
12034,0
118248,0
166042,0
173425,0
122479,0
46013,0
74306,0
182233,0
88882,0
168908,0
85047,0
90461,0
117348,0
263543,0
184834,0
166974,0
134558,0
257580,0
170415,0
202744,0
215217,0
242351,0
28912,0
1147,0
156708,0
121067,0
81231,0
194238,0
19291,0
118683,0
142791,0
32808,0
69996,0
224948,0
169333,0
92656,0
257922,0
121774,0
82602,0
71170,0
29711,0
5821,0
82038,0
26330,0
55664,0
255182,0
266522,0
65256,0
237090,0
47415,0
141450,0
22320,0
87690,0
266496,0
201626,0
261304,0
47348,0
163386,0
84181,0
15898,0
235236,0
138440,0
224216,0
236874,0
53446,0
78136,0
157580,0
98855,0
166694,0
199030,0
210586,0
52836,0
263987,0
146556,0
257049,0
255327,0
51947,0
8393,0
1861,0
55123,0
1554,0
62450,0
145391,0
248811,0
215912,0
121148,0
33148,0
238133,0
126183,0
148094,0
39188,0
153180,0
34468,0
182005,0
13469,0
55851,0
191651,0
40335,0
2391,0
155960,0
106692,0
261901,0
101428,0
127205,0
265343,0
64493,0
255974,0
236910,0
56216,0
138255,0
98284,0
250315,0
233671,0
258684,0
35474,0
194368,0
166115,0
31661,0
244671,0
168474,0
105589,0
10727,0
198934,0
156862,0
92782,0
225758,0
238589,0
201347,0
169883,0
187223,0
9107,0
217680,0
168627,0
175421,0
64374,0
261252,0
107335,0
210276,0
129757,0
161207,0
224362,0
96728,0
136863,0
168029,0
109049,0
93833,0
249896,0
82645,0
86385,0
10517,0
98400,0
93496,0
104756,0
174372,0
140614,0
102503,0
249726,0
216709,0
90842,0
123658,0
107943,0
129810,0
97946,0
91687,0
212817,0
46556,0
12570,0
23954,0
7404,0
239424,0
228733,0
84932,0
49534,0
213631,0
245303,0
256330,0
260030,0
257722,0
3710,0
203018,0
217747,0
145460,0
57206,0
2471,0
115581,0
218301,0
12573,0
576,0
154216,0
68321,0
203809,0
170746,0
143739,0
108945,0
62184,0
91074,0
151451,0
39946,0
153150,0
21820,0
51677,0
180407,0
93691,0
76606,0
49088,0
28712,0
25311,0
216619,0
143215,0
256107,0
44546,0
174018,0
11349,0
116548,0
235260,0
5855,0
28776,0
136524,0
127009,0
175263,0
116215,0
243788,0
121961,0
12065,0
245895,0
255004,0
44490,0
242907,0
256510,0
215203,0
66100,0
191505,0
45926,0
33658,0
203749,0
121906,0
22528,0
33666,0
195574,0
209904,0
81105,0
198824,0
170121,0
191851,0
60113,0
32674,0
67865,0
240377,0
61051,0
63712,0
95512,0
156876,0
190477,0
45473,0
211241,0
142439,0
205532,0
38383,0
197934,0
175268,0
74369,0
248078,0
177708,0
78498,0
130777,0
2210,0
60108,0
78766,0
144569,0
165825,0
154092,0
260576,0
193048,0
251310,0
87922,0
115499,0
238208,0
215994,0
207667,0
218232,0
137825,0
52141,0
51307,0
94991,0
125532,0
234036,0
133159,0
131769,0
45515,0
185627,0
55054,0
255742,0
130404,0
219848,0
95183,0
109930,0
102913,0
12030,0
56600,0
84464,0
39992,0
29218,0
102194,0
47377,0
112291,0
128653,0
77201,0
45088,0
31437,0
10087,0
146562,0
194712,0
127836,0
164463,0
114780,0
186463,0
216961,0
130561,0
135775,0
40800,0
11898,0
235914,0
40575,0
259798,0
231941,0
44655,0
166088,0
209500,0
190279,0
234510,0
130167,0
75048,0
161051,0
1196,0
180608,0
126979,0
97457,0
150966,0
11087,0
40783,0
206260,0
82066,0
38248,0
193357,0
166901,0
36859,0
233586,0
165508,0
19248,0
148616,0
49817,0
254334,0
257802,0
96103,0
251967,0
135278,0
60867,0
76429,0
250000,0
35803,0
38996,0
46547,0
237816,0
252116,0
46552,0
38821,0
35406,0
134801,0
256187,0
185005,0
252684,0
140026,0
84125,0
208147,0
31,0
71284,0
4426,0
182945,0
228811,0
173871,0
65230,0
135707,0
261000,0
259952,0
40881,0
17907,0
113764,0
10880,0
40855,0
38648,0
90410,0
1074,0
57848,0
187012,0
239735,0
76946,0
205636,0
237624,0
124832,0
219334,0
22578,0
251176,0
259941,0
165594,0
171069,0
205323,0
218233,0
11449,0
2979,0
11051,0
154935,0
127191,0
214265,0
117383,0
82867,0
52236,0
257649,0
72385,0
121642,0
37488,0
45099,0
239823,0
25084,0
75519,0
104463,0
15951,0
17046,0
19040,0
63030,0
211487,0
238734,0
240808,0
8756,0
66758,0
25964,0
223986,0
173470,0
139377,0
150752,0
43496,0
178263,0
196513,0
223404,0
15347,0
14832,0
74071,0
15062,0
196372,0
170223,0
22258,0
100023,0
68765,0
164262,0
171673,0
49013,0
30367,0
146103,0
210014,0
63603,0
38666,0
128538,0
45899,0
82208,0
227452,0
13860,0
100558,0
124100,0
164450,0
265160,0
22360,0
19176,0
145434,0
182607,0
182724,0
106232,0
259854,0
129509,0
237061,0
191906,0
141078,0
11368,0
32193,0
211337,0
157190,0
140649,0
7068,0
138043,0
134752,0
264068,0
20809,0
205742,0
102966,0
183672,0
95774,0
227123,0
70808,0
138011,0
13961,0
220021,0
244304,0
259638,0
198074,0
163447,0
174020,0
140497,0
83190,0
106887,0
239908,0
25728,0
182812,0
106546,0
181731,0
65697,0
233079,0
87769,0
5845,0
37813,0
168954,0
186171,0
14455,0
237583,0
10784,0
40078,0
259304,0
82149,0
223568,0
52635,0
2745,0
41253,0
226406,0
171820,0
259794,0
237309,0
221465,0
189093,0
60315,0
250206,0
214491,0
54301,0
192436,0
129651,0
64108,0
138402,0
102848,0
254969,0
86421,0
104137,0
171644,0
108063,0
81993,0
52572,0
38784,0
56704,0
30545,0
52102,0
169389,0
214118,0
149761,0
209377,0
254401,0
239404,0
61604,0
101454,0
46789,0
260762,0
50950,0
132841,0
222059,0
163075,0
187324,0
136127,0
36188,0
102888,0
220778,0
7938,0
77267,0
85611,0
227092,0
37471,0
122953,0
147853,0
229937,0
74046,0
115054,0
192006,0
96553,0
235462,0
245264,0
205174,0
7361,0
72065,0
203399,0
86140,0
182585,0
254803,0
63032,0
189306,0
152274,0
224296,0
261806,0
215865,0
53064,0
149243,0
174768,0
235902,0
235575,0
68297,0
111432,0
162284,0
100884,0
276,0
221215,0
236601,0
57963,0
5047,0
175546,0
8360,0
257417,0
122121,0
226500,0
174348,0
111063,0
247852,0
57957,0
223426,0
93206,0
100040,0
262065,0
116380,0
213162,0
43932,0
261985,0
185273,0
214013,0
239322,0
100243,0
32233,0
21961,0
221627,0
128356,0
234127,0
4306,0
178281,0
255170,0
195497,0
83314,0
225167,0
67701,0
2516,0
91711,0
213845,0
254504,0
220207,0
25719,0
41955,0
165415,0
180855,0
125638,0
231533,0
46512,0
91344,0
114809,0
93666,0
217601,0
107967,0
122288,0
196883,0
97817,0
243032,0
252128,0
172961,0
121293,0
105157,0
71411,0
171955,0
136063,0
137573,0
48061,0
210550,0
104851,0
215226,0
246732,0
134929,0
171706,0
60427,0
78314,0
53534,0
244402,0
216889,0
53862,0
141062,0
241903,0
48276,0
26522,0
131847,0
149695,0
198581,0
21700,0
203198,0
29511,0
23296,0
250626,0
78142,0
97132,0
28817,0
72360,0
245064,0
50965,0
99459,0
248177,0
225419,0
1428,0
238947,0
75786,0
171011,0
201389,0
32991,0
188227,0
55823,0
194916,0
234330,0
93631,0
115723,0
18057,0
70716,0
132232,0
262519,0
3279,0
38284,0
115671,0
252323,0
82857,0
8709,0
265102,0
178565,0
136968,0
218211,0
79142,0
59581,0
82569,0
186415,0
180086,0
167214,0
167017,0
135931,0
230581,0
54539,0
85383,0
35889,0
99171,0
179887,0
222760,0
35582,0
146127,0
173298,0
38125,0
134197,0
23805,0
263195,0
232683,0
90810,0
234911,0
166093,0
44333,0
196735,0
5109,0
153231,0
126987,0
62159,0
241359,0
204864,0
12565,0
87297,0
104786,0
261250,0
167464,0
51614,0
148664,0
101344,0
206695,0
1080,0
125785,0
215601,0
126923,0
170298,0
139455,0
126301,0
40982,0
145297,0
203671,0
53949,0
61226,0
156079,0
108756,0
255693,0
6069,0
62205,0
228697,0
114237,0
224277,0
240863,0
87147,0
264324,0
208215,0
244514,0
56956,0
195393,0
199117,0
61601,0
149305,0
168804,0
4634,0
70304,0
162094,0
263915,0
124907,0
195550,0
260632,0
5960,0
208270,0
54413,0
18737,0
18515,0
19993,0
82330,0
227622,0
200224,0
83194,0
17643,0
226805,0
253903,0
236387,0
50867,0
66251,0
14708,0
158508,0
157499,0
186963,0
29558,0
62298,0
142209,0
167398,0
263727,0
100585,0
109428,0
89951,0
32294,0
188527,0
200560,0
72014,0
85554,0
137576,0
115049,0
8951,0
238921,0
105219,0
240337,0
54178,0
75604,0
258748,0
194688,0
213682,0
170979,0
97812,0
14588,0
179464,0
105452,0
96108,0
127650,0
58456,0
134079,0
196227,0
220979,0
176183,0
100011,0
117408,0
112376,0
182001,0
241691,0
120886,0
7355,0
244403,0
120634,0
39749,0
212654,0
204532,0
4274,0
187506,0
241642,0
191854,0
239241,0
195342,0
56086,0
140943,0
220522,0
147545,0
220167,0
219152,0
41244,0
61085,0
153784,0
61244,0
210879,0
182121,0
218535,0
81091,0
60088,0
207454,0
44266,0
98660,0
61182,0
79784,0
129901,0
191364,0
77240,0
264855,0
213893,0
85427,0
22802,0
43655,0
181659,0
259548,0
224052,0
77056,0
46774,0
227896,0
263270,0
3453,0
203637,0
128601,0
243665,0
195530,0
239361,0
96368,0
266234,0
93268,0
236350,0
171215,0
177288,0
59532,0
166437,0
135194,0
136875,0
211908,0
180513,0
157296,0
20354,0
122921,0
93836,0
263430,0
177664,0
184139,0
139435,0
35865,0
74770,0
41068,0
197193,0
182844,0
236320,0
208705,0
58866,0
43783,0
229485,0
132590,0
75693,0
211899,0
150591,0
6477,0
259266,0
218441,0
238879,0
117614,0
234062,0
122480,0
222005,0
255245,0
208749,0
151982,0
16625,0
29549,0
155008,0
191003,0
15900,0
256030,0
140342,0
95264,0
194439,0
62130,0
130288,0
6961,0
85628,0
50824,0
114143,0
231951,0
91100,0
22377,0
41981,0
25910,0
134278,0
85331,0
86785,0
217240,0
217286,0
226563,0
108390,0
178755,0
186443,0
215371,0
121621,0
263693,0
138283,0
215889,0
138843,0
42007,0
87991,0
260135,0
31176,0
189845,0
127158,0
210026,0
148356,0
168397,0
42927,0
101913,0
167010,0
53218,0
11855,0
258696,0
118034,0
169539,0
96325,0
259281,0
6084,0
188650,0
38078,0
121526,0
130188,0
58162,0
184775,0
259107,0
61421,0
170052,0
145056,0
139995,0
33328,0
245226,0
108475,0
22022,0
72285,0
181524,0
156489,0
1043,0
146577,0
205709,0
20350,0
52494,0
186992,0
105468,0
8142,0
219508,0
54056,0
257883,0
12227,0
19437,0
235266,0
158322,0
21293,0
142066,0
218722,0
208600,0
223184,0
140597,0
2271,0
24059,0
33062,0
264772,0
104564,0
23371,0
9332,0
138560,0
192093,0
158710,0
13238,0
122380,0
249969,0
250001,0
90267,0
138908,0
85367,0
217236,0
244614,0
82449,0
214691,0
208503,0
2109,0
38426,0
233091,0
95865,0
180200,0
143585,0
75365,0
263144,0
117033,0
262946,0
66094,0
231512,0
5016,0
100122,0
105605,0
72304,0
45043,0
130781,0
65078,0
22441,0
29329,0
145022,0
79701,0
254826,0
196611,0
5187,0
207564,0
82563,0
10992,0
177071,0
40328,0
180709,0
72231,0
223963,0
235001,0
236479,0
245122,0
233505,0
260859,0
230899,0
20739,0
132376,0
257204,0
11231,0
80153,0
128542,0
4495,0
218707,0
59095,0
99257,0
241696,0
246070,0
123326,0
219613,0
140415,0
35191,0
213470,0
63177,0
178535,0
69343,0
80999,0
34931,0
137483,0
94844,0
75112,0
183242,0
54808,0
158259,0
180811,0
35863,0
29752,0
237958,0
262034,0
128802,0
165275,0
249773,0
181684,0
69950,0
140946,0
31658,0
88655,0
188753,0
203827,0
68118,0
258189,0
24995,0
232014,0
260985,0
220929,0
94796,0
204927,0
69964,0
60065,0
120052,0
206502,0
72634,0
91108,0
206623,0
113842,0
171873,0
97276,0
33047,0
191807,0
105252,0
3175,0
11835,0
87305,0
81311,0
262741,0
88531,0
19881,0
168569,0
127628,0
80446,0
180433,0
101479,0
7297,0
79022,0
86178,0
117041,0
120005,0
230801,0
17315,0
152246,0
106077,0
247917,0
241979,0
195725,0
249098,0
173174,0
259094,0
210711,0
62147,0
108509,0
38074,0
20667,0
222878,0
148000,0
252432,0
53500,0
170257,0
105566,0
94247,0
118429,0
227069,0
211902,0
22318,0
13486,0
116207,0
180120,0
5716,0
78119,0
20357,0
103213,0
154392,0
192145,0
251448,0
195695,0
240018,0
175470,0
223909,0
173875,0
82211,0
124504,0
183610,0
251194,0
94391,0
238110,0
13549,0
258018,0
137918,0
16487,0
181418,0
164670,0
156211,0
29152,0
220663,0
152267,0
6736,0
154207,0
222507,0
58468,0
49310,0
143272,0
190028,0
123502,0
231176,0
257934,0
260506,0
17585,0
223999,0
163904,0
198683,0
116703,0
216983,0
188523,0
137395,0
162047,0
131336,0
233869,0
61837,0
238120,0
182633,0
233330,0
189447,0
227104,0
103491,0
225693,0
41084,0
180958,0
51075,0
244733,0
146739,0
166791,0
87300,0
156445,0
110433,0
144491,0
75094,0
202415,0
223736,0
265069,0
255291,0
151803,0
89191,0
219682,0
18681,0
46837,0
119421,0
212425,0
259909,0
124540,0
40279,0
78655,0
217232,0
179579,0
2597,0
31435,0
259896,0
135500,0
62938,0
129151,0
212880,0
51548,0
86665,0
85422,0
70574,0
119064,0
239896,0
28334,0
185069,0
249182,0
247911,0
196085,0
169842,0
238192,0
240343,0
96087,0
154308,0
86134,0
159006,0
38977,0
213486,0
23058,0
50991,0
55887,0
9461,0
183674,0
216019,0
21165,0
83523,0
66393,0
121170,0
151075,0
199691,0
147204,0
95548,0
243686,0
66730,0
228518,0
198664,0
48366,0
157698,0
206956,0
247558,0
9410,0
28000,0
256793,0
109721,0
130193,0
240672,0
135932,0
171146,0
70278,0
129640,0
24540,0
5883,0
112622,0
70432,0
13338,0
250530,0
41676,0
232523,0
175440,0
44273,0
207096,0
247741,0
75469,0
79775,0
2126,0
151558,0
51404,0
148755,0
137679,0
163222,0
78749,0
206734,0
70112,0
215468,0
238646,0
245129,0
12445,0
23439,0
104442,0
182036,0
58550,0
174585,0
222833,0
76655,0
256,0
91279,0
14064,0
37288,0
108569,0
139772,0
145698,0
257182,0
135989,0
78695,0
202181,0
19489,0
58352,0
92405,0
95042,0
76168,0
30547,0
122443,0
163464,0
159997,0
102902,0
260110,0
121822,0
7652,0
185494,0
186908,0
97576,0
192005,0
27315,0
27958,0
203998,0
127638,0
150223,0
227528,0
75765,0
61434,0
89275,0
146212,0
63387,0
225871,0
103257,0
255180,0
82899,0
95351,0
203315,0
172964,0
71515,0
250238,0
187736,0
170244,0
16301,0
216831,0
162954,0
114293,0
164383,0
110111,0
52080,0
98958,0
87427,0
184803,0
264923,0
70752,0
136609,0
79406,0
64792,0
96922,0
52334,0
120837,0
253343,0
110956,0
173454,0
16981,0
154508,0
33625,0
211882,0
217011,0
119439,0
125182,0
251330,0
257776,0
53136,0
25808,0
93381,0
66733,0
191649,0
133628,0
45715,0
94154,0
10518,0
27980,0
255558,0
16412,0
161375,0
17455,0
200780,0
127451,0
14001,0
127594,0
264590,0
157950,0
167767,0
86426,0
19286,0
116491,0
262471,0
30957,0
107808,0
168816,0
19647,0
44891,0
67942,0
110725,0
79285,0
237267,0
6751,0
119018,0
236414,0
176524,0
58309,0
198242,0
223147,0
118071,0
111770,0
54183,0
13660,0
177928,0
88482,0
194592,0
66472,0
119353,0
255185,0
202392,0
257641,0
144583,0
178571,0
105956,0
254567,0
37345,0
255328,0
24362,0
146462,0
80210,0
97288,0
12162,0
179112,0
178536,0
91755,0
26957,0
90834,0
177659,0
239488,0
155796,0
51124,0
28107,0
145305,0
91893,0
246065,0
65182,0
1897,0
183902,0
178684,0
141650,0
176776,0
173781,0
26858,0
182241,0
153489,0
264515,0
86024,0
114185,0
203099,0
186285,0
74884,0
125391,0
199562,0
187282,0
226994,0
80746,0
186623,0
10235,0
111404,0
253836,0
232209,0
139506,0
99026,0
158173,0
265946,0
26704,0
26778,0
155381,0
51425,0
259359,0
30614,0
125483,0
233119,0
128541,0
64127,0
252169,0
61608,0
261015,0
55360,0
188139,0
65164,0
154536,0
60294,0
141694,0
204747,0
33429,0
229224,0
109075,0
246295,0
33280,0
95922,0
248151,0
157997,0
204239,0
181200,0
240796,0
236820,0
199598,0
240318,0
115016,0
186241,0
246217,0
194358,0
11496,0
57989,0
120114,0
172467,0
169790,0
150247,0
33638,0
191519,0
134545,0
181095,0
89293,0
116011,0
213416,0
171581,0
265496,0
229812,0
10775,0
76683,0
131198,0
63268,0
143320,0
134180,0
78826,0
35966,0
109967,0
170441,0
28245,0
255089,0
95809,0
255262,0
205549,0
14909,0
259506,0
64972,0
17086,0
67454,0
207536,0
229871,0
196302,0
265584,0
124031,0
134727,0
79667,0
241088,0
144653,0
36411,0
177163,0
219961,0
131488,0
211797,0
134964,0
199976,0
130803,0
72125,0
19227,0
126120,0
61766,0
254705,0
25254,0
60694,0
18345,0
179424,0
168166,0
175146,0
41650,0
242861,0
175085,0
162265,0
138417,0
64954,0
170816,0
239492,0
11377,0
158855,0
31102,0
92567,0
120356,0
51154,0
23149,0
23653,0
193659,0
179337,0
42907,0
17913,0
227201,0
249290,0
80897,0
58523,0
68672,0
51389,0
93584,0
118950,0
142353,0
257029,0
162060,0
84359,0
246267,0
31403,0
116652,0
152629,0
6100,0
215710,0
191992,0
117950,0
114773,0
129847,0
180068,0
208725,0
14767,0
91636,0
52451,0
9571,0
124646,0
89229,0
260255,0
226503,0
20035,0
61773,0
23329,0
95390,0
55224,0
193464,0
261915,0
229894,0
62064,0
128974,0
3578,0
62962,0
51736,0
103651,0
210507,0
77561,0
78280,0
27395,0
70397,0
255301,0
215196,0
166327,0
259466,0
218863,0
183064,0
120501,0
189703,0
147820,0
14084,0
193963,0
192777,0
4968,0
210685,0
161213,0
96835,0
168115,0
212961,0
5106,0
142357,0
236723,0
6428,0
219336,0
151368,0
80927,0
1513,0
246214,0
232327,0
99554,0
106584,0
224059,0
259693,0
123689,0
103698,0
2436,0
239781,0
110717,0
5672,0
178622,0
168534,0
53289,0
114296,0
95078,0
266556,0
251366,0
22757,0
226324,0
248120,0
48501,0
85371,0
192938,0
165477,0
214393,0
6148,0
37280,0
209795,0
144778,0
179439,0
11256,0
142338,0
75968,0
234817,0
91549,0
95177,0
199721,0
120558,0
179478,0
236095,0
136468,0
32594,0
60351,0
146594,0
87040,0
115936,0
230718,0
160239,0
201732,0
19373,0
38567,0
255958,0
127426,0
257449,0
244271,0
253395,0
237713,0
81493,0
193918,0
227019,0
207130,0
64829,0
71960,0
25301,0
176574,0
208309,0
160698,0
77818,0
71454,0
258707,0
10751,0
187508,0
238516,0
260393,0
126377,0
140211,0
93473,0
79633,0
241704,0
17724,0
18108,0
218976,0
48781,0
27316,0
236184,0
58052,0
265334,0
125628,0
79606,0
118937,0
200440,0
91107,0
113304,0
82497,0
168447,0
224267,0
81305,0
263272,0
120575,0
182531,0
255788,0
57410,0
265451,0
213370,0
244661,0
255124,0
3625,0
200085,0
35752,0
34686,0
253475,0
186380,0
201964,0
148570,0
263755,0
178425,0
233986,0
250004,0
63253,0
236615,0
236674,0
132592,0
59058,0
259375,0
191220,0
236309,0
195433,0
28386,0
258148,0
90685,0
80522,0
197172,0
85831,0
38594,0
61116,0
228926,0
244911,0
134524,0
241588,0
235687,0
196716,0
209048,0
127809,0
218825,0
115004,0
96141,0
77861,0
26373,0
113681,0
139668,0
248074,0
234452,0
108530,0
127468,0
167572,0
264370,0
127251,0
83444,0
22048,0
211970,0
115804,0
215849,0
40500,0
146044,0
227430,0
222157,0
4628,0
107907,0
79681,0
74226,0
182453,0
178326,0
238364,0
191817,0
176475,0
159702,0
260957,0
149206,0
124697,0
16418,0
197589,0
245690,0
164910,0
3939,0
93158,0
197527,0
67297,0
63652,0
156999,0
177672,0
51015,0
85139,0
177699,0
74029,0
213943,0
241723,0
247642,0
214059,0
256895,0
2795,0
197423,0
106520,0
78381,0
126299,0
48275,0
228540,0
109733,0
202440,0
84538,0
64963,0
150484,0
86233,0
70217,0
59134,0
135831,0
252252,0
12858,0
14631,0
107578,0
167342,0
23345,0
52808,0
68167,0
84126,0
58969,0
168085,0
25064,0
142235,0
75017,0
249103,0
15315,0
13476,0
149841,0
182671,0
73533,0
199268,0
166482,0
241692,0
47670,0
254003,0
189754,0
108697,0
67078,0
208012,0
100864,0
252160,0
191605,0
156227,0
13267,0
1766,0
59324,0
33838,0
183230,0
145790,0
188855,0
17699,0
134106,0
165636,0
166597,0
224050,0
220844,0
83199,0
11878,0
217558,0
2485,0
14197,0
170217,0
114956,0
26624,0
2849,0
263417,0
241636,0
102306,0
143741,0
116316,0
147363,0
189164,0
113375,0
250741,0
11286,0
166334,0
41071,0
76444,0
9932,0
69760,0
240010,0
235039,0
137337,0
135647,0
29750,0
206948,0
130461,0
121001,0
14264,0
149433,0
125069,0
131267,0
26796,0
254457,0
118237,0
88341,0
115814,0
42263,0
154801,0
664,0
133582,0
143180,0
46956,0
145228,0
259009,0
129352,0
41511,0
177627,0
263464,0
24279,0
48546,0
230955,0
101568,0
214697,0
84344,0
69090,0
166828,0
42343,0
136627,0
96413,0
171972,0
61117,0
43647,0
215234,0
240841,0
15092,0
228530,0
197534,0
143689,0
227672,0
115114,0
170420,0
73446,0
143441,0
264000,0
99233,0
221648,0
31492,0
190455,0
128324,0
234717,0
10698,0
132375,0
118842,0
87982,0
191688,0
20701,0
257803,0
110751,0
159312,0
247067,0
183383,0
113725,0
53484,0
102641,0
236518,0
109804,0
133532,0
200324,0
177112,0
155443,0
25115,0
202136,0
134804,0
94107,0
223836,0
266063,0
45010,0
44507,0
210338,0
120439,0
17254,0
144656,0
54195,0
117308,0
211060,0
260714,0
111345,0
204227,0
33184,0
251053,0
23327,0
211391,0
170749,0
114785,0
128106,0
128725,0
152581,0
243955,0
220700,0
99427,0
11089,0
199669,0
211428,0
208444,0
195807,0
91709,0
85839,0
15553,0
85385,0
164760,0
92759,0
108408,0
230348,0
98803,0
154193,0
158092,0
63768,0
157271,0
229566,0
59034,0
54207,0
184536,0
162395,0
230557,0
177902,0
36527,0
190912,0
223400,0
113938,0
66589,0
184635,0
96926,0
41699,0
32706,0
250889,0
224931,0
40613,0
37612,0
197944,0
139016,0
169821,0
39719,0
107504,0
73805,0
243551,0
42469,0
187132,0
137671,0
203448,0
11564,0
224213,0
80979,0
105882,0
108725,0
76421,0
191146,0
222019,0
185036,0
126439,0
154042,0
117939,0
9556,0
165461,0
93954,0
221355,0
41673,0
38150,0
34224,0
6529,0
258319,0
3818,0
26920,0
151796,0
81265,0
253706,0
2111,0
164162,0
239318,0
141091,0
161470,0
205700,0
224214,0
81566,0
158504,0
162609,0
171658,0
109855,0
77881,0
73787,0
259666,0
136447,0
79709,0
157496,0
94750,0
7050,0
260640,0
182466,0
254341,0
85843,0
224527,0
113314,0
36072,0
173360,0
253845,0
52568,0
13352,0
155043,0
99426,0
186145,0
261016,0
48155,0
141935,0
168422,0
257373,0
244902,0
38336,0
199661,0
64197,0
141695,0
148295,0
150019,0
238992,0
255322,0
33639,0
196305,0
37013,0
78934,0
200887,0
23264,0
18557,0
35754,0
219723,0
62861,0
185168,0
178449,0
143277,0
222220,0
263777,0
55334,0
199478,0
45448,0
108700,0
233044,0
37114,0
201855,0
15411,0
209140,0
162737,0
142703,0
66757,0
214748,0
23831,0
100165,0
19842,0
220633,0
232267,0
41519,0
113783,0
48353,0
31003,0
261491,0
92,0
233020,0
142482,0
136933,0
77023,0
259598,0
255085,0
178415,0
54966,0
71192,0
127044,0
106948,0
120384,0
67034,0
113294,0
107444,0
227132,0
264451,0
99136,0
168590,0
94744,0
106655,0
181597,0
55562,0
124445,0
188931,0
609,0
21038,0
20362,0
77014,0
155488,0
50244,0
25004,0
265319,0
65032,0
196025,0
222669,0
81349,0
118276,0
80863,0
146106,0
80469,0
2132,0
91360,0
14612,0
80436,0
265505,0
59596,0
61920,0
129781,0
112014,0
227691,0
102325,0
143325,0
44206,0
217710,0
191235,0
148315,0
185216,0
258341,0
252570,0
155664,0
122024,0
173889,0
120214,0
180779,0
117622,0
14854,0
98995,0
16957,0
200853,0
21760,0
196526,0
166392,0
131218,0
204478,0
104414,0
162292,0
103277,0
71073,0
35176,0
32723,0
148376,0
221586,0
7855,0
50989,0
204547,0
195176,0
243666,0
229388,0
238774,0
122765,0
30799,0
65259,0
97918,0
71647,0
161554,0
48166,0
179981,0
129444,0
140880,0
246427,0
5326,0
96766,0
77207,0
251767,0
40960,0
231398,0
13371,0
76989,0
200351,0
44226,0
160003,0
215529,0
213452,0
146596,0
124856,0
198687,0
229060,0
109351,0
123851,0
49403,0
160842,0
22705,0
209519,0
114365,0
7336,0
124669,0
76441,0
225196,0
62345,0
168951,0
189693,0
1669,0
16106,0
105373,0
17652,0
106125,0
67969,0
191201,0
205699,0
112710,0
105644,0
75949,0
169195,0
15734,0
123446,0
205837,0
19392,0
169732,0
255137,0
9030,0
42376,0
138909,0
37784,0
24374,0
149253,0
72469,0
255206,0
181150,0
218107,0
146983,0
198468,0
138642,0
108976,0
119494,0
26766,0
5846,0
69446,0
214354,0
97980,0
105433,0
136606,0
214543,0
9935,0
245766,0
106499,0
211831,0
240161,0
163466,0
121788,0
132293,0
164343,0
235734,0
229591,0
241211,0
178379,0
262912,0
255962,0
4079,0
119412,0
93673,0
155601,0
220159,0
34226,0
81334,0
85685,0
55012,0
113276,0
220241,0
183523,0
47769,0
117563,0
219159,0
134020,0
89911,0
105972,0
200589,0
243481,0
154747,0
44117,0
157584,0
209276,0
140392,0
113034,0
266434,0
3432,0
234689,0
253916,0
226923,0
131129,0
17854,0
259655,0
233339,0
73989,0
43023,0
65129,0
181131,0
242356,0
101762,0
145156,0
235621,0
139529,0
170940,0
243488,0
29153,0
204480,0
147636,0
53037,0
52730,0
232215,0
152192,0
26730,0
53830,0
205929,0
174647,0
15184,0
199152,0
264575,0
36100,0
22763,0
206095,0
235381,0
50130,0
151980,0
156795,0
131722,0
128892,0
241484,0
203905,0
95140,0
195559,0
144505,0
201876,0
145254,0
41054,0
37454,0
51504,0
84232,0
292,0
255850,0
75368,0
201656,0
235533,0
51329,0
182257,0
99818,0
221578,0
77854,0
223370,0
128312,0
125469,0
97019,0
1369,0
220735,0
258901,0
25842,0
40741,0
158459,0
143936,0
175164,0
55087,0
161154,0
219497,0
241221,0
105642,0
8030,0
65565,0
182739,0
49086,0
63820,0
12291,0
253463,0
237495,0
225547,0
221895,0
43605,0
54387,0
213619,0
41607,0
256359,0
123534,0
152758,0
58894,0
150446,0
107455,0
139567,0
84679,0
160760,0
164726,0
15299,0
110307,0
85968,0
48164,0
234805,0
56587,0
219985,0
39679,0
165529,0
110221,0
14690,0
234322,0
29871,0
112467,0
262237,0
248686,0
98780,0
6366,0
155543,0
258504,0
78016,0
132552,0
77566,0
245918,0
202706,0
242382,0
122707,0
254063,0
124855,0
74791,0
183382,0
26120,0
44997,0
44805,0
19771,0
251993,0
27118,0
218688,0
236949,0
27794,0
128753,0
252282,0
49330,0
117715,0
96271,0
122208,0
150815,0
257133,0
240029,0
264782,0
192459,0
663,0
208333,0
28371,0
157160,0
176641,0
102210,0
68433,0
120838,0
256837,0
134117,0
25708,0
112398,0
28428,0
208361,0
61137,0
85757,0
27161,0
33559,0
15609,0
175541,0
179786,0
168417,0
197883,0
74802,0
262992,0
39864,0
185029,0
27240,0
186400,0
49045,0
255166,0
29605,0
228607,0
89288,0
206975,0
140990,0
43634,0
159652,0
767,0
9818,0
166258,0
109048,0
735,0
195564,0
248090,0
87218,0
90682,0
221766,0
265048,0
131804,0
249237,0
103785,0
184440,0
199878,0
230908,0
33232,0
254617,0
124459,0
188573,0
144208,0
54091,0
99058,0
152545,0
48935,0
133390,0
60029,0
139051,0
254230,0
48585,0
75142,0
136786,0
263477,0
52501,0
128891,0
49986,0
150226,0
234530,0
249463,0
94742,0
1169,0
213837,0
49252,0
115076,0
60878,0
188778,0
181774,0
178400,0
89955,0
221081,0
119063,0
245663,0
58960,0
99351,0
182056,0
126148,0
142569,0
53287,0
57329,0
23218,0
92665,0
259554,0
170909,0
156534,0
124380,0
225302,0
55136,0
58265,0
85873,0
169783,0
164273,0
10540,0
143761,0
61283,0
120589,0
106255,0
247796,0
22238,0
90501,0
99937,0
79921,0
169040,0
104676,0
99505,0
150198,0
177339,0
203939,0
25630,0
263267,0
229268,0
167724,0
59664,0
930,0
221322,0
198888,0
123752,0
132591,0
192249,0
218368,0
199614,0
67575,0
130263,0
1496,0
169092,0
89943,0
132649,0
53582,0
156377,0
154037,0
134609,0
160490,0
92977,0
212875,0
115574,0
82110,0
221301,0
150316,0
73692,0
196336,0
40605,0
191527,0
125089,0
103858,0
99831,0
265068,0
189113,0
63386,0
65859,0
96182,0
158051,0
101856,0
67428,0
98639,0
146858,0
29817,0
99884,0
78138,0
156993,0
11191,0
184566,0
257921,0
205234,0
128728,0
191989,0
156541,0
104560,0
44090,0
39651,0
110476,0
249874,0
103682,0
20955,0
89926,0
34920,0
256138,0
122260,0
94823,0
30668,0
158804,0
43644,0
76577,0
252916,0
12913,0
106029,0
6936,0
135222,0
188647,0
86229,0
187034,0
98032,0
174196,0
70790,0
18159,0
40671,0
172635,0
129898,0
71188,0
227644,0
158956,0
137998,0
206832,0
242450,0
133741,0
28379,0
201470,0
61015,0
5301,0
44355,0
119247,0
11608,0
78778,0
103661,0
172395,0
2289,0
205901,0
74654,0
216701,0
257260,0
100078,0
247565,0
235419,0
177015,0
174718,0
248077,0
41865,0
17866,0
159432,0
64331,0
156604,0
132655,0
207843,0
188055,0
104452,0
209428,0
255639,0
48139,0
116631,0
141698,0
83658,0
244506,0
135637,0
234099,0
140477,0
140672,0
210632,0
131800,0
209827,0
266604,0
69580,0
184698,0
209148,0
113905,0
242665,0
11303,0
139170,0
22835,0
157411,0
29415,0
224759,0
175553,0
123268,0
112866,0
81943,0
166138,0
161682,0
89120,0
49899,0
7556,0
188372,0
211239,0
176804,0
189816,0
168894,0
259297,0
91625,0
92432,0
4592,0
251740,0
80630,0
94181,0
42305,0
43128,0
183044,0
245189,0
31001,0
107896,0
32983,0
237825,0
26235,0
248551,0
228418,0
35829,0
258655,0
135770,0
257173,0
262304,0
187064,0
186740,0
4784,0
63120,0
250807,0
223971,0
128733,0
146422,0
261875,0
88687,0
105783,0
228992,0
157152,0
2974,0
249668,0
88215,0
126493,0
211467,0
197712,0
263679,0
37368,0
117059,0
48125,0
252170,0
57011,0
171265,0
167030,0
243567,0
192297,0
190237,0
141946,0
19188,0
174358,0
15028,0
17100,0
166356,0
209801,0
144518,0
139295,0
37548,0
20358,0
220331,0
41867,0
175473,0
238264,0
33235,0
150992,0
172363,0
75927,0
54044,0
89668,0
18101,0
73775,0
54942,0
5173,0
265073,0
103373,0
37649,0
68111,0
89265,0
26837,0
113128,0
130654,0
52660,0
33637,0
177172,0
189291,0
135641,0
136330,0
258942,0
207316,0
181654,0
263569,0
125344,0
29933,0
231935,0
4542,0
178979,0
91971,0
177062,0
205238,0
122199,0
107915,0
83048,0
82039,0
31975,0
119906,0
601,0
112401,0
200381,0
141837,0
163623,0
114599,0
62028,0
136451,0
40437,0
62428,0
178354,0
211007,0
152598,0
14956,0
258412,0
30701,0
227357,0
95018,0
122917,0
126379,0
186652,0
209137,0
38216,0
35101,0
145828,0
211005,0
228768,0
141898,0
191300,0
251007,0
25128,0
192731,0
193363,0
97336,0
27817,0
88432,0
229179,0
89551,0
21437,0
19595,0
129968,0
54749,0
233736,0
163777,0
46838,0
187875,0
82557,0
198805,0
171156,0
96943,0
109612,0
138330,0
92344,0
33241,0
149020,0
181294,0
16382,0
61725,0
222191,0
45977,0
172135,0
121733,0
247849,0
154985,0
209903,0
64850,0
178266,0
12110,0
44726,0
129753,0
195156,0
176386,0
12019,0
42959,0
201599,0
227568,0
262797,0
151049,0
145649,0
197689,0
259312,0
246828,0
36598,0
156907,0
103404,0
168900,0
170702,0
54765,0
91194,0
2475,0
203458,0
104304,0
159419,0
138042,0
256686,0
204960,0
74846,0
130494,0
254583,0
167317,0
201052,0
14518,0
83221,0
66207,0
208004,0
52341,0
36526,0
76205,0
218198,0
232133,0
224151,0
62959,0
14164,0
138831,0
31177,0
122133,0
27611,0
50953,0
58000,0
185138,0
178426,0
213244,0
73631,0
192655,0
207058,0
260551,0
148251,0
60556,0
263186,0
220283,0
28319,0
75840,0
129091,0
138442,0
244491,0
248709,0
185803,0
97224,0
260073,0
135827,0
132230,0
210677,0
158391,0
246409,0
38287,0
101028,0
151116,0
3354,0
261543,0
7717,0
261414,0
129839,0
38200,0
44179,0
181049,0
125561,0
81884,0
179419,0
256170,0
146295,0
80112,0
77213,0
178226,0
208867,0
13503,0
21241,0
253795,0
227245,0
211859,0
168676,0
3065,0
266303,0
182227,0
178328,0
68400,0
34652,0
46161,0
252180,0
11995,0
53505,0
130433,0
23325,0
174735,0
64614,0
252628,0
72068,0
78624,0
38715,0
10351,0
257671,0
79710,0
183101,0
258998,0
148477,0
115330,0
80422,0
129896,0
22354,0
80227,0
62955,0
34244,0
25296,0
102164,0
217654,0
101214,0
181002,0
197673,0
114589,0
190346,0
211740,0
53181,0
87514,0
77846,0
199804,0
236878,0
18744,0
171543,0
231042,0
225870,0
25491,0
31675,0
187943,0
128026,0
192612,0
10941,0
247114,0
82037,0
111658,0
8267,0
9227,0
210446,0
139764,0
142334,0
253316,0
9698,0
173427,0
100497,0
60014,0
86280,0
29910,0
159579,0
152972,0
126319,0
253367,0
91075,0
182052,0
120620,0
166837,0
160004,0
120006,0
238346,0
73693,0
235449,0
36086,0
181148,0
143050,0
117533,0
38950,0
191398,0
28543,0
104655,0
169918,0
136383,0
183418,0
233837,0
83403,0
124546,0
172427,0
174368,0
93701,0
99521,0
161074,0
174088,0
53469,0
207821,0
178998,0
3029,0
154923,0
246753,0
225413,0
32736,0
123150,0
225774,0
253711,0
145969,0
240876,0
253110,0
101540,0
9722,0
146635,0
172238,0
17864,0
265905,0
46097,0
69937,0
85437,0
242745,0
24079,0
175568,0
164738,0
211266,0
66604,0
98304,0
65110,0
169747,0
249894,0
35136,0
132739,0
11378,0
228351,0
49412,0
181791,0
141484,0
235768,0
34516,0
178144,0
137445,0
170643,0
198324,0
13798,0
166161,0
125746,0
211008,0
10147,0
215303,0
82719,0
34588,0
97365,0
252976,0
179735,0
216994,0
66944,0
112172,0
73850,0
220626,0
162564,0
262703,0
158836,0
57505,0
10587,0
40231,0
7204,0
181000,0
150577,0
191144,0
214906,0
12037,0
41959,0
75652,0
120664,0
48988,0
100824,0
18266,0
27781,0
22724,0
61995,0
251327,0
174141,0
29667,0
112702,0
51774,0
55548,0
253043,0
32578,0
262397,0
218034,0
39608,0
114193,0
227781,0
132121,0
249171,0
214006,0
161321,0
83343,0
157527,0
247765,0
190468,0
19303,0
15850,0
89729,0
118690,0
43918,0
140547,0
220220,0
166678,0
170443,0
99122,0
37035,0
31142,0
259613,0
189354,0
261379,0
151249,0
119473,0
52527,0
68814,0
55036,0
238570,0
34321,0
134815,0
47661,0
222762,0
180392,0
126970,0
161843,0
151532,0
28147,0
100953,0
9986,0
146629,0
138289,0
169056,0
121544,0
18287,0
162755,0
53555,0
170528,0
135587,0
221800,0
205107,0
139747,0
88635,0
152686,0
70733,0
101411,0
91475,0
250622,0
264312,0
99082,0
67363,0
265291,0
46272,0
104187,0
55397,0
156009,0
113654,0
70822,0
244270,0
116360,0
256432,0
11196,0
140639,0
6530,0
177286,0
255352,0
132250,0
4712,0
110669,0
99012,0
68053,0
8356,0
15340,0
37067,0
133026,0
178359,0
254338,0
145973,0
17012,0
57869,0
239913,0
45464,0
174049,0
247172,0
137350,0
17982,0
14418,0
235208,0
157690,0
9452,0
48124,0
108694,0
29800,0
225459,0
80369,0
192905,0
217115,0
115665,0
174751,0
202373,0
146028,0
215418,0
115944,0
138162,0
125067,0
231898,0
232852,0
121908,0
34789,0
190085,0
162721,0
256559,0
22281,0
198814,0
97860,0
86203,0
36261,0
209014,0
48778,0
175154,0
98212,0
140666,0
42519,0
200382,0
119255,0
15019,0
126037,0
79479,0
227084,0
106217,0
149521,0
138517,0
13127,0
33513,0
155568,0
257835,0
55305,0
35636,0
15699,0
207239,0
25013,0
109621,0
183290,0
77390,0
203644,0
59345,0
5608,0
265279,0
493,0
118029,0
50100,0
53311,0
123352,0
914,0
111498,0
215466,0
89420,0
12666,0
91861,0
133168,0
19617,0
7763,0
77420,0
93261,0
60559,0
229215,0
232712,0
146319,0
133153,0
41155,0
53764,0
237884,0
133341,0
159879,0
147004,0
26099,0
121412,0
191489,0
138072,0
31361,0
134687,0
239068,0
172059,0
177634,0
151947,0
84580,0
15993,0
235824,0
177881,0
233761,0
39522,0
45100,0
10779,0
101634,0
219796,0
45787,0
158690,0
215423,0
2374,0
81573,0
51120,0
148191,0
127166,0
72753,0
205682,0
234462,0
81255,0
226922,0
184129,0
221849,0
39692,0
242718,0
157592,0
133949,0
168788,0
128902,0
101488,0
2102,0
156428,0
87074,0
245657,0
257660,0
224292,0
81239,0
96016,0
149522,0
72446,0
199353,0
212631,0
94663,0
237087,0
212716,0
53247,0
33768,0
146663,0
19706,0
155484,0
253593,0
120322,0
238714,0
58268,0
137658,0
205908,0
247123,0
196790,0
260780,0
99824,0
245186,0
157899,0
128410,0
94058,0
251358,0
85754,0
149367,0
198113,0
116520,0
217809,0
91018,0
120272,0
59264,0
47266,0
57441,0
225686,0
206214,0
264152,0
116922,0
205412,0
71141,0
205361,0
120188,0
84615,0
92891,0
130525,0
28182,0
5508,0
105886,0
171350,0
189165,0
141323,0
42418,0
8901,0
35352,0
257937,0
12601,0
80228,0
7120,0
247801,0
230396,0
239162,0
15782,0
36530,0
74062,0
210982,0
166665,0
146902,0
129446,0
54836,0
168723,0
122748,0
15648,0
189289,0
118645,0
131330,0
239826,0
228012,0
183013,0
181586,0
118402,0
234216,0
139993,0
95417,0
39116,0
174268,0
215033,0
43852,0
122531,0
80803,0
189188,0
3036,0
156561,0
94151,0
210445,0
206371,0
193596,0
50855,0
121134,0
209234,0
163666,0
41872,0
30611,0
102710,0
243530,0
5251,0
94961,0
90786,0
54902,0
125425,0
79882,0
236383,0
81842,0
72327,0
82395,0
82503,0
71210,0
39175,0
60285,0
1034,0
49957,0
197415,0
228702,0
69974,0
17911,0
170175,0
35384,0
104515,0
136214,0
227793,0
109290,0
62317,0
114929,0
153157,0
47176,0
99320,0
246558,0
64800,0
247021,0
52210,0
140109,0
174014,0
91154,0
68736,0
38622,0
238334,0
29912,0
135168,0
125810,0
204121,0
187572,0
243717,0
109107,0
172328,0
17765,0
199339,0
57205,0
53815,0
27608,0
100045,0
265491,0
74574,0
204308,0
254507,0
127316,0
84604,0
131323,0
136505,0
105987,0
219276,0
61684,0
37549,0
181383,0
265641,0
19135,0
45511,0
68046,0
7887,0
258424,0
185402,0
223684,0
205069,0
74610,0
225643,0
112863,0
70384,0
129417,0
175746,0
46816,0
250646,0
35532,0
193993,0
123588,0
50581,0
139692,0
21798,0
17013,0
162860,0
16973,0
78741,0
173394,0
119268,0
61475,0
172739,0
153274,0
249605,0
79586,0
118632,0
174680,0
112379,0
21576,0
141738,0
45760,0
11678,0
95891,0
55475,0
80662,0
139545,0
253430,0
179304,0
218930,0
111386,0
19750,0
145954,0
76883,0
165723,0
41289,0
76845,0
7998,0
24213,0
151656,0
184841,0
30021,0
187589,0
102116,0
208320,0
71493,0
85446,0
94119,0
79248,0
88077,0
67814,0
93196,0
172375,0
122936,0
211426,0
99106,0
264718,0
193158,0
59263,0
130808,0
58300,0
155262,0
161125,0
136566,0
213552,0
98613,0
86037,0
187022,0
99877,0
105971,0
191408,0
15314,0
66815,0
240997,0
162211,0
246105,0
31957,0
11140,0
245144,0
166719,0
165117,0
191959,0
224339,0
72508,0
26533,0
90815,0
126801,0
133163,0
3002,0
150650,0
169130,0
117646,0
41395,0
75461,0
158989,0
248012,0
110038,0
28641,0
163951,0
126122,0
254600,0
222136,0
186614,0
61646,0
225423,0
96761,0
221917,0
176767,0
217351,0
116187,0
72694,0
83477,0
140746,0
160075,0
63319,0
198933,0
262624,0
2987,0
11376,0
244984,0
3231,0
68984,0
155277,0
101516,0
27166,0
96523,0
253118,0
208119,0
127509,0
71116,0
235468,0
10945,0
75099,0
82936,0
59261,0
104056,0
70097,0
3930,0
1073,0
25095,0
263598,0
16502,0
1924,0
190278,0
86688,0
261859,0
206887,0
247097,0
65306,0
20480,0
172314,0
71198,0
184160,0
60431,0
114286,0
211259,0
208567,0
219393,0
225572,0
159052,0
93705,0
113672,0
180649,0
245381,0
149353,0
165794,0
73401,0
158865,0
194153,0
7095,0
216300,0
107798,0
84479,0
226579,0
168083,0
256253,0
46946,0
78947,0
97848,0
242943,0
124794,0
75845,0
156368,0
131647,0
63145,0
152446,0
186988,0
41257,0
94974,0
199715,0
61161,0
113093,0
247743,0
86334,0
32382,0
184426,0
14632,0
170795,0
121933,0
74885,0
197652,0
102856,0
127216,0
211979,0
32095,0
199683,0
173238,0
264427,0
9279,0
134432,0
201375,0
25967,0
311,0
221674,0
92975,0
250702,0
183969,0
76464,0
188842,0
245166,0
247752,0
203042,0
133667,0
128600,0
60364,0
53786,0
122136,0
219243,0
257489,0
93909,0
202364,0
76456,0
163597,0
83767,0
172149,0
266199,0
153797,0
142117,0
104759,0
211924,0
145123,0
247444,0
233322,0
217127,0
132886,0
115950,0
78208,0
217290,0
13095,0
18684,0
76291,0
258123,0
231843,0
217763,0
4328,0
146611,0
41708,0
129952,0
56628,0
23691,0
108220,0
108822,0
46815,0
127338,0
33425,0
91301,0
84664,0
8086,0
106687,0
231578,0
90515,0
26104,0
20037,0
6786,0
68287,0
186471,0
109994,0
114374,0
134301,0
178608,0
97061,0
67045,0
77936,0
97062,0
160125,0
3832,0
178457,0
241976,0
86054,0
233134,0
127228,0
94421,0
263642,0
9673,0
96675,0
204768,0
93785,0
75349,0
212335,0
44126,0
205204,0
234411,0
118129,0
52647,0
178766,0
187984,0
174173,0
155750,0
124499,0
141590,0
29339,0
37868,0
170122,0
142473,0
187128,0
173548,0
71335,0
140595,0
350,0
177434,0
85229,0
198473,0
144572,0
59327,0
95674,0
104974,0
182217,0
27674,0
142181,0
92982,0
84586,0
142755,0
99237,0
216252,0
98774,0
147794,0
113858,0
188751,0
109115,0
46264,0
75580,0
238021,0
6767,0
79720,0
181391,0
126088,0
155439,0
142144,0
78001,0
89790,0
86073,0
151939,0
3657,0
103416,0
147156,0
245362,0
47636,0
26636,0
182382,0
260817,0
143720,0
24846,0
98452,0
195637,0
25905,0
146025,0
84198,0
222826,0
133533,0
103860,0
229124,0
123001,0
108960,0
232121,0
183755,0
180574,0
167502,0
93414,0
182114,0
264528,0
246087,0
215201,0
7674,0
108347,0
58589,0
108913,0
195069,0
16462,0
222864,0
209611,0
186864,0
79454,0
13357,0
122067,0
62557,0
159527,0
70648,0
259934,0
230866,0
213108,0
222325,0
216692,0
189863,0
39863,0
256055,0
73919,0
59513,0
82900,0
30272,0
46513,0
155565,0
96680,0
215664,0
6202,0
3795,0
49644,0
165024,0
163096,0
88938,0
31414,0
57809,0
93370,0
114272,0
36885,0
218821,0
264125,0
192520,0
33323,0
234296,0
137583,0
61055,0
138957,0
34596,0
33845,0
175597,0
75739,0
143527,0
134623,0
90245,0
40701,0
202995,0
79258,0
246564,0
75889,0
61808,0
175630,0
129824,0
89161,0
38014,0
17480,0
14025,0
127255,0
189119,0
160419,0
210697,0
236377,0
163839,0
185623,0
249860,0
206882,0
206130,0
31614,0
78053,0
116930,0
97871,0
259772,0
84409,0
203574,0
190217,0
135659,0
248663,0
134758,0
205624,0
176041,0
126999,0
189479,0
41503,0
227309,0
71120,0
202929,0
155721,0
55532,0
30369,0
262579,0
69930,0
8401,0
203257,0
129362,0
119710,0
48533,0
207788,0
194312,0
175868,0
120383,0
266414,0
257476,0
184327,0
196561,0
113629,0
220131,0
31381,0
186610,0
105217,0
137220,0
10435,0
143986,0
75136,0
45454,0
125274,0
79740,0
73281,0
179868,0
211858,0
12966,0
245995,0
164206,0
1935,0
229353,0
211862,0
114254,0
223093,0
58469,0
170719,0
37631,0
107917,0
8410,0
117158,0
62156,0
261658,0
244735,0
93656,0
31947,0
178985,0
155854,0
194007,0
189874,0
182557,0
190838,0
90549,0
63054,0
11472,0
75118,0
75354,0
71567,0
46142,0
209886,0
40357,0
98171,0
3392,0
64298,0
110196,0
101073,0
252615,0
240050,0
164019,0
126782,0
182639,0
136966,0
132252,0
179379,0
234639,0
114636,0
12699,0
91284,0
32042,0
71167,0
233050,0
146360,0
57688,0
22540,0
166120,0
196179,0
53618,0
193689,0
81455,0
42536,0
212050,0
226814,0
33868,0
33368,0
218284,0
102522,0
181058,0
187983,0
75951,0
259441,0
185209,0
249707,0
250631,0
217183,0
251387,0
85805,0
80938,0
230139,0
247567,0
66953,0
202049,0
102673,0
243837,0
101197,0
204675,0
92771,0
205510,0
240576,0
19026,0
21468,0
163694,0
104566,0
165447,0
64584,0
100589,0
36054,0
73511,0
226802,0
149813,0
17662,0
82023,0
178591,0
84317,0
204901,0
77066,0
238063,0
174929,0
235204,0
139961,0
158687,0
4853,0
230869,0
145089,0
66487,0
111685,0
261487,0
189082,0
120112,0
218206,0
199561,0
148009,0
135619,0
70768,0
224090,0
60188,0
253557,0
218813,0
213743,0
177925,0
55067,0
144793,0
149383,0
126159,0
73852,0
155563,0
120641,0
168044,0
53478,0
147366,0
118793,0
174800,0
44613,0
245662,0
47881,0
25002,0
129349,0
70688,0
153002,0
126160,0
154117,0
76894,0
4001,0
126587,0
150836,0
228381,0
99555,0
128115,0
259751,0
81690,0
189543,0
263869,0
82837,0
133665,0
133942,0
186454,0
127456,0
262836,0
201480,0
18800,0
202894,0
183070,0
138001,0
18560,0
95458,0
174478,0
15487,0
202663,0
57618,0
65239,0
95622,0
108751,0
173784,0
130313,0
196292,0
62973,0
74191,0
96042,0
132678,0
176269,0
236726,0
246364,0
61979,0
209698,0
32850,0
85915,0
85534,0
192974,0
165393,0
7386,0
32364,0
243764,0
117635,0
207432,0
229725,0
10137,0
71387,0
167902,0
89213,0
168282,0
76666,0
42641,0
52106,0
167650,0
160606,0
10726,0
63974,0
249603,0
208603,0
169536,0
104438,0
86166,0
135178,0
222582,0
56929,0
42009,0
170188,0
73558,0
255167,0
32733,0
246099,0
124258,0
55833,0
219389,0
135288,0
174978,0
157704,0
124821,0
43,0
35414,0
63107,0
140688,0
114681,0
178125,0
100139,0
20195,0
127440,0
164285,0
256898,0
70485,0
245645,0
18818,0
250273,0
245093,0
58768,0
106543,0
265575,0
30291,0
106043,0
35042,0
57535,0
160336,0
87456,0
188830,0
212333,0
2811,0
50618,0
214873,0
227859,0
204204,0
26504,0
196682,0
103638,0
176667,0
83530,0
216697,0
152600,0
264299,0
174015,0
35439,0
206401,0
23727,0
161984,0
250880,0
95307,0
177807,0
255018,0
240882,0
171922,0
57395,0
220589,0
124141,0
265328,0
171319,0
219606,0
236909,0
112809,0
216034,0
165407,0
235107,0
244862,0
12797,0
85924,0
183251,0
92721,0
4914,0
108314,0
172990,0
224761,0
141141,0
177584,0
36637,0
49962,0
125871,0
181940,0
62052,0
164353,0
105878,0
114387,0
63254,0
170392,0
142111,0
108445,0
77342,0
31089,0
75413,0
83743,0
202140,0
8436,0
13548,0
140572,0
191279,0
212008,0
153584,0
133545,0
67892,0
163833,0
85994,0
70347,0
156034,0
179500,0
68952,0
258732,0
207285,0
125039,0
85352,0
147542,0
96476,0
119925,0
46287,0
185603,0
244466,0
153529,0
94726,0
205693,0
106194,0
122004,0
249067,0
674,0
182291,0
127583,0
143944,0
172892,0
151641,0
4315,0
129808,0
105825,0
75275,0
211430,0
137428,0
178772,0
176437,0
23604,0
236421,0
234578,0
54281,0
37677,0
62907,0
148843,0
53749,0
130706,0
44380,0
102218,0
82213,0
69693,0
133952,0
158414,0
218196,0
164931,0
174944,0
62441,0
153891,0
245601,0
104347,0
205171,0
137595,0
119585,0
81299,0
42781,0
109032,0
30693,0
47347,0
5330,0
262941,0
256201,0
114308,0
24143,0
76855,0
87000,0
27035,0
194745,0
123784,0
118365,0
111563,0
254935,0
28496,0
249240,0
249497,0
129351,0
184263,0
97291,0
35629,0
171260,0
234038,0
51985,0
155427,0
159952,0
213859,0
146516,0
173487,0
181497,0
178920,0
150840,0
173757,0
222199,0
108300,0
79303,0
231246,0
167126,0
30317,0
125552,0
164930,0
173475,0
237881,0
47879,0
207572,0
197571,0
264660,0
153316,0
168039,0
38639,0
75838,0
99810,0
150068,0
251295,0
213350,0
1680,0
12444,0
112169,0
92671,0
205290,0
24177,0
240592,0
216328,0
132725,0
149189,0
224174,0
208060,0
115774,0
124105,0
121377,0
130831,0
228002,0
39274,0
164201,0
2631,0
104827,0
231489,0
222882,0
47045,0
221985,0
157225,0
265498,0
173076,0
188052,0
244859,0
145439,0
60978,0
142517,0
45846,0
106866,0
132510,0
163640,0
7179,0
135122,0
128618,0
158853,0
233898,0
218171,0
75376,0
23974,0
134076,0
152107,0
77919,0
107622,0
175895,0
36035,0
206142,0
37357,0
131591,0
112630,0
7428,0
101635,0
251437,0
204458,0
154690,0
258283,0
74821,0
4972,0
188305,0
242926,0
121773,0
224608,0
207681,0
131571,0
215187,0
65277,0
37991,0
110722,0
22867,0
111260,0
80591,0
171914,0
255162,0
237296,0
24832,0
172869,0
119344,0
192184,0
123675,0
252047,0
116912,0
205334,0
154915,0
195045,0
227890,0
71339,0
31357,0
48578,0
242407,0
591,0
25444,0
207663,0
167455,0
205861,0
227450,0
108615,0
83881,0
26674,0
122113,0
26048,0
167563,0
231059,0
149844,0
104511,0
234968,0
149627,0
220636,0
36045,0
177550,0
97710,0
94856,0
217850,0
9016,0
209547,0
111534,0
50125,0
94376,0
212752,0
19796,0
40958,0
219025,0
114001,0
173469,0
264367,0
161640,0
113081,0
145640,0
200137,0
38904,0
97545,0
91480,0
258473,0
49128,0
89422,0
255253,0
102237,0
125941,0
109016,0
76316,0
222641,0
239185,0
105199,0
207532,0
87099,0
97313,0
152230,0
182635,0
114063,0
100937,0
150972,0
27860,0
56578,0
13012,0
1105,0
226114,0
251368,0
139216,0
180364,0
161631,0
70692,0
94142,0
139286,0
116276,0
195939,0
156250,0
113968,0
66109,0
172195,0
95038,0
109409,0
250065,0
259904,0
142884,0
117435,0
57423,0
263490,0
211868,0
5765,0
184869,0
174312,0
265393,0
12906,0
243478,0
16804,0
178184,0
158573,0
112878,0
87949,0
205008,0
256614,0
152463,0
169722,0
202348,0
194846,0
40497,0
99325,0
236873,0
254163,0
56796,0
183596,0
197303,0
197366,0
100806,0
240449,0
13670,0
263725,0
140046,0
99783,0
215084,0
53915,0
182139,0
184333,0
200942,0
61500,0
232008,0
77075,0
156239,0
238092,0
120990,0
80004,0
77793,0
181,0
239186,0
171546,0
254895,0
199190,0
160938,0
243036,0
220554,0
199876,0
206438,0
107726,0
240828,0
23745,0
60928,0
8717,0
216449,0
61178,0
124741,0
160979,0
138501,0
161861,0
221493,0
6806,0
181082,0
117472,0
89618,0
112367,0
85142,0
112048,0
125542,0
189690,0
153396,0
12663,0
47796,0
161302,0
251850,0
204853,0
229364,0
233151,0
17594,0
10368,0
147787,0
96080,0
149612,0
122194,0
247226,0
77923,0
78104,0
222589,0
212657,0
246918,0
144525,0
49908,0
39386,0
153659,0
106992,0
135517,0
118126,0
161527,0
46648,0
222054,0
38241,0
79230,0
218706,0
265036,0
86879,0
53782,0
133417,0
12182,0
234793,0
241853,0
84356,0
192013,0
24444,0
96357,0
170535,0
17857,0
54493,0
251580,0
13867,0
135126,0
98151,0
123650,0
87112,0
252468,0
192099,0
241860,0
160934,0
137688,0
94118,0
110527,0
74634,0
254290,0
159022,0
42581,0
10177,0
193829,0
165480,0
90844,0
90158,0
152555,0
153866,0
196355,0
263208,0
94005,0
13191,0
259530,0
119770,0
45314,0
54554,0
227407,0
16148,0
43117,0
246320,0
168544,0
130330,0
57750,0
3008,0
175943,0
219281,0
160411,0
227442,0
2755,0
109301,0
25430,0
108735,0
103784,0
85853,0
83021,0
57448,0
87584,0
21110,0
154201,0
143010,0
89268,0
53432,0
209169,0
256483,0
111307,0
26338,0
254939,0
87631,0
261817,0
75925,0
188705,0
257939,0
135898,0
227414,0
161683,0
240956,0
174269,0
66323,0
149798,0
67311,0
35762,0
198126,0
17187,0
77665,0
41671,0
162444,0
170067,0
222040,0
207423,0
168176,0
67498,0
74894,0
264700,0
131098,0
87841,0
203737,0
71385,0
130854,0
73146,0
58934,0
57436,0
146385,0
90578,0
98847,0
105769,0
112574,0
168585,0
121967,0
19803,0
240944,0
53738,0
233959,0
103368,0
212023,0
60028,0
395,0
262422,0
20442,0
259467,0
26952,0
106212,0
250692,0
18214,0
147068,0
222905,0
46024,0
205587,0
264022,0
120437,0
89755,0
179151,0
139931,0
8887,0
188794,0
109478,0
183374,0
143827,0
161594,0
252059,0
249763,0
49984,0
55320,0
118388,0
20014,0
225219,0
214083,0
135224,0
116431,0
246277,0
31193,0
233940,0
124549,0
254718,0
43747,0
187218,0
140401,0
103973,0
77799,0
136893,0
128086,0
128767,0
265378,0
195614,0
116088,0
44095,0
249015,0
81930,0
122778,0
192585,0
202239,0
180146,0
182315,0
238993,0
155197,0
109664,0
241534,0
61695,0
254029,0
171224,0
262479,0
24691,0
254364,0
170531,0
185615,0
100313,0
23835,0
84122,0
160409,0
49925,0
179615,0
185779,0
2358,0
232880,0
176085,0
72815,0
178177,0
78524,0
102240,0
81769,0
175811,0
87508,0
184604,0
132948,0
150087,0
215851,0
216174,0
147476,0
211836,0
191670,0
154495,0
15669,0
182002,0
55665,0
198966,0
96006,0
108284,0
227848,0
234104,0
179238,0
20643,0
114621,0
127890,0
157882,0
193422,0
45748,0
30271,0
197600,0
165960,0
152182,0
200461,0
139835,0
60729,0
123314,0
41744,0
36172,0
154598,0
32892,0
36399,0
179625,0
259020,0
126447,0
259713,0
1498,0
151581,0
188814,0
44483,0
248479,0
126791,0
144532,0
213117,0
118716,0
87413,0
131632,0
224859,0
178843,0
46989,0
125540,0
244969,0
250454,0
139077,0
49738,0
137656,0
115533,0
19496,0
66606,0
137642,0
143899,0
81595,0
224563,0
103250,0
112419,0
230953,0
69567,0
207943,0
217959,0
139074,0
29249,0
138434,0
161300,0
223071,0
205094,0
80959,0
104780,0
50238,0
202431,0
253231,0
44998,0
57717,0
206151,0
101173,0
184735,0
208629,0
27989,0
74937,0
78419,0
180318,0
84417,0
202271,0
104871,0
72620,0
82434,0
147372,0
38763,0
100670,0
163188,0
120941,0
240587,0
1832,0
190368,0
147658,0
225622,0
113283,0
220880,0
152523,0
212250,0
122186,0
216011,0
222112,0
105943,0
116842,0
27557,0
115348,0
90260,0
6536,0
168458,0
189518,0
54081,0
106402,0
237365,0
78530,0
60452,0
90975,0
258818,0
62875,0
126097,0
244515,0
107716,0
265619,0
236245,0
235866,0
79131,0
164522,0
150723,0
60076,0
178704,0
119812,0
191056,0
16341,0
76822,0
125741,0
50469,0
89489,0
162612,0
172884,0
232749,0
187138,0
253453,0
205666,0
67462,0
46107,0
177396,0
8648,0
6757,0
211238,0
172999,0
48538,0
123217,0
237000,0
187281,0
31745,0
7497,0
56900,0
126546,0
82757,0
3875,0
81648,0
179316,0
214830,0
1802,0
6094,0
195934,0
139033,0
138140,0
132525,0
71983,0
245735,0
11810,0
194929,0
93625,0
200613,0
228459,0
103634,0
35184,0
35549,0
215726,0
62183,0
167093,0
224042,0
59575,0
101020,0
188551,0
264946,0
257199,0
187918,0
38035,0
101989,0
250538,0
221731,0
46488,0
236221,0
24015,0
122825,0
32876,0
126650,0
171896,0
24625,0
135600,0
1959,0
173850,0
1864,0
94339,0
185830,0
56597,0
94598,0
234292,0
169223,0
80593,0
241226,0
108116,0
26925,0
49268,0
265797,0
36770,0
14950,0
91977,0
154269,0
197764,0
220606,0
173649,0
251237,0
81762,0
121230,0
201236,0
169370,0
94079,0
82173,0
209460,0
186994,0
190868,0
263883,0
21074,0
221012,0
203038,0
138644,0
62285,0
69966,0
153012,0
94414,0
122052,0
253692,0
32629,0
143494,0
220185,0
260786,0
14262,0
125674,0
97306,0
49342,0
31632,0
181556,0
56680,0
209628,0
25360,0
243972,0
240271,0
177227,0
83493,0
121697,0
165090,0
203692,0
178010,0
99433,0
62906,0
253404,0
157769,0
107300,0
99732,0
134911,0
177318,0
39566,0
2722,0
86459,0
114070,0
113115,0
164324,0
166710,0
168984,0
174700,0
189625,0
242295,0
170083,0
228467,0
112245,0
92603,0
261728,0
189120,0
207895,0
77098,0
90372,0
266081,0
216497,0
214752,0
67980,0
63545,0
135768,0
32894,0
230968,0
237595,0
69164,0
28688,0
231092,0
74740,0
37980,0
8733,0
169077,0
94362,0
47995,0
235632,0
259364,0
144244,0
259493,0
234052,0
104085,0
40861,0
245295,0
42554,0
248494,0
246896,0
35868,0
251027,0
263536,0
56931,0
87349,0
124638,0
99378,0
225438,0
155028,0
108701,0
113173,0
132504,0
238418,0
100699,0
70133,0
217764,0
48448,0
36000,0
219192,0
187953,0
41887,0
177454,0
109386,0
14258,0
25494,0
189469,0
203421,0
247435,0
157003,0
173460,0
89270,0
10323,0
65865,0
241223,0
149446,0
224491,0
118045,0
206532,0
168402,0
174426,0
46500,0
216434,0
143147,0
105222,0
3438,0
201662,0
187217,0
189377,0
22373,0
254828,0
120776,0
117761,0
13279,0
62604,0
105411,0
89901,0
241592,0
160571,0
168995,0
181043,0
180331,0
171172,0
183967,0
192361,0
214555,0
126451,0
214889,0
149342,0
48692,0
188976,0
61616,0
10913,0
13244,0
72986,0
26526,0
218836,0
256757,0
65559,0
140902,0
147079,0
49963,0
199048,0
245452,0
132157,0
166887,0
208936,0
44722,0
200290,0
114000,0
216917,0
236451,0
155404,0
22900,0
125290,0
190435,0
90309,0
123262,0
46370,0
151344,0
121337,0
33694,0
248876,0
238512,0
126528,0
156897,0
153239,0
16906,0
112686,0
33385,0
234316,0
248329,0
110310,0
197606,0
176647,0
28054,0
57536,0
109828,0
31087,0
94767,0
90201,0
263152,0
111005,0
145582,0
27537,0
192577,0
82435,0
154404,0
70349,0
28736,0
130434,0
17236,0
47449,0
194756,0
4011,0
17231,0
21741,0
157896,0
159291,0
63778,0
33117,0
185559,0
169635,0
117192,0
247322,0
112205,0
19671,0
4142,0
192078,0
208557,0
50052,0
26083,0
251613,0
23315,0
222713,0
167693,0
190319,0
3627,0
258949,0
116705,0
215498,0
61309,0
247824,0
196047,0
242610,0
104634,0
127572,0
131586,0
56886,0
164631,0
165421,0
150085,0
220934,0
110276,0
35678,0
16511,0
165254,0
49530,0
8503,0
234511,0
12529,0
21954,0
234812,0
185582,0
173901,0
182464,0
151865,0
179209,0
117432,0
253727,0
129669,0
187043,0
142629,0
190553,0
25632,0
116508,0
150452,0
183817,0
49650,0
51871,0
175912,0
113008,0
163528,0
210662,0
87480,0
266302,0
103645,0
66021,0
206350,0
266297,0
235715,0
132473,0
81990,0
99137,0
65278,0
15758,0
103555,0
29475,0
153441,0
86078,0
3644,0
86684,0
256848,0
207343,0
107500,0
129828,0
134835,0
58013,0
87465,0
35251,0
54495,0
30908,0
182518,0
80768,0
185134,0
76384,0
138793,0
227700,0
86682,0
214349,0
157117,0
196165,0
103152,0
138232,0
137340,0
141475,0
181738,0
50608,0
112286,0
120845,0
224304,0
70932,0
37056,0
80457,0
23326,0
206124,0
26581,0
101611,0
128144,0
253661,0
202719,0
15985,0
132702,0
175982,0
53245,0
228431,0
14408,0
249322,0
261814,0
266015,0
117240,0
99738,0
71149,0
47980,0
252505,0
37809,0
134000,0
3879,0
25402,0
24784,0
85697,0
8415,0
176216,0
151102,0
145678,0
163275,0
226782,0
8421,0
36800,0
3882,0
11242,0
226701,0
220297,0
19100,0
10311,0
117030,0
121313,0
41886,0
233521,0
193189,0
218860,0
209707,0
261373,0
33338,0
155947,0
131319,0
175935,0
213086,0
201551,0
96635,0
209288,0
162780,0
105948,0
118146,0
131677,0
238223,0
259246,0
40802,0
52988,0
31760,0
134166,0
196304,0
247879,0
220575,0
11478,0
212075,0
89332,0
167130,0
240634,0
200261,0
84244,0
229246,0
160805,0
235671,0
180284,0
111675,0
220150,0
83434,0
169311,0
173494,0
2152,0
57308,0
262768,0
261878,0
49295,0
121941,0
208342,0
226587,0
64538,0
176331,0
29388,0
148839,0
36719,0
15885,0
205673,0
67937,0
119881,0
34168,0
146547,0
96415,0
224877,0
30613,0
128985,0
104378,0
6726,0
77054,0
140229,0
39817,0
145175,0
80542,0
50630,0
173370,0
224004,0
168808,0
54205,0
30300,0
141767,0
176558,0
112764,0
70743,0
5155,0
138312,0
62833,0
32435,0
217055,0
218607,0
51962,0
197327,0
8310,0
84855,0
213703,0
238817,0
157181,0
234721,0
148235,0
91375,0
250430,0
32917,0
116029,0
161507,0
159700,0
75654,0
183419,0
25822,0
85451,0
66520,0
253639,0
150234,0
196524,0
90435,0
142015,0
93967,0
114908,0
140257,0
139473,0
108944,0
26389,0
100212,0
38557,0
105375,0
60328,0
25350,0
5967,0
1267,0
242975,0
91243,0
237411,0
167803,0
241677,0
235177,0
224438,0
95158,0
5130,0
56551,0
226059,0
198557,0
28489,0
108105,0
72664,0
208966,0
202701,0
99565,0
182528,0
113178,0
261844,0
204811,0
217980,0
162945,0
212014,0
204884,0
94867,0
134983,0
43313,0
152372,0
128514,0
24315,0
151573,0
238036,0
11044,0
49127,0
177033,0
12313,0
231390,0
158038,0
198749,0
45598,0
86990,0
25887,0
234848,0
230044,0
76266,0
2449,0
120470,0
184299,0
249767,0
98615,0
73026,0
110092,0
12769,0
172743,0
25352,0
145437,0
84517,0
224365,0
261188,0
71331,0
127053,0
187888,0
173315,0
9044,0
231292,0
44727,0
88211,0
19661,0
237840,0
88071,0
46777,0
50076,0
261613,0
219887,0
232179,0
36746,0
230748,0
21754,0
98173,0
204809,0
252828,0
172462,0
175088,0
168708,0
116069,0
141026,0
136802,0
61397,0
136729,0
85869,0
923,0
179806,0
76860,0
246247,0
197701,0
79182,0
67086,0
1701,0
135420,0
135845,0
94164,0
123671,0
226078,0
148750,0
152690,0
61396,0
120684,0
77366,0
231904,0
226181,0
111765,0
81729,0
223202,0
51999,0
60434,0
254499,0
11933,0
38963,0
71018,0
222218,0
183518,0
38683,0
87641,0
82447,0
178444,0
167047,0
204819,0
140318,0
13746,0
222590,0
68874,0
245789,0
3605,0
196905,0
42296,0
207216,0
146680,0
52305,0
131082,0
79132,0
142340,0
8683,0
151811,0
32243,0
129966,0
177432,0
94649,0
10902,0
46904,0
177577,0
50479,0
135140,0
4037,0
7543,0
136031,0
248144,0
141172,0
166987,0
51654,0
192771,0
201149,0
19047,0
47433,0
163517,0
12924,0
264791,0
135529,0
13972,0
139568,0
211598,0
127852,0
196965,0
18370,0
181014,0
199938,0
197872,0
125546,0
203844,0
222013,0
266019,0
248860,0
223289,0
229895,0
151643,0
65902,0
122706,0
58274,0
199875,0
37955,0
20850,0
262283,0
95379,0
126540,0
93202,0
196106,0
208583,0
214161,0
224223,0
104709,0
160212,0
248308,0
257953,0
236646,0
146855,0
9230,0
195877,0
61883,0
108049,0
105273,0
153974,0
68294,0
198083,0
212933,0
118224,0
66776,0
116443,0
144152,0
205355,0
90987,0
145241,0
104155,0
193041,0
81599,0
29006,0
233944,0
30232,0
91605,0
250624,0
87063,0
225793,0
67366,0
225915,0
225539,0
123824,0
121011,0
60661,0
4641,0
107533,0
85959,0
264081,0
179324,0
131303,0
163059,0
179676,0
30275,0
173526,0
248100,0
81858,0
236904,0
49614,0
201758,0
82606,0
228019,0
103872,0
169869,0
257881,0
145615,0
246195,0
175939,0
154080,0
48660,0
157363,0
214538,0
163790,0
230819,0
98083,0
210657,0
168864,0
11152,0
179213,0
222568,0
159039,0
98718,0
158460,0
119741,0
166001,0
194852,0
244629,0
264726,0
259403,0
142503,0
182999,0
155208,0
46062,0
137081,0
46899,0
212034,0
35538,0
33900,0
143218,0
197991,0
63918,0
79164,0
85010,0
92351,0
52704,0
206077,0
192979,0
241961,0
227047,0
209759,0
204883,0
17029,0
68486,0
50009,0
138003,0
91442,0
216126,0
242276,0
93280,0
70777,0
111380,0
131208,0
29833,0
2874,0
218415,0
90211,0
234614,0
126353,0
81325,0
102969,0
140349,0
35818,0
88646,0
240454,0
191187,0
41399,0
199919,0
259649,0
120906,0
178637,0
255508,0
168881,0
159094,0
134262,0
31235,0
217053,0
141574,0
119688,0
225828,0
117319,0
216777,0
261321,0
210162,0
193513,0
63425,0
51519,0
146449,0
119233,0
31397,0
190781,0
227022,0
222746,0
1487,0
27054,0
123664,0
186446,0
110516,0
225097,0
179473,0
2571,0
250165,0
97382,0
117479,0
252734,0
27728,0
172675,0
91508,0
113380,0
213311,0
51330,0
215900,0
237284,0
60786,0
27726,0
84116,0
266490,0
250737,0
124078,0
210400,0
27222,0
4908,0
57769,0
194294,0
201931,0
79902,0
35417,0
266494,0
86817,0
121691,0
31004,0
154172,0
18276,0
96531,0
100745,0
152318,0
145937,0
30904,0
203334,0
256882,0
215089,0
231320,0
51687,0
257236,0
211250,0
192312,0
51856,0
11851,0
171065,0
217313,0
239265,0
226949,0
191136,0
249552,0
60951,0
202618,0
46647,0
213402,0
22640,0
7723,0
78451,0
148707,0
161493,0
68348,0
47474,0
232054,0
246591,0
194864,0
207260,0
122137,0
10347,0
17938,0
163905,0
158525,0
247548,0
136972,0
223472,0
252369,0
74856,0
120603,0
62282,0
152464,0
242938,0
254485,0
113798,0
216727,0
244923,0
264106,0
93451,0
192517,0
68164,0
201671,0
58227,0
206065,0
54943,0
245636,0
29786,0
183945,0
71759,0
45783,0
63246,0
71718,0
157265,0
139049,0
108304,0
66854,0
157953,0
5364,0
50300,0
113557,0
265008,0
47941,0
29261,0
260900,0
193188,0
32532,0
76843,0
205907,0
131150,0
90816,0
256276,0
120686,0
116616,0
74278,0
214820,0
16099,0
220551,0
263289,0
51531,0
133548,0
1054,0
29614,0
131548,0
81586,0
188789,0
131608,0
64789,0
254028,0
86397,0
230458,0
46756,0
124402,0
201712,0
189242,0
193988,0
138752,0
221351,0
108795,0
26611,0
183018,0
253045,0
266253,0
222515,0
96111,0
137088,0
146891,0
77428,0
29521,0
228399,0
59599,0
132820,0
102715,0
232864,0
172787,0
133823,0
231709,0
254278,0
175003,0
63267,0
242525,0
13617,0
237680,0
91540,0
117482,0
74789,0
180736,0
130453,0
209136,0
158311,0
116330,0
97373,0
5139,0
154479,0
166991,0
70286,0
157368,0
134648,0
172163,0
88428,0
132788,0
250473,0
188235,0
15867,0
122958,0
1214,0
118012,0
190207,0
141194,0
131832,0
233551,0
6117,0
6365,0
99996,0
2218,0
88212,0
112932,0
90564,0
140947,0
204301,0
69780,0
61740,0
220741,0
157952,0
164679,0
133649,0
190819,0
74318,0
194134,0
252892,0
43617,0
52727,0
107466,0
127288,0
199817,0
148857,0
79237,0
212693,0
70647,0
164975,0
50308,0
52923,0
203979,0
212510,0
169684,0
101639,0
104947,0
222458,0
117172,0
223353,0
99740,0
182624,0
209446,0
171389,0
265777,0
266327,0
126502,0
84682,0
152216,0
120498,0
122064,0
33468,0
71501,0
8376,0
208003,0
221784,0
258404,0
96393,0
55629,0
71578,0
234763,0
121854,0
258064,0
119724,0
223747,0
247886,0
38488,0
59282,0
242397,0
61348,0
137006,0
127179,0
90629,0
175827,0
80587,0
79683,0
245723,0
110551,0
100190,0
123011,0
98885,0
117478,0
48107,0
132953,0
144365,0
140348,0
185701,0
87717,0
99852,0
89745,0
54795,0
252229,0
180992,0
146621,0
115023,0
199639,0
90494,0
244160,0
140251,0
163997,0
48458,0
169114,0
180818,0
254308,0
42949,0
68025,0
3786,0
36198,0
198786,0
176963,0
169009,0
33146,0
195510,0
129374,0
23383,0
109642,0
53163,0
181640,0
357,0
203084,0
66651,0
236129,0
3187,0
1263,0
78037,0
62876,0
108649,0
110567,0
112544,0
226382,0
235298,0
148528,0
151298,0
185886,0
12879,0
171637,0
39345,0
206883,0
9786,0
214261,0
212197,0
40219,0
226321,0
227240,0
219313,0
161392,0
69652,0
33962,0
83749,0
197938,0
55448,0
236579,0
237553,0
122360,0
124293,0
21776,0
32848,0
41373,0
173939,0
46546,0
157529,0
233273,0
113537,0
185953,0
97386,0
37451,0
136970,0
130211,0
130285,0
55219,0
114765,0
203166,0
170462,0
32167,0
262911,0
243529,0
171709,0
25318,0
131401,0
185451,0
233643,0
222774,0
146541,0
149737,0
232128,0
251932,0
252626,0
137394,0
74150,0
253284,0
16019,0
147496,0
204854,0
208800,0
234502,0
80367,0
83440,0
59381,0
227761,0
50117,0
217297,0
178838,0
15422,0
217390,0
27630,0
206884,0
69556,0
6140,0
25681,0
110689,0
126674,0
84034,0
266411,0
49835,0
221008,0
186491,0
122074,0
177522,0
53604,0
80825,0
68018,0
41613,0
130645,0
198438,0
10280,0
31557,0
166435,0
190117,0
104325,0
229178,0
54045,0
7664,0
226418,0
88165,0
153723,0
166653,0
178227,0
76078,0
98237,0
30968,0
124181,0
181176,0
189118,0
131461,0
264924,0
83271,0
243669,0
153608,0
151188,0
98022,0
122391,0
175422,0
73516,0
162068,0
9018,0
49583,0
221202,0
190345,0
94228,0
202447,0
202741,0
9896,0
241343,0
80256,0
144937,0
195630,0
230620,0
119116,0
143966,0
105167,0
59811,0
210861,0
135092,0
178631,0
225077,0
82533,0
222690,0
23586,0
236772,0
158638,0
128480,0
34222,0
122966,0
254124,0
193933,0
130842,0
96518,0
147783,0
160555,0
23632,0
51688,0
238634,0
76117,0
53306,0
27987,0
244484,0
88494,0
198016,0
76410,0
206308,0
187193,0
18347,0
265295,0
237268,0
86939,0
153682,0
228252,0
25654,0
14875,0
235410,0
68272,0
124589,0
144038,0
207673,0
22929,0
72057,0
139592,0
103362,0
260378,0
221564,0
244000,0
144912,0
259898,0
180210,0
136745,0
45475,0
255667,0
228293,0
236349,0
116593,0
60128,0
199,0
252210,0
130675,0
129689,0
159054,0
254702,0
240415,0
193028,0
154143,0
249624,0
147734,0
132351,0
40494,0
161784,0
57544,0
31050,0
193841,0
75510,0
59670,0
25675,0
83882,0
142701,0
116295,0
264459,0
86746,0
179643,0
97878,0
177363,0
121243,0
114537,0
90609,0
30216,0
241518,0
112353,0
123893,0
21155,0
98080,0
171943,0
237519,0
152907,0
33890,0
174868,0
13713,0
64580,0
179481,0
236457,0
130026,0
101363,0
136170,0
166326,0
61680,0
264133,0
99347,0
151670,0
196641,0
108773,0
100222,0
227467,0
66703,0
34603,0
102744,0
120039,0
10742,0
77507,0
236600,0
203453,0
164725,0
211456,0
31015,0
44915,0
255867,0
140662,0
12336,0
236862,0
72949,0
237249,0
98564,0
131521,0
139760,0
31052,0
66213,0
74936,0
147588,0
44558,0
12186,0
153077,0
37145,0
33944,0
58474,0
61800,0
135078,0
120644,0
53928,0
217063,0
56032,0
98802,0
255336,0
256191,0
1282,0
124126,0
152374,0
127181,0
81655,0
155273,0
40821,0
151065,0
141730,0
98020,0
112534,0
123124,0
140361,0
197062,0
68128,0
256790,0
113733,0
160289,0
3125,0
1537,0
131400,0
131671,0
85765,0
182896,0
233289,0
145936,0
70739,0
62889,0
242590,0
177440,0
38142,0
257214,0
244147,0
34386,0
13823,0
157455,0
43611,0
113622,0
3025,0
104513,0
2324,0
100453,0
13740,0
7322,0
97369,0
230181,0
28482,0
126079,0
150294,0
38478,0
57097,0
131682,0
50398,0
156284,0
187080,0
178851,0
28265,0
111291,0
231426,0
262907,0
231568,0
191474,0
24644,0
64698,0
160541,0
191515,0
22570,0
242408,0
26451,0
69727,0
6979,0
158182,0
83960,0
46111,0
250465,0
203298,0
76963,0
194536,0
45297,0
173261,0
218951,0
145994,0
160188,0
197677,0
123442,0
61225,0
101159,0
120880,0
116292,0
236356,0
197813,0
92485,0
89358,0
225031,0
104162,0
39826,0
917,0
40242,0
123363,0
233830,0
241542,0
245894,0
101058,0
123137,0
40548,0
256624,0
203762,0
187395,0
71059,0
261364,0
265287,0
53941,0
47948,0
233177,0
74250,0
253654,0
143226,0
27241,0
179437,0
210449,0
220820,0
36288,0
120809,0
159854,0
246534,0
64956,0
197719,0
70180,0
219873,0
241690,0
235190,0
55179,0
45785,0
201792,0
132846,0
207865,0
176250,0
179148,0
149832,0
53445,0
35430,0
154896,0
174505,0
146601,0
60726,0
65892,0
230479,0
180014,0
102107,0
255384,0
131530,0
12053,0
109308,0
48305,0
37538,0
180297,0
199333,0
233803,0
152934,0
103112,0
217375,0
106841,0
162550,0
238455,0
104470,0
3057,0
18341,0
214656,0
22775,0
73994,0
155307,0
182485,0
64916,0
198928,0
150053,0
131061,0
108794,0
157008,0
254770,0
193836,0
7782,0
57914,0
255708,0
77668,0
256392,0
107938,0
30785,0
82226,0
194361,0
227728,0
223451,0
59156,0
185753,0
43754,0
58435,0
230211,0
68242,0
187368,0
50450,0
27669,0
139182,0
182271,0
155141,0
180565,0
137883,0
200013,0
43406,0
70763,0
41011,0
193057,0
123520,0
203784,0
246865,0
230587,0
42313,0
90137,0
158895,0
178009,0
230060,0
129326,0
31136,0
110067,0
60952,0
114747,0
170793,0
160740,0
237555,0
186331,0
164317,0
67391,0
260270,0
145852,0
188511,0
95878,0
67056,0
17021,0
235052,0
236348,0
36038,0
33183,0
11223,0
191461,0
5061,0
97477,0
265934,0
193955,0
161132,0
12010,0
16553,0
200408,0
136107,0
6891,0
246689,0
36268,0
24898,0
93133,0
15479,0
259532,0
25259,0
121400,0
23852,0
192788,0
1681,0
224403,0
238039,0
195778,0
245764,0
310,0
251729,0
245496,0
179697,0
19718,0
128554,0
93082,0
106021,0
51851,0
20773,0
96033,0
245592,0
141882,0
41472,0
30984,0
210325,0
59290,0
49056,0
64284,0
122833,0
87985,0
159834,0
242198,0
249728,0
237978,0
205397,0
261565,0
125383,0
154073,0
126781,0
13770,0
186452,0
236335,0
40127,0
237861,0
227758,0
56868,0
193705,0
96159,0
205599,0
47690,0
265669,0
210988,0
129200,0
222505,0
104915,0
126808,0
101475,0
123107,0
185480,0
198621,0
31099,0
33172,0
198214,0
167295,0
54572,0
197077,0
178272,0
225290,0
9735,0
173244,0
160259,0
55701,0
17882,0
179314,0
189234,0
243975,0
234070,0
84642,0
45432,0
119808,0
24963,0
199674,0
245993,0
76726,0
197228,0
219542,0
180232,0
33783,0
107506,0
18352,0
122294,0
20326,0
210992,0
41442,0
52326,0
250434,0
36235,0
145886,0
224809,0
263820,0
118318,0
146384,0
132566,0
93532,0
83870,0
572,0
12488,0
174706,0
174687,0
186234,0
167585,0
175459,0
91140,0
95934,0
220836,0
235396,0
168305,0
100309,0
30757,0
60484,0
239889,0
209282,0
229900,0
244852,0
126474,0
53546,0
249499,0
133715,0
15021,0
47444,0
255812,0
118844,0
265347,0
250883,0
162600,0
198982,0
220423,0
18127,0
146332,0
173654,0
45649,0
84393,0
106744,0
256606,0
154666,0
200106,0
25007,0
147709,0
207328,0
209873,0
140385,0
119608,0
14329,0
137206,0
152554,0
135491,0
55398,0
261277,0
30095,0
200542,0
260172,0
43588,0
120952,0
92183,0
57852,0
190107,0
15388,0
121000,0
119331,0
256117,0
2169,0
34014,0
209187,0
225117,0
231716,0
97880,0
184774,0
101082,0
1782,0
115086,0
17337,0
65187,0
214810,0
109432,0
214923,0
131624,0
153342,0
67775,0
32136,0
164281,0
195490,0
233417,0
123700,0
187023,0
19415,0
233902,0
27759,0
196460,0
3015,0
166666,0
138954,0
208742,0
139355,0
230589,0
50875,0
188567,0
205563,0
65808,0
233329,0
179030,0
214603,0
238012,0
231468,0
215603,0
251623,0
135992,0
102821,0
19554,0
108812,0
155051,0
85705,0
250160,0
55451,0
51368,0
134026,0
40804,0
165259,0
225243,0
82254,0
25581,0
115157,0
55027,0
62207,0
160375,0
246490,0
213121,0
241285,0
90734,0
176981,0
87236,0
128497,0
224803,0
62315,0
64097,0
186886,0
88180,0
41500,0
157649,0
56396,0
58133,0
52345,0
15812,0
254192,0
77301,0
169788,0
38787,0
82020,0
135758,0
167887,0
229868,0
125812,0
51502,0
98197,0
259946,0
56623,0
213107,0
224249,0
231440,0
49808,0
232448,0
99514,0
176207,0
36317,0
245306,0
107024,0
247776,0
59080,0
63915,0
181089,0
26786,0
199195,0
59414,0
251974,0
21337,0
230321,0
3967,0
39402,0
6270,0
68959,0
177783,0
245502,0
34983,0
262833,0
53552,0
149205,0
14078,0
5885,0
181278,0
4273,0
25629,0
234587,0
119659,0
11522,0
108750,0
4437,0
161278,0
245745,0
139991,0
59727,0
95327,0
174727,0
187441,0
265174,0
225272,0
205075,0
201717,0
47935,0
170666,0
58508,0
170563,0
114257,0
11718,0
259661,0
260885,0
176713,0
123990,0
238916,0
199897,0
119303,0
176133,0
246090,0
263652,0
92242,0
223475,0
137330,0
31705,0
154713,0
84833,0
68238,0
39253,0
139612,0
219621,0
259632,0
56002,0
61966,0
73629,0
17255,0
33347,0
261370,0
141324,0
165174,0
196674,0
21423,0
63056,0
224807,0
125945,0
135022,0
53416,0
227020,0
55466,0
56780,0
243049,0
43492,0
230685,0
230287,0
68072,0
152685,0
169155,0
39463,0
213636,0
101887,0
35830,0
207759,0
61789,0
53670,0
185629,0
20000,0
57038,0
24538,0
16853,0
6538,0
205111,0
131440,0
254534,0
47395,0
106524,0
183820,0
21064,0
35153,0
47500,0
181842,0
76626,0
128095,0
186522,0
12745,0
151905,0
1526,0
182899,0
138965,0
182300,0
231683,0
200208,0
21438,0
56370,0
140698,0
99758,0
71028,0
12378,0
33825,0
59654,0
51060,0
607,0
175149,0
138213,0
7600,0
249250,0
153743,0
240333,0
197094,0
73217,0
262923,0
179787,0
228705,0
38584,0
8714,0
201921,0
122649,0
264701,0
124020,0
156403,0
150077,0
65173,0
49282,0
122522,0
180939,0
119096,0
159428,0
101788,0
243543,0
255208,0
254050,0
1115,0
237900,0
148120,0
85931,0
156728,0
237677,0
254584,0
147293,0
203148,0
219928,0
161751,0
240941,0
222259,0
265923,0
242284,0
77788,0
42942,0
108529,0
167240,0
124978,0
127406,0
49480,0
248314,0
99924,0
214415,0
14543,0
171191,0
118112,0
247555,0
136788,0
151524,0
35475,0
208699,0
36682,0
104757,0
246420,0
41005,0
63872,0
68404,0
115368,0
168684,0
208801,0
117652,0
260538,0
230245,0
98053,0
34315,0
43198,0
195388,0
126090,0
20934,0
264014,0
49176,0
3308,0
159750,0
221328,0
229570,0
31453,0
233770,0
162155,0
264934,0
15197,0
71661,0
190219,0
76359,0
55446,0
35275,0
39336,0
43992,0
207141,0
172610,0
118386,0
183868,0
208154,0
228653,0
17009,0
55996,0
265399,0
1521,0
227522,0
67398,0
131661,0
162631,0
181401,0
166637,0
131357,0
116804,0
227628,0
89986,0
10371,0
263339,0
76023,0
169177,0
79675,0
163902,0
195474,0
151483,0
140574,0
40990,0
36964,0
170198,0
165382,0
144444,0
103981,0
30501,0
149375,0
160756,0
225482,0
165402,0
62127,0
201892,0
102262,0
112802,0
70245,0
30878,0
262970,0
10723,0
258912,0
33202,0
174255,0
252595,0
139241,0
186969,0
30631,0
206573,0
218275,0
187559,0
227007,0
164222,0
80914,0
126943,0
34965,0
144627,0
178817,0
133357,0
8082,0
123908,0
19011,0
135586,0
22670,0
31427,0
248130,0
84465,0
211959,0
105855,0
249274,0
91650,0
74813,0
242761,0
167618,0
90223,0
33622,0
36260,0
45536,0
262790,0
86135,0
102201,0
229558,0
254057,0
127186,0
124933,0
262305,0
178901,0
121868,0
33522,0
53485,0
229677,0
98380,0
55029,0
8577,0
188205,0
145174,0
13693,0
34313,0
85816,0
159235,0
67544,0
100904,0
88686,0
201405,0
91740,0
38186,0
14387,0
5993,0
246573,0
66775,0
151665,0
45266,0
10443,0
247409,0
80101,0
190073,0
164116,0
214942,0
200731,0
66841,0
246350,0
156212,0
134908,0
159232,0
90658,0
137326,0
71958,0
205266,0
69772,0
162645,0
62206,0
134632,0
218318,0
248438,0
42624,0
184688,0
9611,0
145554,0
41126,0
212251,0
250322,0
237693,0
183315,0
112522,0
30043,0
48391,0
79601,0
130347,0
171923,0
183692,0
144927,0
23195,0
97045,0
261229,0
227071,0
243185,0
215048,0
140753,0
128953,0
190008,0
203511,0
168004,0
134056,0
17920,0
247426,0
22902,0
8307,0
75953,0
229430,0
231232,0
177839,0
27543,0
8047,0
155682,0
41039,0
134829,0
210963,0
245153,0
158211,0
92710,0
241165,0
100647,0
166705,0
102734,0
149356,0
156396,0
119326,0
59737,0
46350,0
136665,0
119463,0
247215,0
220835,0
219867,0
236531,0
257485,0
166586,0
213220,0
112895,0
106527,0
155848,0
190639,0
103427,0
133255,0
257435,0
26528,0
166264,0
217773,0
252400,0
131756,0
88870,0
29358,0
186465,0
207371,0
6496,0
30345,0
60965,0
198740,0
174825,0
80557,0
106472,0
170744,0
266160,0
104787,0
239621,0
6013,0
186304,0
32173,0
39398,0
250215,0
60644,0
214846,0
116542,0
226851,0
27683,0
164069,0
245684,0
115782,0
141024,0
236167,0
128006,0
232232,0
39487,0
196019,0
229263,0
214582,0
10950,0
130194,0
136245,0
199918,0
240094,0
9525,0
249064,0
178043,0
71899,0
231548,0
84302,0
9319,0
83598,0
202852,0
100216,0
205873,0
91603,0
128350,0
262636,0
172680,0
223612,0
60015,0
51745,0
77733,0
213557,0
11417,0
158720,0
104965,0
2067,0
92968,0
91173,0
148022,0
187549,0
159310,0
6055,0
64980,0
190129,0
126504,0
110337,0
10215,0
266602,0
196386,0
263943,0
179766,0
248752,0
230468,0
151841,0
48633,0
38836,0
11243,0
78994,0
37661,0
125874,0
100612,0
188720,0
168392,0
5449,0
80517,0
198205,0
153374,0
99424,0
256920,0
157864,0
27673,0
55819,0
164303,0
201842,0
36364,0
187009,0
226570,0
195402,0
14081,0
255944,0
149920,0
164968,0
28892,0
151376,0
20050,0
218063,0
171484,0
249011,0
108333,0
71056,0
24446,0
39407,0
66821,0
58337,0
133433,0
175663,0
177667,0
56415,0
75788,0
85426,0
211948,0
253773,0
190006,0
164461,0
255654,0
56977,0
202589,0
34437,0
42175,0
60185,0
97904,0
227724,0
250152,0
206140,0
21387,0
73592,0
206865,0
24903,0
245432,0
127850,0
35267,0
251072,0
245968,0
218602,0
172774,0
75898,0
261919,0
194315,0
227542,0
43766,0
242319,0
162505,0
51319,0
235869,0
142598,0
72735,0
219545,0
181267,0
122107,0
84326,0
2028,0
106056,0
121088,0
43479,0
253259,0
258374,0
68312,0
147464,0
112513,0
168129,0
144640,0
256663,0
19649,0
131983,0
88158,0
249777,0
64393,0
222504,0
141538,0
209865,0
126162,0
245364,0
208634,0
256618,0
199579,0
134698,0
77271,0
215230,0
123237,0
173749,0
247820,0
243825,0
3157,0
225078,0
13106,0
183385,0
150908,0
50401,0
95902,0
154871,0
189399,0
181117,0
97811,0
103905,0
127717,0
81016,0
110718,0
147020,0
215422,0
138285,0
150464,0
68459,0
184998,0
49407,0
124817,0
131326,0
48577,0
32672,0
156274,0
48699,0
4181,0
226943,0
113239,0
41770,0
50833,0
67332,0
224594,0
182474,0
63823,0
31203,0
216446,0
58351,0
87121,0
264425,0
29715,0
45751,0
167090,0
59104,0
239972,0
92516,0
176974,0
214268,0
224638,0
230593,0
240350,0
162946,0
73294,0
178087,0
115666,0
102013,0
152079,0
11786,0
94956,0
237140,0
43229,0
162605,0
169694,0
1638,0
234164,0
154200,0
210336,0
172489,0
122092,0
127961,0
185552,0
160370,0
98814,0
229714,0
192275,0
117123,0
93958,0
197815,0
235859,0
92697,0
38395,0
21554,0
16496,0
183872,0
64225,0
147130,0
150021,0
177399,0
71348,0
36590,0
232211,0
18790,0
246869,0
6590,0
91626,0
128308,0
200384,0
37884,0
22317,0
84904,0
55932,0
70845,0
12851,0
242081,0
17999,0
5576,0
33508,0
109338,0
215013,0
203835,0
165903,0
222802,0
208744,0
169607,0
49280,0
193845,0
128331,0
79375,0
113167,0
148958,0
37348,0
226818,0
91680,0
244414,0
73343,0
182013,0
190001,0
246432,0
44959,0
247941,0
108298,0
88664,0
21406,0
135982,0
56763,0
120394,0
153353,0
61344,0
29437,0
140429,0
44654,0
178541,0
108727,0
112237,0
196681,0
167116,0
23694,0
138495,0
106352,0
249286,0
205185,0
94752,0
58283,0
44338,0
53834,0
89386,0
118685,0
41285,0
34203,0
184358,0
137860,0
216799,0
146480,0
45902,0
195805,0
152687,0
132130,0
31963,0
206165,0
73134,0
142139,0
70966,0
39164,0
228757,0
68089,0
190240,0
36899,0
148412,0
257367,0
233698,0
195082,0
37971,0
230681,0
186423,0
179190,0
57858,0
21805,0
115463,0
74412,0
15919,0
147950,0
38918,0
106881,0
153642,0
131284,0
184589,0
156242,0
220579,0
7886,0
26782,0
117115,0
242401,0
202721,0
170536,0
131759,0
182534,0
239979,0
234684,0
183938,0
137339,0
69571,0
231385,0
239224,0
263120,0
220204,0
135876,0
94983,0
242073,0
125444,0
104998,0
246528,0
64043,0
124343,0
120350,0
192374,0
192367,0
85870,0
90588,0
71479,0
164516,0
216859,0
194207,0
114978,0
1053,0
47246,0
249908,0
245832,0
252470,0
239053,0
78854,0
82422,0
21879,0
159161,0
407,0
37490,0
236758,0
1952,0
75205,0
43782,0
263351,0
251699,0
127414,0
76218,0
230702,0
219886,0
249635,0
41700,0
89910,0
63879,0
37816,0
138265,0
157596,0
131744,0
115544,0
201750,0
88978,0
135760,0
195205,0
221549,0
154038,0
185527,0
193969,0
89334,0
85545,0
58182,0
214818,0
242416,0
82316,0
138962,0
95743,0
8398,0
42122,0
196540,0
154877,0
96113,0
38029,0
107763,0
65994,0
128959,0
144475,0
20355,0
208174,0
178640,0
163873,0
102051,0
100356,0
179555,0
142813,0
108138,0
19233,0
16001,0
194512,0
11532,0
41942,0
31952,0
81867,0
66804,0
16066,0
59164,0
158862,0
10272,0
150175,0
62461,0
88810,0
158762,0
33780,0
206876,0
16806,0
23696,0
76260,0
206613,0
126331,0
117349,0
211705,0
240122,0
100941,0
44037,0
153795,0
179102,0
157790,0
204317,0
119347,0
151259,0
61203,0
170393,0
144022,0
174615,0
222686,0
111524,0
151101,0
179251,0
72515,0
153133,0
30590,0
186586,0
217955,0
78544,0
22341,0
148700,0
38865,0
227393,0
1598,0
109917,0
109864,0
32388,0
252652,0
56294,0
38449,0
248963,0
42351,0
88333,0
48223,0
23007,0
76397,0
201087,0
202544,0
228352,0
109995,0
18563,0
168056,0
100131,0
110216,0
9852,0
84689,0
123306,0
49209,0
181420,0
44811,0
249263,0
146668,0
234094,0
188437,0
182613,0
150767,0
161143,0
126239,0
132861,0
52353,0
120205,0
51881,0
38081,0
231344,0
138705,0
92251,0
202178,0
60138,0
19275,0
193975,0
111876,0
57074,0
53795,0
78915,0
74688,0
36843,0
65981,0
43443,0
233877,0
61834,0
220884,0
234009,0
249088,0
75460,0
125936,0
124395,0
231852,0
216306,0
203556,0
122333,0
27219,0
85301,0
3714,0
6603,0
191750,0
245462,0
48920,0
230473,0
206544,0
103924,0
233459,0
67650,0
245664,0
73240,0
255676,0
87590,0
55826,0
201260,0
116430,0
63131,0
17426,0
32528,0
101238,0
207029,0
99637,0
66225,0
24899,0
99961,0
25370,0
202332,0
223783,0
168866,0
257169,0
148636,0
47926,0
11542,0
105298,0
155010,0
97988,0
44098,0
25446,0
60966,0
242117,0
13817,0
180794,0
226467,0
123052,0
85204,0
145787,0
32339,0
14786,0
227334,0
11682,0
232143,0
124396,0
88202,0
30235,0
97921,0
135320,0
49759,0
152336,0
5979,0
138499,0
163571,0
48248,0
182986,0
177026,0
229466,0
42969,0
50028,0
169595,0
122728,0
178874,0
160076,0
53005,0
115705,0
191449,0
135864,0
100542,0
137523,0
52023,0
232078,0
207723,0
66849,0
232505,0
134690,0
107946,0
109863,0
72604,0
256973,0
168583,0
118962,0
102151,0
227080,0
163838,0
195419,0
39903,0
187846,0
169603,0
49368,0
104136,0
211505,0
261653,0
133444,0
47038,0
194541,0
25770,0
39527,0
31201,0
124042,0
263995,0
207409,0
625,0
213256,0
16168,0
48029,0
237997,0
225704,0
203994,0
62930,0
55256,0
72034,0
57744,0
123725,0
40312,0
56798,0
214269,0
83431,0
68193,0
186402,0
218648,0
177079,0
229898,0
108323,0
182391,0
208188,0
151474,0
127025,0
180636,0
154557,0
91529,0
251995,0
108289,0
189700,0
145414,0
189111,0
257329,0
40248,0
256925,0
37157,0
246727,0
93126,0
155893,0
177876,0
78231,0
48505,0
146183,0
229241,0
219528,0
152315,0
254342,0
5487,0
25048,0
723,0
162109,0
17678,0
68544,0
210986,0
154959,0
244296,0
71569,0
176086,0
35771,0
240154,0
100260,0
79798,0
144753,0
17693,0
181615,0
140606,0
54351,0
83819,0
212490,0
193425,0
57363,0
100480,0
12689,0
189774,0
225924,0
175679,0
122341,0
265504,0
90533,0
72827,0
28931,0
104434,0
248633,0
145529,0
1391,0
63055,0
210172,0
230817,0
253292,0
193496,0
198063,0
263310,0
168917,0
104114,0
158410,0
137225,0
116909,0
127298,0
62485,0
206941,0
91225,0
146889,0
36166,0
171716,0
204524,0
252243,0
242294,0
127527,0
244663,0
249183,0
205749,0
112342,0
91734,0
38126,0
38776,0
88368,0
216282,0
220109,0
185235,0
215342,0
189772,0
137815,0
25207,0
93520,0
252616,0
159455,0
156730,0
185495,0
11597,0
217133,0
92612,0
127377,0
155753,0
227418,0
214731,0
80783,0
202309,0
243120,0
137405,0
257021,0
87142,0
259453,0
195370,0
10691,0
126770,0
100035,0
621,0
165290,0
263460,0
70571,0
72075,0
114220,0
174623,0
190527,0
97349,0
170213,0
121071,0
243323,0
217091,0
14253,0
10136,0
95652,0
10770,0
154332,0
249092,0
76850,0
227603,0
46705,0
11511,0
212947,0
190513,0
45180,0
264847,0
21893,0
8325,0
48072,0
181213,0
37218,0
66877,0
27106,0
239519,0
27992,0
86413,0
218606,0
38240,0
218948,0
254873,0
151231,0
153039,0
241509,0
193252,0
53944,0
92797,0
49897,0
175464,0
233715,0
199762,0
247278,0
177119,0
77295,0
180192,0
26465,0
65292,0
169767,0
155818,0
166066,0
43371,0
12935,0
88807,0
238488,0
29548,0
247887,0
2783,0
148242,0
144166,0
221967,0
77356,0
62750,0
135539,0
33031,0
75764,0
265787,0
22381,0
48890,0
55547,0
115664,0
235652,0
100377,0
23028,0
249360,0
29919,0
131825,0
69144,0
46212,0
235519,0
209174,0
258622,0
135591,0
195887,0
195149,0
249057,0
22854,0
179657,0
261848,0
123830,0
20348,0
5133,0
69769,0
261991,0
145831,0
206471,0
93011,0
62674,0
1422,0
167615,0
217589,0
253889,0
152955,0
146426,0
216752,0
3759,0
66753,0
50614,0
37694,0
217974,0
155800,0
175477,0
256832,0
980,0
100688,0
137801,0
246186,0
132064,0
223942,0
118037,0
128337,0
83732,0
253063,0
243683,0
55203,0
27500,0
106453,0
158447,0
71558,0
140444,0
68226,0
262676,0
4319,0
231565,0
241097,0
84360,0
121393,0
213341,0
8271,0
166306,0
52948,0
239359,0
62842,0
101014,0
224981,0
246163,0
259250,0
183204,0
95346,0
212908,0
176766,0
59077,0
176796,0
196264,0
139722,0
79200,0
59934,0
212738,0
178927,0
252004,0
194730,0
54134,0
243613,0
73206,0
118766,0
91823,0
128629,0
18470,0
221192,0
28977,0
219337,0
115116,0
6697,0
92627,0
50885,0
91796,0
222425,0
226581,0
171013,0
259521,0
78801,0
207225,0
10001,0
86946,0
56665,0
143533,0
19113,0
8743,0
166394,0
213283,0
11329,0
167703,0
163469,0
112535,0
149660,0
148510,0
179713,0
61641,0
223892,0
90905,0
133968,0
40249,0
257833,0
232157,0
90899,0
95705,0
20775,0
53628,0
155631,0
47425,0
125591,0
153385,0
57125,0
27949,0
251671,0
74342,0
142706,0
154984,0
48934,0
75247,0
111141,0
47553,0
101099,0
72797,0
83402,0
181446,0
241420,0
11833,0
185702,0
79384,0
205812,0
255125,0
148686,0
88088,0
30354,0
200020,0
259769,0
96895,0
103976,0
33269,0
196237,0
176375,0
180001,0
138929,0
223485,0
209729,0
159397,0
91726,0
33018,0
49162,0
85900,0
39535,0
40541,0
239642,0
100859,0
171508,0
2965,0
28311,0
243013,0
49179,0
6969,0
69644,0
238123,0
49663,0
143289,0
143137,0
253525,0
189413,0
236686,0
100351,0
198060,0
118380,0
175518,0
169154,0
104919,0
118335,0
29295,0
137292,0
143905,0
105744,0
7993,0
179624,0
105540,0
265116,0
231022,0
197107,0
236307,0
161222,0
255644,0
206700,0
131457,0
158544,0
32115,0
4427,0
81774,0
134218,0
101777,0
9909,0
140212,0
190182,0
21395,0
175744,0
5663,0
258557,0
131730,0
147018,0
163026,0
193322,0
101957,0
168040,0
53638,0
218869,0
162429,0
55804,0
127170,0
39363,0
232560,0
23395,0
214094,0
105950,0
251292,0
233710,0
88422,0
18993,0
163342,0
222698,0
61386,0
121901,0
80167,0
56792,0
34980,0
184838,0
29728,0
192199,0
2428,0
260473,0
3988,0
221635,0
7442,0
130105,0
228474,0
17750,0
96513,0
198574,0
181997,0
69183,0
34928,0
201231,0
147979,0
54714,0
20723,0
213371,0
1356,0
19748,0
60753,0
152829,0
140210,0
71517,0
222421,0
160235,0
251127,0
29849,0
232769,0
77839,0
250650,0
77787,0
227966,0
111417,0
15147,0
190577,0
116882,0
87671,0
144547,0
115673,0
16619,0
241082,0
111146,0
232058,0
149118,0
255043,0
9814,0
103425,0
155339,0
212643,0
160156,0
125036,0
219536,0
166188,0
97906,0
97257,0
179474,0
102212,0
173074,0
56246,0
252774,0
125995,0
122574,0
224307,0
194748,0
93971,0
70223,0
228372,0
190307,0
51995,0
78101,0
11915,0
162231,0
78609,0
85801,0
263899,0
40594,0
196169,0
2680,0
150834,0
263762,0
24426,0
54064,0
75715,0
29128,0
30585,0
97746,0
120787,0
261778,0
87156,0
6971,0
103984,0
86458,0
23431,0
46125,0
181097,0
37780,0
92607,0
38839,0
99701,0
17608,0
166935,0
42968,0
102176,0
207298,0
14955,0
15360,0
166048,0
63612,0
153398,0
231587,0
41264,0
34868,0
15286,0
146844,0
7142,0
7711,0
3855,0
19627,0
241740,0
203683,0
254636,0
178744,0
79419,0
59028,0
64346,0
13541,0
49227,0
36469,0
151228,0
136614,0
139538,0
156688,0
57953,0
155108,0
125745,0
49787,0
242655,0
51256,0
244486,0
69125,0
144879,0
172997,0
176103,0
167854,0
129956,0
63208,0
211911,0
75645,0
168638,0
163553,0
89577,0
193087,0
247808,0
19899,0
250516,0
167728,0
96034,0
114986,0
89110,0
143911,0
94604,0
92997,0
155316,0
197729,0
44933,0
253280,0
147493,0
34133,0
143432,0
48823,0
41284,0
216816,0
167898,0
216532,0
214642,0
46260,0
250126,0
70350,0
266117,0
129570,0
216545,0
149459,0
231639,0
221965,0
262171,0
192668,0
108818,0
14751,0
109927,0
131580,0
13425,0
250742,0
85417,0
86588,0
52974,0
145281,0
15393,0
258864,0
37728,0
252176,0
189263,0
92434,0
167534,0
127884,0
167605,0
204526,0
206378,0
109046,0
231526,0
5288,0
97272,0
72510,0
130608,0
39988,0
158889,0
4354,0
62709,0
223833,0
33013,0
179264,0
110774,0
253017,0
53382,0
73608,0
37817,0
110220,0
117952,0
26008,0
70392,0
260174,0
217334,0
31362,0
95980,0
25268,0
34054,0
157664,0
226761,0
99130,0
203755,0
19584,0
186559,0
83013,0
210329,0
34945,0
142290,0
162734,0
148888,0
260797,0
116797,0
216633,0
54780,0
146671,0
185744,0
17760,0
148167,0
210607,0
206518,0
90404,0
173346,0
121203,0
196672,0
65485,0
129935,0
153195,0
33336,0
158195,0
191932,0
250739,0
96542,0
64144,0
89782,0
228758,0
132919,0
187683,0
127383,0
119124,0
211183,0
183358,0
224582,0
114114,0
79090,0
83101,0
94250,0
211934,0
159745,0
102423,0
205743,0
196651,0
181830,0
164816,0
246566,0
119637,0
227747,0
155555,0
131918,0
234141,0
96183,0
79525,0
120682,0
216394,0
258480,0
45081,0
194933,0
110970,0
265895,0
132795,0
105127,0
45071,0
212719,0
266355,0
168681,0
36253,0
228500,0
9222,0
111599,0
192608,0
61414,0
205217,0
101649,0
166400,0
8989,0
197005,0
236649,0
51408,0
55641,0
124246,0
230186,0
43091,0
177733,0
249333,0
21612,0
219149,0
11208,0
192413,0
212462,0
54646,0
150683,0
100006,0
122242,0
99466,0
202930,0
176660,0
65618,0
64475,0
255744,0
104993,0
220711,0
181449,0
46459,0
263172,0
260949,0
262534,0
188547,0
18336,0
74758,0
66249,0
198835,0
121557,0
88979,0
140939,0
128498,0
31921,0
246216,0
99694,0
27753,0
87927,0
53328,0
122548,0
201426,0
104823,0
117670,0
114731,0
170103,0
103818,0
194501,0
159722,0
49290,0
141854,0
235146,0
5570,0
185123,0
144384,0
15448,0
15091,0
87308,0
155652,0
232791,0
40748,0
248897,0
34599,0
256758,0
120200,0
230388,0
175300,0
225278,0
116427,0
37083,0
233377,0
131746,0
16071,0
161083,0
221672,0
218280,0
100277,0
167546,0
64193,0
260243,0
110185,0
148933,0
172927,0
80111,0
22426,0
263861,0
218104,0
14859,0
92862,0
19423,0
198609,0
95681,0
44936,0
248203,0
103081,0
13953,0
176734,0
104834,0
48741,0
138190,0
183988,0
43583,0
219182,0
24077,0
214955,0
252066,0
93735,0
86695,0
240217,0
128450,0
152553,0
93732,0
165280,0
184812,0
191176,0
176212,0
101991,0
13091,0
37323,0
185404,0
192136,0
189657,0
145595,0
10241,0
208239,0
87015,0
202538,0
137564,0
218342,0
69342,0
40974,0
210878,0
71082,0
70016,0
156331,0
255151,0
81430,0
44939,0
143574,0
121597,0
201174,0
245899,0
118866,0
177446,0
151355,0
204139,0
255238,0
64718,0
258262,0
70034,0
123277,0
265859,0
141435,0
126480,0
60799,0
37441,0
248417,0
243769,0
170258,0
72503,0
14535,0
84938,0
33088,0
35937,0
175975,0
237161,0
260161,0
142312,0
189762,0
111415,0
125879,0
257106,0
16559,0
113140,0
205702,0
208774,0
24738,0
68143,0
31813,0
21158,0
177636,0
94783,0
150935,0
50494,0
165988,0
214086,0
122455,0
136603,0
8682,0
218892,0
9551,0
16766,0
158665,0
141789,0
120148,0
124227,0
70756,0
259141,0
65255,0
47283,0
248937,0
189851,0
208747,0
218366,0
210297,0
194437,0
68931,0
253637,0
61287,0
188738,0
34621,0
148658,0
159284,0
190628,0
95957,0
71048,0
32754,0
144655,0
27768,0
77476,0
215262,0
10704,0
258315,0
222731,0
24371,0
227489,0
222108,0
27939,0
36138,0
85194,0
99903,0
203053,0
180182,0
203738,0
144922,0
165623,0
220294,0
109486,0
27826,0
133770,0
201762,0
102322,0
253892,0
251392,0
138171,0
66098,0
55542,0
119052,0
215491,0
133401,0
170041,0
109414,0
31244,0
254521,0
96828,0
61451,0
145879,0
111719,0
89756,0
257385,0
43374,0
237232,0
72908,0
185091,0
252907,0
213646,0
252312,0
142571,0
211559,0
57065,0
94269,0
59458,0
103831,0
155907,0
172009,0
64434,0
42992,0
255375,0
61365,0
118517,0
50625,0
249188,0
105065,0
72727,0
152701,0
136071,0
115276,0
5688,0
179135,0
186830,0
23606,0
68686,0
176941,0
68540,0
134764,0
108225,0
193498,0
66656,0
164245,0
32821,0
76582,0
19445,0
45590,0
53783,0
250410,0
115519,0
132074,0
119185,0
55218,0
150389,0
248646,0
22014,0
213028,0
153178,0
51142,0
43889,0
30965,0
101814,0
142154,0
228018,0
118463,0
131891,0
214920,0
198187,0
35883,0
172379,0
81336,0
128782,0
64151,0
56034,0
228104,0
125906,0
34493,0
26963,0
140647,0
35478,0
215926,0
171120,0
10592,0
48812,0
105579,0
80142,0
188480,0
203650,0
97750,0
208561,0
176373,0
211678,0
262969,0
138181,0
70679,0
6689,0
174243,0
188037,0
187449,0
190687,0
275,0
29405,0
170182,0
104024,0
176851,0
193365,0
82884,0
218701,0
129134,0
120246,0
198558,0
130054,0
26336,0
43460,0
48643,0
49641,0
93240,0
212779,0
174923,0
47637,0
141504,0
2184,0
148435,0
257019,0
67194,0
97844,0
151815,0
206294,0
236001,0
51423,0
40074,0
89363,0
132555,0
178220,0
96470,0
120091,0
12616,0
91509,0
150100,0
142705,0
130560,0
208192,0
216835,0
49081,0
234771,0
65979,0
97248,0
250935,0
264669,0
252935,0
5126,0
215364,0
244809,0
38500,0
37633,0
168156,0
85645,0
90349,0
9653,0
206606,0
23064,0
222512,0
184334,0
141635,0
117360,0
224044,0
86719,0
81891,0
202489,0
241296,0
156302,0
64989,0
14070,0
129084,0
30027,0
229649,0
161289,0
176227,0
174482,0
85116,0
240087,0
98406,0
20161,0
56159,0
69324,0
189718,0
241348,0
193870,0
145464,0
26321,0
199300,0
123760,0
109495,0
165587,0
125712,0
135174,0
133801,0
202946,0
209849,0
249451,0
117720,0
38425,0
205522,0
79938,0
68412,0
81178,0
113134,0
28241,0
35014,0
250869,0
22585,0
218486,0
261835,0
229349,0
198667,0
63780,0
223854,0
152272,0
62859,0
103039,0
84999,0
152800,0
128414,0
250708,0
2852,0
172102,0
163143,0
220507,0
229674,0
143170,0
258882,0
132911,0
127745,0
127935,0
157892,0
263531,0
124501,0
29163,0
102956,0
238996,0
187124,0
30423,0
35745,0
169121,0
237838,0
65003,0
80039,0
136049,0
242987,0
197343,0
146762,0
253371,0
235617,0
76801,0
240220,0
137322,0
23886,0
147383,0
153446,0
22369,0
121251,0
3249,0
123773,0
49741,0
229294,0
198913,0
53343,0
219099,0
220413,0
136701,0
131014,0
128569,0
208145,0
65522,0
106233,0
214594,0
202462,0
244281,0
250497,0
151957,0
140372,0
84164,0
62952,0
206531,0
241227,0
221145,0
251985,0
165957,0
65590,0
143941,0
232266,0
49399,0
241341,0
220782,0
3200,0
200885,0
239643,0
112188,0
11591,0
40320,0
201667,0
109119,0
184941,0
201823,0
79434,0
1260,0
259908,0
174445,0
16796,0
235050,0
247490,0
117029,0
244783,0
28504,0
49660,0
115582,0
149792,0
165533,0
220806,0
142094,0
175009,0
176694,0
174863,0
36490,0
224768,0
254579,0
223965,0
117356,0
178618,0
231938,0
105331,0
204900,0
212254,0
217910,0
24960,0
87221,0
157559,0
162215,0
20247,0
59039,0
87411,0
179205,0
60619,0
255706,0
62176,0
145806,0
96392,0
47747,0
23375,0
117293,0
139659,0
259215,0
220,0
20241,0
136400,0
254996,0
201571,0
184071,0
94334,0
55361,0
232994,0
88108,0
229616,0
153979,0
213894,0
245025,0
140100,0
192959,0
48735,0
90166,0
10052,0
172934,0
156814,0
263296,0
142177,0
153263,0
50082,0
62349,0
81272,0
194614,0
157478,0
128062,0
82751,0
23946,0
245910,0
225108,0
228037,0
129060,0
144227,0
129555,0
211516,0
54484,0
95287,0
106963,0
88395,0
218146,0
190621,0
17705,0
178909,0
242290,0
213961,0
43696,0
259001,0
76477,0
84951,0
191329,0
237976,0
80739,0
72373,0
61625,0
99145,0
124474,0
205344,0
188922,0
107085,0
30652,0
64186,0
135468,0
196385,0
228430,0
84573,0
177545,0
59762,0
103671,0
84902,0
213115,0
257701,0
128819,0
112154,0
184533,0
171798,0
147154,0
161842,0
175683,0
105200,0
78729,0
35268,0
4010,0
161080,0
210791,0
158757,0
41190,0
97626,0
188678,0
228609,0
237336,0
120420,0
137269,0
136811,0
34070,0
99606,0
29133,0
168388,0
262388,0
225045,0
148297,0
176777,0
233198,0
208812,0
21223,0
254505,0
197428,0
116111,0
49006,0
80582,0
234303,0
172693,0
182616,0
163764,0
214256,0
38024,0
227082,0
115321,0
68256,0
144487,0
156807,0
241154,0
202789,0
182369,0
23163,0
89570,0
48348,0
190310,0
43360,0
100949,0
166118,0
214670,0
45924,0
223217,0
148880,0
213464,0
187505,0
136764,0
117931,0
70027,0
125933,0
61728,0
178179,0
155725,0
46386,0
136683,0
144468,0
30824,0
56215,0
82308,0
36901,0
254106,0
166134,0
27747,0
29351,0
30203,0
73152,0
170291,0
262111,0
113366,0
43750,0
158206,0
95293,0
202225,0
172278,0
153006,0
105016,0
194074,0
5334,0
254746,0
235075,0
235959,0
125657,0
231112,0
99259,0
72445,0
69448,0
67898,0
101480,0
191159,0
55711,0
243760,0
175839,0
168532,0
63959,0
24253,0
92981,0
235160,0
182506,0
5404,0
19847,0
182554,0
237347,0
45485,0
172276,0
73760,0
95738,0
13174,0
61350,0
255964,0
63742,0
236413,0
204468,0
64112,0
205595,0
24601,0
182536,0
41517,0
24347,0
258704,0
184638,0
169739,0
89585,0
192929,0
70122,0
33718,0
140852,0
7074,0
108847,0
48048,0
235068,0
54331,0
233564,0
107737,0
139686,0
159812,0
32237,0
20364,0
184768,0
121826,0
108416,0
1479,0
127991,0
159746,0
234997,0
95153,0
203936,0
186513,0
207115,0
192396,0
195799,0
161556,0
106274,0
93692,0
149426,0
76406,0
80873,0
70655,0
197229,0
208700,0
126240,0
113898,0
122147,0
259332,0
123844,0
95596,0
199816,0
220644,0
229431,0
56507,0
99580,0
36221,0
170848,0
213194,0
107512,0
157119,0
258142,0
111542,0
182987,0
202131,0
221824,0
97854,0
188636,0
49709,0
159585,0
164888,0
134957,0
1,0
263396,0
60132,0
61696,0
75737,0
156370,0
194925,0
101744,0
64650,0
47840,0
74267,0
181392,0
209560,0
91206,0
70424,0
26951,0
82456,0
164733,0
32621,0
3145,0
34954,0
126894,0
187340,0
19760,0
203006,0
4055,0
27249,0
204957,0
4939,0
99008,0
110884,0
246906,0
130245,0
154591,0
228016,0
85558,0
140543,0
23569,0
24067,0
94156,0
232189,0
105939,0
142047,0
141595,0
161999,0
203443,0
130254,0
37906,0
25619,0
224917,0
114744,0
25958,0
71317,0
137818,0
254080,0
117862,0
168199,0
188952,0
205759,0
232425,0
56072,0
78585,0
121048,0
117098,0
222359,0
118021,0
75697,0
22128,0
112134,0
68007,0
210894,0
225289,0
23797,0
17160,0
262706,0
40424,0
156965,0
225692,0
73233,0
264264,0
140782,0
170635,0
6169,0
190110,0
142164,0
63346,0
168777,0
96539,0
10676,0
229014,0
58718,0
146457,0
91713,0
130323,0
95685,0
195851,0
30511,0
10436,0
218089,0
175279,0
125939,0
184237,0
172726,0
226148,0
64918,0
43645,0
115201,0
227695,0
4876,0
149449,0
82680,0
165813,0
193283,0
244093,0
95889,0
168640,0
121620,0
146484,0
37984,0
139266,0
91432,0
20798,0
249982,0
120261,0
813,0
200880,0
226081,0
239289,0
58269,0
22871,0
235926,0
83167,0
44612,0
83655,0
264011,0
194191,0
258840,0
173375,0
209533,0
229870,0
180795,0
35839,0
160915,0
68688,0
146807,0
126749,0
33005,0
86874,0
218528,0
132415,0
92049,0
6165,0
263045,0
124711,0
259858,0
75263,0
223608,0
55055,0
161519,0
38504,0
223600,0
139340,0
253382,0
211576,0
15608,0
87140,0
139700,0
160210,0
42353,0
255553,0
171483,0
144458,0
191835,0
78334,0
5182,0
105606,0
255604,0
207287,0
102820,0
6418,0
46496,0
57860,0
2447,0
212095,0
254228,0
187169,0
72122,0
80411,0
125223,0
4043,0
236038,0
248158,0
57686,0
251294,0
96950,0
144087,0
46677,0
88619,0
53119,0
94386,0
172665,0
33450,0
31856,0
52762,0
191184,0
63314,0
91943,0
246821,0
32640,0
143385,0
258509,0
109835,0
86092,0
255698,0
235837,0
115121,0
45350,0
189052,0
39500,0
200177,0
81447,0
66638,0
161987,0
101999,0
30692,0
15735,0
99052,0
168105,0
90535,0
25388,0
153968,0
90561,0
90403,0
50620,0
258807,0
68700,0
149141,0
97188,0
153598,0
141121,0
229829,0
147687,0
5394,0
38017,0
191404,0
126453,0
224317,0
55999,0
156491,0
41404,0
120166,0
233970,0
190378,0
171237,0
20623,0
158180,0
50333,0
227840,0
134500,0
55669,0
15225,0
236056,0
21062,0
183963,0
124687,0
156308,0
102600,0
87361,0
101801,0
37590,0
217219,0
9906,0
199690,0
112344,0
21746,0
244001,0
199061,0
51419,0
74749,0
252324,0
144390,0
92230,0
81744,0
196699,0
135829,0
16465,0
130206,0
131833,0
201079,0
149826,0
16314,0
32288,0
39261,0
177763,0
4535,0
135038,0
252639,0
116605,0
240372,0
124336,0
243237,0
16226,0
159996,0
21861,0
62473,0
265477,0
96933,0
133619,0
79049,0
250039,0
162538,0
104240,0
76195,0
94854,0
232777,0
198604,0
73015,0
130769,0
187504,0
207993,0
233256,0
85452,0
94246,0
32946,0
83669,0
88178,0
201091,0
71573,0
88013,0
53489,0
259283,0
77655,0
49613,0
153992,0
66567,0
221787,0
26946,0
133802,0
207041,0
5116,0
4234,0
179278,0
197082,0
186811,0
24716,0
136359,0
54720,0
11146,0
127566,0
40812,0
244996,0
89870,0
148952,0
142513,0
196890,0
219131,0
171063,0
80082,0
19330,0
97085,0
56795,0
31011,0
192582,0
87581,0
55745,0
194332,0
233712,0
4617,0
211039,0
141378,0
150183,0
241813,0
208927,0
53256,0
64261,0
52152,0
55903,0
170727,0
174827,0
169628,0
254004,0
202041,0
185929,0
68059,0
231238,0
159814,0
211736,0
123507,0
25829,0
177313,0
70111,0
26145,0
24709,0
88954,0
262254,0
49666,0
119708,0
104305,0
35444,0
161347,0
136904,0
181537,0
151240,0
78577,0
100157,0
81216,0
120999,0
77651,0
133432,0
188798,0
259664,0
35360,0
265405,0
259764,0
240042,0
38682,0
261218,0
176367,0
238149,0
205208,0
18290,0
24070,0
171946,0
65596,0
42391,0
80948,0
72247,0
9382,0
75729,0
130331,0
101211,0
83873,0
147277,0
82844,0
255830,0
186786,0
74217,0
78187,0
189125,0
130787,0
91072,0
162519,0
134664,0
75528,0
48924,0
207831,0
203051,0
95610,0
252647,0
175389,0
165268,0
218413,0
187630,0
57851,0
107688,0
189934,0
149822,0
238347,0
95337,0
59647,0
66160,0
250144,0
157442,0
127239,0
64569,0
83557,0
51783,0
198691,0
120545,0
135017,0
3097,0
113329,0
94221,0
261421,0
52654,0
181783,0
265670,0
173191,0
195596,0
404,0
223512,0
173268,0
170557,0
232375,0
93952,0
233927,0
153712,0
162955,0
212964,0
146841,0
215300,0
44519,0
204370,0
260128,0
112486,0
134280,0
185313,0
210643,0
261746,0
14772,0
190495,0
110402,0
173713,0
218409,0
48515,0
216691,0
151998,0
254483,0
110813,0
97696,0
58192,0
100545,0
181030,0
32719,0
114482,0
112787,0
31626,0
72428,0
171051,0
22967,0
180655,0
70309,0
22555,0
69678,0
249332,0
63632,0
218934,0
127148,0
219165,0
182403,0
32470,0
126014,0
212144,0
160959,0
217722,0
89122,0
128171,0
207198,0
72873,0
250453,0
82142,0
238576,0
263689,0
265497,0
174724,0
161050,0
139654,0
7633,0
141404,0
53235,0
257778,0
176760,0
137979,0
223510,0
49514,0
154082,0
62807,0
240567,0
126990,0
236094,0
92121,0
21313,0
238360,0
21807,0
81212,0
200977,0
91976,0
182801,0
162916,0
86416,0
129730,0
142609,0
11143,0
258499,0
83160,0
210965,0
89840,0
222666,0
21258,0
211207,0
100336,0
791,0
58775,0
19166,0
38838,0
238528,0
237399,0
178709,0
164041,0
39900,0
94385,0
11809,0
168200,0
260218,0
108654,0
18564,0
1623,0
170245,0
230051,0
256270,0
105335,0
160494,0
175647,0
173275,0
4824,0
236711,0
221979,0
107002,0
246463,0
203988,0
123294,0
108688,0
62589,0
166219,0
182894,0
225375,0
251313,0
197407,0
112047,0
69070,0
84373,0
86616,0
178471,0
264216,0
81329,0
94523,0
158197,0
219008,0
98920,0
24673,0
125765,0
9658,0
262247,0
233674,0
8188,0
174558,0
247285,0
179794,0
1794,0
140101,0
75370,0
237559,0
189559,0
183504,0
143756,0
166288,0
36655,0
191753,0
209328,0
96781,0
203838,0
10301,0
193300,0
38732,0
70933,0
263428,0
133521,0
263128,0
65894,0
178965,0
215570,0
28503,0
138426,0
15269,0
215829,0
130830,0
84224,0
148759,0
99172,0
120593,0
244399,0
98862,0
61881,0
98328,0
253643,0
253168,0
39232,0
196271,0
223862,0
242935,0
170237,0
141819,0
259108,0
1057,0
102683,0
145533,0
35725,0
207057,0
188031,0
225537,0
234628,0
134876,0
12623,0
117724,0
226912,0
257423,0
155887,0
44011,0
125133,0
51032,0
136399,0
7157,0
13428,0
146185,0
217807,0
114262,0
167431,0
73740,0
119610,0
186261,0
22272,0
220144,0
180681,0
232080,0
184881,0
209354,0
19872,0
89716,0
68622,0
41170,0
138754,0
17781,0
249833,0
249348,0
97233,0
188938,0
52448,0
150195,0
117441,0
145478,0
112724,0
114344,0
261068,0
200653,0
18300,0
102462,0
176834,0
114474,0
38702,0
199676,0
50088,0
2958,0
170773,0
160231,0
71784,0
74127,0
37019,0
93218,0
96673,0
266610,0
159113,0
69023,0
49221,0
186332,0
230103,0
201440,0
114886,0
128104,0
198781,0
164326,0
162662,0
110272,0
4467,0
249534,0
107043,0
105351,0
55666,0
132370,0
191254,0
13613,0
109588,0
167155,0
130746,0
15412,0
230342,0
52525,0
29808,0
47494,0
257154,0
175625,0
20298,0
203767,0
255255,0
208548,0
216284,0
159694,0
214834,0
33276,0
133910,0
19487,0
224969,0
16282,0
14623,0
108856,0
169759,0
225580,0
82177,0
195219,0
48954,0
108612,0
9357,0
37540,0
128649,0
176433,0
157009,0
78908,0
213282,0
245375,0
17949,0
13189,0
217238,0
190646,0
158448,0
246128,0
133245,0
162836,0
112407,0
250487,0
41101,0
150784,0
80553,0
230442,0
135435,0
182713,0
253112,0
164380,0
33182,0
7653,0
98341,0
250451,0
198160,0
22605,0
74015,0
98479,0
246746,0
12760,0
246822,0
214172,0
64762,0
208861,0
82171,0
94743,0
96135,0
5290,0
239517,0
85306,0
1931,0
225776,0
29689,0
105195,0
120061,0
155394,0
247516,0
68227,0
155064,0
66440,0
107762,0
70091,0
952,0
183615,0
37006,0
186512,0
265532,0
45190,0
25993,0
164681,0
183412,0
168904,0
229839,0
228594,0
132446,0
105823,0
240780,0
130811,0
239025,0
57062,0
261440,0
252339,0
251956,0
2444,0
143842,0
247003,0
264885,0
11174,0
65340,0
170855,0
163484,0
180626,0
257439,0
100894,0
160072,0
164999,0
203821,0
210883,0
236722,0
201346,0
105174,0
72219,0
147343,0
21674,0
26075,0
117143,0
219018,0
152632,0
101102,0
112566,0
115203,0
184856,0
240426,0
72175,0
233334,0
209523,0
167336,0
124403,0
5420,0
103380,0
184206,0
16037,0
201397,0
189677,0
144324,0
204079,0
196343,0
225336,0
227437,0
203510,0
140546,0
171974,0
107989,0
148830,0
135250,0
243186,0
117486,0
35447,0
232895,0
138891,0
215941,0
249431,0
141593,0
321,0
235499,0
225022,0
49382,0
66299,0
151401,0
27746,0
158554,0
145515,0
45036,0
64408,0
98019,0
125834,0
88559,0
201587,0
179564,0
173897,0
141948,0
78150,0
235924,0
140812,0
44078,0
17176,0
258178,0
44074,0
146707,0
198661,0
66286,0
6324,0
63168,0
149392,0
206402,0
250911,0
145592,0
247600,0
47720,0
137623,0
244226,0
115893,0
44968,0
174413,0
53204,0
226514,0
75777,0
178810,0
103706,0
15647,0
197463,0
34735,0
70116,0
142100,0
26198,0
52959,0
1459,0
9312,0
207431,0
9251,0
51850,0
71544,0
227566,0
124331,0
70224,0
175878,0
207523,0
32190,0
96483,0
15946,0
7063,0
250112,0
80069,0
100383,0
42572,0
133916,0
107404,0
235489,0
212520,0
110106,0
217256,0
16274,0
103230,0
140432,0
234440,0
69351,0
233331,0
121877,0
186576,0
73236,0
98163,0
92023,0
7956,0
240039,0
211225,0
243629,0
162351,0
20163,0
12212,0
128225,0
177803,0
239368,0
177509,0
130399,0
79869,0
100693,0
107280,0
4229,0
243692,0
202119,0
24518,0
121003,0
224275,0
188658,0
104999,0
161205,0
206224,0
183756,0
122891,0
165582,0
72483,0
261130,0
39966,0
25072,0
117744,0
201387,0
1367,0
88622,0
89154,0
199948,0
35351,0
170970,0
100121,0
104878,0
2770,0
148273,0
186166,0
159569,0
194118,0
259192,0
43174,0
45044,0
19575,0
96153,0
206608,0
83487,0
62927,0
211263,0
257110,0
147099,0
30245,0
84959,0
60636,0
205675,0
266164,0
200869,0
60550,0
186555,0
256692,0
236365,0
86420,0
106252,0
196547,0
240258,0
217330,0
207928,0
263406,0
148169,0
227866,0
240303,0
214584,0
255555,0
124966,0
259702,0
85419,0
209577,0
211926,0
63275,0
124044,0
246968,0
76393,0
77183,0
224908,0
194980,0
30686,0
82565,0
210817,0
214621,0
96580,0
146410,0
250547,0
222222,0
198356,0
22447,0
159319,0
2510,0
47648,0
91097,0
54757,0
91942,0
210284,0
227538,0
104706,0
265133,0
61565,0
150261,0
220838,0
203036,0
59337,0
116033,0
61954,0
13875,0
60478,0
251693,0
61030,0
13523,0
242542,0
262984,0
229630,0
138030,0
166677,0
24254,0
77242,0
90695,0
235737,0
243899,0
74850,0
8255,0
245367,0
250201,0
207715,0
120799,0
219396,0
15333,0
258487,0
232383,0
181935,0
98585,0
141005,0
200593,0
212515,0
258475,0
61542,0
76244,0
81803,0
141253,0
34404,0
217552,0
158463,0
71259,0
68466,0
254959,0
241085,0
172051,0
181436,0
136849,0
31607,0
122466,0
52821,0
207023,0
206854,0
19074,0
85132,0
156525,0
212761,0
104985,0
141676,0
91188,0
22692,0
211448,0
45315,0
219670,0
46147,0
250479,0
58194,0
145594,0
155551,0
212346,0
228278,0
51874,0
38384,0
259525,0
168477,0
194651,0
5827,0
126269,0
208436,0
40291,0
74891,0
250354,0
115461,0
176635,0
171020,0
160098,0
5395,0
218810,0
260158,0
219137,0
36339,0
47589,0
136253,0
204985,0
102546,0
174401,0
38984,0
196643,0
34064,0
130363,0
203807,0
192465,0
158764,0
231496,0
100867,0
98301,0
211528,0
92472,0
78652,0
213575,0
206955,0
115027,0
201351,0
28864,0
247787,0
170696,0
165231,0
218600,0
130816,0
29445,0
14283,0
113391,0
171399,0
106416,0
16088,0
127603,0
110769,0
1156,0
189394,0
172767,0
84045,0
210678,0
166324,0
254691,0
12371,0
95056,0
187332,0
123513,0
70428,0
242979,0
49587,0
45048,0
75336,0
18909,0
265709,0
128526,0
109446,0
73480,0
23039,0
177879,0
130427,0
207837,0
253713,0
175785,0
189732,0
227106,0
236033,0
248843,0
98162,0
253940,0
215439,0
5463,0
191832,0
93016,0
153214,0
68437,0
130983,0
127433,0
21903,0
124409,0
48073,0
22766,0
112098,0
87876,0
111820,0
131004,0
203155,0
255146,0
53853,0
108276,0
149586,0
135241,0
25421,0
46579,0
63685,0
46371,0
102086,0
140976,0
120679,0
127550,0
57887,0
57926,0
103430,0
257844,0
137933,0
164859,0
30702,0
161927,0
127004,0
23938,0
246754,0
258426,0
80203,0
99748,0
184928,0
148767,0
145842,0
136714,0
69895,0
258282,0
191723,0
27562,0
123719,0
12901,0
99874,0
198872,0
185211,0
202689,0
89957,0
202666,0
145792,0
253731,0
262154,0
106699,0
8187,0
1914,0
148770,0
100050,0
61247,0
42211,0
115880,0
251687,0
149690,0
147659,0
19358,0
218178,0
189433,0
103305,0
182501,0
49934,0
183919,0
191520,0
157052,0
42994,0
124880,0
129933,0
143102,0
62145,0
254175,0
45460,0
69112,0
81639,0
195867,0
32487,0
1012,0
265121,0
7281,0
174541,0
28828,0
20660,0
53351,0
138337,0
4109,0
95611,0
11351,0
225867,0
207941,0
64220,0
46656,0
253393,0
152931,0
103394,0
66763,0
241266,0
79178,0
231080,0
247065,0
256763,0
77095,0
82148,0
5829,0
114930,0
226540,0
174425,0
202104,0
138833,0
62768,0
80986,0
74640,0
186198,0
116654,0
81955,0
95004,0
79812,0
77898,0
77965,0
246365,0
182393,0
37484,0
174779,0
119742,0
186290,0
142502,0
121387,0
79096,0
244176,0
175466,0
265754,0
240642,0
218000,0
94589,0
190715,0
65568,0
28585,0
160292,0
160871,0
188745,0
253883,0
82550,0
196743,0
263771,0
142409,0
100629,0
136502,0
140493,0
87352,0
161902,0
124199,0
148240,0
191843,0
237770,0
112709,0
42537,0
192523,0
47149,0
82856,0
249517,0
194484,0
40834,0
19590,0
165578,0
206046,0
97053,0
122279,0
89493,0
52532,0
244090,0
69081,0
136112,0
81809,0
24367,0
239356,0
203773,0
29104,0
261353,0
47582,0
211506,0
32290,0
69421,0
219568,0
21702,0
249371,0
181277,0
217039,0
52924,0
254576,0
67580,0
226953,0
252691,0
213907,0
164609,0
82969,0
123459,0
108182,0
37233,0
208731,0
219547,0
172246,0
70676,0
76196,0
240982,0
35162,0
248398,0
64742,0
30576,0
95662,0
4709,0
244643,0
251413,0
112385,0
33509,0
161633,0
182346,0
43636,0
218658,0
119300,0
117379,0
197155,0
35045,0
3878,0
110983,0
143190,0
122979,0
153655,0
130238,0
104004,0
240525,0
254561,0
45612,0
77757,0
59400,0
192663,0
94882,0
158031,0
215544,0
64550,0
201940,0
27877,0
219170,0
54531,0
65900,0
107098,0
177993,0
9995,0
234574,0
7985,0
98998,0
139885,0
57210,0
116954,0
17347,0
154778,0
210508,0
146978,0
60419,0
175822,0
51737,0
263839,0
245175,0
264746,0
259527,0
103322,0
244699,0
109785,0
2598,0
182919,0
228600,0
130131,0
114132,0
126515,0
253261,0
242624,0
263455,0
151120,0
19092,0
162085,0
197543,0
4921,0
234309,0
258439,0
143590,0
85979,0
87595,0
146937,0
161062,0
221176,0
135041,0
225120,0
30340,0
14058,0
202826,0
229760,0
170972,0
222985,0
108608,0
90803,0
113953,0
65540,0
253172,0
264548,0
197453,0
37844,0
48233,0
256779,0
213962,0
75245,0
144186,0
256437,0
24928,0
12071,0
146975,0
67046,0
116060,0
228125,0
190589,0
174750,0
61724,0
113525,0
26109,0
105696,0
22340,0
81773,0
260717,0
81956,0
245698,0
16263,0
9397,0
234398,0
7333,0
182035,0
61522,0
26197,0
170908,0
246400,0
146371,0
83327,0
250806,0
85261,0
189510,0
137200,0
24562,0
239710,0
228485,0
46955,0
196269,0
128149,0
23279,0
60516,0
142257,0
253220,0
214569,0
251297,0
206541,0
263100,0
138035,0
132003,0
84270,0
260766,0
64437,0
190453,0
5887,0
215123,0
219813,0
82390,0
266514,0
126901,0
191120,0
228027,0
241133,0
160893,0
11553,0
58847,0
198241,0
75167,0
55176,0
222764,0
243968,0
187904,0
174672,0
175044,0
160505,0
130443,0
142084,0
238203,0
182283,0
75287,0
167446,0
192021,0
6163,0
140868,0
58266,0
127953,0
193535,0
194421,0
200116,0
230993,0
241830,0
100288,0
68498,0
154706,0
218814,0
129092,0
189081,0
25601,0
69732,0
83367,0
14742,0
35208,0
206812,0
176036,0
142573,0
174371,0
257605,0
48975,0
205968,0
235622,0
821,0
172611,0
175506,0
137260,0
24657,0
198136,0
53816,0
6263,0
175752,0
184269,0
250314,0
113204,0
82187,0
253897,0
143810,0
69889,0
16655,0
85353,0
130006,0
111520,0
182145,0
151603,0
236357,0
5622,0
107828,0
208307,0
156821,0
233629,0
144408,0
95315,0
148864,0
29878,0
13123,0
140900,0
264052,0
17252,0
139675,0
214546,0
43748,0
248917,0
31924,0
85156,0
201760,0
159837,0
142447,0
38063,0
68259,0
51731,0
82580,0
64035,0
231393,0
106403,0
219801,0
49592,0
196461,0
28995,0
77181,0
152170,0
214087,0
220020,0
53057,0
249602,0
112807,0
37889,0
8261,0
9725,0
111792,0
248563,0
29426,0
75965,0
134666,0
247692,0
16614,0
169203,0
224818,0
91499,0
221655,0
253491,0
156055,0
23046,0
22945,0
37383,0
208245,0
192317,0
85952,0
103953,0
96861,0
13232,0
61560,0
176062,0
151186,0
248797,0
128018,0
197968,0
11292,0
192472,0
205357,0
81743,0
194856,0
44674,0
74912,0
51558,0
136705,0
220068,0
37270,0
171711,0
245818,0
166318,0
226915,0
27598,0
218051,0
208097,0
16255,0
143983,0
181896,0
208539,0
179313,0
97667,0
60727,0
201753,0
115471,0
135809,0
78536,0
16791,0
116629,0
181527,0
79786,0
93506,0
163227,0
164874,0
252214,0
207335,0
26773,0
17633,0
153735,0
35979,0
63854,0
200049,0
11893,0
79705,0
167256,0
260548,0
156203,0
214792,0
230854,0
150462,0
226494,0
250128,0
254150,0
542,0
241385,0
174620,0
236567,0
20944,0
174104,0
131452,0
145920,0
26162,0
157893,0
56129,0
252308,0
101084,0
174226,0
21408,0
183476,0
61291,0
152885,0
28531,0
107894,0
6777,0
206928,0
58518,0
120998,0
27935,0
55538,0
151179,0
96232,0
26770,0
205301,0
101209,0
203843,0
155856,0
135183,0
84625,0
56847,0
198584,0
212382,0
259463,0
231287,0
109396,0
233756,0
56891,0
60784,0
58996,0
170356,0
237228,0
66073,0
251317,0
4671,0
176808,0
170190,0
28866,0
260230,0
32225,0
56240,0
151447,0
226849,0
53608,0
129865,0
61612,0
234402,0
187991,0
117551,0
194040,0
63313,0
133366,0
51578,0
146156,0
32353,0
142592,0
10911,0
32460,0
232504,0
141820,0
23678,0
20320,0
259316,0
234463,0
45250,0
130765,0
89109,0
14307,0
208201,0
248342,0
107056,0
151182,0
135888,0
159548,0
162434,0
96000,0
19938,0
192230,0
127043,0
48762,0
23995,0
141723,0
12181,0
154010,0
4448,0
210054,0
55555,0
213892,0
70797,0
150423,0
207768,0
215902,0
81501,0
253856,0
120902,0
83335,0
232892,0
934,0
109043,0
64020,0
236980,0
90288,0
191343,0
30146,0
14834,0
104691,0
31340,0
4610,0
197901,0
46914,0
258663,0
54271,0
206309,0
105822,0
74687,0
135362,0
97727,0
139830,0
128608,0
18444,0
93295,0
231748,0
122490,0
18738,0
122378,0
151759,0
92096,0
235623,0
79436,0
76147,0
122308,0
218129,0
251988,0
122631,0
91565,0
93368,0
39517,0
18231,0
179533,0
189499,0
79321,0
58566,0
183980,0
3218,0
203436,0
65116,0
252190,0
113810,0
18053,0
218681,0
216909,0
261329,0
135091,0
158048,0
75093,0
258124,0
65216,0
60562,0
5976,0
226291,0
129238,0
207011,0
143129,0
246205,0
150026,0
134290,0
237174,0
84416,0
100770,0
152895,0
61387,0
7382,0
36384,0
236612,0
10182,0
88427,0
253221,0
253154,0
54023,0
191506,0
35103,0
223928,0
94517,0
98505,0
165056,0
7939,0
261063,0
261444,0
71887,0
259900,0
55818,0
148789,0
252565,0
238466,0
231833,0
266423,0
261791,0
148118,0
102786,0
264724,0
102701,0
26246,0
99211,0
146088,0
13186,0
79773,0
263405,0
55280,0
118238,0
131196,0
261771,0
98079,0
189663,0
9738,0
104937,0
241821,0
260394,0
264655,0
195727,0
24083,0
29888,0
231329,0
176249,0
187594,0
150657,0
177746,0
210280,0
218904,0
118375,0
168546,0
61327,0
255890,0
217282,0
204711,0
208569,0
204187,0
72155,0
171585,0
43946,0
156549,0
32347,0
12936,0
228893,0
23115,0
221740,0
32826,0
184507,0
12800,0
208076,0
131959,0
188267,0
221474,0
66945,0
254551,0
99125,0
192913,0
184328,0
92034,0
35690,0
177935,0
61859,0
256490,0
81733,0
182037,0
112025,0
181334,0
85150,0
108377,0
131933,0
72507,0
49887,0
232052,0
77826,0
119146,0
7389,0
201142,0
68116,0
150990,0
102936,0
29916,0
266488,0
118853,0
45974,0
248956,0
93092,0
68935,0
19466,0
119272,0
45818,0
92254,0
150646,0
148474,0
180579,0
156039,0
96170,0
42294,0
47849,0
138095,0
131424,0
106425,0
241596,0
76273,0
26893,0
146,0
127813,0
216854,0
225347,0
113180,0
94163,0
75021,0
222892,0
13449,0
102442,0
235255,0
240579,0
195297,0
221556,0
102798,0
163532,0
73972,0
64526,0
101434,0
119014,0
224228,0
187730,0
53666,0
146382,0
40407,0
143974,0
217281,0
236828,0
108405,0
182897,0
139627,0
250059,0
162032,0
28155,0
134872,0
79284,0
262424,0
200056,0
228762,0
63295,0
188491,0
108761,0
162051,0
209550,0
264728,0
54390,0
192964,0
227169,0
151070,0
228219,0
258893,0
95352,0
77460,0
223943,0
175835,0
4267,0
71229,0
217324,0
237208,0
55509,0
237466,0
258589,0
201125,0
249329,0
183406,0
2427,0
170923,0
144940,0
100276,0
201664,0
103566,0
35613,0
172393,0
256255,0
35436,0
80818,0
216988,0
29116,0
251277,0
252792,0
116641,0
243545,0
147703,0
33057,0
46897,0
236208,0
174934,0
7509,0
101442,0
75723,0
230918,0
174032,0
247627,0
183078,0
75999,0
234165,0
58644,0
112249,0
237018,0
127950,0
44552,0
19354,0
159887,0
176476,0
54016,0
86152,0
265613,0
67265,0
126593,0
18659,0
229536,0
46337,0
87494,0
188774,0
217226,0
93956,0
57792,0
260003,0
104222,0
80495,0
85761,0
35572,0
203487,0
87339,0
145212,0
112610,0
375,0
242286,0
148962,0
6372,0
27073,0
154388,0
86834,0
16490,0
241645,0
254215,0
19334,0
206111,0
234568,0
192747,0
227655,0
261521,0
108887,0
249118,0
104512,0
156633,0
146904,0
127643,0
246319,0
263220,0
42208,0
249963,0
118955,0
146243,0
214145,0
25223,0
145270,0
36733,0
207019,0
99283,0
209317,0
28773,0
191935,0
76838,0
242459,0
89112,0
26259,0
75583,0
144790,0
109756,0
242942,0
42727,0
25723,0
86479,0
34360,0
244056,0
28704,0
255415,0
159762,0
100080,0
220946,0
17834,0
95134,0
188932,0
111603,0
16851,0
213823,0
253007,0
68908,0
57251,0
176236,0
87247,0
173169,0
37205,0
238900,0
21277,0
104811,0
14952,0
198251,0
110825,0
226820,0
228816,0
188335,0
265984,0
225583,0
228799,0
92889,0
66294,0
68534,0
54699,0
97931,0
200091,0
141632,0
65398,0
220152,0
48006,0
102853,0
87497,0
70816,0
112456,0
249754,0
149096,0
5537,0
242273,0
87544,0
219861,0
115815,0
107032,0
213430,0
120821,0
101141,0
141786,0
23723,0
7755,0
214418,0
210880,0
153568,0
82587,0
182338,0
151666,0
202923,0
96741,0
141754,0
147586,0
127774,0
251709,0
197413,0
100960,0
194273,0
100775,0
64253,0
234949,0
184177,0
197617,0
25196,0
48832,0
106711,0
108277,0
34170,0
214945,0
79203,0
187866,0
7077,0
111173,0
63465,0
125204,0
64797,0
134225,0
133188,0
171985,0
1044,0
218998,0
38593,0
199098,0
173973,0
196869,0
115837,0
120276,0
255283,0
112497,0
254097,0
93925,0
210074,0
223582,0
190485,0
145072,0
258512,0
226330,0
20535,0
133673,0
21186,0
16383,0
144003,0
188693,0
21588,0
50142,0
186630,0
11828,0
238003,0
132631,0
251018,0
159333,0
265286,0
29449,0
53236,0
107099,0
240262,0
55411,0
149914,0
37199,0
94926,0
113387,0
20967,0
172442,0
264714,0
34640,0
140240,0
125648,0
190140,0
245959,0
40183,0
187313,0
127381,0
82355,0
158167,0
136162,0
32152,0
142311,0
53751,0
26001,0
134021,0
189371,0
164403,0
193475,0
54872,0
222491,0
242199,0
71715,0
84672,0
49941,0
54466,0
120857,0
172347,0
219260,0
131055,0
84332,0
95737,0
111165,0
71758,0
248530,0
20122,0
25451,0
211549,0
118200,0
243542,0
60208,0
147422,0
23778,0
241260,0
186967,0
165157,0
162178,0
136793,0
176032,0
146528,0
256719,0
99070,0
59990,0
204135,0
251629,0
113078,0
257503,0
223115,0
247416,0
8865,0
90174,0
161329,0
263140,0
62457,0
6347,0
204676,0
165982,0
90790,0
250568,0
225717,0
68623,0
26478,0
154800,0
60470,0
138129,0
174434,0
259971,0
18541,0
73660,0
241667,0
39167,0
75875,0
29089,0
132965,0
130779,0
187374,0
181125,0
76930,0
92157,0
1874,0
6398,0
91969,0
133409,0
204126,0
228881,0
150024,0
50518,0
198800,0
216858,0
107613,0
114994,0
191365,0
266009,0
232761,0
155465,0
84837,0
82034,0
75936,0
78507,0
221125,0
109341,0
236868,0
58820,0
34740,0
26184,0
116409,0
231005,0
112871,0
170127,0
67971,0
2458,0
1202,0
163757,0
126956,0
40467,0
105637,0
158922,0
82269,0
19837,0
36279,0
49849,0
99720,0
23121,0
29513,0
203689,0
80492,0
125773,0
146991,0
189711,0
46316,0
191857,0
118658,0
65834,0
125845,0
174849,0
262470,0
256473,0
258778,0
4184,0
112939,0
253650,0
14935,0
193293,0
13224,0
105995,0
141403,0
153993,0
15550,0
191490,0
35870,0
83107,0
114783,0
96939,0
29264,0
139578,0
138045,0
88835,0
94111,0
218200,0
113682,0
124983,0
240753,0
28820,0
190469,0
260368,0
227176,0
19890,0
86903,0
226374,0
109605,0
197555,0
108806,0
127802,0
183878,0
145749,0
204630,0
247718,0
228045,0
80201,0
250060,0
265572,0
152816,0
79987,0
38097,0
80213,0
96351,0
135337,0
100374,0
163763,0
203364,0
48750,0
220797,0
127307,0
65846,0
237400,0
57975,0
111746,0
152957,0
70513,0
70159,0
178720,0
108698,0
104450,0
133922,0
183215,0
132647,0
220325,0
99546,0
1212,0
12469,0
115028,0
12634,0
142888,0
108590,0
241098,0
255387,0
141674,0
174285,0
38681,0
12883,0
54724,0
209889,0
52725,0
174060,0
88149,0
126682,0
55062,0
259815,0
125731,0
150099,0
202832,0
8065,0
182341,0
172161,0
187246,0
11346,0
19598,0
178288,0
187661,0
22828,0
42479,0
84691,0
3364,0
160764,0
137520,0
91710,0
209062,0
11035,0
7286,0
75399,0
46428,0
14757,0
154899,0
134547,0
127241,0
26247,0
75860,0
138341,0
233415,0
229929,0
74507,0
265200,0
198894,0
30262,0
172411,0
251105,0
142779,0
33139,0
75133,0
161295,0
16451,0
238417,0
139777,0
45160,0
203185,0
114352,0
66851,0
123679,0
188351,0
35994,0
88069,0
157616,0
150519,0
197887,0
118444,0
173101,0
203200,0
236301,0
91856,0
112269,0
115693,0
214177,0
90185,0
208571,0
130696,0
138631,0
191240,0
29056,0
113446,0
171787,0
2456,0
243952,0
384,0
244529,0
47424,0
148469,0
97550,0
53454,0
11438,0
264605,0
230102,0
249239,0
82877,0
57606,0
154263,0
85886,0
83003,0
222927,0
8594,0
23220,0
9012,0
161611,0
43963,0
197457,0
114972,0
210055,0
30374,0
211696,0
248210,0
241234,0
153931,0
475,0
84799,0
141602,0
155368,0
230034,0
174384,0
111575,0
217492,0
165310,0
70956,0
106995,0
156506,0
100527,0
179288,0
164321,0
122077,0
251616,0
150929,0
114592,0
181296,0
128690,0
164712,0
33516,0
106143,0
228289,0
169057,0
189319,0
170201,0
85438,0
115742,0
13333,0
246820,0
49475,0
34688,0
115777,0
235066,0
115319,0
220060,0
103275,0
113325,0
224427,0
75304,0
48790,0
187587,0
144183,0
64772,0
265336,0
196352,0
995,0
48429,0
198997,0
186398,0
211857,0
242876,0
1841,0
86950,0
262143,0
213667,0
71634,0
224192,0
11116,0
98494,0
251232,0
49327,0
118778,0
112099,0
198117,0
243276,0
106787,0
28263,0
183883,0
68656,0
120922,0
259871,0
80476,0
134850,0
219154,0
124001,0
163034,0
264129,0
94113,0
54500,0
239217,0
82326,0
12752,0
73413,0
65224,0
219324,0
31579,0
150188,0
58870,0
193230,0
44366,0
66741,0
170697,0
153299,0
16231,0
185541,0
262345,0
225740,0
100663,0
129115,0
49880,0
234882,0
64804,0
264255,0
202353,0
237715,0
262266,0
257626,0
214638,0
226271,0
58671,0
9152,0
28445,0
97122,0
133705,0
99354,0
129457,0
81408,0
23487,0
122138,0
175552,0
187802,0
89566,0
156036,0
185466,0
234460,0
258033,0
31186,0
140819,0
3745,0
143902,0
91944,0
159773,0
43082,0
71886,0
230928,0
63666,0
48138,0
79562,0
7593,0
191516,0
235361,0
99362,0
101800,0
108320,0
236594,0
102998,0
149884,0
239485,0
149297,0
141511,0
191269,0
18604,0
16779,0
209815,0
168979,0
27572,0
152462,0
175921,0
240464,0
233288,0
98443,0
147949,0
14230,0
21204,0
194256,0
36979,0
99916,0
89052,0
60913,0
254701,0
163622,0
197419,0
140652,0
37326,0
44789,0
107678,0
37805,0
123512,0
55575,0
229938,0
87787,0
160117,0
113259,0
39771,0
149359,0
95670,0
159553,0
169763,0
153000,0
221602,0
66026,0
63815,0
222151,0
204642,0
111035,0
68707,0
188664,0
90997,0
143335,0
169553,0
192620,0
14389,0
169941,0
113370,0
124311,0
69558,0
240610,0
122298,0
254482,0
21152,0
238245,0
205463,0
22289,0
64844,0
41129,0
85732,0
40543,0
234108,0
186064,0
20871,0
81630,0
159118,0
12235,0
245461,0
72941,0
145811,0
219620,0
17905,0
213005,0
77618,0
147796,0
135106,0
115013,0
159692,0
234102,0
225729,0
238801,0
34351,0
78697,0
58898,0
176389,0
11576,0
83595,0
228008,0
230665,0
46868,0
81890,0
222888,0
244897,0
28111,0
105207,0
22075,0
118040,0
20250,0
255141,0
72100,0
39798,0
59510,0
257568,0
81966,0
43261,0
190101,0
37647,0
262235,0
172542,0
217143,0
133543,0
260264,0
189005,0
212835,0
150481,0
103971,0
204224,0
152867,0
179243,0
16439,0
193275,0
92329,0
214571,0
252649,0
191129,0
214839,0
111334,0
27656,0
70183,0
37654,0
103820,0
244830,0
143021,0
112115,0
255556,0
74855,0
85128,0
208686,0
87894,0
2544,0
120069,0
66793,0
88454,0
108327,0
266354,0
189252,0
118007,0
83470,0
266241,0
119394,0
173504,0
241265,0
90911,0
38133,0
150648,0
162461,0
119774,0
160789,0
1124,0
1698,0
184553,0
36212,0
113677,0
118924,0
178925,0
84337,0
208666,0
114128,0
45792,0
142534,0
93555,0
164656,0
122772,0
160440,0
227151,0
151319,0
239587,0
78671,0
220634,0
246416,0
42414,0
189694,0
119707,0
64969,0
233014,0
255122,0
28692,0
136593,0
177177,0
187257,0
10025,0
105248,0
240546,0
173597,0
168878,0
221618,0
244647,0
246887,0
220585,0
33895,0
10890,0
146316,0
232377,0
58334,0
201318,0
184820,0
228304,0
23343,0
17917,0
244052,0
109622,0
114167,0
212988,0
226395,0
147876,0
192309,0
103935,0
215515,0
77686,0
1270,0
46576,0
238567,0
191094,0
124204,0
261629,0
103045,0
125103,0
74450,0
112880,0
50899,0
198084,0
24117,0
43142,0
31660,0
248191,0
120735,0
79715,0
264929,0
201763,0
239598,0
105245,0
189020,0
1756,0
129818,0
5144,0
198295,0
153722,0
134522,0
133334,0
188444,0
2133,0
123951,0
173412,0
113301,0
130287,0
59768,0
125356,0
31630,0
23620,0
194334,0
78800,0
200170,0
43969,0
30029,0
255641,0
26687,0
236696,0
85767,0
177929,0
91582,0
26747,0
133421,0
266067,0
99676,0
7743,0
24393,0
198035,0
246037,0
59669,0
199625,0
211796,0
236903,0
52266,0
251117,0
202795,0
29973,0
247403,0
28829,0
68340,0
250808,0
212553,0
78273,0
154567,0
78859,0
114925,0
129739,0
248826,0
96528,0
219289,0
189740,0
185486,0
52552,0
261471,0
256881,0
194381,0
242038,0
64472,0
247664,0
190866,0
164833,0
24684,0
216907,0
266256,0
115354,0
216353,0
148530,0
248159,0
205572,0
130401,0
195337,0
143028,0
63952,0
190981,0
108689,0
7180,0
64661,0
29773,0
191249,0
91409,0
28362,0
196288,0
85175,0
12128,0
36737,0
25738,0
104471,0
200081,0
90888,0
189038,0
44432,0
229685,0
240502,0
60877,0
166484,0
155936,0
22680,0
186369,0
202516,0
68553,0
154139,0
42150,0
262776,0
80713,0
162106,0
228896,0
117466,0
165048,0
124147,0
122006,0
181340,0
86031,0
75980,0
109616,0
198935,0
146489,0
68810,0
221103,0
163805,0
57486,0
143894,0
18713,0
140567,0
266364,0
183522,0
118593,0
198486,0
43535,0
163613,0
190973,0
21750,0
148397,0
32622,0
19465,0
146003,0
27329,0
194314,0
44248,0
74533,0
6295,0
213758,0
239089,0
102420,0
203653,0
24481,0
55559,0
8446,0
221400,0
3671,0
61084,0
59166,0
215609,0
55227,0
93665,0
121362,0
68480,0
216931,0
56965,0
192017,0
4832,0
132067,0
126568,0
112662,0
149235,0
136064,0
115503,0
185729,0
162577,0
159167,0
170281,0
150210,0
60215,0
79179,0
159409,0
71294,0
170611,0
181854,0
58235,0
210407,0
160360,0
150513,0
79615,0
48580,0
210375,0
126399,0
64786,0
187057,0
66939,0
159293,0
27516,0
20793,0
234436,0
79339,0
265645,0
117989,0
229826,0
253201,0
197841,0
235634,0
54936,0
123386,0
34279,0
139248,0
232881,0
204512,0
68638,0
220046,0
202772,0
45706,0
90262,0
245901,0
56821,0
219513,0
21131,0
219401,0
131875,0
98544,0
205332,0
160475,0
33864,0
63149,0
97181,0
134134,0
228892,0
76512,0
188012,0
77634,0
184036,0
154701,0
172121,0
54071,0
246207,0
206937,0
70916,0
214740,0
221041,0
123886,0
146370,0
128670,0
148663,0
153951,0
123701,0
84280,0
121492,0
129598,0
140447,0
266536,0
35683,0
181675,0
119955,0
236966,0
143271,0
163786,0
31648,0
246272,0
68834,0
87539,0
86721,0
134059,0
157134,0
127326,0
66414,0
17616,0
46715,0
208781,0
171222,0
225771,0
135642,0
36896,0
228217,0
140882,0
218794,0
43124,0
190788,0
11951,0
16506,0
204552,0
15749,0
31999,0
44575,0
11716,0
174477,0
20629,0
164587,0
182697,0
175877,0
73915,0
205772,0
46089,0
130060,0
221543,0
248702,0
261205,0
53825,0
199041,0
89331,0
264231,0
169106,0
223914,0
204859,0
180852,0
34042,0
145213,0
159843,0
16416,0
261636,0
110990,0
183529,0
56075,0
86244,0
19711,0
34843,0
112147,0
191976,0
28304,0
239171,0
162863,0
210709,0
59119,0
109106,0
64554,0
197233,0
127375,0
159520,0
198009,0
53875,0
169123,0
63739,0
122373,0
178721,0
226811,0
254747,0
191830,0
252354,0
180135,0
91438,0
106413,0
253094,0
84335,0
256021,0
257569,0
173535,0
239858,0
110758,0
223133,0
12088,0
50916,0
244185,0
36630,0
194418,0
94984,0
68365,0
229228,0
50774,0
190670,0
254032,0
241607,0
138635,0
18498,0
76395,0
193484,0
31191,0
157796,0
134961,0
189200,0
68928,0
105934,0
83130,0
111267,0
122625,0
140015,0
28748,0
215521,0
125576,0
94775,0
169999,0
149882,0
73497,0
230074,0
75527,0
56498,0
241522,0
54273,0
129631,0
60964,0
172899,0
158212,0
216754,0
129437,0
122411,0
99158,0
121014,0
46043,0
115024,0
244019,0
203733,0
91254,0
77694,0
118450,0
126951,0
175420,0
28863,0
79461,0
36170,0
200175,0
156780,0
502,0
93461,0
149722,0
139925,0
122514,0
30074,0
59983,0
68032,0
22499,0
140972,0
19785,0
52377,0
188933,0
236554,0
177671,0
3502,0
8460,0
93752,0
247421,0
243040,0
171868,0
56772,0
234873,0
22390,0
225857,0
57161,0
70592,0
222530,0
228941,0
51118,0
123542,0
3983,0
185269,0
22427,0
174831,0
18871,0
50987,0
44937,0
259874,0
202199,0
246124,0
174176,0
243434,0
109759,0
47431,0
232655,0
149777,0
199228,0
206062,0
201246,0
130003,0
150012,0
236534,0
164541,0
180022,0
139810,0
110278,0
239757,0
223482,0
93004,0
170534,0
196089,0
55788,0
152025,0
185848,0
69637,0
151054,0
57627,0
135567,0
142834,0
254597,0
234932,0
16300,0
206026,0
233191,0
167808,0
16136,0
239898,0
54613,0
47342,0
68992,0
82003,0
177828,0
74833,0
108729,0
247967,0
182039,0
99055,0
218195,0
253673,0
130970,0
32017,0
20557,0
132013,0
61213,0
119496,0
220050,0
235583,0
97872,0
38440,0
34377,0
98506,0
219957,0
194321,0
170353,0
63501,0
140378,0
12667,0
19449,0
156234,0
189609,0
179259,0
36076,0
179459,0
123741,0
254509,0
27394,0
31410,0
27515,0
75392,0
27075,0
72509,0
247903,0
178343,0
234562,0
162678,0
172760,0
130296,0
101232,0
259761,0
74678,0
79026,0
169711,0
37639,0
21348,0
201902,0
25659,0
223983,0
1519,0
185882,0
96645,0
91598,0
2626,0
215826,0
141247,0
214128,0
147384,0
197136,0
79978,0
62716,0
75095,0
101371,0
6857,0
148123,0
6081,0
182814,0
226449,0
210322,0
45384,0
123795,0
266366,0
257865,0
9992,0
154180,0
264285,0
70238,0
205270,0
144515,0
144836,0
255451,0
29466,0
186737,0
120493,0
147215,0
107575,0
260399,0
232953,0
198120,0
120264,0
8016,0
237995,0
240901,0
30127,0
246387,0
104331,0
264967,0
143858,0
162881,0
166216,0
42190,0
258150,0
210795,0
85063,0
168378,0
14846,0
162798,0
244989,0
4815,0
135986,0
223705,0
121444,0
145520,0
197824,0
83804,0
3396,0
212295,0
156705,0
27852,0
90131,0
138686,0
167962,0
51085,0
51035,0
31147,0
180881,0
47471,0
152236,0
170269,0
37852,0
222326,0
2422,0
114866,0
65926,0
168847,0
45299,0
95182,0
6442,0
166047,0
21257,0
188140,0
243161,0
32948,0
65100,0
179991,0
21020,0
32979,0
147948,0
94261,0
136613,0
96826,0
183927,0
128815,0
12704,0
144497,0
63583,0
51184,0
260395,0
203002,0
258674,0
228287,0
49818,0
11837,0
62926,0
227834,0
42863,0
135720,0
34984,0
173679,0
167723,0
91584,0
231053,0
168248,0
31866,0
49841,0
71915,0
102568,0
190303,0
214562,0
256619,0
159460,0
52378,0
141198,0
176073,0
199694,0
164709,0
234181,0
252212,0
61844,0
247601,0
175278,0
176669,0
111535,0
160609,0
126443,0
113367,0
92232,0
8120,0
52824,0
26959,0
215280,0
182439,0
157013,0
20271,0
130496,0
77755,0
128060,0
123739,0
179723,0
128932,0
72696,0
215111,0
98656,0
148525,0
113697,0
137106,0
124890,0
253760,0
91491,0
10574,0
233058,0
81418,0
198444,0
173650,0
144171,0
188093,0
8507,0
29058,0
203173,0
109870,0
39005,0
149659,0
240183,0
161834,0
234351,0
115288,0
142110,0
189817,0
103909,0
180074,0
72673,0
182751,0
219409,0
226974,0
216204,0
193590,0
236471,0
166989,0
46828,0
78715,0
138715,0
225950,0
76821,0
261788,0
223855,0
178352,0
19532,0
203000,0
113282,0
136664,0
423,0
196913,0
139044,0
195172,0
99297,0
185160,0
45661,0
172952,0
214640,0
180309,0
170023,0
195705,0
165769,0
203882,0
144391,0
141263,0
152266,0
191719,0
123329,0
149330,0
42764,0
180698,0
35949,0
215867,0
20724,0
91907,0
245220,0
160653,0
147765,0
122332,0
221883,0
120901,0
229360,0
132893,0
2881,0
170006,0
69671,0
90216,0
91461,0
249282,0
172848,0
84231,0
94299,0
48674,0
183397,0
70302,0
180995,0
247046,0
179018,0
9650,0
90098,0
122018,0
225251,0
116789,0
49914,0
219516,0
55975,0
10906,0
73027,0
12476,0
210145,0
116829,0
2145,0
30916,0
167936,0
253547,0
83495,0
170922,0
29545,0
239840,0
28328,0
257838,0
69457,0
238667,0
159115,0
211679,0
59668,0
143348,0
140215,0
22130,0
110512,0
261647,0
8937,0
152650,0
147003,0
43689,0
264634,0
63371,0
187691,0
223150,0
155334,0
10477,0
158071,0
257930,0
49890,0
174981,0
114657,0
239496,0
263111,0
63325,0
26721,0
122511,0
225142,0
149824,0
127958,0
83602,0
219434,0
235817,0
156426,0
254362,0
118185,0
122496,0
94673,0
227320,0
226935,0
140721,0
76612,0
231514,0
252476,0
138366,0
21733,0
233596,0
231117,0
66479,0
260175,0
265165,0
41889,0
214919,0
82494,0
256644,0
4219,0
241972,0
182412,0
40827,0
66649,0
147842,0
154025,0
237920,0
145084,0
120825,0
228812,0
125439,0
156301,0
115570,0
248464,0
126831,0
216864,0
68248,0
32174,0
137846,0
3599,0
134323,0
68218,0
162478,0
6436,0
37406,0
176595,0
203376,0
114561,0
156074,0
73174,0
217976,0
60146,0
208448,0
132627,0
133242,0
180663,0
137063,0
167208,0
102416,0
218759,0
246953,0
54991,0
128792,0
230830,0
161034,0
101328,0
9683,0
265624,0
130775,0
67910,0
256539,0
39819,0
111791,0
39206,0
229565,0
41386,0
213355,0
216297,0
51915,0
42216,0
174001,0
144168,0
155751,0
37543,0
266174,0
86191,0
240660,0
30999,0
35577,0
212762,0
142589,0
123496,0
225339,0
227535,0
173928,0
153607,0
179757,0
204128,0
180902,0
123008,0
66108,0
142549,0
9183,0
94903,0
238311,0
101016,0
118284,0
141900,0
204895,0
167403,0
230712,0
229498,0
129690,0
168096,0
86550,0
199239,0
212267,0
34307,0
115692,0
182232,0
111692,0
265862,0
214488,0
231867,0
65228,0
10386,0
251788,0
185390,0
266561,0
257243,0
170262,0
263061,0
163525,0
45790,0
35004,0
186279,0
39271,0
59606,0
151942,0
187143,0
132533,0
243008,0
174810,0
31900,0
249468,0
1559,0
162266,0
230498,0
138454,0
250388,0
142392,0
142107,0
264747,0
259766,0
235816,0
150453,0
128253,0
218264,0
68571,0
82099,0
241856,0
18086,0
67800,0
53367,0
141331,0
155134,0
110695,0
206390,0
200631,0
265028,0
95323,0
162463,0
219431,0
187375,0
141817,0
249306,0
208202,0
228358,0
132443,0
237579,0
94363,0
39436,0
231553,0
180226,0
89567,0
105367,0
207491,0
90089,0
158702,0
159877,0
240920,0
128963,0
247663,0
134732,0
11358,0
202276,0
199774,0
245939,0
231280,0
81946,0
209669,0
211213,0
203557,0
174229,0
102817,0
45383,0
45084,0
96179,0
187629,0
225876,0
95639,0
140319,0
80370,0
213192,0
162642,0
141617,0
141616,0
81412,0
43911,0
27229,0
106611,0
178932,0
87899,0
236020,0
200583,0
238532,0
158558,0
73100,0
118756,0
235447,0
195800,0
77976,0
145600,0
53669,0
235310,0
215685,0
178396,0
206412,0
126085,0
86154,0
130686,0
168937,0
54123,0
256866,0
92082,0
161827,0
214210,0
263265,0
37276,0
187805,0
187055,0
224060,0
19191,0
109634,0
240450,0
64999,0
168479,0
216376,0
24980,0
42783,0
51570,0
161237,0
10471,0
66935,0
216895,0
19999,0
226169,0
169768,0
34785,0
19846,0
194826,0
215306,0
190612,0
126418,0
81295,0
165434,0
143256,0
99655,0
246271,0
78132,0
108554,0
249164,0
176891,0
72554,0
217693,0
261011,0
71076,0
150475,0
186025,0
114305,0
6558,0
238000,0
2464,0
76352,0
64036,0
111934,0
164288,0
141799,0
110370,0
97570,0
106727,0
250076,0
70338,0
16325,0
145368,0
153047,0
107489,0
8985,0
242743,0
143003,0
122381,0
221268,0
54160,0
69792,0
240348,0
90160,0
231433,0
5689,0
104605,0
111167,0
88091,0
254419,0
224668,0
141020,0
228531,0
177272,0
42144,0
189773,0
262121,0
89932,0
70729,0
187289,0
190947,0
187333,0
245878,0
110243,0
224633,0
49540,0
40788,0
21870,0
166469,0
171866,0
42388,0
180260,0
159496,0
252955,0
75923,0
231819,0
7866,0
117284,0
69612,0
36121,0
161787,0
15933,0
17860,0
214218,0
17414,0
71136,0
24895,0
221859,0
73501,0
48428,0
15297,0
246798,0
135127,0
91399,0
242866,0
192960,0
56522,0
110250,0
43317,0
124998,0
261458,0
106509,0
30592,0
160358,0
77389,0
85513,0
174592,0
213426,0
173690,0
181346,0
256333,0
160990,0
229514,0
93645,0
210241,0
145209,0
192829,0
130147,0
49015,0
119404,0
172357,0
258466,0
113320,0
81362,0
89449,0
133040,0
215938,0
150281,0
188101,0
41658,0
19169,0
214527,0
213539,0
259409,0
138928,0
51537,0
173365,0
162293,0
157453,0
10409,0
68833,0
75944,0
153271,0
228774,0
79350,0
163713,0
41641,0
230219,0
61065,0
69883,0
100316,0
131005,0
140611,0
168123,0
196197,0
65107,0
127827,0
73138,0
49402,0
194612,0
193165,0
197134,0
242051,0
21090,0
91791,0
119736,0
57152,0
249979,0
21025,0
50280,0
219199,0
52838,0
63715,0
196310,0
58394,0
38844,0
107433,0
6184,0
88526,0
105426,0
42574,0
239536,0
214552,0
742,0
14152,0
178696,0
169068,0
174869,0
247280,0
138344,0
63920,0
134268,0
201641,0
165925,0
242428,0
81028,0
94790,0
114427,0
264395,0
197933,0
202391,0
82189,0
141801,0
122895,0
218615,0
116557,0
134887,0
247826,0
113881,0
197026,0
209518,0
252340,0
94476,0
141648,0
60055,0
39047,0
51028,0
30751,0
116638,0
231113,0
230696,0
133477,0
104856,0
67426,0
57507,0
41882,0
202891,0
84688,0
71941,0
105396,0
188088,0
205006,0
63792,0
127352,0
93965,0
262901,0
78622,0
139256,0
77265,0
114355,0
58460,0
9635,0
123533,0
46113,0
10958,0
171858,0
254360,0
196978,0
118319,0
205733,0
106588,0
249802,0
247739,0
16963,0
193123,0
116384,0
162095,0
181500,0
193968,0
241278,0
231331,0
253078,0
153094,0
130441,0
3103,0
223683,0
211054,0
231284,0
103996,0
114520,0
154493,0
38555,0
93328,0
175173,0
108173,0
232272,0
11467,0
130057,0
70383,0
172815,0
185456,0
93177,0
110101,0
165002,0
233378,0
200562,0
202469,0
223351,0
69305,0
177293,0
61008,0
50740,0
17157,0
2223,0
253128,0
76656,0
12594,0
190364,0
36922,0
133493,0
180563,0
103313,0
27184,0
233070,0
41796,0
15640,0
178993,0
211952,0
178489,0
64122,0
27946,0
61861,0
240132,0
261516,0
266323,0
260032,0
23454,0
97453,0
250566,0
21751,0
79318,0
232289,0
69715,0
246270,0
42548,0
86629,0
49668,0
155575,0
38454,0
221402,0
241352,0
65114,0
241762,0
258527,0
2356,0
256590,0
240643,0
11370,0
144554,0
16786,0
122507,0
11803,0
246881,0
264376,0
228168,0
241843,0
183598,0
200518,0
115304,0
76460,0
259379,0
217598,0
65546,0
242682,0
113215,0
261336,0
54024,0
4494,0
161956,0
117225,0
223490,0
117182,0
194992,0
56521,0
102452,0
246381,0
121716,0
157606,0
91593,0
235293,0
139754,0
4814,0
54067,0
150713,0
35220,0
261055,0
113785,0
81632,0
116264,0
215571,0
209262,0
120178,0
243059,0
216480,0
49334,0
187868,0
103833,0
119717,0
175077,0
184532,0
87556,0
134113,0
75804,0
185876,0
44002,0
130482,0
72313,0
65984,0
186359,0
76035,0
147023,0
252230,0
92909,0
50058,0
20970,0
88364,0
185271,0
20330,0
26296,0
191918,0
18499,0
88137,0
113450,0
264644,0
59129,0
183234,0
178572,0
177382,0
105324,0
30208,0
74845,0
263418,0
158626,0
35609,0
238185,0
159305,0
239252,0
259151,0
261419,0
63481,0
51567,0
53124,0
194625,0
128848,0
137356,0
53347,0
61598,0
124097,0
171850,0
116785,0
97661,0
29904,0
8071,0
117463,0
62539,0
266628,0
63786,0
148881,0
263624,0
15380,0
117183,0
265418,0
207342,0
213183,0
38359,0
74392,0
181609,0
234008,0
74766,0
73265,0
198708,0
32055,0
192805,0
24461,0
177998,0
54169,0
96703,0
2998,0
81375,0
111541,0
192944,0
258298,0
50180,0
64755,0
190962,0
46549,0
229146,0
265414,0
193952,0
250366,0
137147,0
133166,0
212882,0
13865,0
167904,0
177456,0
43239,0
195618,0
51674,0
103958,0
81591,0
136651,0
141966,0
33474,0
125015,0
37144,0
265176,0
74044,0
34372,0
253300,0
80961,0
208438,0
79188,0
251908,0
147556,0
26755,0
180825,0
62484,0
126015,0
160103,0
27212,0
239975,0
34923,0
119133,0
225524,0
16739,0
9060,0
123076,0
115197,0
63194,0
54743,0
148127,0
854,0
17153,0
215206,0
120444,0
77607,0
210564,0
141905,0
182242,0
249539,0
225192,0
143977,0
101722,0
92256,0
98914,0
240743,0
94954,0
204681,0
231503,0
224657,0
60570,0
220156,0
84021,0
161038,0
106350,0
251741,0
248829,0
11782,0
104057,0
48669,0
212178,0
114692,0
64599,0
190504,0
214841,0
18793,0
133186,0
198791,0
83532,0
164057,0
100565,0
45143,0
191400,0
110823,0
212045,0
28548,0
52907,0
184452,0
205145,0
198673,0
204186,0
19592,0
52653,0
150280,0
150795,0
253979,0
248717,0
176488,0
161572,0
142087,0
4358,0
213408,0
101815,0
107179,0
250489,0
227328,0
757,0
138182,0
78938,0
84852,0
108471,0
44251,0
30538,0
60483,0
181693,0
130005,0
236066,0
123657,0
219464,0
202624,0
187208,0
24535,0
776,0
5087,0
139247,0
75119,0
248141,0
30953,0
56463,0
115061,0
200238,0
257445,0
225988,0
115606,0
52480,0
228075,0
226661,0
154981,0
264325,0
72798,0
97870,0
77691,0
12701,0
244131,0
247284,0
89327,0
262030,0
133861,0
127689,0
265784,0
18607,0
14354,0
181680,0
53939,0
49762,0
178484,0
176617,0
260148,0
123213,0
105221,0
210092,0
119975,0
55715,0
25517,0
126049,0
262099,0
22411,0
68148,0
95568,0
60703,0
75710,0
21086,0
220375,0
221023,0
16345,0
45937,0
37150,0
169624,0
165357,0
241933,0
36162,0
234357,0
157004,0
43343,0
217030,0
45404,0
244445,0
146851,0
238901,0
101224,0
244776,0
265906,0
111619,0
265370,0
167270,0
33414,0
107115,0
201903,0
126031,0
121804,0
64172,0
34709,0
122075,0
6956,0
682,0
171485,0
224329,0
50917,0
16330,0
213645,0
224333,0
140472,0
3470,0
127224,0
253669,0
201428,0
206085,0
234660,0
207446,0
138918,0
80175,0
36426,0
1649,0
147914,0
229878,0
195151,0
110120,0
155364,0
155126,0
213418,0
207356,0
177761,0
191180,0
112549,0
181381,0
134523,0
144665,0
104620,0
22823,0
255335,0
200192,0
217435,0
101843,0
125424,0
22076,0
129882,0
167012,0
83564,0
67182,0
223212,0
41992,0
70002,0
102608,0
87240,0
20908,0
96710,0
102543,0
64308,0
96705,0
211141,0
176005,0
188682,0
45952,0
240199,0
118207,0
18434,0
265509,0
236555,0
197749,0
110656,0
162701,0
4692,0
216230,0
41899,0
131434,0
186286,0
73017,0
155037,0
150498,0
37086,0
79438,0
157961,0
110446,0
257259,0
257519,0
40488,0
56483,0
42862,0
101041,0
25124,0
238826,0
3920,0
157120,0
95400,0
192296,0
24580,0
167537,0
204081,0
247585,0
48286,0
215556,0
31573,0
261113,0
124420,0
93354,0
52225,0
16800,0
103874,0
135780,0
77071,0
144863,0
84399,0
151711,0
110976,0
100431,0
168278,0
164275,0
214329,0
78371,0
231151,0
218640,0
120011,0
38230,0
10150,0
51605,0
29167,0
224769,0
9703,0
105665,0
136226,0
206962,0
4268,0
186622,0
187123,0
217917,0
185019,0
105866,0
50901,0
48835,0
266258,0
38708,0
135632,0
94542,0
165712,0
171362,0
54320,0
179619,0
212427,0
261344,0
191517,0
200317,0
247978,0
155966,0
99482,0
82236,0
188963,0
2015,0
98722,0
249617,0
7583,0
251583,0
88587,0
16878,0
165083,0
214965,0
38861,0
7067,0
61615,0
129851,0
247708,0
100266,0
126003,0
201999,0
233448,0
171687,0
112917,0
256383,0
67887,0
212245,0
229101,0
45845,0
95608,0
113516,0
175107,0
193493,0
230753,0
265527,0
99907,0
141200,0
244737,0
128447,0
165774,0
38483,0
206073,0
240194,0
26820,0
186845,0
150619,0
250073,0
189286,0
256018,0
45591,0
142931,0
14825,0
143510,0
24802,0
178182,0
195385,0
102200,0
206024,0
159077,0
212190,0
225374,0
167236,0
102496,0
94416,0
81730,0
229295,0
128339,0
240329,0
225940,0
232442,0
43066,0
246107,0
247493,0
133737,0
106257,0
265157,0
72595,0
83593,0
156387,0
148522,0
73789,0
92521,0
189848,0
142384,0
162158,0
87503,0
252189,0
51157,0
93917,0
145130,0
46211,0
14948,0
214606,0
250820,0
100022,0
187465,0
158972,0
86802,0
109498,0
9854,0
203567,0
203820,0
236799,0
89394,0
218580,0
15444,0
161971,0
81624,0
246784,0
252113,0
6061,0
237424,0
117455,0
93325,0
256486,0
25784,0
68026,0
61403,0
21051,0
211711,0
96409,0
98155,0
158223,0
41529,0
121631,0
88169,0
69979,0
249120,0
180273,0
8122,0
128295,0
181973,0
209794,0
185277,0
167698,0
156224,0
254719,0
123577,0
2295,0
258225,0
16394,0
76130,0
253077,0
33020,0
3838,0
153847,0
223031,0
107326,0
240038,0
153956,0
222349,0
42018,0
180476,0
231261,0
69030,0
168059,0
103267,0
189458,0
59733,0
186474,0
129603,0
35131,0
20896,0
103584,0
136835,0
119998,0
150507,0
72538,0
176562,0
15945,0
9617,0
111445,0
13202,0
49423,0
113100,0
46349,0
207091,0
173607,0
180280,0
221785,0
36498,0
32780,0
258634,0
197681,0
238969,0
171082,0
218838,0
123827,0
219679,0
102186,0
833,0
191961,0
73830,0
140325,0
87256,0
178414,0
124729,0
262076,0
230131,0
174824,0
201533,0
73690,0
217766,0
215455,0
122127,0
40992,0
13868,0
181822,0
94243,0
80940,0
135576,0
208459,0
235714,0
163934,0
203482,0
89285,0
258477,0
96871,0
148124,0
151944,0
131876,0
99551,0
20654,0
82833,0
122210,0
182342,0
36397,0
16695,0
186616,0
238397,0
263334,0
239092,0
107198,0
183396,0
202982,0
142544,0
169522,0
41611,0
211654,0
81588,0
201385,0
193774,0
130009,0
163984,0
123545,0
138027,0
43520,0
252837,0
240506,0
115106,0
254595,0
248374,0
195390,0
140498,0
103375,0
131546,0
120024,0
75338,0
200776,0
168892,0
52936,0
144165,0
175168,0
96294,0
124660,0
203579,0
70760,0
207025,0
159853,0
240171,0
158172,0
2908,0
53884,0
192946,0
16974,0
105739,0
81195,0
45898,0
1665,0
129144,0
242129,0
230729,0
55386,0
255952,0
237575,0
227955,0
57919,0
160469,0
238112,0
79062,0
161848,0
128250,0
15615,0
125799,0
178371,0
217640,0
9982,0
92820,0
53265,0
191301,0
256266,0
164692,0
47915,0
197554,0
135941,0
18380,0
240521,0
49523,0
144934,0
50101,0
217730,0
190293,0
162502,0
27864,0
109692,0
52636,0
8298,0
232847,0
256318,0
194934,0
224368,0
24121,0
178956,0
235967,0
214085,0
46285,0
97528,0
124473,0
32235,0
240731,0
6571,0
86770,0
124379,0
167899,0
55076,0
5351,0
97157,0
210206,0
37211,0
161107,0
180227,0
42056,0
182098,0
131351,0
84274,0
227690,0
83984,0
22119,0
147909,0
23365,0
150023,0
164915,0
228716,0
230069,0
28593,0
118360,0
38875,0
33427,0
239989,0
231383,0
164238,0
223634,0
23138,0
189415,0
49331,0
196632,0
57254,0
44908,0
52640,0
111222,0
115110,0
204316,0
79992,0
155362,0
94682,0
31500,0
234953,0
38834,0
176950,0
92255,0
237745,0
43250,0
180541,0
146193,0
115828,0
191704,0
239698,0
168152,0
211102,0
213560,0
239386,0
135097,0
210694,0
7218,0
262001,0
113382,0
112808,0
143848,0
215339,0
251360,0
2468,0
202238,0
193014,0
195595,0
130208,0
137703,0
67581,0
119988,0
260813,0
116855,0
247174,0
153138,0
238678,0
126805,0
170027,0
227694,0
212651,0
14483,0
210439,0
15855,0
236572,0
77200,0
60008,0
49452,0
160710,0
65399,0
154811,0
92213,0
131760,0
164316,0
260487,0
45327,0
198306,0
133405,0
12750,0
105603,0
244768,0
158770,0
207849,0
220351,0
220335,0
30052,0
84196,0
108481,0
21336,0
71204,0
226237,0
174937,0
194562,0
164115,0
221822,0
111136,0
233495,0
70047,0
253739,0
142053,0
65551,0
83043,0
1881,0
99112,0
132416,0
54028,0
19916,0
7006,0
159320,0
66454,0
137267,0
45573,0
40712,0
266376,0
200254,0
60923,0
23555,0
53683,0
249283,0
164945,0
200778,0
53448,0
231599,0
87925,0
91690,0
159648,0
257732,0
220792,0
58403,0
260012,0
235011,0
95244,0
23543,0
196767,0
89011,0
122183,0
53076,0
145454,0
46503,0
129104,0
210784,0
89408,0
242647,0
10920,0
64826,0
132601,0
42744,0
83756,0
4602,0
131527,0
207522,0
248683,0
92166,0
127419,0
23666,0
53728,0
112953,0
96960,0
131869,0
56541,0
89629,0
200426,0
246262,0
33507,0
173429,0
244877,0
109212,0
191966,0
73054,0
37929,0
172107,0
201525,0
71882,0
143314,0
109641,0
31518,0
75303,0
182083,0
202764,0
130988,0
194522,0
154887,0
129231,0
94652,0
150227,0
101509,0
108853,0
41471,0
60855,0
187607,0
225009,0
95318,0
126634,0
259722,0
143605,0
215337,0
110581,0
175288,0
188916,0
208382,0
30152,0
202840,0
183765,0
191581,0
170895,0
4733,0
27095,0
224655,0
244856,0
149997,0
247579,0
164349,0
94933,0
20003,0
80723,0
250705,0
85715,0
82772,0
78930,0
34779,0
216990,0
8936,0
70303,0
213592,0
146669,0
149503,0
124374,0
212214,0
155671,0
242203,0
219187,0
163772,0
155501,0
129258,0
68835,0
214132,0
108280,0
69094,0
106536,0
172616,0
56627,0
144712,0
53976,0
150046,0
263379,0
46673,0
40508,0
89077,0
139440,0
34340,0
101070,0
31800,0
77504,0
196481,0
75486,0
98779,0
258162,0
139053,0
207535,0
87093,0
107478,0
134147,0
260586,0
164171,0
59268,0
36134,0
29631,0
18812,0
22123,0
203596,0
76007,0
186046,0
13472,0
265860,0
123489,0
127915,0
208521,0
15815,0
160604,0
13494,0
56866,0
123731,0
88934,0
23260,0
96510,0
2709,0
149626,0
132848,0
259382,0
8275,0
241337,0
52432,0
220171,0
217447,0
246557,0
42318,0
260294,0
101010,0
173449,0
188718,0
72856,0
48268,0
222995,0
14013,0
83656,0
121827,0
246793,0
265826,0
193348,0
110324,0
70134,0
223939,0
70673,0
171300,0
35159,0
235662,0
113426,0
163996,0
30195,0
125399,0
53318,0
54668,0
13624,0
111031,0
258614,0
84820,0
89460,0
75317,0
80851,0
107154,0
110006,0
59913,0
127912,0
57985,0
216299,0
25948,0
71382,0
139183,0
152355,0
205690,0
24742,0
25727,0
26607,0
165121,0
204402,0
148224,0
63986,0
166738,0
191647,0
19353,0
247088,0
63769,0
261534,0
52571,0
206723,0
196621,0
219414,0
31771,0
59993,0
27979,0
189179,0
53348,0
44610,0
183507,0
224671,0
161992,0
90886,0
248046,0
121,0
56786,0
140190,0
97739,0
47420,0
1995,0
50371,0
24041,0
225992,0
25787,0
167303,0
15792,0
27956,0
2784,0
16711,0
32777,0
31792,0
5491,0
16223,0
265387,0
212773,0
242120,0
91817,0
29344,0
72540,0
231628,0
51680,0
131600,0
248389,0
65731,0
184740,0
134799,0
64543,0
21173,0
161091,0
64452,0
234662,0
14705,0
232084,0
169823,0
219271,0
18641,0
254316,0
28041,0
148696,0
88107,0
138489,0
151278,0
218815,0
36641,0
236527,0
22654,0
35311,0
5152,0
188863,0
92766,0
10602,0
145869,0
56583,0
125417,0
8032,0
13682,0
51914,0
7271,0
229212,0
34237,0
262438,0
60794,0
47907,0
41990,0
19177,0
11963,0
108450,0
259097,0
106824,0
4204,0
154461,0
78463,0
74341,0
164926,0
78909,0
31653,0
2948,0
119248,0
254784,0
236465,0
23794,0
130662,0
263142,0
129298,0
6624,0
87898,0
254815,0
36880,0
260571,0
100721,0
192755,0
7726,0
178401,0
97154,0
183771,0
40460,0
76518,0
175086,0
124876,0
106111,0
67262,0
180250,0
22000,0
248791,0
181620,0
244620,0
386,0
100516,0
111181,0
210173,0
65980,0
194278,0
119173,0
112439,0
116570,0
262035,0
102824,0
231655,0
37711,0
29879,0
230295,0
224856,0
74612,0
65733,0
93573,0
50743,0
30599,0
97194,0
224000,0
24904,0
81681,0
215292,0
183839,0
235560,0
176134,0
242723,0
78460,0
153752,0
247530,0
259567,0
23640,0
48340,0
192059,0
39959,0
110942,0
32143,0
65327,0
91707,0
115137,0
164950,0
128765,0
147285,0
70022,0
15010,0
208866,0
262884,0
35704,0
27691,0
142404,0
191213,0
161840,0
120785,0
76286,0
52135,0
86324,0
175294,0
238980,0
232389,0
222539,0
156580,0
119020,0
105446,0
75159,0
57033,0
216108,0
209275,0
38768,0
196022,0
128872,0
44204,0
27459,0
228849,0
104485,0
67728,0
109344,0
201692,0
193724,0
79972,0
222427,0
188589,0
25667,0
236195,0
50929,0
27936,0
116143,0
259362,0
11123,0
158766,0
102336,0
8615,0
76614,0
153904,0
75858,0
181891,0
261470,0
18277,0
54481,0
129206,0
115590,0
183462,0
233829,0
213439,0
236516,0
166445,0
133251,0
120071,0
245728,0
250080,0
225397,0
92005,0
108804,0
77971,0
217412,0
121224,0
249913,0
15864,0
57605,0
251283,0
263130,0
112434,0
19252,0
42010,0
41558,0
65838,0
46266,0
66984,0
71817,0
88082,0
124780,0
97231,0
155983,0
180692,0
117541,0
86912,0
1939,0
112445,0
80140,0
249119,0
93350,0
56041,0
98511,0
80867,0
143427,0
203516,0
73323,0
129266,0
131062,0
250924,0
36931,0
198498,0
215820,0
200386,0
14980,0
167729,0
68811,0
199930,0
69794,0
86639,0
6221,0
122205,0
260198,0
224717,0
157173,0
77388,0
96461,0
51833,0
139826,0
248518,0
3134,0
22210,0
118320,0
184816,0
226784,0
134389,0
190576,0
136332,0
166926,0
174953,0
96045,0
156209,0
79091,0
171103,0
239309,0
89475,0
43433,0
33744,0
213375,0
41234,0
14802,0
71193,0
11251,0
54555,0
76766,0
156085,0
172502,0
72845,0
163455,0
190603,0
69133,0
147269,0
234223,0
238129,0
79220,0
150025,0
235839,0
1271,0
142852,0
212620,0
44207,0
156060,0
203705,0
40866,0
216489,0
265941,0
265926,0
156581,0
263965,0
84858,0
115550,0
112520,0
153889,0
38760,0
77423,0
251438,0
179113,0
33785,0
143614,0
86521,0
246899,0
218189,0
79538,0
92676,0
239951,0
227609,0
191955,0
170367,0
12723,0
13608,0
185669,0
187483,0
38851,0
163818,0
218774,0
198381,0
17191,0
225875,0
30475,0
94100,0
194654,0
152588,0
106408,0
54424,0
34852,0
233834,0
119019,0
61319,0
101917,0
256410,0
37342,0
225006,0
43448,0
240879,0
240376,0
183624,0
240172,0
157170,0
236825,0
135598,0
75327,0
115060,0
173780,0
150254,0
252062,0
217644,0
94160,0
101967,0
13218,0
255605,0
7154,0
165214,0
83065,0
42520,0
107397,0
63541,0
66241,0
174051,0
171208,0
74297,0
37525,0
215716,0
99789,0
139745,0
219714,0
105131,0
93526,0
212617,0
174730,0
88319,0
261468,0
241737,0
95785,0
57683,0
180899,0
134610,0
136184,0
206280,0
190908,0
125140,0
176285,0
135930,0
117484,0
143364,0
64396,0
67946,0
183558,0
257799,0
81552,0
112906,0
109047,0
38049,0
191061,0
258390,0
188446,0
132402,0
52438,0
261331,0
29400,0
244024,0
252795,0
158235,0
22486,0
138259,0
60083,0
89259,0
248793,0
128516,0
16070,0
170636,0
241481,0
186431,0
85535,0
31747,0
38781,0
212313,0
125521,0
83551,0
94847,0
31077,0
52820,0
212821,0
35422,0
97766,0
77204,0
141215,0
237335,0
260040,0
61630,0
1795,0
255031,0
141530,0
130125,0
14601,0
142403,0
81064,0
70624,0
148883,0
36533,0
261856,0
140306,0
8723,0
157978,0
225270,0
28430,0
36281,0
186782,0
229150,0
94287,0
107629,0
154462,0
108862,0
88338,0
117594,0
14776,0
211441,0
36107,0
33233,0
161783,0
164973,0
248531,0
75988,0
43148,0
87326,0
221912,0
47191,0
96018,0
108778,0
264372,0
252746,0
252504,0
29642,0
215658,0
236319,0
220433,0
106196,0
10370,0
142136,0
31990,0
13657,0
195952,0
81189,0
55127,0
160920,0
256384,0
142479,0
91076,0
231084,0
87946,0
42375,0
259293,0
261197,0
168049,0
265793,0
220849,0
93117,0
251897,0
189078,0
121490,0
210440,0
2611,0
227025,0
129481,0
69425,0
20585,0
243227,0
216531,0
196208,0
174992,0
24932,0
96695,0
248035,0
162748,0
78735,0
146727,0
217033,0
258212,0
242214,0
52993,0
141332,0
199289,0
211806,0
159764,0
57578,0
168126,0
117252,0
83401,0
70491,0
126486,0
51243,0
232291,0
36287,0
244503,0
213844,0
237804,0
192988,0
3261,0
213749,0
126043,0
15090,0
171803,0
68414,0
110481,0
203911,0
82417,0
158032,0
28452,0
101156,0
144234,0
40646,0
225965,0
258872,0
231114,0
62648,0
193667,0
112490,0
239372,0
204110,0
92021,0
71433,0
22204,0
149791,0
216046,0
131889,0
20926,0
129852,0
152229,0
91466,0
168721,0
240393,0
174797,0
252844,0
189924,0
25234,0
148744,0
236424,0
158420,0
16181,0
38913,0
193497,0
185420,0
219294,0
157591,0
178241,0
263133,0
197206,0
168673,0
159937,0
184547,0
216922,0
178122,0
66863,0
257292,0
232029,0
82784,0
94175,0
86060,0
175802,0
12522,0
215171,0
5534,0
190771,0
135728,0
200549,0
78696,0
47820,0
49992,0
153787,0
124997,0
16244,0
170377,0
51917,0
133091,0
86767,0
266218,0
215017,0
73803,0
91819,0
152294,0
210582,0
168108,0
134215,0
93061,0
212644,0
58505,0
105139,0
144127,0
248994,0
25445,0
20118,0
215718,0
19454,0
201608,0
228150,0
255592,0
155231,0
147779,0
71436,0
64264,0
103696,0
104570,0
228839,0
31666,0
217864,0
125818,0
112949,0
185991,0
244765,0
74541,0
260627,0
264640,0
123418,0
59335,0
40154,0
264446,0
141516,0
110923,0
10765,0
249785,0
251410,0
121407,0
90902,0
164029,0
111559,0
106542,0
6022,0
148871,0
120330,0
198746,0
50684,0
196637,0
262437,0
47487,0
25442,0
177540,0
201475,0
153739,0
107965,0
132143,0
148971,0
213840,0
56284,0
144104,0
229331,0
148228,0
61111,0
218807,0
219819,0
58569,0
202208,0
263118,0
132612,0
20853,0
55085,0
37584,0
72899,0
82045,0
265668,0
100505,0
212881,0
49047,0
216425,0
38903,0
207269,0
113290,0
155511,0
84680,0
32831,0
177175,0
252306,0
212334,0
60237,0
110238,0
265083,0
211336,0
205061,0
100781,0
157172,0
34665,0
9109,0
229512,0
154053,0
263909,0
50842,0
151442,0
102076,0
164980,0
36105,0
165905,0
54805,0
61398,0
216128,0
14055,0
217904,0
84273,0
119699,0
98205,0
52037,0
56286,0
116956,0
183600,0
133447,0
70714,0
131051,0
74038,0
234137,0
183525,0
97594,0
63673,0
186829,0
187125,0
197675,0
152009,0
118192,0
167157,0
210805,0
104401,0
121771,0
176493,0
71336,0
161327,0
85573,0
36122,0
191648,0
241814,0
255977,0
209420,0
131950,0
61214,0
77564,0
154657,0
61479,0
248786,0
77612,0
109533,0
79608,0
183696,0
41377,0
93866,0
97790,0
230180,0
163515,0
123230,0
2810,0
18939,0
95725,0
93768,0
13383,0
91632,0
232321,0
123157,0
185962,0
155757,0
190172,0
252280,0
136796,0
27981,0
143856,0
109276,0
18333,0
71910,0
14606,0
189209,0
196236,0
247955,0
195988,0
128251,0
260963,0
244379,0
160517,0
120677,0
175041,0
194886,0
52032,0
188382,0
119865,0
193556,0
191312,0
175509,0
18463,0
106636,0
226505,0
202338,0
63100,0
112639,0
55314,0
95653,0
220919,0
212594,0
200044,0
3182,0
148512,0
73257,0
141997,0
212470,0
112680,0
68249,0
143582,0
76128,0
10637,0
140778,0
25103,0
118294,0
140857,0
60002,0
194814,0
63118,0
133950,0
135620,0
39598,0
147951,0
257015,0
155924,0
45506,0
152311,0
66326,0
142748,0
123136,0
174602,0
99445,0
264911,0
166936,0
68373,0
226410,0
243157,0
183990,0
