id,target
9708,1
123263,1
24662,0
18570,1
33767,1
117820,0
23428,0
196654,1
21101,1
191669,1
131607,1
67080,1
97418,0
10987,1
265332,0
234120,1
16685,0
39588,1
47184,1
61096,1
67818,1
216769,1
5650,0
85323,1
68976,1
97956,1
56888,1
155182,0
260587,1
25860,1
129447,1
87310,1
56353,1
126766,1
210939,1
168643,1
234617,1
219950,1
253312,0
187446,1
168272,1
153340,1
167966,1
205110,1
240165,0
44462,0
252177,1
258027,1
130532,0
31277,1
258380,1
39939,0
140232,1
208103,1
89930,1
117699,1
62873,1
130204,1
188803,0
176862,1
114093,1
250078,1
153228,1
218383,1
108206,1
248481,1
68905,1
98456,1
137329,1
159785,1
43179,1
263329,1
177526,0
257640,1
203736,1
248368,0
112126,0
109258,1
62304,1
52459,1
115977,1
81600,1
162497,1
169020,0
173881,1
156238,1
244696,1
241995,1
9267,0
77426,1
110117,1
206406,1
189883,1
159980,1
116328,1
78100,1
9121,1
149349,1
258571,1
206557,1
97340,1
43592,0
91808,1
85374,1
259099,0
70039,1
49071,0
130845,1
226069,0
62007,1
52825,1
215827,0
46866,1
31146,1
103827,1
254455,1
153366,1
11490,1
153371,1
128003,0
211956,0
175247,1
99763,1
124072,1
124130,1
239739,1
214787,1
138534,1
76339,1
88852,1
166509,1
113885,0
36132,1
237775,0
230292,1
67413,1
63076,1
240528,1
250674,1
205959,1
183285,0
94042,1
44569,1
18038,1
133984,1
188699,1
243122,1
26834,1
134709,1
89356,1
120570,1
126828,1
7043,1
203875,1
173307,1
65339,1
230109,1
11253,0
84998,1
152510,0
227291,0
241782,1
242078,1
155766,1
29196,1
213356,1
202274,0
219599,1
182075,1
175325,0
144699,0
27015,0
62010,1
119380,1
217453,0
258895,0
210628,0
209012,1
256451,1
45739,1
57583,1
147778,1
89757,1
92969,1
58032,0
124967,0
160497,0
78712,1
107212,1
263453,0
190595,1
62255,1
15064,0
169541,1
104357,1
190587,1
189813,1
8069,0
156519,1
209749,1
13988,1
213772,0
26239,0
161332,0
220474,0
114875,0
88463,1
60769,1
81677,0
135656,1
253177,0
183566,1
168526,1
239407,1
210724,0
262553,1
27552,1
244700,0
199191,0
159838,0
59792,1
22437,1
109285,1
74685,1
261485,0
90109,1
17550,1
126310,1
135940,1
10636,1
98672,1
77171,1
147113,1
257383,1
117178,1
81500,1
129815,0
19855,1
75050,0
217161,1
35599,1
121913,1
24404,1
24781,1
121073,1
40107,1
95798,0
164876,1
190724,1
165703,1
59411,1
153338,1
206991,1
87032,0
232498,0
236117,0
35764,1
96160,0
243483,1
144256,1
265529,1
169891,1
97540,1
154441,1
131248,1
46270,1
244288,1
254045,1
61368,1
118952,1
248477,1
88649,1
225183,1
12677,1
15582,1
262897,0
208980,1
74129,1
219698,1
28354,1
117909,0
158961,1
62831,1
245588,0
159479,0
146998,1
74748,1
249201,1
260392,1
146290,1
136805,1
32741,1
141815,0
99333,1
203697,1
174064,1
175405,1
159807,1
140459,1
233983,1
12083,0
256464,0
5346,1
169696,0
234702,0
9112,0
147976,1
21601,1
254247,1
89243,1
35178,1
163816,1
193755,1
131167,1
190458,1
119825,1
13094,0
18923,0
200811,1
22996,0
89336,1
252026,1
167487,1
162370,1
145691,0
6172,0
20979,1
139437,0
169695,1
4611,0
216127,1
202171,1
201458,1
30191,1
192438,1
258537,1
162134,0
193031,1
248266,1
196968,1
133321,1
123083,1
32453,1
111288,1
132852,1
49460,1
222441,1
172872,1
204805,1
73344,1
122691,1
59569,1
230187,1
173668,1
173,1
38612,1
263049,1
173151,1
65554,1
234151,1
74274,1
69690,0
214401,1
91623,1
258849,1
243253,1
201127,1
42298,1
94840,1
266314,1
158979,1
191662,1
77722,1
194870,0
54122,1
182332,1
258272,0
42711,1
152005,0
235389,1
236207,1
252396,0
57458,1
231445,0
171791,1
177368,1
90018,1
261725,1
14716,1
218410,0
210813,0
186998,1
40323,1
189151,1
158098,1
57459,1
359,0
74581,1
162603,1
168173,1
102506,1
115916,1
134199,1
248395,1
171241,1
211538,1
253251,0
166508,1
163718,1
214968,1
218081,1
91118,1
138796,1
120607,0
266120,1
145810,1
139265,1
133828,0
172651,1
38532,1
187120,0
48925,0
167857,1
222317,1
162477,1
96631,1
109980,1
145025,0
71955,0
195304,1
3698,1
47884,1
130329,0
72876,0
149540,1
24387,1
187275,1
238,1
86923,1
58845,0
41246,1
13021,0
227156,1
11749,0
150645,0
178249,0
58236,1
29447,1
100445,1
4375,1
194547,1
105432,1
86403,1
233040,1
54571,1
209949,1
226242,1
6413,1
155032,1
159972,0
150635,1
136973,1
111308,1
118878,1
22850,0
255386,0
110631,1
33029,1
233950,1
14584,1
242606,0
54003,1
67157,0
250382,1
21965,0
161894,0
241232,0
53543,1
120665,1
92036,1
33763,1
96258,1
182202,1
171739,1
240256,1
59498,1
73832,1
69412,0
77043,0
254383,1
226091,1
38194,1
98826,0
137172,1
261171,1
194626,1
86773,1
123014,1
173309,1
23153,1
102852,0
262753,1
160590,1
217353,1
123467,1
182622,1
211027,0
76097,1
102926,1
6502,1
20846,1
7962,1
189079,1
1342,1
143192,1
72967,1
97099,0
264532,0
65511,1
219797,0
132785,1
160545,0
227225,1
216472,1
91980,0
41655,1
89016,1
224777,1
88665,1
206246,1
47234,1
5347,0
119270,0
129218,1
86747,1
89162,1
149580,1
33695,1
95386,1
135697,1
253026,1
213300,0
72412,0
206728,0
191759,1
182592,1
260325,1
174908,1
139846,1
255360,1
87402,1
181409,1
254930,1
58491,1
47646,1
231318,1
123285,1
103121,1
154369,1
109198,1
224461,1
143661,1
19299,1
6087,0
100584,0
223219,1
72335,1
49276,1
43223,1
29346,1
27762,1
77061,1
57889,1
103572,0
100502,1
207502,1
65350,1
96669,0
134866,1
52454,1
236233,1
48647,1
151858,1
50377,1
220073,0
248703,0
88309,1
156799,0
138566,1
226493,1
27866,1
46403,1
204541,0
19109,1
120806,1
244608,0
227040,0
182279,1
30830,0
35517,1
191479,1
70103,1
134726,1
168578,1
52214,1
178435,1
99712,0
265175,1
154571,1
78669,0
174941,1
144758,1
64515,1
122923,1
103399,1
112652,1
261139,1
29822,0
215223,1
147747,1
66273,0
98325,0
135290,1
195584,1
181826,1
44092,1
254918,0
75079,0
47581,1
254123,0
248258,1
159506,0
589,0
261980,1
67603,1
222977,1
18958,1
134422,0
168818,1
43616,1
59840,0
17007,1
38995,1
77619,1
232100,1
236243,1
47333,0
180556,0
181027,1
262795,0
23043,1
210957,1
242064,1
212557,1
15206,0
180098,1
12561,1
115879,1
42026,1
11429,0
155238,0
231250,1
148160,1
123485,1
236739,1
177127,1
240247,1
94057,1
62073,0
3263,1
125503,1
145710,1
164093,1
227716,1
44105,1
29704,1
248719,0
228349,1
86909,1
123632,0
22931,1
34598,1
49533,0
241459,1
150400,1
199798,1
112839,1
196193,0
240381,0
233391,0
150284,0
137842,0
193229,1
47250,1
77010,1
203480,1
143564,1
171332,1
119802,1
106785,0
173302,1
187734,1
13460,1
258926,1
84885,1
174217,1
31882,1
35635,1
247498,1
168994,0
17815,0
115933,1
190794,1
238287,1
70139,1
31519,1
75650,1
250767,1
86531,1
139724,0
174886,0
20269,1
26863,1
140072,1
85878,1
100008,1
224928,1
155895,0
130491,1
149625,0
17407,1
21411,0
76795,1
53584,1
146641,1
93375,1
34985,1
95595,1
41142,1
257414,1
32863,1
194158,0
250548,1
123433,0
33702,1
167639,1
186911,1
136773,0
113378,0
234217,1
204170,0
182792,0
705,1
8297,0
226569,1
76423,0
154036,1
194881,1
102282,0
6304,0
137599,1
91919,1
122393,1
96143,1
31769,1
111823,1
133834,1
86843,1
60916,1
240017,0
116529,1
100548,1
106879,1
263719,1
76875,0
88739,1
145759,1
220789,1
9863,1
133917,1
30305,1
263741,1
241857,1
100116,1
36177,1
242236,0
179962,1
66947,1
49536,1
227549,1
106153,0
162578,1
205677,1
32985,1
230084,0
179017,0
256863,0
135549,0
68474,1
84300,1
133684,1
257546,1
248573,1
100107,0
197085,1
142196,1
211211,1
31202,1
154377,1
218406,1
152709,1
262301,1
121146,0
86045,1
108903,1
92087,1
83182,1
206849,1
178060,1
250597,0
120109,1
91096,1
24993,1
71177,1
175450,1
212108,1
209427,1
34482,1
20482,0
110859,1
144222,1
48177,1
82915,0
68593,1
69014,1
24779,1
77860,1
81597,1
219440,1
125225,0
114304,0
262493,1
182662,1
34369,1
253854,1
156040,1
75724,0
28475,1
234339,1
41837,1
158993,0
251484,1
177775,1
223425,1
21846,0
98401,0
65622,1
167488,1
167341,1
39763,1
61299,1
157624,0
14995,1
43137,1
250559,1
77849,1
124954,1
69899,0
187545,1
79160,1
175960,1
17355,1
164626,1
139585,1
79940,1
103174,1
128252,1
86336,0
217031,0
163726,1
994,1
18172,1
4136,0
69569,1
183306,0
203651,1
4690,1
155194,1
179661,0
164646,1
53991,1
188662,0
130713,1
130647,1
38022,1
249482,0
217905,0
108168,1
240003,1
134219,1
126494,1
11797,1
47462,1
193960,1
132144,1
143403,1
163655,1
134793,1
158960,0
219458,1
160191,1
200609,1
193574,0
246697,1
190244,1
120165,1
157268,1
72816,1
30064,1
162935,1
244152,1
240394,1
198040,0
142292,0
255976,1
176566,0
249228,1
230677,1
224965,0
236447,0
102960,1
3021,1
64372,1
136392,1
145240,1
123529,1
175906,1
4800,0
169157,1
37519,0
12045,1
243343,1
11550,0
227411,1
197432,1
16798,0
76284,1
47405,1
171258,0
7915,1
218985,1
230492,1
72131,1
28235,1
61761,1
24865,0
148787,1
132406,1
98385,1
195065,1
252701,0
3165,1
48791,1
5390,0
115584,1
135374,0
136902,1
229314,1
153164,1
252519,1
162482,1
51756,1
103224,1
27384,1
126006,1
111018,1
83890,0
79281,1
70388,1
203485,1
236501,1
201728,1
111352,1
203476,1
252384,1
184059,1
51477,1
154057,1
222049,1
36862,1
91351,0
214066,1
146928,1
195489,1
14537,0
57682,1
219361,1
207447,0
38265,1
39438,1
155018,1
136010,1
51904,0
141132,1
168043,1
186580,1
143769,1
169868,1
248890,1
203848,0
94529,1
260758,1
214882,0
112748,1
208568,1
148773,1
200774,0
115520,1
256652,1
75647,1
144008,0
237896,1
66075,1
68501,1
260972,1
131602,1
2282,1
206355,0
210382,1
182771,1
156706,1
101427,1
163073,1
183081,1
248991,1
31138,0
124186,1
54648,1
122122,1
143301,0
256312,1
216384,1
34137,1
207628,1
198551,1
176530,0
53072,1
164388,1
25512,0
124196,1
233204,1
264719,0
107344,1
45645,0
11859,1
85500,1
223393,1
84751,1
197130,1
258588,1
207513,1
216311,1
22742,1
176873,1
66692,1
236462,0
80714,1
108183,1
102626,1
28095,1
116781,1
240801,1
42045,1
110274,1
75319,1
165758,0
208798,1
194709,1
179227,1
129668,1
19494,1
229196,1
158634,1
124404,1
79520,1
67284,1
132492,0
73599,1
189640,0
147374,1
110673,1
30066,0
124672,1
162219,1
19871,1
232543,1
12732,1
10258,0
127478,1
182276,0
257418,1
147101,0
68290,0
213359,1
42250,1
105646,1
78110,1
217370,1
140781,1
117095,1
43032,1
134482,1
95496,0
135415,0
156599,1
123069,1
16024,1
161670,0
33094,1
83928,1
72455,1
7201,1
254624,0
28066,1
221945,0
34641,1
83054,1
65877,0
230463,1
201145,1
1709,0
265883,1
30478,0
147560,1
6461,0
97752,0
67717,1
126163,1
13351,1
37396,1
153646,1
32891,1
45945,1
70068,1
108230,0
44223,1
226009,1
260646,1
80044,1
266598,1
54576,1
217771,0
1339,1
161580,1
77413,1
238556,1
72666,0
100682,0
255241,1
170222,1
214802,1
170368,1
151844,1
103104,1
77069,1
253175,0
78257,1
34195,1
52737,1
61870,1
114622,1
84018,1
237448,0
53704,1
200074,1
43572,1
118324,1
8653,0
205066,1
30525,1
235161,1
152299,1
67997,1
214255,1
218019,1
237339,0
6387,1
224283,1
227905,1
10111,0
261813,1
71971,0
34172,1
80653,1
71977,1
45262,1
112738,1
266107,1
214343,0
51588,0
27084,0
98743,1
184800,0
177533,1
228586,1
150770,0
98633,1
244746,1
25611,1
61973,1
143464,1
52664,1
124327,1
74617,1
251990,0
161766,1
191764,1
254448,1
44578,1
96109,1
19292,0
215210,1
165163,1
211312,0
46696,1
31485,1
126602,1
69149,1
78588,1
160935,1
38629,1
129217,1
70172,1
18582,1
123024,1
119094,0
211200,1
68396,1
150508,1
49075,1
36046,1
219119,0
223622,1
149094,1
192410,1
185443,1
27699,0
204441,1
215180,1
29255,1
255288,0
240745,1
88857,1
186686,1
221771,1
245062,0
33722,1
186147,1
234918,0
57954,1
133856,1
23450,1
239773,1
166544,1
185079,1
145250,1
172543,1
145433,1
85522,1
55750,1
98996,1
121265,0
11602,0
136318,0
130909,1
62567,1
65274,1
140037,0
171476,1
210913,1
45231,1
123232,1
97857,1
107793,1
220816,1
128244,1
97628,1
14099,1
9026,1
82199,0
36690,1
266187,1
105804,1
222135,1
251879,1
153473,1
265768,1
100649,0
122694,0
221951,0
84845,1
98513,1
217660,1
48033,1
80736,1
20706,1
224422,0
38673,1
12779,1
177926,1
25137,1
240324,1
130469,1
259261,1
191603,1
93953,0
117444,1
264794,0
86498,1
181194,1
114669,1
12719,1
242200,1
175137,1
66173,1
159601,1
89278,0
205619,1
12939,1
198076,1
37678,1
18099,1
256542,1
215405,1
208048,1
6233,1
208454,1
127511,1
36300,1
149532,1
140105,1
169565,1
231682,1
222203,1
63830,0
201131,1
20703,0
93179,1
122293,1
55495,1
211099,0
42573,0
69105,1
56621,1
254164,1
218109,1
178597,1
124469,1
129516,1
27457,1
20958,1
159212,0
124955,1
84371,1
224720,1
249882,1
63137,1
61985,0
251281,1
187453,1
175442,1
32934,1
214046,0
240508,1
82948,1
45910,1
21400,0
139648,1
163919,1
252799,1
119286,1
79779,1
228131,0
175201,1
264416,1
220750,1
123806,1
128724,1
12223,1
138420,0
138547,1
3128,1
90540,0
250102,1
206995,1
126649,1
88109,1
207709,1
31268,1
164345,1
196397,1
57622,0
213453,0
190474,1
104569,1
184198,1
53376,0
133170,0
223678,0
58323,0
251675,1
82427,1
125127,0
57022,0
102845,1
176936,1
154605,1
47040,1
134484,0
173229,1
508,1
114585,1
87135,1
184601,1
67772,1
80060,1
169078,1
186770,1
76558,1
168615,1
46407,1
266026,0
136688,0
239776,1
155888,1
77364,0
236445,0
225232,1
56029,1
73098,1
152469,1
84450,0
84815,0
49339,1
47398,1
248775,1
154222,0
261892,0
129199,1
79139,0
154326,1
261076,1
236585,1
31671,1
225972,1
93877,1
44488,1
59371,1
32905,1
261245,1
12437,1
144304,1
94630,1
44175,1
71719,1
205543,0
51727,1
199890,1
50344,1
257481,1
228100,1
36033,0
212066,1
14472,0
156557,1
11154,1
109792,1
184022,1
16522,1
71516,1
115791,1
58959,1
204653,1
139030,1
61429,1
52733,0
80697,0
53753,1
55356,1
257479,0
6908,1
225954,1
192174,1
13948,0
122834,1
239379,1
167997,1
183005,0
107119,1
18487,1
173450,1
226740,1
194224,1
31846,1
45347,1
129919,1
60649,1
96988,1
189018,1
266038,1
195924,1
173068,1
213582,1
130681,1
203529,1
34243,0
124422,1
150943,1
179946,1
4391,1
13027,0
14621,1
19978,0
140387,0
53012,0
238142,0
118214,1
93846,1
99108,1
98889,1
138165,1
183495,1
186003,1
34283,1
263834,0
192318,1
40067,1
265017,1
195922,0
210723,0
265587,1
84657,1
25981,0
72135,1
100417,1
61660,1
125809,1
97882,1
87805,1
233689,1
123362,1
59501,1
60184,1
211617,1
163401,1
11059,1
14938,0
144534,1
96560,1
229703,1
84451,1
222344,1
108562,0
195919,1
60540,1
259985,1
153613,1
233669,1
142738,1
141440,1
250153,0
55581,1
236676,1
155220,1
199734,0
160251,1
53357,0
136789,1
249230,1
229886,1
232115,0
213506,1
255233,1
188941,1
253341,0
38174,1
62722,1
261660,1
128774,0
172242,1
260500,0
198267,1
84901,1
3727,0
109023,1
213051,0
95116,1
144677,1
164589,1
51559,1
125059,1
7166,1
256079,1
117965,1
11245,0
34003,1
116020,0
55990,1
36289,1
214211,0
262410,1
200933,1
122160,1
1844,1
54092,1
39783,1
246051,1
222445,0
272,0
220320,1
165604,0
82408,1
25819,1
193858,1
63579,0
144787,1
261072,0
195317,1
117593,1
28401,1
195238,1
119632,1
114677,1
247934,1
200308,1
104198,1
65212,1
220436,1
215627,1
34815,0
259763,1
88512,1
239559,1
18272,1
13771,1
70989,1
228015,1
15213,1
253437,1
209414,1
144432,1
213850,1
183431,1
265896,1
230678,1
144455,0
34465,1
27754,1
57188,1
142582,1
191458,0
157487,1
60286,1
193046,1
2435,1
183208,1
242131,1
205769,1
140446,1
68096,1
252620,1
125354,1
248164,1
172888,1
158297,1
111694,1
7250,1
74295,1
199648,1
117696,1
207674,1
188574,1
52577,1
177802,0
163007,0
14679,1
261971,0
43529,0
47163,0
202439,1
49701,1
241773,1
186625,1
124390,1
155142,1
242588,1
215248,0
97102,1
10662,1
8592,1
178656,1
225258,0
107888,1
36693,1
31806,1
249330,1
93166,1
247259,0
158913,1
62723,1
159803,1
148459,0
70234,1
266059,1
189063,1
150634,1
150556,1
93490,0
123202,0
91465,1
135821,1
214440,1
54304,1
170944,1
19777,1
164502,0
197445,0
103226,0
80380,0
99007,1
74299,1
66043,1
6144,1
92291,1
121017,1
58366,1
215258,1
225515,1
199832,1
66847,1
28862,1
151276,1
88861,1
39212,1
46685,1
69928,1
192047,1
195365,1
150609,1
225335,0
133572,1
173369,1
86809,1
184259,1
85505,1
197734,1
260645,1
40513,1
207671,1
149547,1
55721,1
117603,1
241673,1
213222,0
16374,0
1083,0
81004,0
266486,0
226558,1
79030,1
256471,0
100192,1
193536,1
137816,1
46004,1
243902,0
237033,1
151068,1
95296,1
231698,1
161599,1
38489,1
168978,1
202847,1
68216,1
185245,1
218781,1
258068,1
18688,1
195722,1
141039,1
145147,1
186227,1
146112,1
105927,1
173116,0
218126,1
123117,1
33071,0
221656,1
179814,1
237926,1
123608,0
115844,1
138274,1
49788,1
40920,1
86248,1
67074,1
58513,1
113324,1
154103,1
111635,1
263060,1
80448,0
179395,1
207596,1
62015,0
113899,1
207159,1
76846,1
139326,1
24717,1
6781,1
119580,1
59947,1
190870,1
205496,0
76537,1
37085,1
12707,1
64343,1
139238,1
76728,1
7449,1
258941,1
225641,1
110986,1
180241,1
195357,1
230561,1
152265,1
93395,0
61269,1
25707,1
53800,0
1329,1
215108,1
100263,0
47400,1
225306,1
55837,1
224697,1
188918,1
30898,1
36985,0
239799,1
739,1
181617,0
39131,1
123919,1
52573,1
244073,1
10849,1
265872,0
33990,1
181120,1
177966,0
57231,1
108260,1
23135,1
200668,1
170478,1
250579,1
81233,1
73030,1
166515,1
107626,1
210127,1
53699,1
115543,0
169232,1
141509,1
211188,1
70937,1
173911,1
59044,1
37566,1
246313,0
143166,0
214394,0
51072,1
56298,1
231430,1
64147,1
194667,1
33959,1
204794,0
25817,1
245200,1
5544,0
261268,1
33497,1
206206,1
174127,1
42809,1
121437,1
68317,1
66569,1
232004,1
20418,1
136264,1
188540,1
241599,1
169041,0
131459,1
540,1
171049,1
4194,0
79187,1
48392,1
60148,1
204614,0
141408,1
98140,1
228680,1
27124,1
145441,0
261888,0
260871,0
8550,1
28224,1
59048,1
160883,1
167836,1
120695,0
72255,1
5073,0
12775,1
180401,1
257038,1
175809,1
13098,0
60806,1
76451,1
243007,1
213562,1
261870,1
105985,1
134589,1
133776,1
75234,1
80477,0
265831,1
68589,0
93782,1
253928,0
100965,1
107471,1
37504,1
71829,1
180884,1
225112,1
96984,1
16982,0
86536,1
246824,0
118404,1
69912,1
261157,1
210962,0
8490,1
222603,1
216254,0
72744,1
55303,0
181461,1
173621,0
207757,1
167419,1
57269,0
236694,1
69374,1
104968,0
99447,1
190984,1
120640,1
257964,1
137243,0
2972,1
239163,1
4392,1
175556,0
103314,1
170899,1
73890,0
61242,1
67756,0
44109,1
166633,1
132900,1
211702,1
170639,1
198986,1
176745,1
74635,1
180006,1
128543,1
32340,1
122305,0
252508,1
166236,1
13550,0
78657,0
54262,1
245845,1
60653,1
2418,1
235545,0
70998,1
24181,1
210222,1
65384,1
251637,0
67380,1
117094,1
65971,1
253641,1
15861,0
166817,1
16249,0
39720,0
101984,0
131261,1
8303,1
235871,1
249886,1
188968,1
239486,1
199055,0
75831,1
18082,1
160415,1
213665,1
12512,1
89816,1
56351,1
213832,1
130657,1
115528,1
33342,1
133028,0
95367,1
218142,1
125801,1
6573,1
36087,0
204829,1
176264,0
172575,0
111515,1
61860,0
160271,1
21518,1
254602,1
50290,1
231982,1
42677,1
265266,1
172421,1
265538,1
158814,1
53426,1
49289,1
117997,1
91554,1
234213,0
72991,1
8943,1
155486,1
45458,1
108404,1
250452,1
57822,1
86801,0
72981,1
177530,1
173706,0
62508,1
83128,0
183240,1
212269,1
3900,0
190145,0
175469,1
105807,1
213614,0
171390,1
175491,1
73426,1
32701,1
122660,0
137578,1
57442,0
128820,1
102571,0
122289,1
74737,1
9013,1
102099,1
38046,1
200884,1
21878,0
185648,1
30838,0
181486,0
35169,1
70227,1
62310,1
220493,1
149350,1
173037,1
13937,1
170533,1
71487,1
97059,0
12084,1
87926,0
256232,0
239222,0
36403,0
22971,0
61561,1
23630,1
152298,1
162082,1
124863,1
208826,1
94402,1
248883,0
81040,0
167900,1
79185,1
154973,1
253480,1
4284,0
257555,1
193749,1
67150,1
107333,1
243679,1
199418,1
30767,1
28527,1
107479,1
104428,0
89899,1
256373,1
69132,1
229248,0
230692,1
36275,1
150835,1
236090,1
244070,1
31470,0
5461,0
260383,1
42531,0
41803,1
236114,1
30352,1
76485,1
221502,1
43228,1
13871,1
53693,1
96870,1
242477,0
215549,1
111439,1
145082,1
211746,1
54756,1
224945,1
58515,0
8417,0
136391,1
142811,1
175193,1
9197,1
96784,0
222581,1
217088,1
120288,1
162800,1
76150,1
16007,0
249634,0
52234,1
71319,1
167974,1
245246,1
214544,1
188604,1
241826,1
133507,1
37698,1
202248,1
77590,1
251365,0
140650,1
246426,0
140258,1
80209,1
78227,1
1420,0
105508,1
130387,1
242573,1
61544,1
13043,1
181460,1
181535,1
183450,0
30847,1
251356,0
199815,0
143107,0
113384,1
232012,0
213594,1
156281,1
89210,1
196303,1
1175,0
151326,1
109398,1
129201,0
103612,1
68508,1
220905,1
211466,1
89748,1
128682,1
59784,1
81024,1
154592,1
207552,1
134420,1
7411,1
50119,1
45144,1
31772,1
155681,0
68090,1
150340,1
97984,1
244126,1
219810,0
65406,1
105363,1
229982,0
228763,1
145176,1
152023,0
106735,0
28483,1
195587,1
171664,0
114145,1
250169,1
83224,0
3243,0
109225,1
158112,0
97005,1
124631,1
137417,1
35963,1
21519,0
43717,1
9534,1
138365,1
135351,1
179116,1
136662,1
78674,1
114038,1
31046,1
261754,0
215052,1
67280,0
109717,1
24138,1
140955,1
145200,0
165209,1
17694,0
78942,1
245181,1
56013,1
135569,1
222506,1
244963,0
76764,1
239271,1
59666,1
88555,1
43810,1
208550,1
119288,1
196650,1
22385,1
114603,1
209930,1
96435,1
266524,1
118750,1
183440,1
168120,1
171238,1
59571,1
5978,1
138646,1
77511,1
4308,0
242227,1
209020,1
96220,0
111734,1
10843,1
207153,1
199505,1
123074,1
211821,0
262599,1
183159,1
901,0
84963,1
263472,0
154697,1
5333,0
111708,1
207230,1
259894,1
89744,1
203379,1
19653,1
256454,0
243262,1
228375,1
66392,0
230822,1
138006,1
13525,1
84207,0
33451,1
66724,0
15305,0
75206,1
225558,0
170193,0
171936,1
86228,0
67432,1
204409,1
99745,1
190567,1
140713,0
51551,1
263831,1
244684,1
169870,1
95433,1
64642,1
163854,1
74034,1
142009,1
152146,1
24292,1
49495,1
239604,0
142095,1
154044,1
201422,1
27275,0
193301,1
184375,1
19150,0
252114,1
98971,1
23871,1
84758,1
57652,1
123597,1
29972,1
115292,0
144014,1
140738,1
242125,0
198144,0
123704,1
204803,1
131693,1
192516,1
48942,1
132944,1
123281,1
1355,0
129210,1
224537,1
126064,1
191165,1
247302,1
200909,1
211481,1
231787,1
152726,1
196321,1
119212,1
124778,0
189879,1
98221,1
171486,1
50660,1
162583,1
143142,1
177192,1
49837,1
210404,1
207762,0
212165,0
140912,0
233443,1
249036,1
4407,0
101950,1
30928,1
129765,1
78971,1
40435,0
79726,0
26076,0
71875,1
162375,1
85310,1
75084,1
255982,1
239934,1
35843,1
203517,0
146413,1
181664,1
6753,1
142532,1
83137,1
192197,1
184772,1
90714,1
113644,1
190712,1
65004,1
231240,1
251915,1
190360,1
137542,1
211842,1
162373,1
64585,1
118586,0
191491,1
198045,0
183787,0
257981,1
244045,1
191675,1
92043,0
4387,1
50744,1
161013,1
262319,1
125479,1
58697,1
39870,0
114080,0
148815,1
125050,1
243195,0
167732,1
62892,1
183404,1
229844,1
174099,1
107939,0
164929,1
262995,0
245900,1
127114,0
246166,0
51852,1
188759,1
218502,1
57264,1
190918,1
53579,1
218969,1
168872,1
41458,1
189785,1
80161,0
252576,1
45312,1
224027,0
46158,1
111698,1
13255,0
172112,1
220103,0
103435,1
260160,1
233862,1
244094,1
221651,1
225324,1
118226,1
214338,1
188312,1
195203,0
27733,1
220403,1
12267,0
171545,1
23587,1
75141,1
47275,1
4762,0
115719,1
154433,0
254893,0
18240,1
58132,1
52215,1
25788,0
59360,1
194255,1
82273,1
10522,0
131698,1
232269,1
98731,1
195677,1
213221,0
34987,1
251198,0
207264,1
238797,1
112874,1
266530,1
79781,1
158521,1
11953,0
9439,0
156691,1
235316,1
8364,1
229571,1
132498,0
71360,1
71424,1
20770,1
160252,1
116739,0
14476,1
103201,1
213502,1
138427,0
92011,1
106086,1
111887,1
224827,1
161744,1
217488,1
148010,1
43132,1
256795,1
44261,1
197942,1
255463,0
59903,1
107356,1
238989,1
88162,0
216490,1
198780,1
218673,1
73316,1
63549,1
71152,1
46310,1
38386,1
66886,0
238795,1
72102,1
123351,1
133274,1
246853,1
81752,1
65374,1
158323,0
230720,1
24722,0
189484,1
263383,0
14268,1
35280,1
241005,1
95587,1
151020,1
247807,1
29169,1
177991,1
30754,1
187952,1
153944,1
152268,1
259883,0
133779,1
189794,1
219383,0
43021,1
19638,1
234051,1
138401,0
39298,1
150899,1
253290,1
256528,1
46073,1
248422,0
99971,1
46764,1
159857,0
132882,1
255695,1
200378,0
145294,1
105553,0
117901,0
135043,1
165596,1
249399,1
137346,0
97888,1
226568,1
59160,1
41912,1
52731,0
218495,0
106765,1
142941,1
175660,1
24640,1
101590,1
12502,1
94971,1
246083,1
175373,1
21736,0
99708,1
253625,1
212032,1
135158,1
185617,1
51010,1
239397,1
235238,1
193819,1
264696,1
238070,0
34545,1
22334,1
175372,1
39145,1
63887,1
194507,1
41738,1
203859,1
239057,1
60509,1
241929,1
24039,1
181081,0
105846,0
13741,1
60225,1
182625,1
236529,1
250743,1
51576,1
95420,1
89683,0
204933,1
7512,1
211450,0
247001,0
134604,1
63035,1
62858,1
195445,1
159186,1
47561,1
13986,0
93080,1
78587,1
191692,1
7399,0
235067,1
170785,0
94425,1
69019,1
264973,1
243608,1
20907,1
161708,1
195021,0
24328,0
106582,1
134561,0
235025,1
143231,1
61812,1
83100,1
190915,1
47066,1
230377,1
236260,1
41520,1
2520,1
258515,1
80468,1
79696,1
67018,1
65065,1
120747,0
81048,1
53845,1
199250,1
43653,1
21058,1
195821,1
115972,1
171118,1
168409,1
200332,1
115340,0
3110,1
259633,1
246952,1
252906,1
262917,0
119952,1
238543,1
123364,0
50233,1
260196,1
22350,1
217966,1
78044,1
210414,1
109242,1
85312,1
114927,1
99104,1
211727,1
100411,1
257164,1
139649,1
119279,1
237516,1
224848,1
97398,1
48961,1
32283,1
23035,1
58255,0
122519,1
70058,1
87141,1
52915,0
109321,1
182228,0
114444,0
116230,0
259863,1
176305,1
93500,1
96374,0
243782,1
141851,0
172478,0
47568,1
26254,1
23785,1
224001,1
24293,1
70405,1
179597,1
239503,1
104710,1
103769,1
119868,1
94869,1
106036,1
136203,1
176550,1
229044,1
67138,1
157811,1
146566,1
83693,1
155849,1
131040,1
187126,1
249797,1
142372,1
264108,1
1534,1
221112,1
261657,0
28432,1
56746,1
259220,1
224189,1
89675,1
19049,0
2373,0
149717,1
223499,1
78914,1
241960,1
239007,0
140297,1
241092,1
149955,1
108679,1
180666,1
159023,0
4957,0
141393,1
142212,1
94211,1
232124,1
165466,1
117089,1
196953,1
58070,1
116327,1
181925,1
260997,0
85702,1
152342,0
97184,1
147443,1
58293,1
149152,0
31086,1
246705,1
122431,1
25215,0
246563,1
78291,1
14228,1
245897,0
49667,0
258226,1
44448,1
64086,1
45869,1
124658,1
109582,1
70404,1
169261,1
98936,1
97490,1
8814,0
61395,1
67804,1
258273,1
226956,1
131976,0
157216,1
65603,1
21923,1
172277,1
79439,1
188249,1
104008,1
167913,1
70527,1
184582,1
241239,1
174808,1
238872,0
36777,0
232680,0
188507,1
134103,0
185852,1
96101,1
145430,1
132338,1
175780,1
94878,1
184288,1
18747,1
139936,1
187897,0
58177,1
75594,1
175787,0
43662,1
65913,1
148457,1
111679,1
250811,1
71495,1
111315,1
178141,1
67658,1
144984,1
247927,1
58418,1
154039,1
204986,1
58607,1
116315,1
189568,1
11278,0
145417,1
8520,1
202992,0
12131,0
256799,0
239846,1
55019,1
18283,1
242844,1
104962,0
44606,0
89168,1
139518,1
86945,1
131371,0
229935,1
74364,1
262568,0
22874,0
171252,1
20683,1
24475,0
213767,1
42804,1
221093,0
219047,0
234006,1
137730,1
246797,0
107527,1
202551,1
21930,1
72268,1
217006,1
143673,1
61534,1
173284,1
137035,0
129717,1
226463,1
62569,1
217735,1
113670,1
167934,1
171764,0
24310,1
94626,1
259024,1
32342,1
257153,1
135085,1
26320,1
262399,1
94683,1
137383,1
263999,0
53316,1
232763,1
86938,1
234372,1
245476,1
226376,1
227333,1
233584,1
110346,1
70772,0
90818,1
253460,1
203864,1
46945,1
134165,1
90154,1
227984,0
170404,1
236374,1
229613,1
204417,1
243751,1
123298,1
143656,1
66421,0
15732,0
1023,1
234620,1
138381,0
141212,1
83886,1
159871,1
902,1
178113,1
15172,0
263295,1
182106,1
89021,1
181778,1
79010,1
263827,1
109885,1
230258,1
78745,0
166928,0
26354,1
110907,1
19655,1
63077,1
35723,0
110209,1
231657,1
141146,0
74462,1
163637,1
124124,0
220378,1
221326,1
118316,0
137095,1
147157,0
17294,1
118935,1
169008,0
232515,0
209357,0
178398,0
120820,1
140188,1
214493,0
129918,1
93337,1
179542,1
161508,1
162684,1
6866,1
220940,1
250046,0
188432,1
55458,0
107916,1
18334,1
112948,0
163778,1
17680,1
218312,1
133180,1
59271,1
111740,1
222588,1
5918,0
86982,1
258294,1
144987,1
262048,1
161120,1
75946,1
52394,1
147093,1
120738,0
77446,1
255171,1
90855,0
87266,1
173252,0
24695,1
113524,1
124961,1
156352,0
246330,1
169028,0
78204,1
161954,1
247437,1
216454,1
97780,1
132663,1
262409,1
66983,1
188299,1
90428,1
249252,0
8755,1
190249,0
20988,1
120047,0
209522,1
108716,1
112531,1
259686,1
40944,1
45116,1
47984,1
169319,1
264648,1
187046,1
42911,1
127593,1
217969,0
6958,1
263565,1
177486,1
116736,1
127960,1
218544,1
203429,1
109661,1
193781,1
133258,1
192382,1
121222,1
236656,0
22793,1
257564,1
63932,1
250168,0
153675,1
245322,1
231890,1
68241,1
182049,1
91247,1
22355,1
70502,1
265341,0
86764,1
149048,1
180909,1
122983,1
79976,1
219050,1
190208,1
496,1
72149,0
123380,1
151282,1
114526,1
53053,1
171338,1
154275,1
101993,1
143805,1
255911,1
134179,1
108572,1
184929,1
6371,0
52118,1
104640,1
158982,1
217989,1
180949,1
157593,1
110627,1
163043,0
14841,1
122178,1
81206,0
119299,1
70535,0
22338,1
116810,1
239106,1
156602,1
31026,1
213330,0
23294,1
134888,1
225768,1
130345,1
43155,0
205594,1
31780,0
17016,1
228149,1
75837,1
24417,1
21508,1
196868,1
250459,1
235100,1
97994,1
42732,0
247142,1
57312,1
102407,1
259694,1
190708,1
121026,1
105277,1
211500,1
118969,1
30457,1
26394,1
42379,1
27199,0
240792,1
67923,1
23735,1
142734,1
225190,1
222001,1
139231,1
36636,1
247140,1
45277,1
242461,1
224779,0
216584,1
262544,1
106612,1
147577,1
206826,0
49357,1
75767,1
109328,1
214028,1
66156,1
82237,0
234476,1
91915,1
75598,0
118528,0
6675,1
176328,1
182304,0
181484,1
262255,1
58929,0
130041,1
33127,1
158973,0
61822,1
137892,1
49479,1
41122,0
29968,0
187405,1
18306,1
95303,1
104238,0
54917,1
225959,0
95027,1
183124,1
233524,1
44777,1
140569,0
81855,1
49057,0
55131,1
16084,1
213276,1
186307,1
12560,1
124716,1
190173,1
212355,0
256215,1
236892,1
236853,1
201755,0
260829,1
159907,1
127107,1
99332,1
104542,1
186701,1
180494,1
229042,1
174789,1
131335,1
231136,1
10535,1
183602,1
221295,1
133706,1
199495,1
62969,1
135392,1
76657,1
153152,1
143904,1
42355,1
64770,1
167123,1
162912,0
164392,1
264819,0
195293,0
175846,1
95932,1
143384,1
22836,1
241270,1
221686,1
219954,1
125985,0
33144,1
149952,1
134650,1
186094,1
26314,1
182275,1
158074,0
125979,0
262364,1
199430,0
224684,1
246908,0
105440,0
21326,1
201781,1
18052,1
80484,1
130795,1
123970,0
41497,1
169796,0
25172,1
125156,1
170815,1
246477,1
76961,0
71113,1
65830,0
88568,1
188676,1
228541,1
14422,1
260796,0
186375,1
46248,1
147472,0
65006,1
233701,1
60662,0
56314,1
194624,1
33610,1
50108,0
177209,1
262566,1
192300,1
203026,1
67257,1
134919,1
100996,1
42557,1
181366,0
74087,1
157876,0
233418,1
233930,1
221811,1
234190,1
212378,1
42187,1
13276,0
201004,1
57164,0
206176,0
111195,0
39220,1
51054,1
242470,1
26870,1
159646,0
155195,0
10429,1
167649,1
51284,1
148423,0
249561,0
79225,1
225824,0
233808,1
115941,1
58747,0
215307,1
41213,0
131256,1
40387,0
164967,1
42224,1
111212,0
109235,1
220441,0
197567,1
247212,1
181663,1
175359,1
110259,1
93630,1
163758,1
33741,1
168241,1
176597,1
176486,1
247340,1
52399,1
9467,0
14186,1
169750,0
142203,1
10451,1
255568,1
99253,1
224413,1
69650,1
207778,1
59,0
143609,1
34837,1
239557,1
95824,1
227186,1
5492,0
164189,1
241847,1
169344,1
213804,1
14876,1
49216,1
134040,1
75364,0
249724,1
128395,0
18348,1
90105,1
147924,0
192857,1
100997,1
84767,1
265050,1
165142,1
170211,1
83903,1
225084,1
184550,1
172924,0
121201,0
56476,1
12174,1
25108,0
90983,0
91658,0
180714,0
563,0
174245,0
76112,1
196121,1
228286,1
160880,1
182766,1
245276,1
204685,1
195141,0
259207,1
143287,1
51153,1
229202,1
36528,0
235855,1
261185,1
232888,0
265042,1
23716,1
218687,1
265426,0
49398,1
159127,0
40591,1
241126,1
109844,1
184593,1
234981,0
202397,1
52661,1
5455,1
31293,1
18158,0
38770,1
176630,1
236255,1
159795,1
139858,1
129505,1
228593,0
133853,1
82127,1
70434,0
9278,1
168704,1
184231,1
35456,1
212721,1
202871,1
190607,1
97029,1
80108,1
79429,1
198161,1
89856,1
28003,1
258422,0
194965,1
133322,0
19911,1
18296,1
91502,1
32678,1
98353,1
199995,1
140704,1
266348,1
70074,0
211886,1
51820,1
229728,1
48884,1
82835,1
78623,1
180532,1
95973,1
86242,1
4689,1
76564,1
127972,0
96655,1
206409,1
176957,1
27634,1
73179,1
13795,1
207270,1
263680,1
96787,1
259071,1
112428,0
79032,1
139715,1
102382,1
263570,0
125343,1
68651,1
239150,1
164754,1
122342,1
66619,1
28471,1
168783,0
250585,0
48503,1
240904,1
182161,1
157754,1
182960,1
160435,1
213098,0
202862,0
21384,1
114642,0
118914,1
89001,1
241880,1
89375,1
144531,0
149658,1
40012,0
50396,1
44246,1
30537,0
24158,0
10453,0
179696,1
46162,1
86508,1
207557,1
149053,1
142356,1
196234,0
252695,1
10016,1
128019,1
161364,1
208726,1
98587,1
198922,1
265143,1
48764,1
145392,1
128282,0
53525,1
77712,1
245541,1
169657,1
29049,1
198300,0
257460,1
228855,1
38296,1
205818,1
62573,1
180036,0
16689,1
136963,1
40971,0
160478,1
33484,0
223245,0
203456,1
33530,1
66015,1
229408,1
26557,1
235384,0
3705,0
98015,1
211871,1
106476,1
53974,1
66200,0
191327,1
93235,1
210987,0
223048,1
254120,1
103037,1
28790,0
121513,1
225769,1
23251,1
230742,0
141865,1
48196,0
56011,1
58668,1
57715,1
53997,1
200803,0
131059,0
160962,1
165515,1
142576,1
171303,1
6214,0
5353,0
132442,1
215142,1
124665,1
74887,1
152050,0
189130,1
254829,1
99805,1
256238,1
218523,0
216966,1
116237,0
255218,0
148446,0
80706,1
110443,1
117642,1
80971,1
149192,1
92702,1
28600,0
92305,1
42900,0
3349,1
76510,1
4534,0
62402,1
4891,1
52811,1
260975,1
159146,0
153211,1
174376,1
135691,1
15076,1
163557,1
25387,0
220215,1
234123,0
204539,0
146743,1
61353,1
179338,1
238494,1
166455,1
260769,0
60412,1
99440,0
142284,1
6177,0
170230,1
127248,1
175258,1
22032,0
254874,1
18638,1
47800,1
214711,1
263318,1
140382,1
58601,0
20999,1
198896,1
201924,1
62245,1
111877,0
239123,1
172521,1
249760,0
27556,1
118432,1
41196,1
223408,0
112004,1
112241,1
192272,0
204928,1
166620,1
229951,1
28021,1
56178,1
165198,1
44420,0
85771,1
68061,1
105140,1
44199,1
198255,1
48510,1
211316,1
122573,1
165303,1
76651,1
248766,1
51133,1
251139,0
55872,1
44627,0
206821,1
52463,0
188319,1
91594,1
257337,1
215879,1
257516,1
96306,1
7236,1
237491,1
168747,1
228080,1
13778,1
125491,0
149480,1
94831,1
196490,0
141705,1
25474,1
253946,0
185066,1
199776,0
48082,1
133985,1
18181,1
144218,1
75320,1
13622,1
91722,1
250996,1
231515,1
183127,1
232985,1
203519,1
140167,1
264695,0
204668,1
227699,1
43921,1
59467,1
52914,1
65149,1
143439,1
48559,1
161333,1
35713,1
204148,1
179371,1
40108,1
44350,1
170309,1
104045,1
41367,1
152235,1
231378,1
1894,0
7423,0
199871,1
112399,1
12009,0
193961,1
263023,1
33734,1
251289,1
32465,1
166177,1
12231,1
176165,1
35860,1
218452,1
57653,0
253934,1
245398,1
151413,1
138930,0
254205,1
22622,1
22084,1
21306,0
162616,1
95502,1
52603,0
20094,1
95471,1
236217,1
179174,1
172309,1
48013,1
23282,1
19060,1
256751,1
90054,1
85798,0
74118,0
254284,1
182060,1
180039,0
219385,1
187361,1
133085,1
154777,1
169949,1
213676,1
124414,0
161960,1
94785,1
56488,0
90848,1
99777,0
197079,0
262294,0
227052,1
131023,1
207443,1
204319,0
78115,1
80304,1
159391,0
236097,1
188324,1
101627,1
244235,1
377,0
181191,1
86592,1
64693,1
119179,1
238950,1
73959,1
209368,0
220108,1
201637,1
222881,1
47821,1
93364,1
262600,0
153909,1
54570,1
26003,1
94915,1
182610,1
229102,1
240081,0
203854,1
10572,0
126146,0
146187,1
123962,1
236761,1
82847,0
254837,0
18869,1
254010,1
68735,1
229407,0
72153,1
191431,1
57012,1
190238,1
105552,1
213207,1
64990,1
61913,1
29207,1
210177,1
222924,1
1767,1
140250,1
208914,1
231164,1
88995,1
239601,1
97316,1
149869,1
89310,1
260405,1
140877,1
7244,1
220630,1
144245,0
211524,1
16872,0
113255,1
217655,0
103578,0
218704,1
225211,1
997,0
103918,0
230995,1
87746,1
28955,1
246352,1
132195,1
251605,1
233351,0
73457,1
196105,1
213287,1
31369,1
149530,1
161948,0
209444,1
235401,1
223688,1
131212,1
32086,1
245343,1
241920,1
196294,1
172231,1
266422,0
242994,0
154395,1
44594,1
196725,1
9328,1
202659,1
174449,1
39299,1
65535,0
150448,1
180033,0
182443,1
10179,0
258495,0
42565,1
28525,0
209666,1
191434,1
173461,0
244666,1
159478,1
82053,1
78192,0
133663,0
98661,0
232801,1
43004,1
66232,1
141227,1
26838,0
211675,1
168558,1
102233,1
216888,1
106014,1
219901,1
140969,0
169856,1
134340,1
212452,1
255002,1
4492,1
86949,1
198041,1
179644,1
45672,1
77077,0
121107,1
28847,1
122847,1
29976,0
2729,1
88697,1
101490,1
137561,1
241297,1
86285,0
25642,1
194228,0
77465,0
180119,1
102808,1
201241,1
217960,1
84860,0
251643,1
40013,1
245036,0
49084,1
120216,1
169259,1
44505,1
68774,0
102819,1
32782,1
72472,1
113966,1
235710,1
163981,1
217561,1
24549,1
198770,1
214534,1
63079,1
82933,1
222613,1
83666,1
135119,1
60277,0
102363,1
233537,0
132146,1
254350,0
163267,1
265922,1
58965,1
250228,1
147236,0
29038,1
153140,1
152728,1
264077,1
56631,1
117953,1
261949,1
205519,1
120768,1
68332,1
117598,1
44320,1
102533,1
59435,1
36847,1
43767,1
232361,0
99969,1
51664,1
47782,1
242192,1
152034,0
176606,1
119231,1
227118,1
203573,0
110041,0
96758,1
259746,1
6977,1
158668,1
17063,1
168014,1
237673,1
251391,1
218077,1
186149,1
180964,1
36681,1
208428,0
230098,1
74213,1
248195,1
44122,1
83921,0
169059,1
142559,0
195295,1
124745,1
243957,0
150898,1
220168,0
249192,1
43732,1
116253,1
135816,1
76153,0
239789,1
266322,1
86762,0
212655,1
9652,0
68062,0
54615,0
179326,1
183071,1
35089,1
39065,1
117413,1
115422,1
202513,1
74714,1
36759,1
253281,1
132413,1
265610,0
6848,1
33130,1
83725,0
76154,1
103980,1
73683,0
194888,1
51669,1
95321,1
54862,1
10705,0
79638,0
251543,1
152004,1
206098,1
22571,1
235699,1
26252,1
161753,1
53803,1
3041,1
77103,1
194737,1
100034,0
124757,1
45153,1
107476,1
59705,1
50346,1
21524,1
192485,1
224816,1
168079,0
156389,1
239225,0
4318,1
7912,1
94085,1
86014,1
25238,1
123426,1
148517,1
35510,1
135639,1
65750,1
192660,1
201979,0
237929,0
83004,1
20314,1
257957,1
200099,0
196636,1
228622,1
41398,0
231036,1
147021,0
252118,1
259018,1
159970,1
18630,0
232568,1
190748,1
236444,1
54011,0
190058,0
175184,1
91039,1
134109,0
238480,0
144917,0
50066,1
41036,1
106974,1
254064,1
200502,1
47293,1
201366,0
208999,1
168104,1
32867,1
14984,1
10329,1
113737,1
188853,1
10218,1
197054,1
93191,1
191197,1
178190,1
71323,1
145654,1
119768,1
181618,1
201406,1
214600,1
192852,1
51751,1
79863,1
135229,0
191454,1
140193,1
65342,0
72670,0
239426,1
28536,1
147049,1
234147,1
250963,1
187523,1
173760,1
226251,1
174692,1
240115,0
171755,1
208564,1
135605,1
245863,1
151835,1
116750,1
187911,1
95160,1
33006,1
64293,1
178658,1
10562,0
66525,1
32939,1
101898,1
47155,1
255302,0
255276,1
197654,1
244653,1
241400,0
43231,1
242383,1
211747,0
149620,0
163483,1
133214,1
167389,1
125037,1
61523,1
35016,1
82025,1
145838,1
42037,0
66853,1
212611,1
214251,1
33105,1
124462,1
247234,0
222661,0
130062,1
136657,0
123749,1
216412,1
111262,1
83995,1
172405,0
82232,1
218116,1
176699,1
245016,0
217485,1
9629,1
16014,0
6749,1
180974,1
263900,1
224416,1
255923,1
166433,1
184521,0
34359,1
264962,0
46469,1
253595,1
132158,1
88570,1
39940,1
124241,1
89166,1
258090,1
160308,0
183457,1
219546,1
215009,1
50506,1
16536,1
227032,0
55244,1
59088,1
23214,1
56920,1
97367,1
261996,0
168157,1
187471,1
148270,1
185373,1
109753,1
106366,0
109751,1
173530,1
39118,1
214860,0
5371,1
43897,0
161072,1
266137,1
6097,0
256536,1
204111,1
46477,1
121256,1
91602,1
83356,1
22789,0
12971,1
52256,1
214495,1
248517,1
217510,1
163801,1
194528,1
9282,0
259158,1
202217,1
129658,1
96724,1
164307,0
113461,1
150124,0
181912,1
181686,0
223588,0
190739,1
196042,1
258067,1
161379,0
206705,1
912,1
20102,1
23960,0
188450,1
104976,0
13734,0
212534,1
98816,1
207386,0
111743,1
60221,1
166527,1
72682,1
117967,0
198601,1
98409,1
251695,1
221392,1
218370,0
155777,1
137587,1
60418,1
5083,0
235193,1
154205,0
230667,1
198379,0
212273,1
193101,1
216590,1
28819,1
263709,1
244415,1
71854,1
168148,1
87966,1
91082,1
4785,1
45754,1
161709,1
24334,1
33113,1
74834,1
113618,1
246880,1
210117,1
141967,0
55416,1
196938,0
32835,1
232027,1
72770,1
11063,0
71645,1
15058,1
73411,1
172659,1
253678,1
230023,1
168724,1
94737,1
249116,0
154091,0
76434,0
211877,1
94735,1
2578,0
22706,1
64125,1
130878,1
193047,1
171965,0
166924,0
167373,1
68519,1
263015,1
78485,1
134990,1
138159,1
82927,1
128851,0
52187,1
30926,1
192357,1
212732,1
118478,0
23424,1
172240,1
137482,1
257011,0
39731,1
149684,1
192626,0
236453,1
152573,1
77340,1
76301,0
106003,1
139275,1
122153,1
157326,1
259113,1
241968,0
117119,1
12051,0
75490,1
159712,0
166292,1
221816,1
208101,1
186836,1
771,0
225975,1
231760,1
153058,1
7191,1
42765,1
23460,1
166145,1
232848,0
187855,1
195791,1
167674,1
144144,1
34788,1
145868,0
104263,1
66282,1
5707,0
196329,1
140765,1
113357,0
260068,1
98532,1
71672,1
82137,1
204643,1
71801,0
213707,1
244384,1
144354,1
112539,1
130621,1
266466,1
140923,1
210576,1
24306,1
52420,1
29612,1
256608,1
145511,1
221938,1
50062,1
30814,0
95484,1
67873,1
167046,1
109976,1
255864,0
73305,1
114273,1
4631,0
13014,1
173707,1
34763,1
185180,1
140043,0
52340,0
227063,1
74910,1
158334,1
108711,1
247951,1
227115,1
11258,1
134564,1
94161,1
219138,1
226641,1
86444,1
202916,1
101870,1
48804,0
61716,1
80588,1
239526,0
227533,1
69717,1
130219,0
153965,1
199831,1
132780,1
189222,1
66069,1
190627,1
38351,1
7254,0
261726,1
164909,1
237936,1
7536,1
97399,1
110160,1
60265,1
98665,0
114724,1
122678,0
17310,1
59426,1
4004,1
78794,1
54708,1
14826,0
170451,1
251447,1
257344,0
189174,1
256938,0
178074,1
242747,1
170031,1
252983,1
45291,1
72383,1
165258,0
136140,1
63709,1
153564,1
65410,1
148037,1
90955,1
43286,1
247631,1
116086,1
242491,0
9835,0
236025,0
152035,1
92767,1
24573,0
256638,0
21982,1
174400,1
89353,1
82858,1
240653,1
55844,1
176765,1
221644,1
265727,1
65348,1
22037,1
1014,1
115438,0
152495,0
57432,1
240422,1
217646,1
128898,1
160460,1
87067,1
139009,1
58728,1
42011,1
3884,0
87657,1
19935,1
51475,1
242961,0
156463,1
160857,1
193093,0
80124,1
31072,1
2924,0
7592,1
38332,1
88694,1
78183,1
104935,0
92203,1
10142,1
199078,1
195035,1
56493,0
78153,1
257565,0
167435,1
40141,0
107964,1
252851,1
132147,0
159224,1
10369,1
89218,0
217623,1
68565,1
47839,1
106083,1
33161,1
68546,1
231662,1
139734,1
205080,1
144393,0
197035,1
66522,1
257897,1
194573,1
76334,1
213165,1
238162,0
146172,0
14676,1
65422,1
202004,1
46820,1
124750,1
201380,0
213420,1
241932,1
129988,0
203657,1
105386,1
241282,0
17863,0
216507,1
167587,1
41495,0
92911,1
238392,1
104129,1
91588,1
96305,1
140914,1
55273,1
110816,1
16630,1
35069,1
157169,1
21270,1
201432,0
161184,1
233092,1
154031,1
102443,1
116176,0
11324,1
157237,1
85033,1
59102,1
124937,0
222100,1
206560,1
170622,1
64116,0
79917,0
62406,1
237002,1
40397,1
223293,1
168859,1
243439,1
50674,1
17024,1
6416,0
152945,1
253623,1
82639,1
97206,1
256620,1
251858,1
29240,0
158931,1
29208,1
220758,1
234834,1
4700,0
25359,1
8131,0
117366,1
45933,1
115410,1
247790,1
51177,0
7527,1
45267,1
109306,1
149871,1
21916,1
233509,1
237011,1
76299,1
256361,1
50184,1
212381,1
104835,1
49730,0
54019,1
252120,1
8296,1
48186,1
49347,1
239697,1
5722,0
146989,1
252611,1
187473,1
251382,1
253383,1
48443,1
48010,1
222773,1
41387,1
122756,1
242877,1
105699,1
16422,1
23810,1
239542,0
144701,0
1222,1
228144,1
212059,1
265144,1
10190,1
104559,1
36750,1
259781,1
234801,1
38080,1
157853,1
131482,1
194800,1
121340,1
584,0
222389,1
213549,1
219451,0
93277,1
115846,1
119548,1
146988,1
132855,1
116155,1
62049,1
189128,1
228329,0
148221,0
151929,1
73270,1
134210,1
94739,1
16087,0
126216,1
68277,1
195654,1
254976,1
170238,1
32138,1
188185,1
217068,0
80473,1
192484,1
216105,0
161524,0
52061,1
54052,1
206792,1
228640,0
88194,1
242462,1
141969,1
120150,1
246001,0
55821,1
240838,1
25498,0
139916,1
247453,1
40163,1
100826,1
128353,1
262300,0
241570,1
6068,1
193349,1
254572,1
85855,1
209154,1
47351,1
173890,1
152139,0
15566,0
241824,1
129025,0
146797,1
237664,1
57944,1
236977,0
73999,1
62045,1
176937,1
144810,1
263048,0
147923,0
45134,1
123030,0
169938,1
14658,1
50994,0
248031,0
6293,1
10933,1
141488,1
40867,1
122152,1
85651,1
3857,1
172017,1
113489,1
60807,1
14269,1
137497,1
180448,1
38883,0
185152,1
49773,0
253875,1
27236,1
140755,0
102153,1
118605,1
51752,0
243988,1
150430,1
21445,1
204755,1
125266,1
81197,1
34151,1
253981,1
28347,1
112219,1
174988,1
118370,1
222288,0
109796,1
55785,1
2329,1
143640,0
266528,0
69501,1
216657,0
204068,0
202749,1
26563,1
131739,1
206369,0
189938,1
15441,1
244103,1
148018,1
243524,1
50416,1
233861,0
21287,1
33987,0
173975,1
212044,1
80092,1
83961,1
70507,1
64176,1
207247,0
174567,0
177592,0
137393,1
139417,1
159082,1
105008,1
125949,1
47,1
181085,1
126396,0
120595,0
44091,1
170140,1
16209,1
166218,1
122767,1
103828,1
88717,1
140910,1
12263,1
76040,0
160111,1
2017,1
15158,1
199006,1
159782,0
105471,1
207099,1
212682,1
14382,1
7991,1
95994,1
65867,1
258370,1
115661,1
81634,1
255416,0
243400,0
84725,0
221019,1
116200,1
136037,1
14554,1
229277,1
255758,1
99908,1
118661,1
119526,1
54652,1
179336,1
133670,0
113230,1
241301,0
69647,1
226689,1
29763,1
7036,1
41057,1
143404,1
32087,1
156480,1
14595,0
167610,1
53748,1
169011,1
196360,0
239883,1
90455,1
264467,1
108412,1
193139,1
76158,0
254942,0
154340,1
23812,1
67861,1
228109,1
245374,1
169741,1
219684,1
159381,0
34990,1
217121,0
29170,1
60181,1
137906,1
6028,0
18709,1
20996,1
2411,1
216269,1
83228,1
58664,1
235968,1
47457,1
122771,1
181592,1
39843,1
236194,0
14077,1
249988,1
78950,0
54976,1
173019,1
199617,1
35550,1
196338,1
249966,1
115388,1
5310,0
167583,1
85532,1
227410,1
42336,1
133395,1
45556,1
112343,1
77844,1
248944,1
26665,1
152538,1
107952,1
23004,1
251006,1
167096,1
51286,1
184718,1
207302,1
142844,1
230008,1
133816,1
25854,1
1157,0
441,1
199701,0
131036,0
263728,1
71293,1
119154,1
139123,1
5328,1
227304,1
176567,1
175957,1
243382,1
24318,1
17171,1
4915,0
217483,1
26383,0
158507,1
251873,1
82285,1
104297,1
5630,1
10677,1
227131,1
183563,1
43893,1
257760,0
50595,1
253822,1
252057,1
226260,1
224727,1
247487,0
158434,1
122177,0
59952,1
198599,1
60702,1
182214,1
232387,1
51945,1
173935,1
253810,1
257639,1
35867,1
179984,1
97308,0
204018,1
228960,1
17382,1
183619,0
188634,1
123708,1
80639,0
232406,1
30950,0
31855,1
173382,1
154721,1
90325,1
185920,1
55949,1
158602,1
142952,1
105701,1
125396,1
171844,1
1435,1
164351,1
118871,0
4975,0
64173,1
220213,0
9189,0
68042,1
158627,1
218030,1
37946,0
26189,1
212057,1
246553,1
168610,1
113883,1
264574,1
233516,1
99801,1
54480,0
7873,0
78910,1
104418,1
63372,1
188223,1
229989,0
66748,1
234791,1
206952,1
64697,1
88389,0
222611,0
235521,1
76028,1
26273,1
142293,1
205974,1
141303,1
97676,0
237003,1
28218,1
66940,1
91034,1
234852,1
56160,1
187967,1
89373,1
111243,1
168511,1
219728,1
97463,1
62251,1
227894,1
38694,1
72839,1
102512,1
265114,0
76489,1
57625,1
62563,1
215495,0
32714,1
86206,1
134291,1
241383,0
72915,0
234901,0
3121,1
49198,0
36358,0
132275,1
218369,1
68734,1
196299,0
184118,1
241404,1
170698,1
108143,1
191126,1
170015,1
76756,1
115891,1
195252,1
52455,1
175789,1
210900,1
136568,1
153519,1
229161,1
149616,1
182559,1
209731,0
180917,1
40164,1
220049,1
145597,1
112862,1
202950,1
178052,1
88374,0
253000,0
235894,0
126196,1
143934,1
38979,1
19470,1
142160,1
130570,1
3078,1
2221,1
233892,1
104067,1
143063,1
91172,1
123358,1
60019,0
23206,1
108448,0
2323,0
108631,1
103450,1
102261,0
88190,1
107715,0
61828,1
203190,1
29127,0
197441,1
54450,1
133473,1
146255,1
69247,0
176019,1
70836,1
78288,1
153844,1
89130,0
69444,1
49918,1
149991,1
92716,1
50131,1
186276,1
94031,1
57293,0
107509,0
60933,1
226645,1
224140,0
97723,1
136388,1
45038,1
237288,1
195051,1
131097,1
49322,1
165008,1
37559,1
262224,1
58100,0
3482,1
263556,0
159424,1
59168,0
37767,1
138399,1
246209,0
200271,0
30594,1
227202,0
78948,0
93753,1
249917,1
208335,1
236569,0
252207,1
34825,1
28968,0
133461,1
200937,1
245431,1
92980,1
454,1
52804,0
265616,0
259041,1
173667,0
29751,1
261587,1
27498,1
164049,1
245420,1
254792,1
70509,1
196215,1
175381,1
53266,0
238847,1
54783,1
246572,1
221478,1
35617,1
180882,1
162579,1
32732,1
59919,1
13019,0
252463,0
61404,1
57654,1
48972,1
75451,0
90200,1
166521,1
120965,1
187443,1
182407,1
142377,1
25798,1
97804,1
40115,1
153886,1
2292,0
139227,1
242713,1
106551,0
224513,1
91369,1
250668,1
14755,1
206861,1
235635,1
235973,1
86252,0
93223,1
9075,0
221591,1
151863,0
115819,1
177624,1
235014,1
170730,1
234993,1
182414,1
99779,1
242130,1
258920,1
12604,1
219400,0
31860,1
117176,0
51066,1
186995,1
13700,1
161581,1
170466,1
114899,1
72969,1
198783,1
82120,1
74291,1
263032,1
160326,1
161374,0
60069,0
142954,1
213695,1
56978,1
82117,1
46580,1
145185,1
207427,1
254266,1
79114,1
191917,1
245407,0
145165,1
74800,1
28027,1
54825,0
185229,1
261685,0
226537,1
228248,1
119282,0
188719,1
31035,1
180833,1
177301,0
102065,1
259354,1
217893,1
145690,1
149244,1
22632,1
198882,0
51645,1
216098,0
248260,1
135645,1
260419,1
255692,1
52301,1
109039,1
29536,1
11493,1
19030,0
162317,1
36791,1
59207,1
129634,0
221036,0
253082,1
219346,0
6833,0
1629,1
114996,1
256233,1
186435,1
125196,1
164578,1
51178,1
143164,1
184373,1
98797,1
77942,1
28335,1
55718,1
194936,0
147400,1
95204,1
212649,1
191492,1
124108,1
95848,1
254282,0
186985,1
237030,1
63110,1
95626,1
225399,0
12344,1
27847,1
244601,1
100372,1
5966,1
39419,0
201492,1
53116,1
85936,1
245805,0
169932,1
65139,1
222750,1
200173,1
163100,1
256679,0
27770,1
234335,0
9427,1
77584,1
255430,1
228033,0
255027,1
125122,1
262390,1
137403,0
166795,1
38778,1
220852,1
109834,1
54142,0
218414,0
248515,1
255869,0
175776,1
119739,1
256263,1
19944,1
80236,1
220343,1
151190,0
128877,1
93973,1
75853,1
31950,1
62835,1
108240,1
114037,1
65977,1
58632,1
233406,0
27343,0
46544,1
167676,1
107814,1
258927,1
81078,1
51416,1
180472,1
239528,1
52872,1
54935,1
229547,1
250540,1
53002,1
232207,0
66865,0
198717,1
4727,0
1793,1
42976,1
167612,1
263226,1
252436,1
113820,1
235425,1
234966,1
204065,1
125599,1
14,0
25977,1
215784,1
212786,1
30678,1
121498,1
161917,1
162451,1
249759,1
161326,1
74862,1
239774,1
27314,1
116822,0
188980,1
33836,0
1123,0
206580,0
124178,1
166092,1
105249,1
232382,1
260564,1
207428,1
100651,1
67235,1
233540,1
209635,1
229242,1
218395,1
255136,1
129508,1
201598,1
119515,1
167564,1
176467,0
118711,1
124512,0
173540,0
142915,1
86047,1
20234,1
252642,1
216357,1
22254,1
245643,1
218819,1
198848,1
242569,1
177230,1
71597,1
149159,1
57567,1
145003,1
128606,1
263972,0
228780,1
96386,1
22960,1
106409,1
151906,1
218240,0
51831,1
235653,0
125863,1
121676,0
163194,1
42786,1
217535,0
57358,1
72527,1
114753,1
200470,1
265333,1
50876,1
192635,1
172606,1
74131,1
164052,1
49619,1
850,1
137635,1
59643,1
1610,1
41145,1
260453,0
146791,0
118456,1
46470,1
233090,1
196339,1
109561,1
12865,0
29348,1
161904,1
93607,1
34164,1
61581,1
231879,1
179441,1
229522,0
203775,1
62087,1
13800,1
188041,1
3178,1
256515,1
67093,1
113740,0
4798,0
266453,1
178089,1
252580,1
191972,1
117370,1
84048,1
189277,1
56295,1
133651,1
102195,1
235976,1
205990,1
58092,1
209921,1
227097,1
78214,1
116576,0
70980,1
165923,0
73033,1
186624,0
266037,1
244279,1
66713,1
246307,1
221537,1
42329,1
5742,0
60941,0
145885,0
185320,1
218965,1
228862,0
170117,1
123410,0
92271,1
5177,0
26591,1
168716,1
181504,0
35674,1
86450,1
129222,1
191247,1
232663,1
20991,1
204238,1
89287,1
256080,1
64069,1
42667,1
90077,1
10648,1
223937,1
100225,1
53677,1
29245,1
263304,1
5890,0
37826,1
262580,0
13463,1
255160,1
176079,1
24276,1
255317,1
168551,1
190497,1
173592,1
223776,1
117324,1
213994,1
253055,1
19267,1
202229,1
150426,1
62981,0
59132,1
22983,1
146953,1
41347,1
60535,1
236484,1
170278,1
266481,0
25812,1
37536,1
26029,1
120741,0
201914,1
233178,0
163615,1
196866,1
139298,0
98854,1
226353,1
251711,0
2878,1
27601,1
31454,0
199988,1
243741,0
133121,1
237740,1
160801,1
94370,1
52694,1
111210,1
233851,1
51232,1
197834,1
82810,1
259656,1
258485,1
27482,1
105799,1
93312,1
208146,1
142994,0
25367,1
185792,0
180321,1
73582,1
7548,1
61356,1
249388,1
165220,0
84591,1
140143,1
132476,1
82593,1
118670,1
54265,1
124922,0
229567,1
258650,0
107368,0
83864,0
95138,1
255021,0
172229,1
201994,1
263860,0
241785,1
54961,1
220308,1
166375,1
152419,1
33119,1
62191,1
8659,1
158296,1
58016,0
207177,1
97383,1
240564,0
24283,0
133616,1
184005,1
143926,1
197160,0
128015,1
254640,0
50591,1
104344,1
76319,1
28716,1
177298,1
203707,1
238009,1
130562,1
88303,1
12249,1
220999,0
210512,1
222551,1
209943,1
56201,1
166955,1
65642,0
167103,1
94852,1
171678,1
137830,1
139965,1
170019,1
48708,1
209997,1
180936,1
179164,0
1190,1
70930,1
1180,0
245506,1
254405,1
167112,1
172698,1
14699,0
258206,1
81241,0
2993,1
123119,1
128983,1
57885,1
230128,1
35345,1
35327,1
139619,1
32785,1
113056,1
212009,1
85009,1
234488,1
148856,0
10356,1
87703,1
149879,0
199047,0
60183,1
250804,1
145245,1
251998,1
114521,1
24681,1
72189,1
59440,1
123757,1
125014,1
170861,1
24409,0
154311,1
137168,1
63809,1
126751,1
256099,1
117623,1
41343,0
28142,0
30607,1
68839,1
6504,1
201301,1
82603,1
95300,1
133536,1
151077,1
220304,1
122369,1
60114,0
123953,1
174159,1
6179,1
249703,1
83115,1
96126,1
261231,1
92643,1
21346,1
142499,1
194055,1
162117,1
248988,1
25534,1
134530,1
44780,1
228656,1
117037,1
222806,1
209241,1
75346,0
155030,1
211944,1
13328,0
207983,1
159134,1
176457,1
132565,1
179800,1
79567,1
2777,1
159370,0
21623,1
27983,0
199184,1
152508,1
156434,1
31415,1
146391,0
118422,1
187687,1
32779,0
168703,1
8619,0
110033,1
70942,0
134444,1
231421,1
78483,0
113728,1
121159,1
208845,1
195917,1
183831,1
172358,1
149087,0
142975,0
239624,1
231765,1
54515,1
255081,0
17104,0
197807,1
138993,1
248194,0
169326,1
137161,0
153068,1
176990,0
184709,1
30435,1
161534,1
55135,1
72888,1
46436,1
126382,1
200188,1
246022,1
151383,1
120816,1
139057,1
89660,1
112200,0
250678,0
150476,0
140335,1
85503,1
18973,0
92218,0
200777,1
45142,1
112963,1
196463,1
38187,1
19257,1
233909,1
260520,1
150108,1
230838,1
76146,1
17037,1
91330,1
194073,1
20202,1
138876,1
96929,1
66278,1
230510,1
159931,1
17138,1
263787,1
85441,1
264661,0
256666,0
263664,1
186326,0
162071,1
159986,1
214467,1
34310,1
13115,1
237679,1
34080,1
241954,1
61774,1
221713,0
8470,1
235192,1
30782,0
2889,1
55874,1
78018,1
147263,0
151095,1
46183,1
190437,1
199573,1
209006,1
253585,0
70973,0
141412,1
258573,1
242662,1
144952,1
125016,0
256927,1
134741,1
166246,0
159177,1
10509,1
103759,1
97211,1
123711,1
192470,1
1666,1
243800,0
81748,1
158879,1
144250,0
168745,1
16109,1
4338,0
115560,1
239902,1
12032,1
191162,1
226448,1
39508,1
197411,1
240237,0
129346,1
33764,1
150392,1
88846,0
70869,1
205627,1
241703,1
144172,1
83062,1
61099,1
146735,0
194462,1
1386,1
182637,1
246044,1
88647,0
106458,1
69938,1
15896,0
108321,1
261889,0
248913,1
166601,1
42852,1
165918,1
181699,1
129822,1
108479,0
228350,1
97105,1
82056,1
148265,1
91434,1
196249,1
30437,1
229425,0
34345,1
141807,1
127282,0
185109,1
58224,1
86987,1
191386,0
214680,1
188956,0
241568,1
222635,0
180030,1
229631,1
200330,1
48878,0
101605,1
33237,1
233522,1
112276,0
236818,0
62554,1
223563,1
111677,1
69526,1
102371,1
261367,0
115681,1
162163,1
207817,1
230824,1
59850,1
184469,1
128415,0
11457,0
12011,1
29417,0
69395,1
220388,1
92483,1
67784,1
257619,0
72359,1
94305,1
194113,1
244261,0
74063,1
91293,0
216759,1
24016,0
202731,1
153726,0
137554,1
159329,1
79862,1
139246,0
153158,1
163603,1
22617,1
111011,1
37354,1
88401,1
173400,0
87763,1
144284,0
186529,1
7305,1
258752,1
76635,1
15714,0
19260,1
227048,1
58416,1
113247,1
242730,1
846,1
228962,1
252082,1
48877,0
261061,1
144708,1
249916,1
91770,1
103432,1
112454,0
189215,1
170640,1
141133,1
48413,1
54137,1
54224,1
184275,1
101812,0
48207,0
19228,1
112952,1
147267,1
86213,1
169953,1
192578,1
194426,1
64265,1
93521,1
126404,0
18928,0
58911,1
58477,1
148612,0
212925,1
197700,1
242366,1
13038,0
16038,1
265785,1
241924,1
127197,1
131525,1
94358,1
22769,0
246827,1
49881,1
49861,1
232948,1
213977,0
99509,0
52513,0
4491,1
199262,1
110098,1
46282,0
72007,1
35396,1
198208,1
239701,1
240371,1
29696,1
236190,1
138058,1
177971,1
140664,1
134878,1
43559,0
179826,1
115714,1
75325,1
213054,0
100335,1
102655,1
175014,1
162644,1
64622,1
164197,1
71492,1
118988,1
71439,1
58163,1
40904,0
84087,1
239192,1
135104,1
232187,1
190209,1
97142,1
75430,1
170310,1
263074,0
258642,1
99300,1
118065,1
144577,0
108591,1
41488,1
223174,1
41197,1
34138,1
264698,0
64465,0
52374,1
225015,1
219068,1
129023,1
6208,1
32825,1
99808,1
76809,1
88306,1
106052,1
245641,1
154099,1
240961,1
103290,1
199787,0
33217,1
215486,1
64421,1
166467,1
174514,1
57005,0
50952,1
110191,1
200978,1
122583,1
249276,1
155283,1
128103,1
181987,0
123924,0
74039,1
156357,1
178910,0
234726,0
14185,0
225208,1
56273,0
173942,0
87089,1
116815,1
242314,1
207890,1
70864,1
8161,1
230112,1
137010,1
34901,1
73173,0
255778,1
87837,1
152043,0
251757,0
247815,1
101921,1
89788,0
161740,1
42855,1
167845,1
233031,1
15157,1
217119,1
189642,0
195190,1
165140,1
108897,0
239608,1
83121,1
33898,1
214547,1
56437,1
138396,1
91198,1
39925,1
83373,0
24441,1
160030,1
224617,0
236678,1
82528,1
203965,1
78019,1
86343,1
180064,1
172404,1
199253,1
178681,0
90628,1
187478,1
171450,1
65609,1
214774,1
215557,1
177276,1
14760,1
83958,1
112411,1
132830,1
231305,1
252461,0
82288,0
48363,1
111466,1
12426,0
93540,1
78454,1
80842,1
255547,1
187567,1
36286,1
215624,1
134813,1
14232,1
184912,1
90613,1
12251,1
240874,1
194264,1
93872,1
36559,0
261711,0
139235,1
239448,1
42925,1
103689,1
58928,0
157889,1
99313,1
10455,0
249404,1
110591,1
32149,1
118725,1
188262,1
78279,1
85248,1
88147,1
51137,1
28060,1
21307,1
174187,1
39789,1
96452,1
15765,0
100382,1
108338,1
112684,1
177730,0
113383,1
171035,1
90391,1
110121,1
237658,1
184875,1
171482,1
64170,1
67829,1
141437,0
254283,1
210291,0
258307,1
80922,1
80887,1
60020,1
10787,1
212854,1
31968,1
2931,0
2829,0
121157,1
61002,1
82740,1
173562,1
11003,0
138856,0
129534,1
259982,1
83794,1
110069,1
212812,1
187834,0
43884,1
19010,1
42938,1
77682,1
2660,0
104548,1
183079,0
238751,1
89659,1
76687,1
96549,1
39262,1
14763,1
145921,1
58136,1
117116,1
190189,1
211474,1
186950,1
15999,0
251917,1
44415,1
179291,0
72703,1
17845,1
147539,1
194570,1
55895,1
136909,0
58886,1
126427,1
101624,1
182478,1
4670,1
164005,1
144414,0
205010,0
253299,1
266623,1
44863,1
255870,1
159445,1
80324,1
14886,1
29795,0
100201,1
195177,1
198319,1
94502,0
227113,1
152844,1
129022,1
73843,1
84233,1
8805,1
137053,1
66177,1
77258,1
125653,1
11039,1
190663,1
161269,0
117481,1
206822,1
79602,1
174876,0
176254,1
174239,1
35177,1
189920,0
237845,0
82152,1
163635,1
4738,1
140619,1
68663,0
52321,1
168844,1
160984,1
39162,0
2284,0
107121,1
87006,1
86502,1
60454,1
186082,1
189812,1
101057,1
177115,1
232785,1
27163,1
176581,1
162887,1
156117,1
185636,1
66293,1
107767,1
249881,1
160445,1
81055,1
20479,1
121920,0
63075,1
4881,1
149733,1
178157,1
66229,1
243091,1
248340,0
9389,1
162861,1
234664,1
173345,1
92507,0
148693,1
129544,0
202677,1
109496,1
221939,1
91630,1
93570,0
191644,1
237764,1
80727,1
201957,1
165766,1
210376,1
43268,0
125114,0
164716,1
230754,1
6887,1
195681,1
86482,1
255856,0
98085,1
238794,1
193565,0
264607,1
59624,0
13315,1
259214,1
160169,1
30975,1
193214,1
146664,1
75472,1
182693,1
125618,1
42182,1
90904,1
3918,1
136749,1
8243,0
203552,1
184050,1
113642,1
137434,1
158656,0
71183,0
184943,1
14850,1
164658,1
181887,1
127672,1
59482,1
238259,1
158783,1
246421,1
121309,1
185309,1
233363,1
78494,1
169943,1
236286,1
153155,1
163105,1
185570,1
121442,1
21049,1
222739,1
102611,1
37824,1
44879,1
35524,1
131566,0
47490,1
115168,1
261339,0
142541,1
256908,0
249241,1
241651,1
150985,1
77176,1
186909,0
130247,1
191355,1
166820,1
259377,1
250057,1
66942,1
191253,0
224913,1
232555,1
128042,1
249665,0
247177,1
223235,0
145323,1
175693,1
169733,1
196096,1
104443,1
160665,1
88876,1
84907,1
133898,1
84821,1
56189,0
237562,0
239182,0
37969,1
158580,1
139783,1
51092,1
190032,1
170680,0
85960,0
87076,1
109364,1
168238,1
200551,1
36830,1
38582,1
153511,1
33374,1
56335,1
105904,1
53087,1
160844,1
44440,0
156631,1
110580,1
177206,1
114414,0
242977,1
203745,1
107149,0
229754,0
27950,0
120473,1
150837,1
210311,1
207192,1
109509,1
18483,1
225936,1
88128,1
215977,1
101120,1
155467,1
49438,1
174054,1
260475,0
32375,0
230352,1
152619,1
48944,1
103814,1
254318,1
220282,1
196855,1
44656,1
215347,0
236979,1
242088,1
158538,1
235927,1
74474,1
56952,1
202083,1
75196,1
163989,1
226226,1
204229,1
15736,1
135522,1
255513,1
246611,0
61405,1
84509,1
221746,0
132549,1
176653,1
191109,1
251823,0
135763,0
253651,1
263094,0
195088,1
78203,1
48024,1
236029,0
265821,1
219090,0
202714,1
7754,1
237911,1
236894,0
51794,1
250062,0
29448,1
128351,1
16142,1
229199,1
50314,0
209484,1
265015,1
162764,0
249112,0
59512,0
18107,0
61293,0
72286,1
2141,0
163056,1
234393,1
22895,1
229788,1
202976,1
185760,1
36683,1
234311,1
79272,1
45355,0
94564,1
191194,1
125986,0
76940,1
153685,0
103022,1
169833,0
219376,1
226490,0
226050,1
257625,1
19754,1
26215,1
90538,1
199744,1
256817,1
149291,1
34238,1
249481,0
78650,0
181260,1
192302,1
12812,1
83963,1
28339,1
214861,1
51766,1
118466,1
78882,1
153175,1
61324,1
138021,1
126862,1
38026,1
214884,0
12819,0
111989,1
70402,1
236048,1
189251,1
253938,0
54227,1
239814,1
206467,1
59092,1
51923,0
90101,0
239745,1
196560,1
204745,1
82820,1
95320,1
105710,1
3324,1
91384,1
114945,0
204540,1
92912,0
169730,0
7910,0
5529,1
40406,1
147211,1
129186,0
265372,0
208133,1
145822,1
50879,1
109603,1
222076,0
24224,1
201273,1
171805,1
225113,1
186204,1
8180,1
181219,1
162870,1
90916,1
90497,1
214646,1
27605,1
235215,0
64652,1
206408,1
17888,1
60585,0
112994,1
71862,1
163121,1
242468,1
199436,1
144974,1
47074,1
100408,1
76653,1
52536,1
92033,0
180667,1
125220,1
177335,1
203019,0
77879,0
103795,0
144163,1
119752,1
133132,1
144968,1
203356,1
246411,1
32586,1
227102,1
195900,1
55863,1
1158,1
69381,1
207871,1
37788,1
224756,1
79050,1
231069,1
153346,1
14877,0
195063,0
197226,1
101811,1
110666,1
176634,0
73387,1
87237,1
13866,1
98902,1
125471,1
45449,1
190306,1
131216,0
24183,1
197935,0
127341,1
110734,1
239845,1
155566,1
39374,0
5645,0
260445,1
242739,1
143181,0
180340,1
227651,0
115037,0
196128,0
242225,1
224843,0
57756,0
199844,1
157870,1
187006,1
112541,1
116385,1
76924,0
153326,1
89595,1
53457,1
17984,0
15127,1
20403,1
91040,1
172850,1
190762,1
2607,0
73940,1
98029,1
434,0
54575,1
76402,1
233217,0
44188,1
169165,1
265228,1
194474,1
198028,1
34211,1
228365,1
140537,1
244915,1
199107,1
114705,1
161647,1
157575,1
226885,1
237601,1
160389,1
173164,1
146746,1
137470,1
41508,1
212696,1
143712,1
34181,0
116584,1
96453,1
26035,1
5514,0
13337,1
95600,1
93976,1
46149,1
117296,1
189180,1
233884,1
255689,1
155509,1
31257,1
180132,0
204414,1
120506,1
21913,0
230438,1
142936,1
237147,0
13580,1
78255,1
14695,0
5157,0
77406,1
41746,1
208653,1
54311,1
81601,1
141018,0
42446,1
38912,1
117783,1
124940,1
31271,1
184544,1
173585,1
247101,1
115726,0
198150,1
238832,1
124482,1
131803,0
207558,1
143117,1
138894,1
215883,1
72379,1
186029,1
76227,1
197313,1
7708,0
229312,1
13480,0
25063,0
143016,1
115483,1
197275,1
194827,1
253326,1
241310,0
147361,1
21598,0
250703,1
179811,1
201291,1
229687,1
14974,1
105379,1
143111,0
122587,1
182326,0
16211,0
77085,1
218017,0
50016,1
186441,1
153209,1
232412,1
257839,1
155193,1
243670,1
23607,1
61508,1
236847,1
219979,1
265241,1
126496,1
61639,0
142118,1
123860,1
202848,1
250679,0
31796,1
191588,1
95419,1
151726,0
215899,1
155910,1
216820,1
214705,1
136813,1
53414,1
112819,1
7840,0
67379,1
254176,1
38888,1
29410,1
4511,0
161008,1
176117,0
159336,0
262107,1
56239,1
324,1
116416,1
84811,1
39905,1
135516,1
197480,0
229577,1
22448,1
200110,1
223473,1
29479,1
18599,1
72806,1
159781,1
169658,1
229600,1
6346,0
16813,0
223611,1
264941,0
184609,1
97047,1
187259,1
167893,1
169410,1
251681,1
119651,1
67973,1
118940,1
32882,1
82354,1
23563,1
252415,1
38015,1
10315,1
93659,1
230860,1
263544,1
34701,1
86177,1
65221,1
168460,1
207306,1
41410,1
53814,1
51832,1
47013,1
3215,0
220714,1
160614,1
32292,1
50542,1
125180,1
26795,1
9657,0
168299,1
131405,1
6404,0
26485,1
127637,1
84542,1
152068,1
246996,1
211759,1
179670,0
143186,1
161929,1
27286,1
125012,1
171959,1
218123,0
238664,1
261219,1
62021,1
215330,1
252293,1
187493,1
74169,1
197588,1
185812,1
148867,0
81070,1
165283,1
56042,1
188019,1
26372,0
230288,1
17932,1
241493,1
121364,1
120345,1
145967,1
189878,1
103217,1
59721,1
228421,1
150923,1
226709,1
164177,1
249352,1
235137,1
211765,1
204658,0
172101,0
202903,0
47438,1
166939,1
200275,1
168827,0
27157,1
205568,0
84792,1
177513,1
101151,1
230001,1
163695,1
10912,1
25016,1
25435,1
66137,1
20198,0
216726,1
214633,1
35751,1
176407,1
68077,0
217494,1
108458,1
38276,1
46344,1
32310,1
225610,1
4053,0
62564,0
262440,1
234877,1
44133,1
81461,0
16928,0
128191,1
263628,1
199500,1
226725,1
263952,1
28215,1
17605,0
183219,1
127652,1
225784,0
243029,1
118179,1
57434,1
74451,1
245874,0
248713,1
136578,1
90401,0
85944,0
220381,1
155478,0
55481,1
42829,1
254381,0
243621,0
100281,1
170616,1
187713,0
168706,0
58702,1
255110,0
75361,0
73555,1
215107,1
80238,1
81184,0
109564,1
3628,0
230610,0
192847,1
147569,1
216823,1
112281,1
161340,1
112006,1
247571,1
208322,1
81415,1
102307,1
15173,1
215732,1
79776,0
158315,1
223590,1
169548,1
159635,1
68155,1
234922,1
107286,1
259508,1
256555,1
43741,1
86161,1
23927,0
255113,1
163667,0
98434,1
242976,1
215275,1
178545,0
166898,1
149570,1
192931,1
54528,1
170194,1
145703,1
186885,1
247586,1
172878,1
166382,1
215511,1
263514,1
111579,1
108022,0
154458,1
153843,0
189881,1
78566,1
2522,1
23288,0
123153,1
82129,1
124691,1
87331,1
11844,1
108525,1
204028,1
208183,1
46278,1
69141,1
252093,1
258742,0
24353,0
222406,1
57232,0
84251,1
197232,1
153301,0
15623,0
10220,1
95724,1
250838,1
167299,1
4482,0
153015,1
119087,0
142108,1
59075,1
248909,1
75038,1
123229,1
102082,1
92475,1
175905,1
153400,1
194422,1
148425,1
196647,1
28580,0
178306,1
221815,1
250257,1
179910,1
191831,1
225240,1
223644,1
71696,1
205009,0
162334,1
222853,0
249641,0
227174,1
263708,1
69482,1
36782,0
69330,1
23309,0
101124,1
99611,1
13392,1
41443,1
12811,1
3374,0
260044,1
89734,1
171897,0
41731,1
11714,1
85951,1
235659,1
238195,0
45704,1
121743,1
124195,1
54774,1
104431,1
142570,1
28837,1
248828,1
214036,1
257125,1
222559,1
33826,1
179467,1
202486,1
183662,1
246589,0
43335,1
253164,1
57579,1
51163,1
145576,1
254714,1
163988,1
74082,1
102646,1
58614,1
194268,1
128161,1
192471,1
96656,0
155055,1
130617,1
179366,1
97938,1
41096,1
52796,1
216310,1
6982,0
31529,1
10083,0
130272,1
94021,0
233883,1
51449,0
29323,1
106485,1
44209,1
233071,1
97672,0
31076,1
34132,1
36492,1
189654,1
15897,0
244865,1
187879,1
162653,1
265772,1
108012,1
133108,0
250223,1
187306,1
35641,1
97641,1
32377,1
47423,1
200654,1
160693,1
236860,1
201884,1
45453,1
218167,1
261151,1
78005,1
109259,1
31568,0
73176,1
175574,1
212193,1
118270,0
196157,1
147478,0
233972,1
193620,0
141185,1
152621,0
191554,0
187388,1
233231,1
184629,1
76140,1
58400,1
102223,1
152418,1
153534,0
230227,0
171578,1
67356,1
43857,1
255275,1
235941,0
179320,1
201230,1
30349,1
43414,1
1249,1
87645,1
105028,1
258437,1
93873,1
49036,1
101336,1
238188,1
176778,0
138983,1
233874,1
21005,1
244806,1
5660,1
156384,1
244764,0
122234,1
58457,1
32437,1
247714,1
48940,0
76021,1
94312,0
122106,0
226860,1
95857,1
168144,1
231096,1
103091,1
42909,1
107913,1
96495,0
127283,1
77089,1
21607,1
183717,1
245957,1
48451,1
161112,0
127623,1
105053,1
72488,1
127777,1
136499,1
81482,1
38009,1
221082,1
114934,0
180538,1
70203,0
46795,0
38745,1
125120,0
82525,0
154482,1
94278,1
249630,1
57930,1
93408,0
80857,1
163244,1
174597,1
8903,1
263086,0
251071,0
199811,1
103449,1
241628,1
210186,1
62141,1
15836,0
180680,1
64404,1
249532,1
162671,1
173968,0
257788,1
158238,0
186850,1
110810,1
58123,1
151853,1
169929,0
12912,1
69685,1
156886,1
182209,1
150407,1
68645,0
235118,1
92270,1
211763,1
242425,1
162092,0
36115,1
135552,1
110874,1
234302,1
43646,1
27546,1
173984,1
180300,0
107034,1
112340,1
141661,0
153693,1
107825,1
204143,1
188243,1
11772,1
36962,1
66259,0
243479,1
167084,0
193632,1
88971,1
125350,1
30047,1
161293,1
15738,1
68006,1
98526,1
265633,1
163025,1
97833,1
12702,0
214634,1
224771,0
121958,1
50791,0
160248,0
232181,1
203622,1
197998,1
68701,1
140585,0
167164,1
155973,1
98979,1
252080,1
28770,1
199419,1
109304,1
202629,1
223135,1
90271,1
38575,1
142304,1
101911,1
207903,0
70705,1
19791,1
69503,1
9406,0
246389,1
251817,1
173786,1
31931,0
161094,1
18998,0
243315,0
238267,1
119763,1
261727,1
70945,1
67113,1
2018,0
79367,0
55028,1
87226,1
251247,1
30431,1
6322,0
176190,1
88755,1
163850,1
40364,1
87667,1
101046,1
49506,0
69615,1
263949,0
93401,0
161201,1
29190,1
8948,1
7172,1
153225,1
113214,1
133369,1
92236,1
241320,1
64557,0
131920,0
9511,1
35714,1
79136,1
217169,1
17899,1
39301,1
233164,1
65088,1
11569,0
107511,1
32287,1
143027,0
73716,1
70498,1
111818,1
255559,1
261236,1
95443,1
33390,1
126073,0
146226,1
119350,1
13214,1
93051,1
117793,1
98424,0
177450,1
229802,0
74607,0
164877,1
36531,0
77439,1
15768,1
135792,1
75828,1
114665,0
250401,1
231847,1
223570,1
155093,1
146831,1
38747,0
117333,1
11976,0
40040,1
97016,1
223199,1
172989,1
262033,1
188903,1
148236,1
81535,1
175694,1
42775,1
52017,1
77623,1
190955,1
113094,1
101155,1
55262,1
235999,1
190733,1
22267,0
36516,1
95482,1
173455,1
42828,1
86320,1
56028,1
34216,1
238231,0
176477,1
174232,1
126583,1
181312,1
256386,1
129537,0
175452,0
157909,1
207211,1
53672,1
50613,1
246393,1
40234,0
115990,1
28887,1
255913,1
185169,1
163746,1
256342,0
17692,0
42345,0
60066,1
89724,1
155393,1
36146,0
167611,1
96547,1
89617,1
13,0
231654,1
12197,1
74515,1
43146,1
1194,1
170296,1
256498,0
94584,0
83959,1
194901,1
223962,1
246609,1
124647,1
146270,1
13694,1
194700,1
209265,1
263566,1
191453,1
82616,1
140832,1
197864,1
97309,1
56258,0
200877,1
138433,1
28930,1
80610,1
12382,0
194579,1
57690,1
106137,1
56497,1
202085,1
168832,0
146438,1
249469,1
266478,1
174820,1
208479,0
43457,1
225246,1
34626,1
82416,1
223389,1
84535,1
235247,0
223488,0
215576,0
48732,1
22985,0
266136,0
207685,1
260048,0
252482,1
62332,0
119114,1
16026,1
169830,1
260421,1
227748,1
167837,1
180614,1
20912,1
262943,0
227388,0
236268,0
159277,1
198286,1
209751,1
17333,0
171768,1
96963,1
228084,1
169047,1
226301,0
151854,0
229394,1
171046,1
171949,0
15085,1
90730,0
111327,1
103592,1
189930,1
208198,1
254291,1
92493,1
74686,1
108397,1
95885,1
42681,1
153395,1
162804,1
228036,1
126228,0
151084,1
129514,1
246594,1
202106,1
88945,1
75144,1
198409,0
34074,1
17782,1
163808,1
166608,1
257041,1
19875,0
104733,1
58603,1
249880,1
162270,1
130853,1
8748,0
118342,1
225404,1
121123,0
9606,1
64841,1
186111,0
147090,1
31567,1
5633,0
221136,1
74208,1
75877,1
52371,1
212195,1
104335,1
189917,1
80598,0
255347,0
106441,1
258250,0
153356,1
207221,1
198099,1
247965,0
121740,1
55111,1
233431,1
115809,1
96292,1
80461,1
61944,1
166167,1
85962,1
79088,1
23228,1
49813,1
108491,1
128085,1
95915,1
218096,1
139680,1
110575,1
244322,1
145837,1
33631,1
181603,1
99103,0
172171,0
132190,1
132137,1
178374,1
130850,1
155584,1
219686,1
18477,1
215023,1
225012,0
116664,1
9307,1
188229,1
13103,0
244121,1
13662,1
89495,1
256512,1
187610,1
158744,1
146843,0
177282,1
78514,1
107855,1
220033,1
115179,1
64139,1
240927,1
11422,1
219792,0
92946,1
131283,1
104368,1
103133,0
117877,1
84279,1
37803,0
186255,1
56749,1
25113,0
124604,1
265093,1
70588,1
86137,1
181400,1
60041,1
159296,1
169421,1
112734,1
192169,1
249593,0
96327,1
15881,1
14981,1
226201,0
89634,0
20478,1
265502,0
252134,0
210105,1
139445,1
245468,1
247274,0
75242,1
44718,1
233768,1
76488,1
236437,1
4894,1
129761,1
11566,1
222596,1
153424,1
164558,1
178112,0
222693,0
200416,1
92879,1
188448,1
99860,1
152147,1
75204,1
169184,1
62404,1
119569,1
99401,1
119990,1
110166,1
50976,0
136720,1
155834,1
58657,0
255029,1
180778,1
61211,0
151308,0
135777,0
251653,0
104549,1
124022,1
181242,1
123508,1
123411,1
20179,1
54012,1
57480,0
93740,1
59054,0
199033,1
50370,0
220753,1
117138,1
84147,1
139613,0
36248,1
58856,1
3953,1
61241,1
211609,1
245077,0
64494,0
30099,1
152496,1
57633,1
6479,0
98817,1
43385,1
254265,1
256114,1
101729,1
118845,1
179860,0
144397,1
23204,1
190845,1
166082,0
246600,0
238108,1
244706,1
21896,1
107905,0
42188,1
255930,1
189781,1
257790,1
58846,1
260377,0
198,1
146526,1
13639,1
41302,0
266421,1
160507,1
110522,0
120763,1
257120,1
239950,1
204571,1
215435,1
55459,1
58359,1
57901,1
113530,1
57266,0
197245,1
116843,0
176471,1
228869,1
5338,1
244311,0
227741,1
29595,1
122928,1
28746,1
97850,1
232968,1
163624,1
126476,1
58439,1
87557,1
63121,1
193433,1
128703,1
152661,1
182313,0
59614,1
260536,1
8317,0
185286,1
144001,1
30330,1
4411,0
160140,1
191864,1
35032,1
56332,1
207517,1
140716,0
230134,1
118016,1
233897,1
200321,1
47825,1
229621,1
145609,1
106168,1
34167,1
131217,1
204022,1
147181,1
73944,1
76263,0
120836,1
53100,0
156941,1
175095,1
160294,0
48951,1
13851,1
100771,1
241937,1
169652,1
45684,1
138959,1
22801,1
170172,0
203894,0
210866,1
97852,1
118918,1
11900,0
77122,1
24961,1
157048,0
88505,1
229557,1
264426,0
242278,1
75029,1
43071,0
124392,1
23552,1
242262,1
32118,1
242675,1
135318,1
86307,1
33249,1
7709,1
19398,1
69203,1
224248,1
143293,1
229831,1
175510,1
136363,1
236786,1
73415,1
244022,1
97361,1
169956,1
254420,1
10035,1
174881,1
159826,1
83723,1
210633,1
247296,1
48595,1
226049,1
46112,0
251298,1
264213,0
22986,1
123856,0
50203,1
59657,0
127064,1
179265,1
226840,1
74919,1
234798,1
108522,1
69045,1
13562,1
44963,1
6430,0
154305,1
189446,1
189758,1
100916,1
33904,1
247898,1
44828,0
161443,1
53164,0
12990,0
66298,1
40472,1
200717,1
573,0
37399,0
223443,1
160387,0
101641,1
102618,1
30683,1
187063,1
66673,1
91134,1
248182,1
89194,1
50544,1
40892,1
149085,1
159433,1
59195,1
44008,1
133038,1
82956,1
29181,0
70061,1
194686,1
244818,0
82248,0
6052,1
191441,0
58290,1
86231,1
265060,1
142065,1
166371,1
116144,1
135781,1
131704,1
139167,0
11879,1
113608,1
204748,1
206932,1
100726,1
110226,1
219148,1
190867,0
105774,1
239610,1
152997,1
29958,0
204525,0
244345,1
127520,1
37598,1
102235,1
129065,0
211219,0
25899,1
81502,1
190745,1
101585,1
261562,1
243025,1
258915,0
17877,1
62475,1
259068,1
125183,0
29486,0
194201,1
94204,1
75284,1
170505,1
64745,1
40216,1
216658,0
241675,1
49375,0
111972,1
129494,1
59810,0
101253,1
183055,1
11188,1
245001,1
179809,1
164497,1
81689,1
119782,1
55678,1
165965,0
205028,1
118023,0
122235,0
214189,1
146681,1
145303,1
780,1
92392,0
54701,1
145004,1
179375,1
217818,0
23033,1
191834,0
120517,1
79761,1
104938,1
102383,0
216755,1
147500,1
23465,1
246282,1
192004,1
61067,1
56376,1
187546,1
15355,0
14541,1
226723,1
23987,1
74820,0
56927,0
236917,1
229077,1
137341,1
219309,1
14778,1
182340,1
235689,1
196213,1
54112,1
120704,0
196216,1
172060,1
128970,0
216664,1
240091,0
109248,1
218262,1
85096,1
184182,1
206790,1
248852,1
77676,0
222748,1
12548,1
43534,1
55997,1
189868,1
255942,1
138223,1
23969,0
239463,1
70270,0
195207,1
6118,0
156053,1
101358,0
142112,1
181050,1
106009,1
14133,1
106626,1
6696,1
173379,0
84060,1
28637,1
63667,1
49517,1
120722,1
55401,1
151233,1
52344,1
175931,1
96811,1
34142,1
11142,1
96575,0
42743,0
120714,1
77677,1
249229,0
249072,1
262809,0
97867,1
170662,0
3946,0
195876,1
55742,1
46721,1
60596,1
61905,1
6149,0
189061,1
219648,1
13502,0
78495,0
18916,1
228511,1
163077,0
196737,1
93406,0
171671,1
2242,1
206845,1
214423,0
4195,1
185173,0
189591,1
249752,1
117363,0
65752,1
253256,0
83193,1
201391,0
176576,1
234356,1
33839,1
138769,1
261077,0
65621,1
251482,1
80624,1
111340,0
127416,1
127597,1
31655,1
205893,0
67004,1
224644,1
65199,1
26684,0
150382,1
100680,1
61017,1
71496,1
196706,1
56544,1
41063,1
121682,0
32748,1
199827,1
56919,0
21586,0
2412,0
110574,0
49076,1
261738,1
23822,1
48637,1
46020,1
120553,1
41397,1
26977,0
132086,1
162154,0
103355,1
249507,0
112138,0
216474,1
154353,1
46461,0
205881,1
23021,1
41786,1
71593,1
1294,1
181192,1
34672,1
39265,1
114559,1
228163,1
96330,1
76724,1
177613,1
188849,1
133010,1
233336,1
74268,1
192693,1
36336,1
173785,1
236047,1
193472,1
32331,1
224753,1
217188,1
263373,0
259705,1
65125,1
98002,0
168702,1
247342,1
95972,1
130378,1
263618,0
91837,0
36420,1
179751,1
122584,0
155020,1
85484,1
15133,0
60752,1
12253,1
141846,1
180158,1
12040,1
49515,1
237489,0
249065,0
109837,1
29157,1
56906,1
243182,1
39434,0
200466,1
240604,1
148402,0
154538,1
12308,1
81228,1
199570,0
107770,1
215793,1
15987,0
51203,0
97394,1
242733,1
77964,1
209488,1
168754,0
227148,1
66674,1
155187,1
236478,1
22754,1
199282,1
42482,1
200138,0
264206,1
186377,1
237450,1
28487,1
183892,1
230020,0
40041,1
225403,1
239177,0
154993,1
115963,1
114721,1
67871,0
1191,1
76573,1
75373,1
99761,1
188757,1
100308,1
105181,1
84905,0
74228,1
4667,1
13543,1
24443,1
140124,1
106422,0
226470,1
220572,1
56702,1
197922,1
251807,1
93266,1
226506,1
46426,1
65788,1
13753,1
246613,1
242775,1
143211,1
123740,1
37138,1
58446,1
79968,1
5313,0
241037,1
33222,1
227996,1
262477,1
48963,0
42378,0
155476,0
13918,1
135850,1
31412,0
188707,1
76360,0
100167,1
1652,0
57134,1
121646,1
262827,1
93486,1
72424,1
84995,1
83432,1
39425,1
57602,1
124958,1
31374,1
123449,1
80042,1
47601,1
157577,0
177612,1
260558,1
161482,1
143534,0
86601,0
23059,1
62548,0
36740,1
41868,1
83920,1
248230,1
128438,0
30205,0
68368,0
13582,1
40857,1
185912,1
28751,1
119814,1
235089,1
7045,1
169153,0
195115,1
250331,1
253570,1
18538,1
134145,1
151097,1
211425,1
88015,1
111691,1
246837,1
179841,1
237908,0
212971,1
172978,1
225231,1
90644,1
37256,1
107061,0
235198,1
75500,1
92151,1
111664,1
96399,1
133427,1
185431,1
222547,1
141354,1
171167,1
57558,1
161998,1
184806,1
105081,0
63233,1
62271,0
180847,1
253918,1
202621,1
161567,1
225441,1
226606,1
231663,0
88550,1
112890,1
71990,0
160997,1
85556,0
153406,1
160136,0
88316,1
59758,1
73630,1
230010,0
106242,1
103837,1
58275,0
73349,1
63327,1
40217,0
79641,1
70615,1
157262,1
228854,1
253449,1
229778,1
582,0
185075,1
84247,1
200753,1
79067,0
76701,1
136270,1
165060,1
41715,0
238011,0
5571,1
208793,1
192595,1
1515,1
54880,1
261829,1
71614,1
193850,1
34915,1
204644,1
194430,1
232727,0
248668,1
212517,1
35832,1
41778,1
8489,0
118688,1
22089,1
224237,1
22781,1
32992,1
9614,1
128315,1
199101,1
38521,1
177369,1
111558,1
11138,1
61867,1
95551,1
123816,1
187392,1
93902,1
93683,1
112149,1
47165,0
255020,1
82995,1
233699,1
176234,1
76981,1
166110,1
1361,1
13069,1
87195,0
209036,1
127362,1
139819,1
80373,1
7896,1
170316,0
155156,1
111587,1
9613,0
186958,1
127540,1
122879,0
11262,1
72945,1
95481,1
46262,1
71519,0
204982,1
174612,1
206329,1
57961,0
93624,0
51592,1
49404,1
8622,0
1901,1
171538,1
27022,1
24225,1
263415,1
188648,1
108808,1
84404,1
80520,1
165504,1
205605,1
47214,1
202184,1
87968,1
100990,1
188761,1
121343,1
235887,1
67340,0
259953,1
111158,1
184811,1
60016,0
169425,1
223817,0
29027,1
89667,1
126890,1
40257,1
30864,1
92065,1
258987,0
191938,0
189522,1
215141,1
14900,0
18286,0
178402,1
171863,1
106331,0
7835,1
242282,1
228491,1
86288,0
227313,1
231251,1
160501,1
121493,1
27191,1
261735,1
25752,1
234254,1
222916,1
206253,1
163697,0
90148,1
60502,1
207566,1
96609,1
179388,1
183138,1
259206,0
217123,1
194839,1
119757,1
193483,0
162179,0
132289,1
111279,1
175089,1
101672,1
93175,1
119575,1
116780,1
263241,1
190833,1
193321,1
162866,1
108079,1
254081,0
192899,0
137592,1
80824,1
161669,1
148040,1
223610,1
95046,1
131142,1
265324,1
202720,0
164883,1
125698,1
45710,1
197572,1
153447,1
146887,1
55161,1
222900,1
9072,1
129248,1
85224,1
225110,1
19377,1
152501,1
123638,1
130907,1
26,1
119916,0
92866,1
138684,0
55125,1
106838,1
266368,1
238869,1
21170,1
237226,0
148872,1
25763,1
126543,0
7360,1
43157,1
201553,1
76060,1
78151,1
122258,0
42168,1
102377,1
235615,1
161579,1
75025,1
47197,1
168523,1
16949,1
180863,1
76664,1
203032,1
61748,1
82250,1
28850,1
84690,1
229047,1
41111,1
104099,1
168592,0
54294,1
77508,1
236815,1
150699,1
4185,1
141069,1
199457,0
256740,0
172782,0
125740,1
220356,1
114040,1
124091,0
240431,1
80025,1
73612,1
154623,1
14319,1
147988,0
236842,1
202201,1
221706,1
102357,1
8858,0
104354,1
152262,0
264727,0
1722,1
242399,1
22260,0
63502,1
61633,0
38680,1
69106,1
249862,1
236212,0
52196,0
124960,1
106736,1
101040,1
130813,1
238673,1
205616,1
198416,1
154960,1
86585,0
99804,0
16018,0
39257,1
238960,1
21983,1
74072,1
229340,1
219908,1
83895,1
111916,0
149541,1
154730,1
113997,0
127047,1
419,1
149132,1
218592,1
259062,1
19957,1
163272,1
176289,1
260078,1
190723,1
208061,1
177441,0
223619,1
44905,1
31853,1
254451,1
209644,0
173527,1
173524,1
252248,1
243535,1
13606,0
176893,1
172664,1
161916,1
206282,1
210848,1
245135,1
140476,1
99646,1
202616,1
17317,1
219595,0
66362,1
192469,1
68493,0
215727,0
184465,1
134468,1
179245,0
53591,1
43018,1
27063,1
242763,1
107604,1
169447,1
74605,1
204122,1
89890,1
79899,1
25549,0
236394,1
174841,0
257471,1
162878,1
121815,1
40188,1
174353,0
124093,1
239317,1
23070,1
129430,0
5249,0
123205,1
36059,1
202536,1
230419,1
159740,1
28771,1
244575,1
6702,1
174766,1
19503,1
180264,1
47354,1
85332,1
252094,1
102647,1
266619,1
7307,1
261240,1
135357,1
133192,1
53808,1
130408,1
154518,1
99319,1
129654,0
80501,0
264867,1
223599,1
240909,1
226478,0
239240,0
214383,1
124633,0
26986,1
135464,1
175618,1
78262,1
28039,1
65233,1
31154,1
19434,1
57145,1
153660,0
129240,0
112986,1
42020,1
17663,0
179177,1
142021,1
184041,1
77935,0
34012,1
196307,0
83366,0
76340,0
109273,1
233179,1
210864,1
266511,0
196242,1
63402,1
22790,1
11540,1
237534,1
25349,1
114641,1
32384,1
146297,1
256217,1
203814,1
117947,1
28146,1
222170,1
113014,1
51185,0
1321,0
230722,1
210081,1
145103,1
109342,1
228028,1
266550,1
138077,0
105430,1
247506,1
96572,1
87397,1
213782,1
83721,1
111917,0
229520,1
166494,1
234177,1
175804,1
35567,1
69072,1
133519,1
238359,0
145479,1
168032,1
242656,1
47969,0
24167,1
105490,1
180228,0
49000,1
55688,1
204783,0
136465,1
231248,0
178355,1
162074,1
266475,1
45822,1
244114,1
73064,1
262029,0
7880,0
10333,1
251896,1
205030,1
166077,1
51183,1
258169,1
36920,1
241864,1
40702,1
157208,1
206895,1
177146,1
264803,1
74866,1
46923,1
127007,0
224436,1
231632,1
239275,1
140562,1
207487,1
135164,1
253407,1
212914,1
84213,1
96681,1
149855,1
79966,1
40634,1
146581,1
249940,1
16856,1
144594,1
115408,1
39186,0
98714,1
110057,1
170995,1
146178,1
139899,1
229437,1
26087,1
105911,0
93680,0
57945,1
81331,0
88903,1
104955,1
98742,1
52784,1
49039,0
201743,0
206885,1
133092,1
57425,1
7,1
134007,1
39901,1
87672,0
159594,1
128673,1
262688,1
206653,1
132989,1
117704,1
173977,1
124735,1
173340,1
123253,1
183177,1
123922,0
136821,1
230203,1
56622,0
259580,1
10754,1
69924,1
223275,0
128096,1
84340,1
68911,1
108704,1
141732,1
65071,1
65776,1
177661,1
249476,1
104601,1
163208,0
189612,1
60731,1
20709,0
82598,1
194325,1
262972,1
140079,1
208110,1
184557,1
209244,1
147006,1
186340,1
27873,0
54686,1
160073,1
137508,1
163573,1
63626,1
105007,1
156986,1
147665,1
43206,0
162875,1
173750,1
202812,1
215637,1
231772,1
257772,0
240387,1
117564,1
186181,1
100675,1
73261,1
161417,1
46131,0
109209,1
240078,1
73930,0
81934,1
247045,1
34097,1
47916,1
108007,1
189665,1
23283,0
51626,1
125820,1
186883,1
98008,1
122683,1
112369,1
93657,0
11132,1
16913,0
213422,1
127949,1
37081,0
211957,1
222552,1
84027,1
91813,1
166851,1
175051,0
149755,1
130668,1
41415,1
79263,1
104456,1
124481,0
206798,0
93003,1
206356,1
92594,1
112108,1
179025,1
197281,1
191682,1
27871,1
196088,1
151648,1
259675,0
11066,1
108059,1
69811,1
35134,1
238990,1
156145,1
23045,1
210701,1
22937,1
98634,0
178279,1
150086,1
252007,0
120775,0
110509,1
139644,1
54956,1
36532,1
228300,0
169977,1
232658,1
81014,1
121321,1
113879,0
81102,1
261987,1
81643,1
64003,1
197098,1
186742,0
190253,1
60958,1
39585,0
219735,1
47822,0
196137,1
202509,1
212899,1
238552,1
15659,0
178156,1
162667,1
199660,1
115457,1
36013,0
128183,1
166950,1
212684,1
205490,0
64317,1
6994,0
104277,1
152410,1
179541,1
16349,0
104210,1
253442,0
38937,1
4215,1
155886,1
160008,1
97093,0
81345,1
99978,1
44887,0
105102,1
12891,1
81739,1
206019,1
176279,1
101785,1
86811,1
29587,1
33170,1
91946,1
250635,1
84506,1
29894,0
152984,1
153314,1
56668,1
118763,1
196119,1
63423,1
256208,0
246546,0
248099,1
107570,1
33187,1
197442,1
31891,1
226186,1
56249,1
22134,0
176629,1
226865,1
76011,1
208069,0
137077,1
171454,1
8010,1
172710,0
145337,1
71412,1
13340,0
61019,1
65115,1
178760,1
201038,0
150241,1
146543,1
88652,1
87548,1
128368,1
42349,0
163322,1
214260,1
11057,1
96585,1
25051,1
25576,1
17190,1
176763,1
197055,0
134354,1
156769,1
227505,1
159589,1
70321,1
135789,1
8780,1
248019,1
38346,1
24826,1
33285,1
135974,0
69189,0
136785,0
42194,1
19324,0
112086,0
7241,1
11365,1
223586,0
140570,1
218292,0
231008,1
216575,1
76343,0
79229,1
104912,1
221357,1
17031,0
89555,1
97810,1
246154,1
99653,1
41235,1
97134,1
124563,1
61799,1
192880,1
199859,1
65823,1
250297,0
141741,1
22865,0
202192,0
19717,1
112320,1
29360,1
87073,0
44862,1
33379,1
125279,1
213945,1
59090,1
225059,1
207407,1
139987,1
144514,1
208778,1
201447,0
173088,1
27406,1
253350,0
188128,1
82544,1
13404,0
233141,1
260617,1
251172,1
165725,1
59696,1
124610,1
3948,0
165028,1
107625,1
35904,1
141883,1
94745,1
30157,0
186707,1
96492,0
58813,1
178193,1
31979,1
13206,0
74987,1
54153,1
254409,0
226368,1
28918,1
10785,0
186334,0
202603,1
97589,1
250726,1
168635,0
190224,1
172247,1
181559,1
115129,0
264958,1
238349,1
186062,1
195561,1
62972,1
85055,1
22157,0
16909,0
206835,1
125386,0
256792,0
170985,1
54015,0
262293,0
36585,1
189369,1
237227,1
43462,1
148087,1
233533,1
144697,1
201882,1
75237,1
49270,1
20842,1
236744,0
32494,0
183823,1
194557,1
127131,1
208722,1
35054,1
63569,1
63651,1
107826,0
122334,1
246859,1
232254,1
32671,1
34761,1
49705,1
217537,1
91541,1
102707,1
41538,1
74357,1
208716,0
247440,1
242990,1
86892,1
123339,1
48874,1
223991,0
255834,1
152259,1
33417,1
150160,1
65607,1
186235,1
19352,1
135304,1
84367,1
23990,1
92492,1
139457,1
253582,1
74379,1
18147,1
235200,0
21732,1
207498,0
112700,1
176474,1
265687,0
30685,1
12744,1
66680,1
95275,1
201197,0
98531,1
69036,1
133336,1
51705,0
222360,1
36973,1
9370,0
90589,1
60748,1
155772,1
12724,0
20845,0
131292,1
138984,1
265813,1
26359,1
219538,1
110502,0
241695,1
67033,1
257685,0
165199,1
245754,1
111946,1
10871,1
41342,0
182995,1
206919,0
195838,1
157695,1
162992,1
187227,1
147981,1
38378,1
203043,1
45300,1
106124,1
174241,1
51247,1
11488,1
262505,1
97617,1
75214,1
251520,1
223848,1
185521,1
92709,1
16699,1
183467,1
130995,1
256059,0
264171,1
110194,1
149047,1
52897,1
4282,0
167623,1
181566,1
5718,1
114960,1
134492,1
97655,1
12217,1
159716,0
220822,1
120527,1
163103,1
62201,0
135729,1
73243,1
202527,1
149820,1
14396,0
227935,1
219703,1
251563,1
28974,0
11689,0
159817,0
60017,1
189745,1
147380,1
143910,0
219129,0
91812,0
12043,0
261713,1
152044,0
43632,1
38058,0
169332,1
91912,0
110683,1
84292,1
47200,1
180231,0
195270,1
80641,1
41130,0
113043,1
177715,1
28651,1
191528,0
152313,1
34189,1
245991,0
201039,1
5345,0
67410,1
36642,1
16734,1
215828,0
204718,1
218467,1
196795,0
57255,0
200218,0
134267,1
255052,0
231495,0
86063,0
166681,0
3357,0
141926,1
125405,1
232466,1
252341,0
45050,1
110482,1
198600,1
194608,1
100450,1
23718,0
214023,0
241197,0
89261,1
89425,1
144141,1
143907,1
162340,1
91568,1
200424,1
95605,1
230579,1
98980,1
54768,1
97354,1
217117,1
5214,1
18676,1
181630,1
232624,1
145636,1
220689,1
21254,1
25395,1
234465,1
167654,1
96612,1
40775,1
133488,1
113232,1
92774,1
118460,1
169075,0
34442,1
164490,1
140998,1
126777,0
193685,0
98873,0
42166,1
87275,1
259619,0
202078,1
37769,0
140180,1
215890,1
112424,0
154991,1
117986,1
7904,1
28302,1
80693,1
115111,0
10494,0
151671,1
190277,1
228615,1
217342,1
184468,1
119416,1
111020,1
29210,0
199756,1
64483,1
49822,0
39683,1
247482,1
117767,1
233027,1
126252,1
21114,1
117519,1
59404,1
258964,0
7187,1
53065,1
260826,0
111854,1
205923,0
112446,1
86934,1
152362,1
18368,0
223841,1
196004,1
144197,0
130316,1
222736,1
112102,1
28164,0
250209,1
158816,1
212217,1
36476,1
176573,1
234143,1
248671,1
81444,1
176398,0
49659,1
204823,0
6845,1
253750,1
143951,1
246484,0
169968,1
82538,1
201843,1
208331,1
161228,1
249762,1
195314,1
70030,1
259949,1
135662,1
104432,1
24416,1
264980,1
161723,1
129846,0
127035,1
154498,1
3631,1
179198,1
25171,0
82660,0
157943,1
103994,1
6759,0
178707,1
21568,1
227258,1
15268,1
53883,1
260145,0
247858,1
254950,1
164941,1
156255,1
41719,1
54723,1
197566,1
33300,0
226221,0
252977,0
226868,0
2072,0
228241,1
235577,1
162724,1
198869,1
85187,1
212279,1
162411,1
192627,1
161390,1
94401,1
140791,0
121530,0
197065,0
144691,1
195318,1
189685,1
203917,1
164169,0
208811,1
151135,1
244349,1
187351,1
251500,1
201289,0
135727,1
205504,1
233609,1
121063,1
218944,0
191953,1
155092,0
48897,1
117667,1
139526,0
229533,1
246640,1
146706,1
21233,0
176312,1
232732,1
106742,1
122617,1
61636,1
151334,1
53189,1
96265,1
228798,1
91413,0
225129,1
237180,1
65777,0
87675,1
92125,1
150868,1
86155,1
265449,0
150442,0
7100,1
82578,0
66418,1
92462,1
246516,0
190431,1
227360,0
63855,0
90974,1
115182,1
167590,1
217794,1
58725,1
173031,1
1839,1
144580,0
85423,1
52408,1
216245,1
2432,1
47336,0
88598,1
117282,1
228582,1
130297,1
90085,1
76691,1
232936,1
250386,1
179344,1
237973,1
182818,0
192077,0
208237,1
92776,1
116405,1
36926,1
112202,1
221527,1
264422,1
201584,1
118851,1
227386,0
141163,1
173171,0
240120,1
239193,1
16379,1
139688,0
75774,1
195708,1
147523,0
231088,1
39835,1
13444,1
195738,1
193004,0
73711,1
187176,1
10045,1
254716,1
111406,1
68309,1
91208,1
160338,1
150084,1
93682,1
49326,1
199610,0
103245,1
210821,0
183425,1
241525,1
183438,1
206891,1
209810,1
85718,1
175103,1
37010,1
53340,0
98765,1
11141,1
176268,1
98821,1
192972,1
106969,1
137621,0
48370,1
74653,1
36501,1
220211,1
137610,1
1735,0
137819,1
209232,1
130334,1
90804,1
152154,1
152765,1
46675,1
169914,1
169716,1
221999,0
161578,1
28830,1
177353,0
1882,1
266624,0
107411,1
5795,0
63495,1
151340,1
138468,1
46036,0
63006,1
137400,1
208704,1
57452,1
175751,1
253549,0
264604,0
26106,1
126407,1
224270,1
175666,1
106081,1
70708,0
38279,1
34409,0
14032,1
79017,1
148687,1
256833,1
2569,1
87809,1
123077,1
72306,1
70131,1
245344,1
2142,0
12422,0
47418,1
121079,1
203462,1
95483,1
17003,1
243063,1
95356,0
59442,1
21291,0
162288,1
151817,0
82953,0
58442,1
242906,1
82783,1
16544,1
111312,0
116136,0
125033,1
50434,1
171811,1
171947,1
80034,1
4023,0
136341,1
176822,1
226241,0
204200,1
82343,1
27271,1
105936,1
22644,0
178107,0
19205,0
138304,0
77350,1
192947,1
240489,1
215756,1
48536,1
55889,1
3380,0
31715,1
35813,1
127882,1
253820,1
45847,1
49999,1
255296,1
31624,0
174422,1
15456,1
37607,1
93104,1
188503,1
28251,0
217270,1
245655,1
191608,1
28465,0
174948,1
58164,1
241286,1
193036,0
63716,0
246791,1
158080,1
142837,0
23854,1
218267,1
99669,1
174765,1
83589,1
127454,1
66370,1
249273,0
10299,1
237350,1
149128,1
210100,0
154593,1
259698,1
240890,1
212695,1
143106,1
24808,1
111684,1
220147,1
246712,1
27364,1
92951,1
229907,1
195984,1
58195,1
238403,0
12748,1
240598,0
120087,1
40346,1
125843,1
248692,1
31301,1
236699,1
112314,1
133871,1
61717,1
174624,1
202272,1
179884,1
130447,1
53173,1
195150,1
75005,1
173219,0
114844,0
77872,1
54556,1
225051,1
136018,0
153730,1
247827,1
71857,1
128914,1
95096,0
141152,1
254529,1
23616,1
20868,1
149494,1
95123,1
55199,1
195333,1
125296,1
58673,1
71820,1
177852,0
117841,1
37095,1
69844,0
256125,0
100030,1
102060,1
138834,1
251067,0
82536,1
184449,1
245089,0
14196,1
68851,1
163636,1
124171,1
56740,0
117129,1
189065,0
198446,1
3954,1
211590,1
176252,1
226477,0
266572,0
20932,1
104832,1
245746,1
21465,1
11736,1
162016,1
255984,1
36735,1
259259,1
57996,1
88848,1
97303,1
2104,1
68154,1
250599,1
30997,1
128178,1
82939,1
224567,0
146753,1
22842,0
225295,0
178845,1
66968,1
21092,0
72198,1
20961,1
217071,1
188684,1
220333,0
147578,1
172585,1
189117,1
14325,0
134369,1
137474,1
41463,1
115605,1
251293,1
144142,0
195009,1
70644,1
108187,1
260262,1
93438,1
104514,1
4686,1
35469,1
126830,0
241818,1
185028,1
47549,1
106445,1
261008,1
9203,0
32907,1
47015,1
49900,1
204000,1
89094,1
61240,1
226229,1
161187,1
224344,1
27767,1
252300,1
253318,1
216648,1
224562,1
203754,1
22946,1
109221,1
165945,1
18691,1
117776,0
178492,1
220399,1
65531,1
238474,0
245411,1
62076,1
114418,1
181375,1
87130,1
231134,1
230405,1
212758,1
101394,1
5445,0
174581,1
183576,1
264363,1
57511,1
141114,1
263782,1
85826,1
242823,1
134895,0
43515,0
6158,1
207977,1
93079,1
136450,1
115587,1
174759,1
139447,1
195187,1
67528,1
193736,1
104795,0
160968,1
73113,1
69902,1
168614,1
49965,1
180983,1
198684,1
2990,0
117878,1
103631,1
211658,0
150900,1
10634,1
234552,0
210076,1
72349,1
25290,1
64239,1
21033,1
123910,1
12232,0
239885,1
50737,1
145345,1
258274,0
143909,1
214052,0
264429,1
10516,1
197859,1
135450,0
112463,1
258633,1
155406,1
50430,1
191043,0
72340,0
77997,1
124055,1
77187,1
26793,1
91633,1
35433,1
209651,1
71302,0
100202,0
250182,1
154582,0
148085,1
44307,1
13743,1
203276,1
3346,0
80407,1
225049,1
248792,0
133658,1
131343,1
260622,1
61120,1
126281,0
226836,1
17562,0
266084,0
206244,1
193652,1
142283,1
121569,1
120737,1
62211,1
163006,1
256781,1
139173,1
50960,1
141836,1
110630,1
97302,1
37518,1
99437,0
95852,1
203145,0
194341,1
139893,1
204185,1
170064,1
149267,1
181261,1
20056,1
39435,1
146035,1
253071,1
125847,1
154839,1
117456,1
136085,1
195427,1
181482,1
153247,1
159927,1
175863,1
49001,1
5779,1
94522,1
184640,1
236137,0
160943,1
16294,1
250249,0
199408,0
247721,0
113207,1
219179,1
128059,0
15045,0
191271,1
164111,1
237368,0
42647,1
90102,1
172176,1
60633,1
97818,1
41952,0
69654,1
176819,1
209363,0
231124,1
265180,0
143538,1
130891,1
182312,1
253271,1
131873,0
197475,0
196892,1
107137,0
171263,1
248660,0
83135,1
40915,1
199322,1
184948,1
190342,1
264174,1
215930,1
180938,1
259824,1
182066,1
93843,1
250796,1
128512,1
22314,0
133489,1
18202,1
256300,0
223302,1
33378,1
241058,1
88284,1
83638,1
73509,1
13530,1
213615,1
30016,1
215628,1
55183,1
258004,1
255629,0
137004,1
142253,0
214326,1
32727,0
189314,1
133173,1
29794,1
181737,1
56381,1
202228,1
17870,1
186606,0
4220,1
14295,1
127086,1
137176,1
92694,1
218717,1
87228,0
231634,1
8685,0
50703,1
30872,1
156362,1
255522,1
24790,1
107055,0
34071,1
62726,1
46478,1
210980,1
74164,0
159869,1
198001,0
15459,1
95253,1
12448,1
69033,1
8035,1
244531,0
191963,1
232451,1
181623,1
141416,1
79699,1
70265,1
122552,1
141087,1
139335,0
19809,1
72228,1
147606,1
216436,1
81712,1
51406,1
242309,1
181967,1
33861,1
20696,1
23790,1
151975,1
211409,1
13448,1
159819,1
59848,0
16781,0
71579,1
115237,1
43586,1
85711,0
190067,1
135574,1
79219,1
41421,0
42825,1
245682,1
237337,0
162450,0
165266,1
79259,1
224910,1
79031,1
43516,1
131893,0
107202,1
54451,1
57146,1
63410,1
94327,1
142654,1
80385,1
57467,1
126893,1
130391,1
191548,1
153071,1
212465,1
87691,1
93940,1
91741,0
174861,1
199710,0
114259,1
32281,1
208660,1
165235,1
238710,0
181040,1
199720,1
71016,1
127589,1
29147,1
159870,1
23217,0
208698,1
144132,1
111808,0
15826,1
105153,1
33886,1
42571,1
207497,1
211604,1
67065,1
218177,1
44142,1
114889,1
21144,1
63950,1
15536,0
32476,1
189870,1
135785,1
118596,1
230949,1
121291,0
200969,1
103325,1
249150,0
188402,1
137800,0
224656,0
133000,0
239097,1
84868,1
260049,1
180634,1
256802,1
155186,0
35197,1
263324,1
108713,1
204670,1
246068,1
115155,1
159196,1
147879,0
96426,1
57493,0
168948,1
52920,1
45171,1
247719,1
59837,1
257297,1
814,1
38042,1
182186,1
231281,1
198724,1
74980,1
214320,1
44983,1
102075,1
168998,0
82665,1
17925,1
78212,1
41166,1
202631,0
122639,1
154249,1
225242,1
121834,1
185881,1
525,0
99980,1
171216,1
188641,1
3819,0
149934,1
69625,1
155837,1
61671,1
181590,1
211761,1
6674,1
31290,1
238383,0
215885,1
78346,1
164731,0
170423,1
12631,1
212783,1
180748,1
184932,1
3643,1
87783,1
45993,0
112230,0
170107,1
216802,0
179513,0
188709,1
243164,1
110082,1
124799,0
46163,1
33591,1
256419,1
226828,1
117540,1
214641,1
116127,0
255951,1
247179,1
253239,1
165125,1
236229,0
107598,1
23711,0
60445,1
235166,0
216602,1
239188,1
178367,1
160263,1
58190,1
111321,0
91028,1
110975,1
146548,1
22576,1
218216,0
222513,1
159471,1
12686,0
263421,0
194054,1
144978,1
145085,1
75720,1
7608,1
221035,1
30140,1
96379,1
78354,1
241987,1
134336,1
236071,1
252809,1
1167,0
103920,1
206281,1
169894,1
243199,1
224660,1
50825,1
120777,1
2300,0
161510,1
19116,0
87650,1
62032,1
198058,1
113946,1
243334,1
2900,1
8680,1
131557,1
31890,1
145589,0
22446,1
108407,1
206554,1
29758,1
83836,1
163306,1
167848,1
195338,1
193347,1
139267,1
132285,0
156930,1
66420,1
222305,1
111982,1
188612,1
185838,0
121855,1
54467,1
258133,1
85258,0
67870,1
88055,0
191794,0
150263,0
169012,1
43540,1
236720,0
140806,1
102581,1
47876,1
32168,1
132603,1
229008,1
38135,1
82862,1
88745,1
115825,0
1400,0
11519,1
138873,1
66643,0
2441,1
163170,1
124808,0
179422,1
165940,1
98429,1
12738,0
15071,0
87154,1
64140,1
222363,1
243295,1
218448,1
251624,1
80382,1
134514,1
228740,1
47397,1
194167,1
210457,0
247574,1
38798,1
168509,1
231969,1
175308,1
92421,1
259458,1
56108,1
118929,1
30832,1
98343,0
176322,1
99321,1
259925,0
92090,1
91768,1
237453,1
257598,0
49771,1
119374,1
42301,1
9637,0
233935,1
236604,1
248341,1
118862,1
21264,1
30556,1
58144,1
177609,1
179965,1
151130,1
249128,0
162167,0
212368,1
47530,1
66848,1
80838,1
81896,1
131355,1
237127,1
46362,1
135390,1
29854,0
21737,1
6004,0
67733,1
12937,0
92306,1
185071,1
62275,1
215409,1
203130,1
53629,1
135258,1
38367,1
217898,0
129592,1
39787,1
80059,1
109937,1
112234,1
174561,1
158522,1
187798,0
170930,1
25797,1
51314,1
29350,1
147255,1
197128,1
253308,1
207219,1
240756,1
84893,1
202030,1
256522,1
128951,1
185074,1
190732,1
183007,1
13211,1
247646,0
90664,1
192029,1
163594,0
177113,0
88932,1
249006,1
8113,1
92053,0
126466,1
44393,1
227709,1
23544,1
236652,0
125923,1
185864,1
125660,1
55528,1
97581,1
112125,1
76539,1
79379,0
170949,1
24748,1
108114,1
99500,1
223580,0
251492,1
232062,1
234806,1
6468,1
40717,1
55959,0
142366,1
241991,1
107382,1
11455,0
225890,0
231839,1
144553,0
173551,0
23814,1
151752,1
29661,1
188015,1
195096,0
259767,1
49924,1
173948,0
81755,1
139721,1
46977,1
169612,0
25780,1
91054,1
46874,1
162432,1
77192,1
254114,1
76010,1
44203,1
154972,0
115052,1
162471,1
186009,0
134128,0
62025,1
1423,1
253620,0
198238,1
154247,0
100936,1
211816,1
213085,1
186388,1
26432,0
166997,1
22637,0
70136,1
152746,1
64414,1
137197,1
161715,1
162829,1
39021,0
52712,1
67989,1
75546,1
102687,1
157618,1
97682,1
72172,1
198967,1
252358,1
85700,1
87257,1
12509,0
143247,1
131210,1
90927,1
252407,1
253150,0
133872,1
36506,1
33419,1
74102,0
98670,1
41164,1
65797,1
159739,1
13834,1
80114,1
228703,0
166838,1
119175,1
135636,1
151341,1
85599,1
132277,1
209016,1
118723,0
88661,1
156068,1
162911,1
94210,1
86435,1
171301,0
103011,1
79231,1
3333,0
87320,1
140099,1
170651,1
82700,1
157752,1
53996,1
201816,1
29332,1
157903,1
17757,1
27231,1
39023,1
179801,1
111130,1
260472,1
12890,1
242731,1
162448,1
197205,1
235951,0
74172,1
33724,1
106349,1
79421,0
95139,1
4171,0
137090,1
178228,1
232001,0
133468,1
161733,0
113974,1
66426,1
173866,1
43498,1
68239,0
230607,1
232460,1
61780,0
237718,1
10140,1
231559,1
122556,1
94530,1
61306,1
26020,1
203908,1
3054,1
32416,1
33220,1
178079,0
160553,1
70848,1
41464,1
188689,1
76314,1
193454,1
148429,1
220679,1
48308,1
125556,1
230415,1
101541,1
174916,1
164689,1
159309,1
96672,1
151409,1
145268,1
84958,1
223961,1
161330,1
36478,1
30848,1
248597,1
57894,1
11280,1
153110,1
66427,0
4003,0
132681,1
132494,1
147593,1
134196,1
61024,1
134744,1
69391,1
113933,1
247422,1
51290,1
162308,1
98641,1
203293,1
60437,1
24262,1
137602,0
258711,1
108185,1
241556,1
126057,1
135024,1
194162,1
154454,1
132918,1
22599,0
112160,1
61042,1
120867,1
137149,1
237618,0
73315,1
125105,1
79051,0
53369,0
194088,0
203643,1
70791,1
26818,1
99498,1
201774,1
123643,1
88060,0
122462,1
191287,1
129424,1
133505,0
28092,1
52004,1
21429,1
119162,1
63998,1
151098,1
232397,1
78422,1
74348,0
7924,1
219037,0
3675,1
45971,1
256147,1
220978,1
137000,1
70069,1
90627,0
164377,1
158019,1
135049,1
116434,1
117537,1
248249,0
98271,1
38550,1
8599,0
96097,1
132274,1
28018,1
78361,0
94018,1
49033,1
6244,0
165991,1
60407,1
207678,1
29026,0
95594,0
256805,1
17210,0
241809,1
251943,1
102551,1
11503,0
67771,1
246227,0
25520,1
3589,1
71564,1
127453,1
175933,1
14410,0
136783,1
48401,0
173677,1
32896,1
190079,0
246311,1
259295,1
206288,1
98907,1
53925,1
237666,1
94479,1
140797,1
147385,1
258747,1
24571,1
31084,1
116729,1
107096,0
157113,1
155012,1
107110,1
113829,1
81795,0
263510,1
94016,1
257220,1
219237,1
75771,1
184212,0
255096,0
190825,1
204956,1
96660,1
204659,1
59393,1
190259,1
10525,1
21880,1
203295,1
194396,1
140959,1
208080,1
209919,1
157236,1
245883,0
218674,0
257915,0
116234,0
151733,1
5202,0
84587,1
227723,1
205506,0
118437,1
37811,0
107553,1
147458,1
92124,1
160206,1
250474,0
130712,1
153309,0
17836,1
102058,1
248269,1
263613,1
156888,1
259964,1
28434,1
145105,0
97305,1
9754,1
62649,1
137382,0
256199,1
129946,1
89248,1
295,1
106832,1
29402,1
128420,1
232417,1
206810,1
167543,1
116919,1
224936,1
216576,1
57326,1
143838,1
184040,1
212506,0
15419,1
45681,1
233790,1
160913,1
43327,0
129220,1
67996,0
10360,1
55268,1
117057,1
236134,1
43811,1
4584,1
39511,1
173994,1
21749,0
217556,1
26814,1
75661,1
36117,1
111029,1
255808,1
8687,1
61045,1
224446,1
115576,0
186215,0
71925,1
197483,0
15671,1
176942,0
211347,1
50777,1
182164,1
50245,1
142243,1
229191,0
37825,1
42986,1
160258,0
81280,1
179104,1
163513,1
31738,1
144582,1
198281,1
112462,0
7062,1
248779,1
6901,0
169992,1
97191,1
48737,1
152718,1
127304,1
193303,0
181004,1
185331,1
41033,1
132908,1
262436,1
114823,1
155544,1
215976,1
71698,1
52190,1
247189,1
79692,0
179698,0
71870,1
56457,1
225450,1
244864,1
190175,1
146997,1
102370,1
222854,0
125228,1
46060,1
126419,0
196593,1
135863,1
93781,1
26074,1
144954,1
238072,1
12440,0
135343,1
57179,0
192025,1
40942,1
107818,1
262160,1
75624,1
183356,1
191115,0
3219,1
214823,1
212445,0
252970,1
75916,0
212845,1
162672,1
165600,1
80900,0
107211,1
24326,0
5495,1
252108,1
161087,1
123728,1
221810,1
41152,1
70730,0
108922,1
115063,1
93972,1
71518,1
149104,1
109467,1
45877,1
137638,1
230554,1
52127,1
124562,1
203417,1
71367,0
86108,1
72387,1
208873,1
200220,1
15766,1
129843,1
122994,1
143276,1
217803,0
112213,0
86868,1
91525,1
16627,1
56482,0
155000,1
141192,1
122991,1
1764,1
231673,1
49513,0
188392,1
169235,1
166447,1
178555,1
84327,1
55038,1
29699,1
83320,0
243516,1
223917,1
15196,0
233992,1
222490,0
89944,1
230626,1
14641,1
187180,1
121899,1
119422,1
146582,1
103025,1
211388,1
129788,1
93182,1
222314,1
239857,0
104886,1
133101,1
93690,1
74399,0
232998,0
181355,1
171855,1
19023,1
44965,1
218039,1
84362,1
241999,1
248378,1
49993,1
58496,1
58627,1
155573,1
181268,1
161163,0
1545,1
160749,0
70470,1
97269,1
223805,1
121155,1
128258,1
139319,1
9139,1
229513,1
254525,1
238856,0
150830,0
109181,1
46917,1
247731,1
95766,1
210466,1
175366,0
197306,1
183281,1
192427,1
139900,1
34607,1
126737,1
185872,1
127549,1
35558,1
2439,0
105974,1
90350,1
131403,1
252911,0
210418,0
121215,1
224132,1
7133,1
62618,0
141073,1
16184,0
210456,0
218371,1
125247,1
228017,1
61218,1
211143,1
77868,0
149840,1
114577,1
263204,1
96451,0
23,1
86632,1
206178,1
65040,1
145553,1
71779,0
94442,1
69800,0
256210,1
163565,1
258053,1
81338,1
184851,1
38538,0
66062,1
104182,0
226439,1
263736,1
125824,1
202793,1
42004,0
30069,0
159197,1
212629,1
37020,0
109205,0
27123,1
138450,0
24186,1
169709,0
32368,1
191876,1
98789,1
102234,1
200216,1
200791,1
903,0
53410,1
255331,0
224544,1
258672,1
111084,1
265997,1
87728,1
232828,1
226206,1
226338,1
173097,1
41074,1
194554,1
174379,0
46960,1
172137,1
265910,0
43816,1
241327,1
234438,1
200695,0
190510,0
116908,0
215836,1
175891,0
219410,1
119995,1
158939,0
124807,1
150977,1
106156,1
180922,1
132762,0
47253,1
176707,1
256066,1
58399,0
265236,1
24227,1
10048,1
115628,0
238156,0
14079,1
51447,1
115675,1
248992,0
123190,1
95227,1
137182,1
96998,0
94134,1
17299,1
115238,1
46239,0
257351,1
47087,1
137249,1
112208,1
116944,1
121271,1
170537,1
181526,1
177923,1
18254,1
246786,0
144881,0
82713,1
102778,1
108015,1
127759,1
205434,0
179979,1
35172,1
2955,1
111459,0
111505,1
17023,1
263341,0
188484,1
79320,1
88896,1
162752,1
28160,1
75603,1
128676,1
167263,1
100042,0
6454,0
70276,1
99060,1
167205,1
65481,0
14247,0
144019,1
28943,0
225152,1
196178,1
19810,1
227458,0
190015,1
52142,1
226061,1
196187,1
109955,0
4425,1
71533,0
119640,1
11318,1
21719,0
261459,1
91105,0
33703,1
193012,0
230584,1
16788,1
8990,1
19052,1
27784,0
257441,1
34207,1
224386,1
194854,1
120585,1
258938,1
202808,1
113581,1
229506,1
98984,1
160519,1
202561,1
208232,1
106876,1
176809,1
254927,0
96093,1
214712,0
262793,0
88358,1
111910,1
19269,1
41620,1
92037,1
59130,0
80363,1
238515,1
73368,0
255738,1
176050,1
96269,1
102085,1
82690,1
80796,1
161797,1
239758,1
156989,1
205431,0
226379,1
218411,1
197612,1
235529,1
21575,1
96107,1
10319,0
181933,1
16967,0
6947,1
91619,1
100926,1
76921,1
252643,0
226586,0
88101,1
2826,1
185092,1
227610,1
92900,1
40794,1
236203,0
53705,1
11032,1
64269,1
62374,1
227124,0
228101,1
248940,1
176618,0
26442,0
182172,1
169547,1
167359,1
199344,0
170847,1
13536,0
244675,1
143674,1
131931,1
147521,1
209170,1
156257,1
184721,0
262631,0
164868,1
254321,1
188337,1
92621,1
114112,1
248858,1
215724,1
171086,1
261323,0
71652,1
118638,1
33168,1
151530,1
143631,1
204445,1
129983,0
110004,1
265271,1
22203,1
238959,1
266313,0
245629,1
130140,1
124131,1
103547,1
201651,0
126539,1
20126,1
210948,1
123332,1
55339,1
178094,1
152644,0
170819,1
208938,0
127781,0
248619,1
186841,1
120518,1
57586,1
43574,1
248061,0
100998,1
143953,1
73468,1
145783,1
21816,1
56390,1
254806,1
168961,1
39339,1
35480,1
243745,1
47158,1
154628,1
134091,1
265942,1
225497,1
88632,1
180603,0
66711,1
214515,1
191552,0
155363,1
70093,1
256951,0
112477,1
139631,0
201328,1
172705,0
199338,1
43208,1
141843,1
150287,1
259643,1
72566,1
82361,0
35330,0
171501,1
227680,1
182879,1
229066,0
185598,1
257848,1
78242,1
153243,1
195732,1
182311,1
151877,1
31273,0
84313,1
37025,1
185781,0
95133,1
114937,1
3322,1
169492,1
121996,1
177996,0
185391,1
7487,1
165933,0
178523,1
215162,1
128843,0
54330,1
171741,1
233048,1
43065,0
250344,0
6303,1
113611,1
197586,1
93534,1
194587,0
131236,1
96270,1
21609,1
194828,1
39450,0
49299,1
245421,1
119336,1
182079,1
160085,1
57912,0
241253,1
246930,1
6306,1
256130,1
20042,1
232499,1
100840,1
181448,1
192843,1
87227,1
32020,1
247117,1
134625,0
181221,0
202200,1
112097,1
62113,1
39344,1
39548,1
52605,1
63019,1
94820,1
19979,1
21532,1
237594,1
143,1
116564,0
247905,1
249830,1
266213,1
33084,1
91016,1
97116,1
166296,1
143878,1
257601,1
55274,1
213292,0
240452,1
16645,1
35120,1
166567,1
200835,1
185808,1
211828,1
44897,1
113166,1
152504,1
19744,0
102537,1
205508,1
104910,1
159673,1
102063,1
210231,1
145925,1
97245,1
46832,0
80453,1
143796,1
133707,1
124461,0
177056,1
11686,1
79833,1
153958,0
137551,1
145054,1
25155,1
208690,1
116950,1
200843,1
190834,1
214675,1
247357,1
138317,1
252535,1
195468,1
198859,1
34346,1
132165,1
53581,1
116786,0
142682,0
34334,1
159404,1
204972,0
36881,1
192251,1
8301,0
31272,1
118746,1
123896,0
12598,1
97591,0
205000,0
98447,0
183083,1
257893,0
140373,0
238201,0
31548,1
176978,0
178610,1
25398,1
150611,1
250537,1
53755,0
231637,1
45855,1
230997,1
31443,1
155159,0
8306,1
39796,1
138869,0
100671,0
216865,1
139731,1
209200,0
242777,1
260601,1
168016,1
24478,1
99239,1
99221,1
235580,0
247704,1
49307,0
257992,1
146078,1
193519,0
85479,1
108018,1
184214,1
111962,0
142124,1
148346,1
64495,1
45914,1
77113,1
57034,1
85226,0
249280,1
111880,1
187170,1
52643,1
238580,0
86884,0
179195,1
99005,1
64952,0
177575,1
124929,1
225421,1
258716,1
87487,1
98874,0
207074,0
259251,1
194698,1
87836,1
102835,1
127811,0
212263,1
263696,1
161245,1
61439,1
38667,0
176274,0
208379,1
230154,1
228632,1
149744,1
132500,1
262501,1
97348,1
184813,1
94938,1
202788,0
137739,0
251734,0
44086,1
77399,1
5081,1
9951,1
58108,1
41127,1
214672,1
12458,1
241164,0
43558,1
178868,0
2942,1
250901,1
204717,1
65606,1
9665,0
12746,1
174884,1
149056,1
132008,0
230812,1
95846,1
237899,1
18686,1
123620,1
126523,1
218837,0
202044,1
19967,1
53506,1
44,1
189318,0
109672,0
80376,1
53104,1
99377,0
145097,1
161816,1
133448,0
52518,1
28619,1
146209,1
35003,1
109678,1
21731,0
62910,0
84433,1
96800,1
264638,0
121422,1
110622,1
74006,1
165577,1
167681,1
107215,1
94513,1
137699,1
69212,1
143354,1
238545,1
143512,0
200984,1
178904,1
178616,0
107652,1
203184,1
210135,1
46225,1
64801,1
257233,0
154223,1
238326,1
125362,1
121386,1
137440,1
230878,1
99931,1
102288,1
10668,0
103131,1
54829,1
101331,1
238952,1
10123,1
94627,1
209438,1
77216,1
147960,0
219344,0
234989,1
201565,1
48108,1
147292,1
105116,1
218246,0
262102,1
65202,1
169982,1
5870,1
5204,1
150572,1
125113,0
116110,1
101032,1
168980,1
111786,1
59964,1
179069,1
159396,1
80551,1
155479,1
191973,1
221302,1
9405,1
69598,1
40555,1
11663,1
149756,1
54924,1
162649,1
55519,1
144730,1
36110,1
241452,1
61890,1
175948,1
191029,0
26944,1
222447,1
159926,1
172469,1
21842,1
143154,1
202091,1
113474,1
105063,0
227413,1
197374,0
154640,1
90868,1
266013,1
165457,1
48126,1
111837,1
94773,1
54770,1
174931,1
76194,1
69908,1
115104,1
117992,1
206808,1
8183,0
13492,1
214018,1
146315,1
244366,1
177181,1
37489,1
183119,1
117498,0
129493,1
83744,1
224105,1
205928,0
158040,1
6302,1
24405,1
199716,1
96501,1
112043,0
101177,0
221514,1
97441,1
232879,0
251934,0
90123,1
92054,1
183319,1
8834,1
2790,1
102305,1
198487,1
231336,1
175916,1
209840,1
19624,1
249002,1
99279,1
62950,1
248754,0
37624,1
5168,0
83965,1
243485,1
50089,1
202484,1
45821,1
91237,1
263607,1
246488,1
17280,1
253310,1
200983,1
170099,1
176661,0
142782,1
28161,1
11794,0
188301,1
219631,1
215066,0
33292,0
240655,1
10666,0
102766,1
60397,1
203370,1
62302,1
186021,0
196800,1
251162,1
240302,1
265469,0
37564,1
160679,0
157812,1
93366,1
15222,1
43359,1
236964,1
136233,1
187168,0
114014,1
36481,1
231618,0
118893,1
248986,1
236677,1
56722,0
88457,1
185892,1
31879,1
259057,1
180520,1
180982,1
232686,1
130446,1
215318,1
233242,1
36130,1
238278,1
91788,1
232137,0
32120,1
249983,1
202785,1
186607,1
99523,1
13270,0
96472,1
63331,1
33797,1
130348,1
91984,1
241204,1
89517,1
68751,1
138878,1
57857,1
266365,0
219505,0
168648,1
123266,1
181505,1
191627,1
139149,1
185947,1
49240,1
260583,1
128717,1
34098,1
155926,1
207026,1
131431,1
102229,1
25169,1
212860,1
236595,1
109216,1
158514,1
192110,1
209760,1
59312,1
170221,1
89547,1
220604,0
167357,1
59316,1
205241,1
213519,1
182225,0
75156,1
212107,1
216294,1
179571,1
147147,1
167309,1
174862,1
129643,0
16787,1
39693,1
153359,1
178908,1
157506,1
107651,1
130620,0
11400,0
192128,1
28975,1
167708,0
10715,1
34522,1
2156,1
257506,0
70891,0
35747,1
79399,1
97026,1
86612,0
55155,1
208625,1
37550,1
220808,1
122159,0
266202,1
219088,0
152430,1
73335,1
231230,1
201409,0
253538,1
26127,1
20672,0
51397,1
237970,0
201984,1
122518,1
116630,1
174911,1
153254,1
17986,1
102760,1
164905,0
12491,0
152303,0
17366,0
143317,1
104567,1
106149,1
52485,1
46936,1
145796,1
24971,0
244182,1
21728,0
75027,1
254082,0
66908,1
252549,1
116221,1
182199,1
199222,1
115394,1
254239,1
150297,1
55265,0
189932,1
186081,1
156673,0
14717,0
163414,1
29926,1
183058,1
90257,1
77627,1
151237,1
163169,1
56808,0
252853,1
142886,0
227633,1
160961,1
71837,1
18705,0
238851,1
206652,1
23602,1
112496,1
23269,0
258346,1
72692,0
47126,1
244825,1
47079,1
19775,1
242587,1
219032,1
247433,0
220888,1
108708,1
190728,1
237652,1
22524,1
102018,1
163742,1
66887,1
177587,1
212532,1
94237,1
206877,1
165963,0
101830,1
185488,0
251811,1
111156,1
160154,1
217138,0
217171,1
101933,0
17217,1
55735,1
115144,0
102681,1
37018,0
136115,1
136946,1
5842,0
185818,0
215473,0
89212,1
30086,1
161722,1
76786,1
176658,1
167386,0
39242,0
87749,0
232621,1
6812,1
192887,1
220299,0
186257,1
200857,1
42237,1
84562,1
218676,1
61936,1
175934,1
22113,1
14187,1
104952,1
93422,1
263278,1
47830,1
72116,1
171114,1
150324,1
35822,1
170418,0
89286,1
262643,1
7804,1
135100,1
220246,1
51711,1
13052,1
244253,1
12026,0
42341,1
137247,1
10125,1
49720,1
131610,1
26392,1
51540,1
21477,1
110335,0
54193,1
185510,1
127709,1
147897,1
49544,0
3522,0
173194,1
175696,1
224182,0
34541,1
75300,1
203301,1
159943,1
29716,1
69097,1
251826,0
53441,1
259480,0
52201,1
199960,1
105502,1
234844,1
69223,1
220643,0
14112,1
159060,1
36854,1
252870,1
107521,1
152939,1
236490,1
22606,1
90481,1
252901,1
160077,1
87712,1
12767,1
187844,1
210169,1
22114,1
98415,1
6472,0
180501,1
140374,1
240880,1
78834,1
179959,0
127464,1
62578,1
135300,1
104574,1
261091,1
2277,1
134229,1
251296,1
45357,1
99243,1
83940,1
237843,1
18716,1
89124,1
170148,1
209089,1
119,0
126851,1
2279,1
219812,1
123527,0
130580,0
149471,1
77531,1
190165,0
52819,1
93178,1
184191,1
102620,1
181996,1
97217,0
241474,1
116521,1
48325,1
136160,1
20496,1
73458,1
150135,1
128398,1
47213,1
83248,0
242136,1
205443,0
122017,1
4655,0
12505,0
66722,1
254118,0
132991,0
147954,1
31105,1
218239,1
214437,1
140434,0
15114,1
128376,1
242787,1
105202,1
67466,1
18984,1
1402,1
22147,1
27402,0
53774,0
164875,1
168453,1
249347,1
33034,1
35213,1
219267,1
180785,1
173039,1
24429,1
149646,1
198097,0
33575,1
216987,1
96213,1
122167,1
106059,1
171459,0
19543,1
202315,0
215619,1
190584,1
75589,1
164809,1
197718,1
103550,1
46967,1
70698,1
231457,0
135981,1
237163,0
253837,1
225880,1
99327,1
252362,0
121867,1
199067,1
86749,1
210769,1
183129,1
185084,1
237848,1
107550,1
210422,1
155047,1
219134,1
126235,1
124110,0
131534,1
171448,1
239514,1
53254,1
122031,1
204162,1
227914,1
218390,1
261872,1
40070,1
27739,1
243508,1
134645,1
38713,1
100825,1
266035,1
109573,0
46861,1
249078,1
17250,1
215446,0
215397,1
264448,1
250012,0
165818,1
55674,0
63660,1
190156,1
20666,1
26307,1
239515,1
35094,0
62278,1
5337,0
177921,0
251870,1
264745,1
246716,1
246349,1
134533,1
124634,1
91610,1
260848,1
208995,1
259718,1
262402,1
12843,0
83734,1
47460,0
149042,1
81209,1
37785,1
119053,1
245906,0
54203,1
135856,0
68093,0
192691,1
79195,1
263330,0
91391,1
107086,1
128740,1
110624,1
225814,1
153111,0
231024,1
172761,1
234030,1
181161,1
54404,1
186387,0
184684,1
203220,0
258813,1
31871,1
119314,1
122442,1
193199,1
5954,0
107392,1
29062,1
101631,1
128175,1
76131,1
114260,0
127831,1
9475,0
99695,1
261105,1
188178,1
190475,1
240885,1
205602,0
177889,0
118472,1
237814,1
255349,1
85676,1
213469,0
146485,1
132793,1
145344,1
233648,1
248840,1
171148,1
17078,1
2960,1
128157,1
219816,1
13533,1
254732,1
164871,1
141725,1
74986,1
204103,0
230193,1
195023,1
35566,1
34194,1
102509,1
203806,1
64597,1
130704,1
85157,1
63609,1
152683,1
36886,1
51128,1
202487,1
77552,1
128004,1
139411,1
260675,1
98543,1
69728,1
152241,1
231934,0
34044,1
97599,1
198204,1
45195,1
233999,1
17253,0
161943,0
194809,0
133285,1
138367,0
95364,0
35696,0
157462,0
33153,1
86133,0
49264,1
235150,1
152883,1
222741,1
248911,0
62741,0
261874,0
163369,1
44334,1
121002,1
216579,1
91518,1
203466,0
25062,0
206014,1
125273,1
126011,0
35941,1
102068,1
145060,1
91838,1
163541,1
42724,1
143207,0
9802,1
98540,1
94351,1
71238,1
24244,1
177850,1
172951,1
134208,1
247094,1
125176,1
179322,0
89284,0
224635,1
195165,0
217948,0
235808,1
109190,1
101565,1
148835,1
1372,0
169642,0
44397,1
101955,1
233261,1
232240,0
112644,1
31054,1
217789,1
258088,1
37459,1
37629,1
67840,1
233105,1
18974,1
31929,1
16392,1
137687,0
128587,1
179032,1
124003,1
114549,1
32565,1
85537,1
155535,1
212648,1
108595,1
160150,1
70105,1
88127,1
6890,1
136653,1
219277,1
42943,1
45517,1
145188,1
237293,1
167719,1
230533,1
40808,1
176225,1
170968,0
186724,1
94413,1
117416,1
55384,0
218829,0
198620,1
170295,1
202790,1
118239,1
226129,1
208846,1
232548,1
266542,1
72683,1
189775,0
265761,0
224516,1
251439,1
40247,1
32333,1
32768,0
113652,1
23108,1
85366,1
30268,1
17195,1
260241,1
24593,1
134912,1
11437,1
142504,1
223631,1
259885,1
214184,0
106334,1
203803,1
71658,1
113545,1
257004,1
103012,1
46668,0
24349,0
249564,0
158746,1
260244,1
201540,1
157311,1
13983,0
157107,0
214142,1
201293,0
244995,0
74410,1
222409,1
138711,1
13704,1
192192,1
18590,1
86351,1
164493,0
97265,0
35809,1
216203,1
244033,0
246111,1
124567,1
132746,1
139751,1
266512,0
122296,1
130515,1
64672,1
252592,0
137928,1
238523,0
49353,1
50042,1
232608,1
103864,0
247602,0
161255,1
57693,1
44385,1
216744,1
233796,1
36669,0
98614,1
136304,1
205356,0
43849,1
124826,1
256340,1
250907,1
137885,1
102651,1
192245,1
216673,1
263311,1
108172,1
78927,0
39635,1
26806,1
220897,1
51702,0
217588,1
264504,0
4301,1
203839,1
12967,1
149272,1
99896,1
92361,1
85075,0
49500,1
118694,1
266616,1
48376,0
251167,1
181616,1
101794,1
64473,1
136065,1
63808,1
244203,1
110126,0
119492,0
77833,1
158876,1
90469,0
264191,0
72567,1
148504,1
149230,1
21080,1
226590,1
43164,0
189229,1
49255,1
48202,1
148915,1
179747,1
206072,1
3386,0
107982,1
109802,1
29155,1
239968,1
31763,1
257920,0
253746,0
131404,1
164323,1
183727,1
246602,0
125190,1
262053,1
23147,1
244796,1
171198,1
199788,0
138511,0
263493,0
241203,1
166312,1
187958,1
107405,1
45613,1
23278,1
141526,1
82243,1
242502,1
252301,0
231590,1
95803,0
85276,1
223222,1
74707,1
187653,1
197708,0
62139,1
65624,0
190552,1
26492,1
127207,1
160865,1
143298,1
181394,1
102660,1
97033,1
146097,1
114077,1
98168,1
50395,1
70582,1
44812,1
29309,1
134108,1
32467,1
57222,1
18558,1
12394,1
11275,1
178407,1
49009,1
132769,1
23547,0
166669,1
103626,1
165047,1
49868,1
93139,1
134398,1
233096,1
165654,1
7292,1
266293,1
209643,1
144310,1
107014,1
38008,1
130406,1
23280,0
174656,1
110724,1
170016,0
239524,1
156890,0
72160,0
223401,0
248345,1
117034,1
227576,0
90146,1
51143,1
57828,1
183256,1
70921,0
237066,1
130424,1
135668,1
106680,1
254371,0
170788,1
183879,1
33705,1
151824,1
244262,1
39899,1
56873,1
55738,1
222041,0
31465,0
9126,1
76412,1
35282,1
156601,1
79636,1
161847,1
245544,1
96215,1
215662,1
210718,0
100871,1
28521,0
115786,1
166688,1
75480,1
195321,1
227402,1
110794,1
9855,0
16578,1
14498,0
131879,1
174391,1
81156,1
85137,1
50593,1
11817,1
31608,1
157073,0
26065,0
63795,1
11629,0
224990,0
166783,0
201613,1
72599,0
254270,1
40072,1
228438,1
81518,1
242185,1
42032,1
13799,1
184151,1
215869,1
48574,1
62853,1
53250,1
171281,0
9401,1
129299,1
177825,1
110687,1
118372,1
32932,1
28988,1
142449,1
106988,0
178919,1
202066,1
26061,1
72615,1
212512,1
226429,0
23942,1
152168,1
194970,1
257961,1
18250,1
14002,1
182673,1
143581,1
135028,0
154414,1
32913,1
129948,1
145358,1
15160,0
58040,1
243995,1
235885,1
264341,1
109057,1
17238,1
116357,1
177139,1
161836,1
123678,0
245341,0
238816,1
180426,0
48698,1
221807,0
18182,1
223023,1
246981,1
86021,1
155859,1
71064,1
143213,0
196159,1
237983,1
207442,1
63406,1
78645,1
122874,1
230369,1
213447,1
222630,1
104251,1
123244,0
101221,1
135239,0
33448,1
211615,0
211520,0
180012,1
168500,0
145707,0
146325,1
85077,1
88671,1
191336,1
189926,1
166131,1
238867,0
251547,1
264869,0
139797,1
153480,1
147252,1
96593,1
251768,0
119032,0
85830,1
20331,1
6026,0
50364,0
224632,0
163756,1
146744,1
10629,1
263885,0
62765,1
262998,0
232988,0
81628,1
128759,0
189424,1
61392,1
153505,1
52751,1
81067,0
183451,1
117376,1
22129,1
146276,1
48829,1
157793,1
117596,0
244298,1
75672,0
178797,1
179131,1
194335,1
4141,0
149091,1
27942,1
104636,1
6829,0
256674,0
258792,0
128771,0
237800,1
71314,1
77908,1
98872,1
140601,1
15642,1
200189,1
110102,1
22145,1
120266,0
237204,1
99395,1
85736,1
141537,1
261309,1
173742,1
142313,0
4130,0
157539,1
40709,1
255071,1
103637,1
209303,1
142616,0
39282,1
42914,1
200744,1
104142,1
245872,1
151066,1
106875,1
72208,1
129630,0
195459,1
48380,0
184035,1
5624,0
189115,1
13591,1
198481,0
31819,1
185024,1
67994,0
114530,1
103709,1
141348,1
167653,0
68067,1
48827,0
256535,1
74896,1
48156,1
236271,1
200886,1
155707,0
68379,1
127280,1
166836,0
102313,1
176485,1
216190,1
169549,1
126784,0
112641,1
257390,0
165387,1
248006,1
138431,1
167143,1
43163,1
112244,1
29247,1
142934,1
260846,0
34782,1
104764,1
24438,1
19557,1
220057,1
80956,1
162006,1
163303,1
186560,0
41869,1
182398,1
250613,1
148573,1
50690,1
49628,0
20670,1
229774,0
199992,1
85794,1
261319,1
168909,0
71746,1
124250,1
110806,1
155077,1
56715,1
73429,1
133150,1
168118,1
39351,0
48652,1
183185,1
196413,1
100353,1
125600,0
24182,1
186959,1
188330,1
32684,1
107535,1
172834,1
18991,0
23408,1
228041,0
199719,1
203984,1
228024,1
172794,1
111518,1
16587,1
112681,1
240368,0
101596,0
127696,1
208665,0
58340,1
203294,0
108710,1
170997,1
177225,1
177650,1
217413,1
81094,1
201466,1
166237,1
107842,0
15320,1
161103,1
227065,1
206994,0
215509,1
87563,1
80087,1
90691,1
42214,1
180292,0
220549,1
18783,1
119046,1
246808,0
251812,0
80361,1
239147,1
19199,0
52514,1
170833,1
211067,1
251266,0
1475,1
197439,1
13692,0
135664,1
104863,1
251184,1
126624,1
28559,1
66176,1
131540,1
176984,1
250079,0
78540,0
158765,1
54890,1
111547,1
265113,1
12449,0
197616,1
208921,0
127887,0
6630,1
190610,1
80734,1
152606,1
23448,1
103497,1
90800,1
261558,0
98630,0
192346,1
30046,1
170723,1
66301,1
139673,1
212064,1
192144,1
219671,0
72269,1
117536,1
151534,1
35420,1
220846,0
221687,1
28672,1
129098,1
201534,0
37499,1
130456,1
172207,1
245156,1
214091,0
107298,1
55606,1
263365,1
17903,0
59843,1
71174,1
207194,1
13661,0
189273,0
165859,1
229189,1
7563,1
29983,1
64183,1
43129,1
167210,1
47277,1
4910,0
102227,1
65659,1
218842,1
112920,1
130915,1
218889,1
167320,1
210084,1
166908,1
8481,1
21851,1
146357,1
71416,1
360,0
167826,0
220728,1
657,0
76318,1
81424,1
77956,1
254258,0
187872,1
103330,1
66873,1
123822,1
261173,0
47787,1
4909,0
190093,1
44744,1
204180,0
155063,1
263828,1
27499,1
164673,1
99862,1
82693,1
27520,0
190954,1
190961,1
117821,0
123424,1
168886,1
258403,0
88375,1
253363,0
228449,1
93920,1
252239,1
232957,1
78267,1
113738,1
45390,0
262452,1
5403,0
191376,1
8621,1
260334,0
92672,1
58631,1
80160,1
90126,1
223299,1
152186,1
19348,1
24388,1
195323,1
197216,1
230603,1
234183,0
20792,1
169352,1
232676,1
122889,1
233433,1
230453,1
130172,1
173098,0
234087,1
204071,1
182096,1
63689,1
227824,1
75158,1
154930,1
167718,1
172174,1
65605,1
102167,1
146508,1
224869,1
139788,1
216085,1
143324,1
93116,1
19318,1
108004,1
121383,0
113161,1
22532,1
2000,0
119550,1
206452,1
43677,0
6566,1
191188,1
252465,0
20273,1
235232,1
22288,1
243468,1
246127,1
253263,0
243046,1
58562,0
233700,1
126690,1
92229,1
248107,1
115187,1
77209,1
93895,1
59787,1
226391,1
8439,1
143066,1
37122,1
249667,1
202429,0
219162,0
236313,1
191770,1
226027,1
39284,1
223019,1
222818,0
132652,1
85381,1
211011,1
176263,1
139655,1
86168,0
163619,1
41617,1
248415,0
153554,1
12293,1
159710,0
34917,1
87527,1
144036,1
76601,1
191238,1
155160,1
231209,0
156380,0
258081,1
14782,1
73116,0
64484,1
226681,1
241594,1
1985,1
86077,1
910,0
209689,1
246300,1
85022,1
4870,0
260208,1
148526,1
96196,1
110985,1
18128,1
8363,0
109921,1
254074,0
57091,1
2989,1
165426,1
145125,1
172282,1
64929,1
188839,1
207374,1
202485,1
195070,1
55814,1
124056,1
189196,1
48893,0
139821,0
177455,1
102208,1
46695,1
213099,0
44148,1
144599,1
261120,1
237237,0
105366,1
167124,0
21213,1
261544,1
141889,1
72444,1
53339,0
222529,0
110626,1
110684,1
206624,1
87673,0
118240,1
245245,1
167477,0
67457,1
9481,0
249077,1
68997,1
203607,1
87860,1
144200,1
204234,1
232064,1
117722,1
138732,1
137607,0
114687,1
230511,1
81450,1
47025,1
203433,0
140932,1
204499,1
132815,1
53297,0
19559,0
70482,1
105025,1
48871,1
175426,1
71298,0
210323,1
94019,1
84065,1
5066,0
244833,0
193107,1
9043,0
241649,0
153348,1
105599,1
136654,1
57403,1
69196,1
28808,1
156448,1
172564,1
41268,0
255618,0
127427,0
193892,1
4483,0
128946,0
183846,1
59505,1
132895,1
174128,1
60560,1
230018,1
21292,1
202887,1
91620,1
15597,1
152770,1
86673,1
64544,1
193927,1
253576,1
81852,0
136219,1
216398,1
174893,1
197330,1
266078,1
30644,0
23142,1
212664,1
191153,1
10802,0
120199,1
94193,1
136042,1
238793,1
26428,1
210093,0
80629,0
113907,1
160751,0
182481,0
55144,0
133689,1
160219,0
174695,1
131982,1
11653,1
200456,1
26881,1
136191,1
236325,0
84312,1
260053,1
8841,1
210620,1
183569,1
244367,1
82368,1
82001,1
260833,0
66602,1
137797,1
191285,0
163823,1
110564,1
238765,1
10578,0
55294,1
118650,1
66295,1
123302,0
260436,0
168692,1
34809,1
185244,1
228483,1
13585,1
13538,1
99310,1
173718,1
224342,1
69791,1
94676,1
240214,0
184434,1
151931,1
145670,0
139115,1
243454,1
120726,0
18022,1
67028,1
214073,1
18899,1
112537,1
40380,1
83543,1
216504,1
24737,1
120614,1
48616,1
1636,1
233355,1
3952,1
93498,1
224449,1
84968,1
27831,1
174333,1
233101,1
51169,1
187511,0
222175,1
223661,1
106333,1
204133,1
74684,1
88362,1
101054,1
128184,1
210942,1
151746,0
120355,1
21742,1
124034,1
226364,1
190009,1
109080,1
24425,0
166285,1
108827,0
111856,0
87713,1
241816,0
101650,1
205275,1
9609,1
150832,1
99216,1
135177,0
138864,1
195896,1
163751,1
219805,1
51608,1
208486,0
52224,1
80392,1
157615,1
122492,1
18732,0
40215,1
147902,1
258042,1
233753,1
25800,1
222233,1
4907,1
182703,1
223666,1
87546,0
66803,1
115166,1
148902,0
108239,1
144833,0
152857,1
100448,1
203232,1
234775,1
96029,1
4147,0
62957,0
256265,1
164151,1
228209,1
2151,0
37954,1
139635,1
169286,1
43503,1
202813,0
246053,1
224084,1
207862,0
103804,1
246583,1
234755,1
189507,1
250871,1
168618,1
199653,1
130462,1
102155,1
82307,1
184785,1
123978,1
61003,0
130033,1
257063,1
92806,1
31943,0
141543,1
167132,1
160770,1
75357,1
178416,1
242558,1
112409,1
211105,1
72534,1
192135,1
113424,1
264076,1
65332,1
98348,1
249699,1
156863,1
40724,1
166672,1
93796,1
74242,1
72311,1
116592,1
231509,1
104591,1
222572,0
237307,0
196779,1
160847,1
239334,1
114099,1
154714,1
79278,1
92044,1
72371,1
94834,1
1967,0
234439,1
182990,1
188387,0
131670,0
30154,1
137974,1
239703,1
101684,1
261478,1
234999,1
127153,1
214056,1
212857,1
235606,1
44882,1
132868,1
75820,1
17416,1
31510,1
264737,0
265979,1
264385,1
19469,1
67042,1
149231,1
255931,1
156894,1
129465,1
113983,1
135977,1
265988,1
205892,1
28782,0
9743,0
161973,0
133987,1
190024,1
203066,0
148467,1
161150,0
225410,1
147128,1
114024,0
264538,1
257586,1
253443,1
151203,1
206724,1
87881,1
245976,1
253526,0
243834,0
194050,1
225422,1
125239,1
230217,1
210248,0
223756,1
181313,1
27997,1
15913,0
256356,1
153578,1
184757,1
62749,0
195175,1
224828,1
30732,1
107077,1
14459,0
256332,1
2733,1
171368,0
238053,1
85679,1
71651,1
68667,1
63891,1
240006,0
160171,1
124790,0
146291,1
62131,1
84411,0
211677,1
240277,1
18828,0
67931,1
107245,1
7303,1
25556,1
136460,1
101896,1
142130,1
252686,1
223828,1
212932,0
242958,0
211020,1
159220,1
41763,1
68578,1
121818,1
181660,0
94647,1
157857,1
251487,1
19504,1
221345,0
65500,1
184753,1
25714,0
134765,1
212173,1
98059,1
37573,1
157640,1
59114,1
174081,0
181998,1
111155,1
77051,1
64420,1
157091,1
176770,1
202545,1
92078,1
231922,1
63552,1
42115,1
110392,1
88218,1
229352,1
85350,1
185438,1
114023,1
159761,0
260320,1
249243,1
244067,1
221747,1
160737,1
156399,1
18165,1
62121,1
262961,1
254841,1
85533,1
145877,1
143224,0
84323,0
161685,0
174281,1
119662,1
65831,0
7716,1
11657,1
187810,1
187427,1
110808,1
141414,0
163721,1
72468,1
16984,1
65947,0
203790,1
174033,1
78254,0
91784,1
257433,1
74535,1
237334,1
217799,1
134385,1
265614,1
129061,1
63682,0
32980,1
222523,0
217145,0
38210,1
216027,0
173215,1
20580,1
51607,1
159632,1
75888,1
218524,1
237812,1
237233,0
248344,1
224193,1
65400,1
55099,1
60895,1
23994,1
171137,0
89484,1
244098,1
246491,0
122580,0
20244,0
155219,1
221680,1
12880,0
239297,0
23870,0
47798,1
251109,1
166195,0
20863,0
90891,1
265301,0
41236,0
45769,1
32705,1
143837,1
48869,1
248468,1
181861,0
149741,0
256440,0
220257,1
57672,1
121064,1
66728,1
251424,1
256493,1
13545,1
38421,1
208775,0
74836,1
231757,1
164465,0
208596,1
241609,0
256334,1
141421,1
56770,1
254394,1
143606,1
187129,1
232462,1
41559,1
151250,1
249147,0
48852,1
19410,0
55905,1
31377,1
227948,1
237262,1
39949,1
29459,1
25839,1
234250,1
255378,0
26911,1
232593,1
219117,0
129867,1
176417,0
169616,1
2935,1
13165,0
182499,1
57438,1
12275,1
28706,1
147503,1
137121,1
58479,0
15231,1
83390,1
80152,1
218797,0
167412,1
168729,1
183937,1
98451,1
78497,0
206268,1
92178,1
262539,1
161380,1
156623,1
218046,0
220276,1
239660,0
124252,1
158748,0
89370,1
151550,1
205274,1
218340,1
174277,1
110234,1
84510,1
101311,1
55060,1
156354,0
233426,1
89350,1
243582,1
6765,1
38581,1
158208,1
102243,1
51966,1
170390,1
222711,1
214776,1
25333,0
101503,1
12277,1
8281,0
150632,1
133798,1
254744,1
201677,1
240499,0
146282,1
193720,1
75799,1
49142,1
65780,1
100123,1
225407,1
129673,1
248372,1
153478,0
260085,1
123960,1
191637,1
92618,1
166767,1
230198,1
219640,1
134013,1
261803,1
6198,1
238741,1
144149,1
116901,1
225930,0
109518,0
107666,1
137917,1
102022,1
171535,1
115511,1
166824,1
25381,1
130768,1
71368,1
67393,1
38172,1
232107,1
84912,1
145917,0
224358,1
36333,1
61427,0
21583,1
35273,1
252682,1
231973,1
252998,0
195647,1
52750,1
166039,0
111499,1
155191,1
182840,1
2479,1
260634,1
62941,1
141585,1
27298,1
119554,1
24555,1
64454,1
181073,0
103930,1
235749,1
2021,1
65157,1
67770,1
29641,1
153864,1
20745,0
59193,1
213630,1
139274,1
254442,1
111342,1
25228,1
144140,0
170358,1
40129,0
31322,1
28009,0
138669,1
143088,1
243878,1
73377,1
171472,1
84351,1
84581,0
47772,1
127357,1
154813,0
40795,1
208296,1
77132,1
71498,1
251201,1
52857,1
148214,0
219619,0
90353,1
143328,0
114208,1
165891,1
260102,1
231953,0
89772,0
155310,1
5297,1
198012,1
149034,1
3104,0
254410,1
49269,1
75040,1
173062,1
132665,1
230421,0
249094,1
51685,1
140699,1
19090,1
243852,0
228608,1
228720,1
177756,1
102597,1
85049,1
162854,1
260350,1
165255,1
74199,1
96055,1
70788,0
116803,1
130893,1
189923,1
226796,1
164164,1
171426,1
194844,1
167834,0
112763,1
256467,1
182683,1
135899,1
10612,0
7533,1
191463,1
247636,1
71530,1
239136,1
17754,1
105742,1
247674,0
96420,1
15154,0
102310,0
239234,1
131711,1
145041,1
224775,0
98868,1
12347,1
223376,1
146859,1
243055,1
27752,1
103465,1
216554,0
33551,1
189583,1
159898,1
116239,1
178517,1
154510,0
74070,0
40286,1
235911,1
137218,0
91777,1
8711,0
127462,1
160237,1
106749,1
128134,1
232251,1
93129,1
26989,1
140848,1
27408,1
257511,1
19480,1
111678,1
240232,1
163057,0
227757,1
171021,1
262788,0
113673,1
16424,0
193624,1
15338,1
243787,1
141176,1
219564,1
33204,1
42699,1
147233,1
256128,0
42043,1
173462,1
36002,1
257583,1
189630,1
126725,1
126845,1
82261,0
159147,1
182473,0
218520,1
27049,0
99057,1
167968,1
171918,0
112921,1
236054,1
143115,1
245756,1
155036,1
234615,1
225655,1
224261,0
243433,1
15176,1
168581,1
75395,0
16351,1
122595,1
121040,1
30825,1
105902,1
235374,1
257807,1
172805,1
64440,0
26212,1
334,0
39735,1
238337,1
84368,1
54806,1
79693,1
251949,1
210947,1
101882,0
304,0
79800,1
70017,1
159664,1
135442,0
16381,1
142804,0
85275,1
35857,1
76727,1
186466,1
84046,1
261315,1
221446,1
163598,1
74923,1
173415,1
179239,0
19668,0
157809,1
10080,1
74857,1
264124,0
117318,0
67586,1
82170,1
102783,1
180384,1
129827,0
186259,1
261262,1
171340,0
81250,1
38523,1
82327,0
191199,1
25083,1
262548,0
257016,1
124908,1
216291,0
68475,1
120973,0
211966,1
23403,1
143345,1
58458,1
265811,1
207440,0
196173,1
102622,1
235183,1
40262,1
230278,1
131802,1
233734,1
13367,1
192353,1
108189,1
160699,1
5791,0
183871,1
43487,1
63284,1
100860,1
265190,0
215928,1
96137,1
26694,0
96581,1
18019,1
93807,1
163407,1
78998,1
93809,1
181812,1
52100,1
96098,1
236177,0
153749,0
153524,1
26412,1
141729,1
94169,1
164532,1
266537,0
259575,1
198370,1
58558,1
101256,1
44719,1
86143,1
56696,1
226598,0
11224,1
138406,1
233052,1
132425,1
233327,0
169679,1
2469,1
208414,1
3736,0
81323,1
178705,1
158565,1
116683,1
262018,0
264139,1
46831,1
173010,1
69962,1
226830,1
220902,0
161548,1
64303,0
181750,1
26450,0
9907,1
208123,1
66010,1
253142,1
179940,1
244156,0
56601,1
63199,1
176543,1
216121,0
194161,1
98064,1
5180,0
64576,1
180222,0
183925,1
34009,1
207670,1
110686,1
57988,0
164815,1
138144,1
51364,1
40133,1
103701,1
126385,0
230682,1
51804,1
172018,1
237557,0
242188,1
112847,1
129798,1
223200,1
53703,0
215813,1
46338,1
120790,1
225443,1
182556,1
182117,0
216934,0
112484,1
190784,1
251030,0
66603,1
132163,1
176966,1
179345,1
232891,1
102703,0
183977,1
231566,1
104501,1
78086,1
47673,1
77521,0
102841,1
169926,1
178662,1
146286,1
202874,0
57377,0
180745,1
208121,1
213786,1
62385,1
153668,1
6032,1
163568,1
189167,1
138064,1
131359,1
113790,0
145162,1
136599,1
4595,1
174295,1
156919,1
206060,1
195769,1
243753,1
6187,1
178812,1
126819,1
153365,0
94137,1
196318,1
81058,1
253633,1
137103,1
242410,1
73409,1
120182,1
197684,1
227482,1
187751,1
106084,0
109410,1
196628,1
55094,1
120413,0
25510,0
94819,1
54896,1
50221,1
232949,0
248098,1
92546,1
140600,1
3634,1
112844,1
213386,0
219770,1
135410,0
46911,0
262937,0
118341,0
68100,1
49883,1
66834,1
187088,1
149181,1
202684,1
24715,1
247397,1
10239,0
1958,1
177681,0
223527,0
8716,0
98399,1
120613,0
200396,1
202210,1
179415,1
24635,1
24147,1
85064,1
171992,1
205498,1
209426,1
13272,0
40068,0
96088,1
75345,1
117641,1
11604,1
114612,1
238577,1
249063,0
264555,1
25239,1
198482,0
103892,1
252284,1
258391,1
199590,1
172747,0
4997,0
57239,1
153115,1
154440,0
253949,1
246917,1
196267,1
266529,0
37194,1
130122,1
169391,0
174737,0
190325,0
1710,0
46581,1
136158,1
94812,1
18559,1
156030,1
94419,1
195473,0
108785,1
240211,1
246276,1
175390,1
48456,1
248830,1
160300,1
108796,1
74047,1
18782,1
222289,0
7182,1
93840,1
4471,0
234785,1
256139,1
208497,1
243901,1
216060,1
264750,1
99930,1
180198,1
78725,0
80224,0
150789,1
206433,1
90078,1
180395,1
81635,1
212859,1
103859,1
183531,0
29573,0
165155,1
243206,1
141560,1
101797,1
89371,1
183761,1
264906,1
193874,1
8299,0
197178,1
206903,1
152865,0
263720,1
183764,1
25762,0
76714,1
1648,1
165236,1
227666,0
42161,0
61838,1
181239,1
171247,1
28952,0
60931,1
13728,1
106216,0
40290,1
36037,0
43523,1
8808,1
165569,0
137707,0
78128,1
90885,1
162398,1
232141,1
229561,1
72212,1
102302,1
50633,1
185544,1
76677,1
215546,1
23769,1
40598,1
5020,0
160437,0
115299,1
172027,0
148676,0
253466,1
112933,1
80070,1
114874,1
81834,1
141812,1
49256,1
178291,1
142557,0
62219,1
223638,1
261165,0
86238,1
33893,0
36805,0
222885,0
104174,1
119709,1
215801,1
179038,1
136371,0
53601,1
91876,1
242443,1
241895,1
248782,0
183814,1
146037,1
74293,1
254281,0
229636,1
72427,1
88642,1
225576,0
233125,1
164641,1
1885,1
158587,1
151683,1
220794,1
99787,1
29877,1
213627,1
51321,1
117171,1
150732,1
55432,0
79410,1
220360,1
65895,1
224281,1
249902,1
18580,0
223870,0
222007,1
168078,1
266534,1
46007,1
125754,1
266634,0
264419,1
8625,1
80649,1
233228,1
86026,1
80552,1
108366,1
103082,1
14297,0
106567,0
195446,0
228342,1
3867,1
213628,1
172979,1
167865,1
32620,1
50695,0
265103,1
52349,0
174450,1
70656,1
82785,1
178963,1
266193,0
40603,1
136110,1
31053,0
203700,1
241546,1
116931,1
138085,1
173319,0
118443,0
86638,1
3772,0
152339,1
63580,1
121695,1
250332,0
73799,1
252121,1
260089,1
139368,0
19405,1
121181,1
238586,1
230872,1
222851,1
155311,0
191578,0
218668,0
189267,1
196406,1
81557,1
121590,1
246150,0
159025,1
71105,1
150032,1
8123,1
9071,1
141684,1
212137,0
114597,1
145616,1
254388,1
259725,0
1280,1
143714,1
148394,1
80769,1
40293,1
97890,1
174063,1
231208,1
142451,1
26654,0
42821,1
21280,1
17048,1
245043,1
165837,1
132409,1
64719,1
134933,1
110309,1
11897,1
104809,1
19700,0
25848,1
196842,1
20505,1
198018,1
18083,1
21163,0
57660,1
158485,0
194785,0
196087,0
248921,1
206071,1
10433,0
21939,1
241374,1
103815,1
76307,0
115147,0
168226,0
154670,0
31070,1
160663,1
232325,1
157166,1
38985,1
126989,1
114827,0
73963,1
250470,1
40386,1
65938,1
27420,1
230913,1
222799,0
88383,1
22826,1
116483,1
37411,1
55013,1
164419,1
228117,1
167376,1
165618,1
238899,1
112760,1
232596,1
175048,1
170204,1
119936,1
7508,1
148414,1
89670,1
154554,1
127525,1
238161,1
21217,1
215503,1
71808,1
171446,1
102004,1
159314,1
155130,1
45256,1
149710,1
185739,1
158705,0
199689,0
130196,1
127423,0
45414,1
55937,1
247855,1
252817,1
142729,1
111142,1
74955,1
153997,1
245566,0
48784,1
171370,1
208017,1
140175,0
164412,0
67256,1
245456,0
44299,1
146846,0
9450,1
119886,0
119820,0
118172,1
10416,0
213021,0
56555,0
30487,0
84098,1
173413,1
174192,0
218566,1
248900,0
93864,1
167327,1
109024,1
13248,1
115747,0
220023,1
161852,0
22161,1
100213,1
230644,0
208350,0
44918,0
165728,1
131748,1
131885,0
17598,1
133671,0
93597,1
218145,1
119714,1
79325,1
239423,1
211987,1
207136,1
223266,1
250908,1
162361,1
131877,1
20400,1
42403,1
250084,0
109827,1
240275,1
4695,1
253032,0
159247,1
159786,0
103867,0
25750,0
109840,1
202860,1
64839,1
94136,1
220132,1
30179,1
79113,1
8604,1
66155,1
123461,1
184818,1
110258,1
187851,1
165230,1
160765,1
209225,1
147142,1
78188,1
171666,1
103708,1
74722,1
15981,0
56345,1
3402,1
141502,0
54550,1
215943,1
20726,0
252849,1
4532,0
146428,1
161610,1
33041,1
187680,1
115255,1
138303,0
10274,1
3774,1
260458,1
42800,1
66706,1
23864,1
257051,1
49684,1
27472,1
134462,1
79791,1
77289,1
130281,1
250368,1
12850,1
198731,1
57481,1
208279,1
171893,1
157191,1
132120,0
42003,1
179211,1
105133,1
107595,0
191484,1
185475,0
143759,1
30003,0
56638,1
60390,1
233957,1
85203,1
101752,1
219408,1
259088,0
59938,0
66960,1
69404,0
238489,0
123995,1
215725,1
108657,1
13667,1
90363,1
11654,1
60295,1
146852,1
240543,0
254787,0
210252,0
188514,1
843,0
50570,1
170992,1
362,1
70835,1
14979,1
215207,1
12728,1
78493,1
180989,1
90683,1
1807,0
187848,1
34554,1
156109,1
116004,1
262265,0
166555,1
43095,1
119769,1
84186,1
43972,1
218382,1
105916,1
186833,1
211717,0
86490,1
10381,0
150213,0
83885,1
129290,0
240316,1
261564,0
140714,1
25286,1
258619,1
251032,0
55539,1
160321,1
226686,1
251815,1
90985,0
16356,0
27178,1
14270,1
169167,0
17296,1
34398,1
201548,1
97613,1
65879,0
133233,1
47237,1
11169,0
207182,1
38909,1
53342,1
108084,1
263954,1
54037,1
221802,1
97866,0
60762,1
108730,0
134550,1
237590,1
19830,1
84005,1
191311,0
200995,1
146177,1
207006,1
12038,1
151014,1
11036,1
187175,1
177085,1
64105,1
206811,1
113980,1
95187,1
65460,1
221417,1
149184,1
49519,1
191266,1
65751,1
78714,1
238782,1
259762,1
2470,1
30646,1
92071,1
198541,1
33162,1
141569,1
177729,1
226165,1
159836,1
233587,0
263496,1
9359,1
209163,1
89869,1
54738,1
213280,1
131940,1
12637,1
149926,1
73539,1
20783,0
188944,0
259956,0
25618,1
65036,0
27009,1
124801,1
43919,1
142794,0
189770,1
97932,1
251673,0
133648,1
52285,1
185693,1
239998,0
255346,1
83454,1
237240,0
15571,1
28855,1
70356,1
141102,1
103502,0
77065,1
27244,1
61197,1
227856,1
15032,0
160546,1
73355,1
253088,0
54973,1
69052,1
16182,1
19319,1
64899,1
68965,1
214542,1
142529,1
225820,1
8838,1
59717,1
44311,1
85640,1
168220,1
93603,1
249034,1
189036,1
112631,1
94067,1
237155,1
110741,1
18036,1
72659,1
158465,1
18767,1
105968,0
167633,0
71371,1
199785,1
203690,1
79698,1
62832,1
233694,1
131,1
50619,1
174528,1
193485,1
38866,1
208092,1
258302,0
62393,1
93694,1
34445,1
241904,1
50005,1
192028,1
142604,1
8078,1
140568,1
145896,0
258349,1
106017,0
22519,1
137930,1
23850,1
190339,1
233413,1
215588,1
59922,0
66642,1
92458,0
47482,1
187038,1
140417,1
106191,1
260709,0
56718,1
227873,0
89433,1
92293,0
264369,1
196068,1
103090,1
149414,1
93241,1
127963,0
105650,0
206135,1
200472,1
108915,0
254538,1
261324,0
258317,1
253228,0
17904,1
236682,1
193776,1
25529,0
177186,1
164520,1
28996,1
24557,1
175423,0
69328,1
172464,0
1835,1
172631,1
71681,1
218306,1
255444,1
9333,0
140463,1
87080,0
151399,0
144803,0
68477,1
246999,1
69143,1
222471,0
177782,0
138747,1
186709,1
46166,1
251668,1
259187,1
208735,1
223700,1
9646,1
116849,1
158224,1
139828,1
113089,1
166784,0
78580,0
37333,1
144876,1
60670,1
132322,0
196090,1
248849,1
71104,1
78597,1
191004,0
71731,1
59020,1
157802,1
12406,1
77871,1
30112,1
136725,1
242171,1
11419,1
169097,1
12985,1
21569,1
158506,1
226311,1
216450,1
150082,1
175598,0
143648,1
179470,1
241943,1
176023,1
21366,1
202756,1
94554,1
175316,1
160429,1
239467,1
223223,1
171929,0
33485,1
5104,1
228710,1
236436,1
165961,1
68602,1
91692,1
39800,1
43711,0
235226,1
235311,1
51552,1
91600,1
52400,1
207106,1
176610,1
215284,1
114219,1
71403,1
63562,1
46819,1
212868,1
239086,1
43622,1
223252,1
241910,1
143322,1
178303,0
36255,1
40351,0
127238,1
134496,1
240785,1
136719,1
261479,1
141431,1
39713,0
170720,1
68826,0
241011,1
43140,1
227335,1
124009,1
25711,1
183521,1
19814,1
232146,1
262589,1
111707,1
203796,1
26596,1
31610,0
208284,1
32208,0
258695,0
197118,1
504,0
117168,1
34139,1
115806,1
101299,1
15037,1
10187,1
134483,1
5485,0
29113,1
55040,1
257669,0
138220,0
16785,0
3376,1
262066,1
93750,1
14402,1
244485,1
165015,1
42319,1
61917,0
174520,1
221520,1
63104,0
230604,1
165139,1
87260,1
42839,1
222858,1
150267,0
244187,1
132188,1
4673,0
143522,1
156935,1
130262,0
113449,0
167322,1
255425,1
204340,1
21118,1
246675,1
258656,1
106833,1
244578,0
3845,0
131558,1
186043,1
130933,1
241388,1
142270,1
171952,1
23961,1
30185,0
102649,1
137500,1
10211,0
111429,1
85904,1
258044,1
119189,1
206229,1
1536,1
111137,1
109400,1
159237,1
202807,1
76871,1
119315,1
165835,1
218222,1
232684,1
61297,1
158826,1
35936,1
260185,0
237283,1
253377,1
128036,0
16143,0
127057,1
51016,1
105906,1
135326,1
230880,1
59127,1
120807,1
161227,0
42941,1
258898,0
53545,1
236988,1
92970,1
241951,0
248106,0
58980,1
258710,0
173779,1
53162,0
141305,1
85737,0
127214,0
257452,1
233456,1
99919,1
76095,1
49400,1
193032,1
124918,1
78125,0
147907,1
248034,1
207156,1
57318,1
243989,0
209757,1
237078,1
3741,1
152630,1
83971,1
110486,0
155007,1
130757,1
97470,0
223511,1
5220,1
261275,0
142125,0
207,1
59476,1
108912,1
131666,1
31018,1
52271,0
162244,1
92376,1
128788,0
127916,1
82509,1
258326,1
228845,1
196551,1
111646,1
9106,1
183710,1
114598,0
163035,0
4186,0
42497,1
219583,1
30813,1
60021,1
226771,0
120115,0
19932,1
76721,1
34438,1
50601,1
87424,1
108824,1
120864,0
220525,0
239828,1
50217,1
125419,1
97825,0
173486,0
39600,1
153901,1
91283,1
243383,0
20727,1
159185,0
259805,1
265158,1
162706,1
244840,1
253978,1
51187,1
163581,1
190917,1
43828,1
47786,1
155769,1
149709,1
128478,1
103202,1
50502,1
122162,1
166549,1
247035,0
5459,0
115608,1
93646,0
234318,1
92370,1
264956,1
230889,1
85130,1
190406,0
61063,1
810,1
47302,1
196646,0
160084,1
48396,1
80562,0
248172,1
167567,1
7071,1
7718,1
56892,1
221083,1
107784,1
123738,1
44389,1
168542,1
50689,1
129542,1
130843,0
190046,1
107304,0
13765,1
239477,0
128014,1
90775,1
77197,1
182581,1
223074,1
92739,1
202890,1
67782,1
188691,1
39543,1
169150,1
81636,1
49442,1
217900,1
15695,1
244974,1
253612,0
49827,0
75004,1
28380,1
265924,1
54058,1
191150,1
221284,1
35493,0
82517,0
134155,1
164971,0
203201,1
127042,0
161318,1
125139,1
229704,1
216843,1
160933,1
248942,1
124917,0
22844,1
142465,1
67878,1
41260,1
185416,1
68742,1
174749,1
193355,1
111387,1
43894,1
47098,1
246680,1
243884,1
139808,1
121027,0
9195,1
166074,1
77339,1
156226,1
718,1
23561,1
143309,1
41420,1
222516,1
97976,0
103464,1
11124,0
158779,1
250407,1
171294,1
156903,1
3423,1
186196,1
260680,1
162220,1
210969,0
264945,0
3317,1
82854,1
93421,1
70474,1
66185,1
198197,1
241173,1
246997,0
21428,0
126420,0
58248,1
230286,1
129606,1
204874,1
25010,0
155515,1
28720,1
161925,1
95214,1
154434,1
143120,0
147475,0
235076,0
20634,1
144633,1
83504,0
63344,0
64704,1
141816,0
87741,0
104820,1
71957,1
205093,1
106934,1
257024,1
97046,1
195886,1
49078,1
36211,0
161182,1
53739,0
144736,0
115634,1
254955,1
132466,1
151394,1
188703,1
47738,1
197109,1
35063,1
52254,1
260004,1
225810,1
20569,1
5069,1
122696,1
93443,0
13445,0
227592,1
181387,1
53067,1
200329,1
67940,1
207187,0
16275,1
72690,1
243482,1
245268,1
153684,0
185719,1
117811,0
97556,1
139432,1
134858,1
90359,1
188943,1
238949,0
52161,1
109378,1
20943,0
2682,0
135079,1
64266,1
266492,0
93137,1
15417,1
234498,1
91926,1
73814,1
131545,1
134573,1
85890,1
251445,0
231752,0
17473,1
34558,1
239940,1
105634,1
211904,0
78989,1
222898,1
24155,1
127799,1
116286,1
133960,1
139254,1
219533,1
169627,0
16724,1
250918,1
214108,1
174546,1
209396,1
44580,1
141971,1
185388,0
31652,1
113267,1
46021,0
37554,1
133130,1
218661,1
90530,1
40350,1
56151,1
254427,1
257720,1
134585,0
65598,1
246983,1
79565,1
30726,1
66024,1
116046,1
49735,1
206318,0
33940,1
213145,1
64589,1
215805,1
258240,1
209376,0
202166,1
91774,0
83654,1
30362,1
191436,1
227116,0
111189,1
56088,1
16202,1
214175,1
230097,1
201322,0
122664,1
207076,1
66243,1
260511,1
164194,1
243721,1
156183,1
83784,0
114846,0
99393,1
102017,1
26792,0
161336,1
219744,1
255883,1
68942,1
43034,1
86596,1
166202,1
110423,1
99915,1
142584,0
159707,1
17050,0
132026,1
254056,1
54930,1
131028,0
40829,1
210557,1
114462,1
55166,0
176696,1
42716,1
212588,1
66102,1
67374,0
80843,1
163277,1
103598,1
118904,1
240486,1
262813,0
253184,1
92648,1
179875,1
62533,1
40899,0
233226,1
258820,1
110892,1
175989,0
78109,1
3039,1
4496,1
18918,0
204856,1
245816,1
128867,0
54219,1
49383,1
90632,1
182776,1
93290,1
199568,1
245937,1
102436,1
230588,1
153410,1
125598,1
194234,1
251631,0
61119,1
66460,1
237584,1
18748,0
114743,1
174894,1
193487,1
47688,1
79841,0
725,0
80791,1
209833,1
136779,0
27883,0
248069,1
264337,1
181444,1
34303,1
205245,1
41728,1
113085,1
17533,1
69251,1
25898,1
141081,0
23273,0
101420,1
235549,1
240716,1
172851,1
157274,1
159169,1
167406,1
66596,1
239108,1
49643,1
260721,0
47058,1
107886,1
221076,0
141436,1
46217,1
87883,1
34853,1
235136,1
96514,1
216363,1
36645,0
65244,0
88553,1
41419,1
217070,0
103369,1
259167,1
128182,0
111850,1
152167,1
128534,0
227364,1
149009,1
24198,1
209527,1
77583,1
80296,1
74705,1
5524,1
107711,1
7366,0
255196,0
148345,0
12369,1
48636,1
147781,1
205467,1
240024,1
259577,1
243664,1
111777,1
261563,1
126119,0
158630,1
203701,1
217164,1
136775,1
243155,0
205738,1
31473,1
56897,1
25786,0
65770,1
59883,1
16995,1
73589,0
539,0
202554,1
34347,1
203290,1
173704,1
22642,0
141349,1
112542,0
103085,0
206306,1
72879,1
211340,1
59576,1
13013,1
240388,1
253663,1
118269,1
93932,1
245405,1
21863,1
118827,1
200412,1
230946,1
211203,1
28732,0
88731,1
209182,0
239299,1
173782,1
77920,1
41948,1
254305,0
20640,1
195935,1
216958,1
238868,1
38704,1
64984,1
156578,1
201629,0
39920,1
240686,1
210213,1
147509,1
192270,1
60191,0
179996,1
80909,1
203088,0
203126,1
37514,1
2842,1
214048,1
70710,1
206257,1
248447,1
83295,0
158187,1
192018,1
108524,1
163307,1
85289,0
50341,0
177952,1
60482,1
52192,1
141623,1
77318,1
25528,1
176994,1
146487,1
38180,1
266396,1
67640,1
63499,1
177006,1
54560,1
5734,1
208923,1
124948,1
252076,1
140332,1
179648,0
208572,1
184664,1
12671,0
114864,1
2562,0
16994,1
87875,0
28512,1
186784,0
47795,1
134475,0
227147,1
4363,1
100903,1
166931,1
135070,0
125197,1
104399,1
13542,1
19923,1
208409,0
109969,0
7524,1
141896,1
153701,1
87332,1
144411,1
20274,1
15471,1
136408,1
156201,1
236549,1
158254,1
93215,1
173318,1
198758,1
13154,1
191658,0
180172,1
88708,1
215915,0
109810,1
178411,1
133900,1
148093,1
170165,1
82894,1
3158,1
208481,1
47285,1
96743,1
19005,1
264442,1
121068,0
19934,1
25502,1
153932,1
29319,0
89142,1
228470,1
241183,1
100552,1
52599,1
228931,1
182406,0
138467,0
235098,0
191142,1
106656,1
179482,1
47783,1
197880,1
194569,1
91991,1
83573,1
203378,1
176740,1
244201,1
179231,1
137492,1
3888,1
76793,1
187932,1
166405,1
217805,0
41717,1
76816,1
119647,1
214952,0
136763,1
230076,1
23387,1
182383,1
156774,0
127281,0
245862,1
108388,1
146330,1
189103,0
66624,1
42521,1
222787,1
54114,1
104341,0
106005,1
2523,1
181195,1
234830,1
75929,0
89080,0
202927,1
124770,0
248326,0
221121,1
72904,1
213759,1
180650,1
217585,1
139461,1
118609,1
214684,1
150994,0
128565,1
134252,0
45981,1
64864,0
215850,0
262713,1
210082,1
254053,1
60943,1
107013,0
66363,0
192102,1
225353,1
235451,1
180891,0
34564,0
30089,1
216082,1
227158,1
81555,1
64785,1
217648,1
31037,0
9670,0
133115,1
203388,1
63636,1
27159,1
259865,1
144737,0
91292,1
59163,0
224046,1
202596,1
251928,1
89613,1
202892,0
24352,1
187119,1
73151,1
7525,0
136243,1
63061,1
107769,1
139725,1
45986,1
237295,1
148178,0
202059,1
71532,1
119184,1
137137,1
143060,1
214176,1
122259,1
256897,1
2118,1
179508,1
90840,1
225647,1
220532,1
220777,0
174005,1
245259,0
93431,1
170964,1
182573,1
20899,1
81870,0
54589,1
73664,1
159288,1
127008,1
53931,1
182150,1
134884,1
32501,1
50778,1
7424,1
113729,1
183267,0
259606,0
175490,1
25537,1
136299,0
226262,1
141669,1
78117,1
178722,1
156454,1
113052,1
200817,1
198493,0
101906,1
191943,1
45731,1
264759,0
188983,1
199926,1
209066,1
180832,1
233973,1
194704,1
212990,1
65890,1
140396,1
122129,0
73717,1
223410,1
193521,1
125595,1
15312,0
262222,1
184067,1
16721,1
259022,1
241222,1
190467,1
190872,1
90753,1
18252,1
53686,1
161615,1
200352,1
223149,1
69880,0
20818,1
82104,0
240263,1
227785,1
40,1
104765,1
208405,0
58595,1
143597,1
34573,1
108396,1
166466,1
5373,1
124766,1
244687,1
41165,1
207554,1
144153,1
6138,0
13177,1
236227,0
118504,1
253886,1
34209,1
107611,0
240186,1
160963,1
44535,1
150962,0
47957,1
195153,1
220677,1
2925,1
206572,0
236538,1
47920,1
47958,1
90505,1
131541,1
35899,1
44893,1
44595,1
162197,1
18379,1
180484,1
46351,1
29384,1
12964,1
229046,1
239176,1
177743,0
97242,1
142505,1
4296,1
259564,1
241291,1
48655,1
124679,1
85671,1
262012,1
78148,0
185425,1
203845,0
158129,1
224572,1
14285,1
258117,0
7601,1
147969,1
64243,1
51590,1
125136,1
233659,1
113984,1
211017,0
36697,1
87560,1
128437,1
199301,1
116898,1
172037,1
254657,1
262344,1
84865,1
256661,1
96177,0
191228,1
214654,1
42408,1
257691,1
215469,1
137037,1
61164,1
152164,1
38062,0
173716,1
90132,0
85615,1
179721,1
2103,1
9523,0
103522,1
191530,1
193597,1
122150,1
8770,0
88770,1
105629,1
159076,0
39563,1
100027,0
133568,1
130940,1
151747,0
75065,1
137982,1
117511,1
71408,0
28308,1
111187,1
54490,1
159523,1
185737,1
246481,1
57965,1
151321,0
238898,1
125683,1
194419,1
75943,1
234711,0
168480,1
168772,1
207901,1
158981,1
237589,1
72500,1
206012,1
37084,0
73035,1
238457,0
1091,1
190445,1
88409,1
109282,1
178194,1
232789,0
236044,1
138861,1
13188,1
95689,1
76107,1
217907,1
137990,1
138207,0
130534,1
231397,1
133062,1
25056,1
195728,1
60439,1
242233,1
70514,0
63926,1
256258,1
126430,1
52286,1
141274,0
161490,1
193271,1
185202,1
56319,1
181054,1
161455,1
24683,1
102667,1
159209,1
24682,1
83838,1
199800,1
25250,1
90590,1
148991,1
139505,1
252205,0
242931,0
82293,1
57909,1
159369,1
90354,1
34658,1
96779,1
241835,1
97232,1
198900,1
181776,0
235219,1
248815,1
252497,1
116701,0
78979,1
202333,1
135872,0
148422,1
68882,1
7642,1
69894,1
223766,1
167102,1
117705,0
232074,1
195118,1
12329,1
82166,0
14415,1
175716,1
125007,1
17968,1
174696,1
24869,1
21083,1
190252,0
244244,1
256306,1
172066,0
167315,1
157637,1
253489,0
62752,0
45665,1
148492,1
30060,1
257896,1
219509,1
14622,0
163161,1
217889,1
67563,1
17956,1
107928,0
165886,1
251636,1
233555,1
72803,1
190280,0
170957,1
132009,1
253161,1
153531,1
241859,1
149925,1
117229,1
79297,1
22700,1
191457,1
149652,0
62617,1
190977,0
37888,1
33712,1
194622,1
181028,1
214213,1
223316,1
259759,1
101966,0
249549,1
182947,1
215389,1
133059,1
16217,0
36142,1
188141,1
167798,1
91252,1
174108,0
196028,1
209004,1
209094,1
157410,0
227978,1
123305,1
151122,0
112739,1
158954,0
137193,1
157947,1
44979,1
79907,1
215152,1
180299,1
109704,0
165741,1
169517,1
46780,1
18696,0
185743,1
122464,0
40205,1
250049,1
187241,1
84617,1
81836,1
150456,0
83263,0
249842,1
131309,1
24658,1
112453,1
55590,1
66989,1
21022,1
175856,1
191103,1
257175,0
107820,1
120035,1
17720,0
241259,1
221689,0
251174,1
37913,0
246465,0
88439,0
257919,1
230802,1
39772,1
143598,1
56788,1
155100,1
121113,1
134261,1
56824,1
29003,1
231245,1
148841,0
41032,1
107266,1
253234,0
206931,1
167368,1
89490,1
227473,1
71389,1
75679,1
41369,1
258876,1
155790,1
129237,1
119426,1
99438,1
229148,1
74697,1
246588,1
74086,1
42332,1
4905,0
185227,1
244097,0
238607,1
7603,1
119178,0
237027,1
126315,1
28100,1
253471,1
70626,1
188197,1
84985,1
92581,1
219428,1
139242,1
210888,1
185181,1
99682,1
124602,1
22827,0
108720,1
244824,1
165649,1
218765,1
207307,1
106572,1
232748,1
184596,1
96147,1
265766,1
114887,1
185038,1
27007,1
9474,1
88843,1
263842,0
147996,1
1676,0
73920,1
6654,1
148164,1
40608,1
146372,1
4720,1
132220,1
104730,0
105399,1
105046,1
167462,1
121808,1
183667,1
54644,1
231278,1
96037,1
224135,1
241721,1
136924,1
259540,0
248408,1
99830,0
118439,0
74382,0
84937,1
196658,0
244843,1
71895,1
53329,1
266220,0
62579,1
71027,1
68895,1
103691,1
127986,0
42436,1
230045,0
155687,0
93736,1
233112,1
23783,1
260427,1
255586,1
169045,0
21467,0
50219,1
35658,1
252499,0
151361,1
88518,1
41183,1
252517,1
2761,1
162758,1
210559,1
261605,0
74509,1
194555,1
142835,1
18324,1
35321,1
68625,1
11959,1
240235,1
240738,1
13291,1
104718,1
218421,0
241614,1
213963,1
44304,1
205942,1
240011,1
208053,0
130939,1
126406,1
208451,1
139623,1
146961,0
68044,1
24221,1
80832,1
60307,0
5868,1
238205,0
123097,1
176685,1
163609,1
161627,1
104464,1
204824,1
125920,1
217233,1
116669,1
157467,1
201114,1
140336,1
162456,1
41006,1
250323,1
104496,0
9923,0
80576,1
247504,1
79684,0
223569,1
160573,1
266025,1
178556,1
173635,1
154278,1
41777,1
152901,1
203164,1
46398,0
136945,1
67458,1
104593,1
158205,0
133659,1
46716,1
263671,0
10610,1
209692,1
139699,0
15754,0
245778,0
243406,1
150150,1
196164,1
140544,1
135934,1
128583,1
46271,1
164237,1
103118,1
54990,1
173678,1
52877,0
225546,1
200614,1
48014,1
212497,1
256290,1
180774,1
132490,0
72437,1
200176,1
230799,0
141439,1
154427,1
67780,1
122220,0
25374,1
138690,1
44562,1
32419,1
74021,1
87459,1
242782,1
24866,0
117647,1
251354,1
243780,1
25471,1
33284,1
219479,1
258036,1
150249,0
62361,1
192827,1
63169,1
6396,1
36167,1
228969,1
233943,1
241020,1
173637,1
176847,1
108016,1
4198,1
174089,0
228617,1
137257,1
186018,1
160864,0
240432,1
33817,1
183065,1
9681,1
218422,1
94658,0
64018,1
126646,1
105151,1
222841,0
148950,1
70475,1
90108,1
244704,1
238232,1
116622,1
21712,1
191425,1
228061,1
40306,1
18838,1
215774,1
108815,1
70905,1
105491,1
12925,0
37140,1
94500,1
255828,0
237794,1
47371,1
89064,0
246939,1
251992,0
136611,1
143497,1
201266,1
262644,0
147201,1
242748,0
145823,1
177706,1
18455,0
220126,1
41651,1
234920,1
188870,1
249919,1
158360,1
52134,1
67446,1
48858,1
38578,1
247702,1
132698,0
153535,1
86999,1
151798,1
191640,0
203561,1
121905,1
14214,1
50500,1
147686,1
38654,1
184401,1
12163,0
261873,1
5690,0
239075,1
100876,1
266071,1
57048,1
100580,1
182835,0
111356,1
155869,1
105232,1
201725,1
70734,1
191878,1
114707,1
70146,1
245147,1
33538,1
221830,1
231358,1
23473,1
173647,1
238518,1
106587,1
89896,1
23787,1
94227,0
73720,1
245454,1
123548,1
207766,1
123098,1
153042,1
235790,1
84628,1
14256,1
149255,1
165132,1
145370,0
160636,1
109404,1
98812,1
68351,1
256115,0
68522,1
134590,1
20011,0
194794,1
266506,0
207050,1
232477,1
117625,1
73846,0
95124,1
109184,1
71514,1
119633,1
42364,1
199266,1
128576,1
58036,0
188713,0
55039,1
110853,1
223272,1
131863,1
115283,1
34379,1
240328,0
133704,0
107367,1
231542,1
132440,1
165168,1
143747,0
167762,1
132845,1
149800,1
1945,0
76729,1
195696,1
186915,1
101004,0
202717,0
131650,1
96009,1
217692,0
191782,0
7841,1
249850,1
40539,1
184149,1
167421,1
14303,0
79552,1
128571,1
229448,1
8328,0
187619,1
126265,1
138097,0
134843,1
199879,1
135950,1
21060,1
266620,0
206676,1
56634,1
212252,1
123378,0
56122,1
182476,1
174918,0
232709,1
91592,0
216920,1
82608,1
210930,1
166778,1
18865,1
141465,0
86151,1
127778,0
206205,1
117190,1
30322,1
94279,1
180358,1
148969,1
616,1
121167,1
245116,1
186490,1
18553,1
231814,1
168376,1
152702,0
232795,0
140386,1
148550,1
16828,1
250747,1
219321,1
182885,1
107868,1
249008,1
75542,1
173100,1
242247,1
37922,0
71592,1
37704,0
8663,1
199065,1
222560,1
161947,0
235935,0
129614,1
141895,0
232035,0
117573,0
134554,1
34739,1
194533,1
105983,1
224822,1
208610,1
235055,1
124545,0
53578,0
206699,1
70981,1
136557,1
190075,1
134723,1
64250,1
25292,1
5035,0
184091,1
201024,0
167809,1
151611,1
249889,0
70019,1
58815,1
221479,1
91886,1
643,1
43870,1
78244,1
105892,1
34275,1
103541,1
109530,1
240523,0
224231,0
155072,1
34221,1
71475,1
263890,1
168087,1
219941,1
197487,1
200894,1
138471,1
75948,1
30075,0
161267,0
67954,0
29357,1
153615,1
199713,1
88024,1
167591,1
81826,1
134871,1
50664,1
233633,0
147107,1
234285,1
19779,1
64881,1
95734,1
199467,1
69357,1
217295,1
123832,1
135752,1
233800,1
104421,1
236869,1
20206,1
256469,1
152783,1
44173,1
173126,1
225527,0
91387,1
83210,0
126104,1
41697,1
234733,0
167000,1
185834,1
247350,1
169460,0
265473,1
105984,1
6588,1
167181,1
72283,0
101023,0
99560,1
101201,1
132951,0
44629,1
109974,1
214455,1
245072,1
156156,1
231298,1
223052,1
163716,1
109474,1
165098,1
101753,0
238292,0
158595,1
144106,1
1934,0
44101,1
86241,0
253887,1
218755,0
71060,1
194181,1
30053,1
46553,1
144683,1
146036,1
214720,1
209005,1
30721,1
206594,1
197414,1
169417,1
224526,1
177962,0
199402,0
104467,1
163903,1
25553,1
241215,1
6849,1
157067,1
6949,0
71497,1
138760,1
197368,1
6627,1
155006,0
23993,0
102989,1
192496,1
84910,1
48767,1
165465,1
179359,1
188795,1
74352,1
225678,0
33142,1
214591,0
139974,1
196332,1
8538,1
28399,1
147152,1
183245,1
36945,1
257318,1
97323,1
223823,1
105926,1
103742,1
37840,1
135693,1
257727,1
212826,1
128797,0
14793,1
120038,1
92174,1
183767,1
29421,0
22193,1
17749,0
76424,1
61209,1
146300,1
29008,1
256369,1
227557,1
25531,1
223606,0
214220,1
120450,1
69679,1
209116,1
23703,1
77931,1
46860,1
147547,1
80673,1
59704,1
113119,1
118662,0
217628,1
127161,1
83294,1
132993,1
7510,1
115243,0
146803,1
88725,1
169583,1
193059,1
146274,1
155663,1
228097,1
228353,1
112246,1
178479,1
61856,1
225180,0
26398,1
46135,1
224404,0
4276,1
83233,1
68615,1
250024,1
265559,1
121225,0
201129,1
174815,1
17459,1
221580,1
129304,1
16936,1
105761,1
53429,0
229412,1
110333,1
4783,1
250346,0
101263,1
265330,1
265365,1
185634,1
146443,1
100694,1
135925,1
139020,0
43278,1
70200,1
71460,1
228773,1
120235,1
100371,1
162391,1
81508,1
108236,1
78634,1
51349,1
61685,0
125658,1
113136,0
140241,1
35675,1
242637,1
33126,1
247085,1
164329,1
227060,1
214119,1
262888,0
100018,1
253366,0
17335,1
140862,0
45341,1
182784,0
158120,1
51055,0
134424,1
228731,1
261825,0
53401,1
43609,1
201221,1
161426,1
179843,1
201147,1
264890,0
241089,1
9593,1
173436,1
44800,1
156158,1
119532,0
150257,1
126704,1
20901,0
180856,1
163526,1
167415,1
74183,1
208987,0
203450,0
121329,1
205350,0
164988,1
244676,1
62854,1
81368,0
174591,0
27140,1
156148,1
245275,1
71638,1
195494,1
224146,1
83058,1
39657,1
157523,1
50930,1
185128,1
262582,1
20690,1
51333,1
258193,1
236023,1
223719,1
123501,1
94621,0
6581,0
16480,1
192160,1
121381,1
16310,1
233820,1
21444,1
89044,1
208928,1
247037,1
186756,1
102197,1
153859,1
235574,1
164055,1
168218,1
102278,1
174483,1
5860,1
103599,1
134156,1
71768,0
53183,1
8667,1
2232,1
161059,1
19217,1
119571,0
222729,1
89499,1
94256,1
89603,1
138797,1
28341,1
240921,1
203029,1
142423,1
213509,1
235271,1
223768,1
186253,1
66578,0
104128,1
128916,0
87225,1
153961,1
2419,1
154722,1
144754,0
219391,1
113911,1
262672,0
103153,1
35639,1
266595,1
99846,1
157651,1
144220,0
239644,1
208713,1
102889,1
207311,1
212605,1
346,1
140022,1
88415,1
18608,0
84226,0
84110,1
3233,1
130786,1
57845,1
138041,1
80917,1
83204,1
29688,0
189511,1
254193,1
73060,1
10952,1
94643,1
225189,1
77355,1
23464,1
253349,0
242153,1
232849,1
217845,1
230362,1
42522,1
51147,1
238288,1
91750,1
42104,1
216784,1
173424,1
157012,1
95586,1
105352,1
222791,1
259060,1
214825,1
59033,0
27414,0
62401,0
208472,1
108516,1
81693,1
236797,1
201201,0
9184,0
180915,1
217696,1
11952,1
233314,1
45779,1
152085,0
244180,0
40597,1
89740,1
51465,1
219624,1
230426,1
71628,0
207777,1
243675,1
192166,1
262771,1
246863,1
259144,1
190154,1
233854,1
66002,1
114139,1
145532,1
241989,1
221946,1
200322,0
57680,1
45917,1
78546,1
262179,0
218563,1
136862,1
31161,0
258755,0
132181,1
91859,1
22846,1
231200,1
226329,0
96504,1
222657,1
38869,1
157047,1
164798,1
168476,1
44496,1
172586,1
184142,0
216842,1
251701,1
124291,1
8853,1
148615,0
172744,1
262929,1
155882,1
77208,1
160646,1
118796,1
195961,0
8291,0
218182,1
45225,0
128736,1
195266,1
168942,1
232345,1
134293,1
210068,1
117286,1
102490,1
223053,0
92422,1
207051,1
232328,1
236822,1
119677,1
70694,1
59390,1
110814,1
232775,1
2870,1
208806,1
63551,1
257005,1
15324,0
122828,1
111104,1
181132,1
49560,1
263700,1
257037,1
260679,0
88112,0
11671,0
29086,1
193231,1
109875,1
196422,1
60331,1
7589,1
100062,1
189049,1
172802,1
32224,1
73381,0
69405,1
183390,1
136906,1
8048,1
132152,1
192741,1
112816,0
221468,1
131581,0
75982,1
202615,1
35068,1
259669,1
35847,1
256328,1
100494,1
254748,1
24302,1
141103,1
3447,1
238738,1
160835,1
40969,1
48165,1
15161,0
177997,1
62951,1
109149,1
83384,1
27822,0
161210,1
248971,1
248418,0
93966,1
197274,1
204915,1
143976,1
208950,1
3844,1
206183,1
203230,1
245473,1
27418,1
164511,1
171633,1
64657,0
75491,1
117500,1
47629,1
76980,1
212959,0
10094,0
19778,1
97137,1
32257,1
178504,1
57981,1
244705,0
252084,1
260696,0
246218,1
49974,1
155909,1
157302,1
212186,1
243801,1
265004,1
206993,0
180624,1
195236,1
259888,1
71649,1
43686,0
244592,1
243623,1
202223,1
176876,0
100977,1
63087,1
80689,1
112854,0
114469,1
240315,1
32812,1
195168,1
52742,1
122232,1
245277,1
201007,0
129476,1
26413,1
70923,1
186024,1
30113,0
184615,1
226908,1
253680,0
140490,1
107173,1
90434,1
226454,1
200664,1
52159,1
207296,1
171713,1
22053,1
231357,1
203394,1
191996,0
132276,0
206487,1
7276,1
112121,0
214179,1
35646,0
107617,1
258337,0
33735,1
110119,1
258605,1
18002,1
225126,1
232368,1
255458,1
192581,1
206500,0
101983,1
259344,1
46856,1
22300,1
105109,1
198461,1
64135,0
26186,1
233644,1
71283,1
80737,1
2192,1
62985,1
216278,1
132484,1
242929,1
65999,1
234053,0
165084,1
185372,1
114778,0
97439,1
130359,1
14414,0
262931,1
181044,1
239688,1
104445,1
212024,0
18281,1
264472,0
135496,1
76792,1
22804,0
1645,0
191754,1
196678,1
23516,1
34636,1
33355,1
94875,1
52359,1
235352,1
2402,1
181272,1
167925,1
257092,1
19121,1
194875,1
64699,0
163144,1
137511,1
180604,1
172497,0
143078,0
104091,1
227753,1
219326,1
112595,1
93951,1
27996,1
66290,1
206109,0
68374,0
261843,0
24040,0
220486,1
210099,1
244215,1
101137,1
180451,1
51234,1
234092,1
143583,1
97277,1
251402,1
126270,1
243713,0
136301,0
99780,1
159868,1
48679,0
82181,0
116923,1
133179,1
66565,1
159342,1
206689,1
11641,1
113588,1
56822,1
135730,1
46375,1
191547,1
79582,1
108741,1
11441,1
251493,0
112903,1
246011,1
54008,0
221799,1
112543,1
157036,0
256466,1
44438,1
237245,0
213413,1
67494,1
57506,1
86414,1
199017,1
198089,0
118083,1
253461,1
126815,0
123622,1
83480,1
253262,1
211889,1
26739,1
119851,1
20890,1
159187,1
43135,1
179089,0
11628,0
78693,0
98673,1
70121,1
166568,1
169356,0
30202,1
24761,1
191824,1
15725,0
224628,1
245485,1
12887,1
258974,1
163332,1
29504,1
96046,1
251965,1
27564,1
171932,1
192132,1
58233,1
192338,1
264195,1
104665,1
168512,1
138250,1
209736,1
77774,1
249764,0
31838,1
48642,1
182627,1
69104,1
26562,1
106480,1
153235,1
58089,1
79719,1
229896,0
104373,1
157332,1
265434,1
139913,1
85967,1
259067,1
255087,0
216049,1
155265,1
202463,0
80249,1
216765,1
160225,1
33742,1
28327,1
265762,1
250365,1
265272,1
223615,1
248946,1
152135,1
97100,1
70463,1
161021,0
60199,1
44395,1
124854,1
94941,1
29802,1
55966,0
207529,1
46568,1
32636,1
43003,1
207622,1
109241,1
199056,1
122190,1
253440,1
243694,1
118486,1
110931,0
51067,1
227399,1
162841,0
75983,1
100620,0
73280,1
73600,1
6555,1
212613,0
74417,1
7325,1
47909,1
126013,1
74580,1
93579,1
76191,1
65785,1
246954,1
72805,1
229207,1
169207,1
238721,1
208558,1
174758,1
90394,1
96133,1
255571,1
154840,1
30842,0
54479,1
48096,1
73544,1
129925,1
252602,1
216946,1
261182,0
96211,1
58406,1
130342,1
240830,1
172225,1
231835,1
63964,1
35560,0
112801,1
148924,1
78500,1
159574,1
232678,1
46098,1
153761,1
53572,0
116129,0
46717,1
116424,0
93358,1
119199,1
253689,1
146352,1
162405,1
241527,1
162199,1
169470,0
101111,1
180691,1
101267,1
18422,1
124096,1
161535,1
128940,1
106767,1
137099,0
79175,0
157285,1
234808,1
175874,1
146517,1
56221,1
243604,0
174037,1
216798,0
72946,1
125327,0
96594,1
101544,0
194214,1
111402,1
224976,1
209337,1
186867,1
258397,1
167935,1
241170,1
150326,0
152228,1
238684,0
121807,1
55540,1
252674,1
224764,1
1704,0
142990,1
46760,1
50699,1
28486,1
250133,1
138423,1
16308,0
9804,0
194808,1
247695,1
199615,1
246919,1
92219,1
209209,0
139855,0
235913,1
46514,1
192007,1
103408,0
210756,1
203475,1
38298,1
14027,1
238174,1
175703,0
100478,0
127332,1
154784,0
219312,0
198853,0
137683,1
221437,1
56785,1
118908,1
156314,1
249840,1
222620,1
189696,1
113506,1
142383,0
53043,1
48916,0
57126,1
132335,1
211161,1
176222,0
64871,1
145373,0
83524,1
202537,1
211404,1
193201,0
208268,0
208701,0
59646,0
203401,1
205312,1
114354,1
18592,1
69819,1
248101,1
64555,1
197060,1
94266,1
233550,1
55455,1
116516,1
150073,1
87254,1
186079,1
89708,1
160515,1
112612,0
190005,1
188565,1
9181,0
3860,0
122612,1
246455,1
22607,1
40071,0
48346,1
254134,1
19178,1
176338,1
16549,1
149478,0
131911,1
261612,1
32462,1
150603,0
164260,1
37336,1
61921,0
29156,0
14146,0
182422,1
96384,1
23360,0
95254,1
210156,1
191630,0
199248,1
145322,1
224150,1
133546,0
246104,0
60081,1
38604,1
85103,1
57566,1
168205,0
180174,0
189321,1
228047,0
209658,1
183375,1
259621,1
78406,1
36969,1
222492,1
67589,1
184141,0
258873,1
249911,0
23943,0
5909,1
159855,1
193090,1
58178,1
20966,1
185281,0
158699,1
85966,1
17,0
95474,1
213278,1
93712,1
224378,0
141429,1
35053,1
7794,1
209098,1
226023,1
183634,1
247232,0
177669,1
150050,0
247459,1
22323,1
46886,1
67571,1
96989,0
3207,1
208334,1
80255,1
133210,1
18921,1
170602,0
80138,1
49262,1
217642,1
258432,0
254953,1
113347,1
123385,1
171712,0
163643,1
244520,0
128810,1
14931,1
153040,1
117792,1
14216,1
252343,0
99975,1
231437,1
43476,1
73761,1
172440,1
49678,1
83198,1
194758,1
137565,0
241803,1
208355,0
94355,1
91477,1
51199,1
253267,1
155029,0
59870,1
88085,0
7735,1
103221,1
151000,1
27813,1
263967,0
257873,0
76574,1
121652,1
228662,1
37,0
152105,1
123100,1
218277,1
196854,1
34447,1
110405,1
152106,1
34943,1
90539,1
76863,1
74769,0
252320,1
230706,1
152624,1
87355,1
249769,1
119092,1
227439,0
189201,1
236557,0
192395,0
200429,0
12568,1
176541,0
196082,0
140375,0
130558,1
36415,1
95655,1
171136,1
63206,1
11834,1
221526,1
128533,1
115339,1
216086,1
6871,1
147667,1
260177,0
210395,1
156182,1
228987,1
235329,1
68533,1
133815,0
260479,1
114015,1
24189,1
8337,1
228858,1
218299,1
138722,1
129171,1
76356,1
242544,1
54593,1
153210,1
243333,1
105170,1
178831,0
98371,1
96284,1
199729,1
24596,0
190678,1
108653,1
238698,1
103421,1
32420,1
265955,0
101576,1
179247,1
200826,0
86707,1
76259,0
13969,1
191191,0
217704,1
264130,0
149671,1
27849,1
103329,1
196533,1
3488,1
212660,1
94172,1
30295,0
90083,1
104868,0
247329,1
32945,1
190328,1
214420,0
146359,1
82421,0
183979,1
44121,0
115829,0
6528,0
212771,1
213298,1
213238,1
110944,1
107355,1
50086,1
215999,0
152889,1
149661,1
149711,1
104596,1
130913,1
217506,1
124338,1
111727,1
79866,1
201970,1
66140,1
96073,1
116374,1
63236,1
144542,1
196898,1
85560,1
234837,1
101592,1
211947,0
15113,1
207384,1
169703,1
96709,1
139791,1
64001,1
8279,1
139637,1
248360,1
118349,1
38055,1
98988,0
155702,1
19051,1
120754,1
183786,1
230592,1
223329,0
209510,1
78684,1
191430,1
42962,1
178203,1
223521,0
52031,1
25776,1
18355,1
108246,1
55310,1
202817,1
34444,1
98530,1
218756,1
34362,0
240015,1
95849,1
34697,0
163544,0
11090,0
170871,1
254776,1
132969,0
219061,0
84457,1
115404,1
94665,1
238558,1
40161,1
143062,1
189191,1
137507,1
118141,1
52110,1
246232,1
128361,0
66308,0
182805,1
189629,0
168737,1
221151,0
28393,0
37235,1
258352,1
247944,1
218719,1
39330,1
101853,1
158230,1
79105,0
167432,1
77960,1
186312,0
158683,1
215575,1
213304,0
235745,1
260630,1
121238,0
71764,1
197691,1
46988,1
148047,1
108687,1
112546,1
236827,1
75554,1
29379,1
142939,1
76315,0
109988,1
88323,0
130851,1
96974,0
163198,1
232933,1
140466,1
18814,0
91503,1
189550,1
90037,1
71400,1
182782,0
10162,1
72085,1
240110,1
2981,1
250372,1
65243,0
212477,1
85518,1
14732,1
123275,1
130082,1
7777,1
148408,0
44802,1
217806,1
136272,1
208786,1
256741,1
155252,1
43177,1
28113,1
155802,1
63442,1
84607,0
172554,1
70782,1
121693,1
192749,1
164936,1
71717,1
7397,1
149254,0
265742,0
74162,1
240949,0
7080,1
223364,1
72415,1
190804,1
256929,1
35129,1
7282,1
118293,1
192119,1
257322,1
88816,0
129527,1
193327,0
95451,1
164152,1
52478,0
36539,1
180758,1
147840,1
93580,1
45969,1
23710,0
50561,1
120761,0
211264,1
28389,1
216123,1
37831,0
164628,1
169013,1
240193,1
248674,1
51500,1
18309,1
132753,1
176625,1
92355,1
151910,0
199845,1
227947,1
185906,1
40817,1
205485,0
174203,1
56859,1
196666,0
202430,1
186205,1
151904,1
43413,1
58955,1
142281,1
89150,0
63382,1
157137,1
8861,1
40089,1
17056,1
258740,1
120817,1
197594,1
61505,0
166554,1
26890,0
222091,1
83225,0
220546,1
49612,1
204733,1
1316,1
201195,1
98871,0
247509,1
114385,1
251618,1
197390,1
52881,1
114881,1
236468,1
38691,1
152871,1
71534,1
19608,1
257814,1
52203,1
98206,1
36428,1
244593,1
135799,1
80360,1
130261,1
211166,1
47477,1
119134,1
23238,1
136289,1
121187,1
247260,1
212098,1
142462,1
64570,0
106697,1
172857,1
50081,0
214442,1
85172,0
175170,1
122665,1
236790,1
250892,1
98989,1
162249,0
159,0
263185,0
229447,1
94574,1
6951,1
12221,0
197990,1
127620,1
153005,1
30791,1
252989,1
223296,0
91160,1
252287,1
181046,1
87764,1
108609,0
151164,1
186748,1
90600,0
229782,0
220042,1
60464,1
114175,1
9263,1
176494,1
104225,1
74920,1
255563,1
120834,1
236618,1
111341,1
61320,0
206850,0
160109,1
154106,1
81079,1
243625,1
229538,1
262234,1
176991,1
74004,1
31534,0
120428,1
187970,1
103359,1
11170,0
53165,0
105364,1
89321,1
184130,1
91304,1
260376,0
107703,1
223460,1
123010,1
16747,1
201457,1
249313,0
172959,0
190885,0
5915,1
135708,1
155883,1
158008,1
202114,1
47085,1
181056,1
162740,1
248029,0
54969,0
61131,1
198174,1
34272,1
254249,1
64386,1
23211,1
126069,1
84656,1
97073,0
70785,1
225997,0
93411,1
185684,1
160203,0
91852,1
172853,0
208159,1
140383,1
151230,0
217303,1
245704,1
248325,0
103862,1
61251,1
194013,1
113435,1
235980,1
50146,0
221758,0
56458,1
21171,1
86066,1
154420,0
111935,0
66289,1
232556,1
167042,1
23024,1
114797,1
219266,1
148972,1
147985,1
162152,1
65132,1
68092,1
163634,1
66274,0
25490,1
67751,1
213118,0
174351,1
75881,0
205016,1
211087,1
163065,1
257239,1
181540,1
129384,1
249748,0
28247,1
113162,1
147046,1
133215,1
262476,1
50686,0
10331,1
49377,0
53999,1
33432,1
237716,1
182764,1
2944,1
49633,1
249288,1
12198,1
172514,1
110510,1
240788,1
144452,1
244811,1
190169,1
260258,1
115352,0
203769,0
137665,1
258488,0
2804,1
86703,1
7534,0
223412,0
238875,1
231869,1
258972,1
167316,1
61457,0
201901,1
124368,0
239614,1
26589,1
24836,1
162476,1
252677,1
221942,1
112533,1
118355,0
146558,0
85723,0
204898,1
9862,0
59427,1
262464,0
255034,0
119193,0
90171,1
49025,1
241502,1
61060,1
89891,1
148619,0
147391,1
51690,1
236485,1
33866,1
46209,1
196877,1
2986,1
61718,1
119858,0
206118,1
31339,1
89714,1
91424,1
32450,1
69116,1
10597,1
54246,1
20203,1
122725,1
128392,0
83705,1
170552,1
94851,1
30285,0
178869,0
67864,1
155894,1
57244,1
205981,0
27658,1
172736,1
220772,1
251126,1
77280,1
256032,1
135240,1
47933,1
51288,1
188638,1
237260,1
10973,1
61533,1
204203,1
264136,1
56471,1
141231,1
128613,1
190196,0
53742,1
264203,1
42470,1
226491,1
187166,1
12392,1
183738,1
154651,1
184009,1
149975,0
172538,1
79782,1
19402,1
175414,1
242933,0
151946,1
259938,0
249365,1
99081,1
101786,1
43215,1
252630,1
257285,1
31684,1
173239,1
133983,1
242901,0
120583,1
256379,0
82692,0
60004,1
163949,1
220578,1
20381,0
83372,1
11759,0
34191,1
81220,0
117561,0
30910,0
18030,1
215523,1
103207,0
138842,0
184971,1
176447,1
196362,1
87016,0
184918,1
248732,1
200485,1
146228,1
185080,0
51784,1
147622,1
74320,0
107507,1
35587,1
140173,1
189884,1
129594,0
198148,0
256794,1
223508,1
49229,1
166895,1
59771,1
216256,1
93863,1
117618,1
46156,1
98565,1
252374,1
87593,1
224287,1
218848,1
211919,1
43020,1
248618,1
2139,1
120116,1
253628,0
186654,1
10831,0
121880,1
30425,0
168145,0
90666,1
219864,1
76975,1
147451,1
153717,1
141246,1
201627,1
260031,0
98106,0
2649,0
102244,1
9369,1
39350,1
63783,1
108290,1
219006,1
212755,1
25117,1
259937,1
137049,1
2105,0
168933,1
250143,1
53757,1
2526,1
244243,1
11283,1
27010,0
153506,1
107421,1
137098,1
129790,1
129745,1
83471,1
214407,1
28879,1
265039,1
85998,1
227308,1
154090,1
53692,1
205021,1
258491,1
247606,1
72931,1
34153,1
132176,0
149576,1
21398,0
176750,1
202470,1
37849,1
133945,1
123113,1
250118,1
180867,1
185907,1
198929,1
177292,1
127939,0
125146,1
174072,1
2326,1
198550,1
231082,0
57270,1
10918,0
9822,1
245577,1
207754,1
34609,1
58404,1
851,1
13369,0
1268,1
246198,1
16958,1
254704,1
45720,1
96444,1
214377,1
147544,1
105146,0
193387,1
18274,1
96760,1
1344,0
223276,0
210491,1
198976,1
57972,1
1625,1
211462,0
18353,0
186869,1
93287,0
102440,1
140637,0
264024,1
178617,1
55129,0
2121,1
236738,1
122148,1
6439,0
144985,1
118262,0
248334,0
25909,1
259792,1
156472,0
243827,1
58851,1
68558,1
58014,1
74017,0
192151,1
190492,1
3170,1
131050,1
235953,1
43391,1
233376,1
159687,1
129587,1
162000,1
148980,1
133200,1
140795,1
130014,1
166584,0
212456,1
64633,1
92810,1
24168,1
202160,1
220181,1
202283,1
26681,0
168562,1
160796,0
117163,1
69069,0
37002,1
81659,1
187280,1
224640,1
114757,1
37716,1
260666,1
14442,0
128979,1
23084,1
136828,1
74283,1
115899,0
141205,0
84144,1
107752,1
203722,1
35030,1
58863,0
263783,1
15719,0
126926,1
142642,1
129260,1
101746,1
96204,1
130609,1
97197,1
21984,1
62417,1
257857,1
221055,1
31827,1
59537,1
220002,1
25980,1
266636,0
128426,1
258774,1
163257,1
261712,1
151436,1
97163,1
1416,1
65380,1
81121,1
92852,1
185008,1
123220,1
169572,1
216537,1
127058,1
110134,0
110063,1
253098,0
244882,1
206872,1
5440,0
149588,1
231711,1
145064,1
206018,1
200898,1
26176,1
238760,1
263494,0
164459,1
251475,1
204894,1
200097,1
31710,1
214999,1
263930,1
125152,1
43798,0
185184,1
112066,1
89412,1
170365,1
35535,1
160467,0
205524,1
165511,1
113925,1
194276,1
92749,1
148496,1
226954,1
222816,0
173808,1
57537,0
142208,0
72878,1
164753,1
231413,1
217200,1
59311,1
114399,0
199950,0
161541,1
11439,1
39684,0
169244,0
208563,1
123836,1
224508,1
141202,1
191185,1
148232,1
107657,1
678,0
126483,1
206337,1
104743,1
129232,1
148661,1
72251,1
229119,1
17734,1
210656,1
143336,1
182087,0
20142,1
141009,1
172199,0
191074,1
240861,1
20951,1
227600,1
157340,1
56126,1
197395,1
1209,1
20434,1
136527,1
218555,1
94424,1
103010,1
221225,1
237109,1
60519,1
192992,1
90333,1
86407,1
241442,1
85510,1
3624,1
68274,1
255117,1
27976,1
16622,1
253432,1
218743,0
113855,1
54419,1
72716,1
16276,1
129518,1
231677,0
231325,1
220438,1
221753,1
21770,1
147943,1
152454,1
211684,1
74385,1
181229,1
25469,1
48831,1
35098,1
54629,1
43541,1
36796,1
120175,1
31124,1
171036,1
19289,1
117680,1
188086,0
78771,1
157372,1
105920,1
173946,1
142855,1
21282,0
22741,1
21357,1
65358,0
62650,1
241549,1
140119,0
196190,0
225103,1
73906,1
227981,1
238433,0
104268,0
121529,1
52232,0
142049,1
118359,1
164346,1
64726,1
31971,1
11615,1
190236,1
14096,1
211288,1
133199,1
3708,1
68747,1
68336,1
122723,1
28669,1
32468,1
159923,0
145311,1
198980,0
29219,0
186645,1
51022,0
236924,1
75638,0
3292,1
194213,1
38786,1
3588,0
79485,1
142821,1
161422,1
236515,1
109110,1
244481,1
151626,1
1039,0
140591,1
254554,1
10214,1
187452,1
204896,1
250208,0
1990,0
62334,1
2462,0
149057,1
192126,1
198543,1
46907,1
225883,1
6559,1
248637,1
253710,0
198357,1
65103,1
157874,1
221473,1
151118,1
228815,1
152548,1
48657,1
47107,0
121990,1
161520,1
11241,1
104140,1
258420,0
59570,1
79731,1
103703,1
182653,1
137100,1
44573,1
177490,0
126410,1
79170,1
143635,0
170470,1
14809,1
103489,1
108431,1
3429,1
5945,1
167390,0
172287,1
137706,1
38011,1
245755,0
5928,1
123458,1
193267,0
227331,1
181569,0
5439,1
99596,1
224114,1
196314,1
251405,1
19995,1
71665,1
58551,1
76951,1
185619,1
216792,1
166834,1
158456,1
114306,1
235170,1
228998,1
223271,1
263194,0
225408,0
230073,1
130829,1
205037,1
257271,1
261290,1
114690,1
152334,1
247143,1
156134,1
222965,0
90195,0
24655,1
40414,1
2827,0
141301,1
173130,1
164821,1
231539,1
235730,1
167816,1
213411,1
242252,0
137233,1
218111,0
67685,1
45582,1
31502,1
89473,1
55343,0
71604,0
182866,1
151280,1
14773,1
79941,0
93617,1
122536,1
37215,1
210825,1
22006,1
70896,1
242,1
116610,0
71648,1
95632,1
79808,1
126328,1
140246,0
70175,0
17501,1
219732,1
149451,1
47196,1
59392,1
152340,0
24414,1
263520,1
141520,1
43310,1
233064,1
21154,1
39963,0
2977,1
240097,1
197158,1
53504,1
179171,0
184645,1
37873,1
232534,1
1444,1
153108,1
145666,1
13259,1
46507,1
183463,1
91358,0
234109,0
61058,1
107782,1
265196,1
158603,0
5513,0
238736,1
120958,0
199279,0
218553,1
169791,1
92689,0
209144,1
232430,1
167881,1
237663,1
91282,0
109524,1
125003,1
81179,1
157692,1
43106,1
254088,1
62225,1
213455,0
88914,0
244689,0
8348,1
177789,1
165634,1
117149,1
158820,1
68432,1
64602,0
194141,1
105671,1
127413,1
263796,1
215970,1
185959,1
192902,1
1144,1
247223,1
13195,1
180648,0
90887,0
71001,1
260736,1
210339,1
19558,0
250480,1
15614,1
244562,0
188477,1
224757,1
8156,1
37848,1
84550,1
175134,1
151159,0
106336,1
163063,0
263552,1
211921,1
45949,1
113464,0
255675,1
183210,1
128790,1
231550,1
33748,1
31033,1
99727,1
29692,0
163754,1
223260,0
9998,1
157450,0
116044,1
189726,0
119431,0
183453,1
47508,0
170183,0
259464,0
89998,0
72891,1
78763,1
261819,1
146029,1
120660,1
90107,1
246473,0
136767,1
46570,1
14330,1
100606,1
189557,1
56669,1
28089,1
49443,0
160395,1
52922,1
38502,1
142486,1
347,1
253019,1
206261,1
4402,1
154444,1
225144,1
137266,0
172343,1
176948,1
63863,1
161674,1
41215,1
20062,1
111849,1
244761,1
248941,1
251601,1
93454,1
259451,1
46053,1
250735,1
69798,1
170331,1
248411,0
34055,1
51943,1
213000,1
192181,1
8843,0
137787,1
125848,0
241368,1
150675,1
103677,1
179258,1
126597,0
167752,1
999,1
192615,1
104318,1
196094,1
164863,1
133695,1
28495,0
234262,1
228787,1
204030,1
774,1
69795,1
83874,1
95964,1
245392,1
266428,0
25316,1
84541,1
38468,1
188896,1
940,1
181588,1
210966,1
99490,1
178798,1
72545,1
172040,1
250146,0
142358,0
67301,1
100452,1
204876,0
216486,1
179823,1
210714,1
19338,1
122227,0
64419,1
19789,0
218805,0
1288,1
261190,1
17797,1
82980,0
48807,1
63227,1
81903,1
192445,0
227795,1
242350,1
251979,1
207883,0
31480,1
154835,1
9740,1
164010,1
68473,1
236706,0
141718,1
123221,1
183799,1
174501,1
58759,1
133077,1
246192,0
221707,1
182733,1
76368,1
255337,0
102990,1
74555,1
254024,1
16283,1
123575,1
17872,1
48525,1
113922,1
53865,0
234,1
37664,1
76628,1
129726,0
1930,0
52944,0
251337,0
139416,1
33626,0
259231,0
148808,1
173405,1
252950,1
210436,1
243806,0
67041,1
42417,1
208422,1
183732,0
133819,0
158942,1
39664,1
189955,1
162757,1
59782,1
81910,1
173841,1
183590,1
200848,1
83944,1
157217,1
145208,0
95221,0
185178,1
85942,1
74256,0
247224,1
29870,1
108526,1
172505,1
137708,1
247604,1
27592,1
103316,1
254813,0
20108,1
169745,1
140411,1
62890,1
164284,1
56318,1
40314,1
112120,1
167404,1
105305,1
154264,0
205761,1
173798,1
20697,1
86992,1
126913,1
81436,1
100488,1
203802,0
152385,1
154297,1
11558,1
151291,1
84825,1
110505,1
82890,1
117210,0
227175,0
198218,0
174844,1
166617,0
65868,1
166668,0
249649,0
7320,1
260852,1
188878,0
246084,1
154283,1
143366,1
185557,1
263193,0
214000,1
191067,0
190235,1
258325,1
1838,0
189204,1
207669,1
162973,1
178260,1
174626,1
210088,0
246819,1
201567,1
96721,1
69641,1
240843,0
185894,1
182030,1
114045,1
202623,1
138626,0
211044,0
72078,1
186074,0
262092,1
213915,1
84072,1
181593,1
249579,0
164914,0
129364,0
86530,1
151604,1
61454,0
201630,1
177854,0
229486,1
191566,1
128142,1
138266,1
82701,0
61484,1
77535,1
130231,1
182130,1
136189,1
18832,0
180583,0
255851,1
223890,0
69071,1
86671,1
94810,1
231434,0
24569,1
170261,1
155494,0
176301,1
153825,1
1491,1
191200,1
135786,1
40370,1
65588,1
7469,1
2093,1
150250,1
263673,0
200883,1
55650,1
1566,1
42,0
149767,1
73373,1
109256,1
9801,1
75233,1
220111,1
20814,1
69817,1
255030,1
252419,0
229009,1
175643,1
19028,1
192535,0
232273,1
247680,1
20060,1
126933,1
112981,1
234768,1
39408,1
16491,1
81428,1
205681,1
51132,0
178229,1
166319,0
117599,0
85459,0
210500,1
116246,1
257779,1
89975,1
19677,1
31280,1
186342,0
193438,1
170648,1
144559,1
9627,1
134305,1
130294,1
229494,1
27303,1
145723,1
172814,0
71883,1
257268,1
133069,1
243606,1
257794,0
262803,0
228476,0
133661,1
149944,1
74107,1
261115,1
20637,1
130556,1
112079,1
108352,1
81466,1
24247,1
22698,1
73991,1
4878,0
120048,1
192927,0
43841,1
111161,1
55403,0
125329,1
193440,1
211671,1
52961,1
71470,1
243416,1
130672,0
171184,1
249321,1
182516,1
262859,1
71871,0
58752,1
34720,1
176569,1
152965,1
113029,1
172613,1
112148,0
102207,1
200573,1
194380,0
217998,1
156683,1
167958,1
132604,1
25595,1
66712,1
123969,1
83486,1
105027,0
156512,0
153638,0
255158,1
30148,1
126888,0
88206,1
187669,1
100168,1
31531,1
11222,1
260437,1
172293,1
67683,1
20980,1
250018,1
121033,1
73632,1
216186,1
27213,0
262148,1
49226,1
54730,1
95089,1
157186,1
36766,1
16013,1
195455,1
190062,1
251332,1
140285,1
238091,1
85030,1
196437,0
171570,1
209389,1
162113,1
60598,0
250226,0
129046,0
622,0
156511,1
185297,1
261424,0
233996,1
78256,1
182904,0
119992,1
257056,1
15593,1
100703,0
84647,0
201612,1
1550,1
65301,1
117132,1
173894,1
53175,1
220146,0
4950,0
123204,0
79566,0
113836,1
177607,0
147769,1
131341,1
232495,1
78713,1
169599,1
160100,0
193804,0
214629,1
114904,1
49414,1
171668,1
194652,1
102360,1
52063,1
157951,0
124883,0
205004,0
198960,1
150235,1
147060,1
29454,1
225960,1
151360,1
77487,1
132224,1
97347,0
233955,1
227429,1
111554,1
66180,0
114893,1
193320,1
84854,1
177260,1
44072,1
13772,0
84920,1
106398,1
196722,0
183190,0
60323,1
171278,0
24504,1
11890,0
47190,1
116621,1
28184,0
120371,1
229140,1
30629,1
3318,1
27532,1
49909,1
125752,0
26208,1
11017,1
47905,1
180496,0
248770,1
237113,1
148336,1
216509,0
237442,1
191762,1
69541,1
102230,1
118889,1
26855,1
207859,1
51523,1
90895,1
37456,1
105641,1
10725,0
74431,1
256077,1
90642,1
246135,1
260017,0
216358,1
2699,1
80270,1
14367,1
195816,1
12518,0
191448,1
194691,1
46802,0
97120,1
63028,1
115025,1
138032,1
235742,0
24600,1
88057,1
111451,1
1261,1
17961,1
117654,1
76372,1
109919,1
53566,1
148761,1
197279,1
114968,1
217877,1
248224,0
200243,1
30728,1
58722,0
236464,1
8385,1
181794,1
264663,1
23953,0
115728,1
115087,1
65725,1
96956,1
26740,1
57499,1
120289,1
28014,1
97621,1
195146,1
80667,1
119932,0
93882,1
243171,1
111151,0
206190,1
80856,1
222111,1
129800,1
76072,0
153867,1
118927,1
261944,0
36823,1
246994,1
175558,1
165590,0
44263,0
218558,0
233915,0
260866,0
82400,1
209725,1
70991,1
129207,1
90529,1
247575,1
7916,1
259422,1
100228,1
216985,0
253975,0
132393,1
261715,1
244688,1
159770,1
54474,0
144696,1
141589,1
265429,1
90259,1
96978,0
41425,1
112053,1
169952,1
257070,1
199942,1
134852,1
69896,1
233984,1
4400,1
74647,1
197199,1
248576,0
259197,1
175821,1
177040,1
74109,0
9110,1
80652,1
158533,1
85703,1
21677,1
226605,1
81244,1
165386,1
129497,1
165294,0
168896,1
80751,1
126887,0
30528,1
46220,1
127367,1
217151,0
220409,1
212478,0
64730,1
222867,1
248357,1
193172,1
159895,0
173129,1
225593,1
26282,0
13557,1
205735,1
247908,1
188106,0
8072,1
49408,1
3863,0
1541,1
31914,1
237907,1
67674,0
137567,1
189580,0
210699,0
112388,0
38051,0
230143,1
38083,1
57620,0
182730,1
130897,1
137694,0
108556,1
20577,1
68888,1
184621,1
146954,1
10145,0
102392,1
27002,0
216805,1
164440,1
46525,1
236859,1
227704,1
56446,1
252457,1
45090,0
171329,1
104376,1
41431,0
208986,0
251063,1
66054,1
255780,1
73277,1
80925,1
256699,1
44239,1
62063,1
196522,1
230392,0
69088,1
115967,1
236131,1
108159,1
180582,1
230216,1
82274,1
199939,1
88537,1
90557,1
75420,1
210923,1
156283,1
113385,1
147536,1
707,1
127299,1
672,1
135871,1
79344,1
90292,1
28750,1
193291,1
223018,0
120509,0
118286,1
82501,0
130146,1
255442,1
254876,1
241416,0
150586,0
114631,1
171925,1
249391,0
64941,1
92358,1
201582,1
228850,1
51972,1
25551,1
232947,1
35783,1
234224,1
122312,1
98843,1
196715,1
69833,1
247420,0
61681,1
232151,1
147861,1
259472,0
246804,1
19301,1
55337,1
264823,1
165257,1
108570,1
27108,1
229737,1
27205,0
75299,1
246256,1
217432,1
140580,1
170206,0
58003,0
97218,1
210124,1
89058,1
240960,0
775,1
181202,1
43962,1
89171,1
43461,1
225671,1
266410,1
183614,1
226977,0
266535,0
117895,1
216540,1
21232,1
38082,0
184458,1
231323,0
86857,1
116075,1
12319,1
221283,1
150746,1
161727,1
190429,1
148006,1
29739,1
185542,1
236993,1
228093,0
48946,0
257796,1
76252,1
87909,1
164505,1
172712,0
145978,1
112151,1
260656,0
223106,1
38388,1
49211,1
224794,1
109604,1
159806,1
118668,1
2627,1
206391,0
193317,1
105472,1
9941,1
130798,1
253257,1
237819,1
173368,0
167608,1
162322,0
221600,0
121579,1
195000,0
152663,1
149089,1
118430,1
12875,1
27348,1
63933,1
56771,1
205789,1
81383,0
130021,1
81222,1
226962,1
94335,0
180038,1
226111,1
66957,1
79614,1
81658,1
30063,1
175035,1
188410,1
28529,1
233340,1
52966,0
164526,1
144042,1
174954,1
145275,0
76759,1
129354,1
11867,0
73926,0
193889,1
256321,1
33929,1
257228,0
192081,1
231732,1
35755,0
155692,1
136007,1
253951,1
173056,1
196475,1
181885,1
248480,0
192715,1
206034,1
119783,1
245846,0
153439,0
145610,0
41646,1
40085,1
83834,1
211698,1
102217,1
225885,1
244584,0
66339,1
249796,0
115537,1
90503,1
174906,1
53227,1
77786,1
226481,1
51545,0
112737,1
236651,1
159176,1
25744,0
42750,1
177893,1
43300,1
212978,1
72279,1
16966,1
63968,1
253313,0
159751,1
208964,1
214595,1
225677,1
174928,0
57163,1
177559,1
59118,0
173864,1
208696,0
221814,1
140951,1
176186,0
113921,1
39790,1
58010,1
258,1
136381,1
209691,1
160714,0
199246,1
213429,1
41920,1
164456,1
216364,0
177646,1
228379,1
98651,1
261761,1
50156,0
19493,0
4702,1
237377,1
138327,1
49632,1
40402,1
56967,1
79013,1
139727,1
246782,1
253286,1
52113,1
201373,0
97117,1
149686,1
211649,1
34841,1
241321,1
59912,1
243289,1
163217,0
162469,1
36404,1
250772,1
58034,0
3512,1
242722,0
90250,1
64062,1
142211,1
4593,1
123723,1
13491,0
49828,1
258808,0
57083,1
240925,1
60236,0
120391,1
1048,1
32976,1
117557,1
254332,1
127102,1
252145,0
61588,1
192368,1
173584,1
215388,1
99468,1
215050,1
26910,1
150300,1
264047,0
96751,0
18852,1
82553,1
57895,1
58297,1
22881,1
118814,1
89866,1
142766,0
95286,1
255511,1
58365,1
251153,0
145415,0
163457,1
253874,1
7736,1
197248,1
260019,1
134279,1
230378,1
161022,1
257905,0
17279,1
68201,1
32758,1
260020,1
90184,1
125564,1
34833,1
61906,1
27138,1
168797,1
80715,1
245888,1
143548,1
87510,1
92412,1
204292,1
94153,1
144236,1
251262,1
44285,1
263097,1
248376,1
261031,0
101618,1
128729,1
38107,1
77716,0
64190,1
157783,1
4442,0
193517,1
10646,1
99662,1
26395,0
18525,1
170280,1
79898,1
207418,1
182543,1
161093,0
225499,0
83063,1
191348,1
141573,1
109982,1
135074,1
198158,1
137190,0
32660,1
157021,1
24341,1
97204,1
218816,1
130423,0
21910,1
225296,0
86086,1
151322,1
54313,1
79890,1
167566,1
133410,0
259039,1
63367,1
154062,1
195783,1
68776,0
223154,1
101965,1
184127,1
146322,1
159274,1
199793,1
134319,1
3995,0
216564,1
105314,1
178505,1
164470,0
220224,1
139943,1
42728,1
32213,0
54147,1
23712,0
27823,1
89803,1
76872,1
129432,1
173698,1
8952,1
196577,1
249459,1
106295,1
229686,1
156276,1
144478,0
92439,0
53726,1
114516,0
230159,1
106961,1
221839,1
223206,1
31984,1
159842,1
158728,1
229015,1
258561,1
246831,1
182255,1
141696,0
1902,1
177202,1
229531,1
200251,0
207376,1
87222,1
224862,1
9363,0
263882,0
106484,1
173190,1
159357,0
233209,1
253462,1
36346,1
152128,0
240889,0
65577,1
175040,0
94575,0
28613,1
122949,1
254488,0
126371,1
134478,1
172824,1
45654,0
659,1
149142,1
88982,1
37236,1
162533,1
20553,1
59679,1
261523,0
98669,1
202412,1
28293,0
158776,0
246317,1
98894,1
96106,1
257006,1
82880,1
53461,1
229828,1
217410,1
128456,1
200928,1
233451,1
195398,1
55116,0
151162,1
108258,1
227379,1
87146,1
82333,1
186792,1
71024,1
186986,1
192371,1
13326,1
18034,1
176455,1
233947,1
124517,1
121030,1
112532,1
110733,1
20280,0
249181,1
164199,1
114845,1
53630,1
143165,1
151983,1
155816,1
97266,1
221219,1
148108,0
43220,1
171479,1
65217,1
231678,1
125426,1
226795,1
98472,0
227588,1
138263,0
170421,1
184079,1
45555,1
262354,0
228583,1
198670,1
262192,1
123377,1
245305,1
151139,1
58834,1
50366,1
86829,1
147757,1
110668,1
216729,1
30651,0
12219,1
245770,1
181473,1
68917,1
118910,0
29920,1
211519,1
77169,1
223104,1
195814,1
88890,1
36767,1
40956,1
215229,1
58581,1
114104,1
74190,1
97834,1
59148,1
102498,1
32323,1
96880,1
85300,1
250949,0
226016,0
82910,0
146604,1
233493,1
124264,1
213642,1
155346,1
116801,1
66903,1
91569,0
14552,1
43332,1
47411,1
266344,1
64425,1
166925,1
97962,1
101158,1
133303,1
211608,1
21343,0
162272,1
193085,1
23545,1
20283,1
133702,1
166126,1
208555,1
252321,1
80297,1
58441,1
66664,1
98880,1
79112,1
204847,1
70611,0
66432,0
214040,0
45227,1
135916,1
260123,0
194919,1
80247,1
81856,1
209002,1
114441,0
131582,1
134136,1
96229,1
57946,1
182789,1
9295,1
235494,1
260274,1
85365,1
36842,1
251076,1
7311,0
26179,1
21780,1
10925,1
130152,1
158321,1
52104,1
162240,1
54378,1
215508,1
124724,1
30088,1
147202,0
163334,1
161844,1
89060,0
56910,1
65119,1
219800,1
222732,1
170168,0
111,0
150890,1
24867,1
139922,1
172803,0
259150,1
2814,0
48398,1
167186,1
205457,1
92740,1
190923,1
74155,1
221512,1
168895,1
202928,1
145020,0
100811,0
135608,1
197959,1
222607,0
119137,0
67539,0
147131,1
213285,1
71450,1
125788,0
155767,1
258984,1
5163,0
65405,1
163104,1
208259,1
50543,1
100000,1
168217,0
174286,1
162790,1
145607,1
209047,1
209941,1
31916,1
174798,0
142296,0
235071,1
21115,1
99743,1
232471,1
259924,1
28768,1
246239,0
177690,1
75113,1
141885,1
110492,1
53007,1
50179,1
221004,1
71432,1
164806,1
38453,1
173363,0
223170,1
40096,1
49970,1
219446,1
55825,0
247070,0
217395,0
216129,0
258567,1
215561,1
33070,1
74022,1
167197,1
257482,1
40307,1
133978,0
117106,1
193745,1
4851,0
260876,1
190374,1
95829,1
114645,1
179989,0
130665,0
250135,1
145926,1
13294,0
148947,1
136942,1
186503,1
36687,1
229473,1
232920,1
22434,1
126020,1
124909,0
100725,1
125604,1
120881,1
119748,1
22903,0
90484,1
224831,1
51428,1
154060,1
31917,1
213668,1
265478,0
206096,1
57036,1
40534,1
173702,0
65198,1
113339,1
81426,1
172434,0
161500,1
16632,1
147017,1
57790,1
260400,0
167758,1
55257,1
117246,1
130090,1
261467,1
71777,1
140743,0
205074,0
23347,1
255711,1
27132,1
261546,1
107701,1
187016,1
13589,1
263342,1
143703,0
102664,1
133073,1
134967,0
211501,1
215590,0
102481,1
236289,0
162111,1
13685,1
83293,0
48182,1
176642,1
77274,1
67610,1
103868,1
261945,0
168124,1
139911,1
190633,1
79736,1
64623,1
106618,1
80263,1
246892,1
182116,1
93111,1
14260,0
129348,1
239369,1
159484,1
98553,1
49359,1
164372,1
101720,1
78727,1
266181,1
130770,1
175256,1
41317,1
5637,1
92449,1
130698,1
36631,1
219460,1
23367,1
129732,1
21089,1
265550,1
64057,1
222339,1
80260,0
191858,1
227743,0
205831,1
157196,1
15065,1
54598,1
158578,1
172184,1
175475,0
92624,1
4388,0
242195,1
38562,1
27083,1
56468,0
241939,1
68163,1
203478,1
179803,1
257965,0
47667,1
157391,0
47030,1
9578,1
46504,1
22198,1
37429,1
173523,1
5030,0
166897,1
156358,1
27324,1
248788,0
181952,1
6639,1
160378,1
3881,1
134140,1
61813,0
187342,1
147997,1
76623,1
128633,1
198131,0
222295,0
155758,1
38461,1
134536,1
95900,1
225879,1
98935,1
131193,1
175519,1
177890,0
62677,1
77509,1
123549,1
258803,0
153540,1
165159,1
263276,1
138202,1
137540,1
74944,0
221412,1
95924,1
226769,0
140200,1
48145,0
54082,1
85012,1
117418,0
64686,0
124860,0
181429,1
131664,1
144694,1
15525,1
200015,0
201713,1
3334,0
134595,1
225017,1
95141,1
58226,1
252307,1
174439,1
171562,0
141067,1
119703,1
116928,1
99700,1
2628,1
203554,1
159494,1
34141,1
246618,0
260528,0
149396,1
39799,1
207042,1
35395,1
79733,1
44886,1
37107,1
11038,1
160739,1
163998,1
26233,0
184200,1
9559,1
113213,1
8764,1
67399,1
75210,0
250988,1
188832,1
258551,0
136285,1
259990,0
264036,1
141580,1
196537,1
68817,1
81534,1
224058,1
241284,1
219971,1
266442,1
74721,0
26495,1
238132,0
212303,1
5405,1
529,0
103094,1
165848,1
232338,1
239545,0
13026,0
111814,1
261416,1
60672,1
113433,1
153874,1
105190,1
82658,1
123177,1
102675,1
51511,1
22814,1
112473,0
115460,1
184420,1
85777,1
246574,0
22735,1
231149,1
33729,1
111545,0
222455,0
26587,0
220137,1
113141,0
175339,1
77494,0
197744,0
257637,0
130357,1
217194,1
136220,1
75614,1
146244,0
216878,1
117250,0
157344,1
238073,1
1677,1
264293,1
236330,1
194043,1
168623,1
218775,0
55348,0
141830,0
195283,0
142507,1
109918,0
142332,1
264814,1
51144,1
256180,1
226749,0
195417,1
244772,1
27696,1
141660,1
67700,0
227222,1
262849,1
246438,1
148341,0
63505,1
222489,0
255466,1
27525,1
202262,1
136033,1
146052,0
50443,0
184013,1
207012,1
22720,0
41622,0
95178,1
91899,1
65824,1
224813,1
164785,1
210523,1
70179,1
234705,1
260850,1
65441,1
107163,1
222404,1
16126,1
106781,1
189387,1
199589,1
165009,1
56957,1
51671,1
118618,1
51351,1
136315,1
11505,1
55392,1
6495,0
23950,1
165320,1
18400,1
26861,0
195974,1
80538,1
77725,1
142076,0
72204,1
151458,1
150919,1
168568,0
104751,1
240025,0
230042,1
108535,1
42289,1
134569,1
255817,1
262158,0
251877,1
200156,1
26971,1
145768,1
202394,1
88036,1
139584,0
129972,1
47270,1
22495,0
80357,1
12916,0
83611,1
136661,1
143515,1
182686,1
262649,0
56099,0
53750,1
113528,0
105912,1
204116,1
187466,0
131411,0
113683,1
136581,1
42857,1
79688,1
176025,1
25836,1
92905,1
124626,1
84983,0
130982,1
238689,1
41098,1
39558,0
216249,1
118498,0
185359,1
49711,1
96640,1
109991,1
182770,1
76884,1
25867,1
12234,1
8827,1
117099,1
221844,1
26564,0
75854,1
193627,0
219315,1
38379,1
94992,1
108860,0
3163,1
88357,1
179141,1
196417,1
120327,1
74630,0
106586,1
190029,1
69860,1
9499,1
205924,0
208222,1
22347,0
62006,0
47604,1
120457,1
204888,0
8566,1
220475,1
217901,1
247709,1
266106,1
168519,0
80646,1
260544,1
144336,0
207478,1
207364,1
47181,0
244246,1
105001,1
203523,0
171160,1
108798,1
86542,1
229957,1
179560,1
251357,1
246719,1
249811,1
124494,1
133613,1
15221,0
27916,1
15362,0
13509,1
232971,0
68422,0
41137,1
69863,1
223907,1
209284,1
178455,0
197987,1
142612,0
174468,1
76311,1
173541,1
27769,1
78096,1
48830,1
247263,0
158896,0
78851,1
121626,0
5921,0
231363,1
230891,1
133714,0
39493,1
59587,0
1177,1
45348,1
39514,1
115241,0
99668,1
46996,1
140528,1
1848,0
245819,1
159425,1
196814,1
164378,1
57201,0
35450,1
194524,1
78313,1
246565,1
198371,1
209791,1
223716,1
245581,0
232485,0
251595,1
124358,1
200757,0
78285,1
15934,0
182204,0
75574,1
136509,1
69694,1
94648,1
131468,1
36695,1
143087,1
147742,1
227573,1
233454,0
78983,1
98320,1
239861,1
57724,1
71325,0
24489,1
230976,1
40158,1
6574,1
226847,0
193739,1
191820,1
55139,1
241793,1
240585,1
238591,0
17448,1
131923,0
43203,0
5054,0
126518,1
127629,1
57017,1
30707,1
154309,1
200914,1
166733,1
124116,1
24586,1
241220,1
158240,0
102062,1
186404,1
28291,1
36477,1
238490,1
172120,1
206511,1
123796,1
93143,1
220881,0
69410,0
70585,1
142002,1
174115,0
142765,1
175610,0
86232,1
60433,1
239291,1
78523,1
257914,1
51110,1
193296,0
100290,1
57585,0
59079,1
220425,1
131924,1
44870,1
96775,1
141014,1
245076,1
200950,1
124212,1
156216,1
210386,1
66,1
171107,0
253884,1
61129,1
180144,1
71171,1
104865,0
32027,1
179717,1
168379,1
161174,1
155280,0
145578,1
260915,0
25550,1
37618,1
137238,0
263973,1
122212,1
136637,1
98402,1
82245,1
208729,1
44809,1
206421,1
211154,1
57010,1
10877,1
204150,1
91913,1
58119,1
48037,1
247923,1
129467,1
199886,1
194778,1
73285,1
67602,1
53487,0
230031,1
228452,0
157379,1
25554,0
266068,1
231194,0
71126,1
236900,1
145462,1
146214,1
144265,1
206880,1
8822,1
170350,1
258866,1
10071,1
110435,1
231909,0
164758,1
165900,1
207207,1
110663,1
25526,1
235581,1
56441,1
193306,1
126712,1
215076,0
124568,1
110197,1
56548,1
257977,0
221926,1
106289,1
188994,1
18260,1
17032,1
116924,1
163787,0
235960,1
164432,1
95501,1
10848,0
240322,1
206494,1
208437,0
123892,1
34308,1
213197,1
201643,1
237447,1
244378,1
121959,1
94422,1
200462,0
176335,1
119695,1
151191,1
115035,0
256240,1
33611,1
16848,1
21967,1
148057,1
175704,1
186647,1
111633,1
249035,0
156758,1
184974,1
158452,0
188311,1
2917,0
146237,1
65143,1
35806,1
223269,1
66576,1
176352,0
244534,1
249742,0
220277,0
254854,1
52072,1
241423,0
218042,1
79337,1
2051,0
179559,1
120904,0
38377,1
265444,0
6391,0
155173,1
16651,1
224116,1
111789,0
163207,1
135003,1
196730,1
240465,1
265204,1
109054,1
150524,1
119805,0
232682,1
68022,1
174409,0
95896,0
194551,0
193389,1
74984,1
224826,1
202726,1
76684,1
66986,1
222578,1
233006,1
167998,1
153837,1
43902,1
9341,1
125474,1
150258,1
122310,0
155198,0
115357,1
226020,1
110834,0
119168,0
8383,1
260499,0
148567,1
185118,1
159384,1
82522,0
40836,1
16131,0
199424,1
40029,1
136210,1
118210,1
211809,0
128072,1
177385,0
46146,1
75367,1
27155,1
39288,1
215775,1
167832,1
141608,1
174799,1
209538,0
180477,1
51386,1
84760,1
257403,1
266191,1
837,0
64776,1
46001,1
74360,0
94701,1
196622,1
28834,0
159476,1
27994,1
75504,1
184304,1
9354,1
263371,1
95769,1
61198,0
201097,1
50161,0
136100,1
7925,1
227951,1
201009,1
87574,1
102389,1
91752,1
207252,1
257087,1
103311,1
202503,1
224040,1
28344,1
125144,0
232244,1
160232,0
34306,1
243528,1
151575,0
174162,0
248241,1
28598,1
66720,1
255389,0
253010,0
12020,0
37349,1
36098,0
33796,1
53296,0
26559,1
555,1
199789,0
36292,0
189778,1
71762,1
9308,0
220890,1
139807,1
81861,0
211162,1
116455,1
195247,1
53982,1
111749,1
142007,0
125984,1
242565,0
112888,1
217869,0
45042,1
123814,1
38709,1
103179,1
12139,0
207208,1
163325,0
5949,0
205461,0
224988,1
206146,1
25021,0
23684,1
134086,1
14183,1
145931,1
45669,1
132215,1
33207,1
239219,1
173067,0
100120,1
157792,0
74957,1
247964,0
13073,1
217812,0
39646,1
20471,0
161769,0
208997,1
78056,1
205528,1
75751,1
224025,1
165272,1
127655,1
100331,1
266558,0
240711,1
38832,1
170251,1
148498,1
134789,1
71415,1
22383,1
19038,0
4963,1
147574,0
211167,0
169033,1
202084,1
114383,1
127632,1
121904,1
22934,0
246240,1
10855,1
34400,1
170950,1
23027,1
17092,1
47090,1
101964,1
67434,1
39370,1
4627,0
246535,1
55100,1
146361,1
174932,0
256772,1
223658,0
144642,0
17664,1
213229,1
119446,1
34186,1
76320,1
218686,1
92590,1
141150,0
220954,1
187758,1
166854,0
4973,0
223883,1
141771,1
222032,1
197745,1
91794,1
125989,1
175082,0
188255,1
31561,0
209758,1
10647,1
259825,1
251051,1
112464,1
127556,1
90777,0
102932,1
265672,0
148795,1
11281,1
98356,1
224825,1
32924,0
247860,1
47317,1
15153,0
140761,1
228719,1
98092,1
166712,1
134674,1
262679,1
158109,1
194456,1
104317,0
54547,0
6738,1
185338,1
206710,1
263659,1
147470,0
164434,1
172289,1
130980,1
227937,1
58171,1
131316,1
157819,1
21949,1
83571,1
112358,1
163172,1
51799,1
58548,1
128001,1
183705,1
105976,1
202077,0
210360,0
139915,1
22817,0
164675,1
262904,0
6500,1
105965,1
151783,1
90623,1
25109,0
237876,1
188616,1
13985,1
63614,1
115332,1
16775,1
254107,1
168037,1
134330,1
72812,0
42902,1
80033,1
137148,1
233538,0
133283,1
148911,0
129106,1
153937,0
151277,0
219405,1
175798,1
235020,1
146431,1
143195,1
106396,1
144837,1
44943,0
80581,1
59135,1
82097,0
220175,0
95939,1
135670,1
146907,1
95488,1
216956,1
119718,1
155537,1
214321,1
105899,1
232632,1
157800,1
80622,1
140864,1
221300,1
77276,1
234566,1
133457,0
34288,1
170998,1
81069,1
248878,1
254832,1
46755,0
251557,1
194125,0
149923,1
68328,1
171994,1
66471,1
211625,0
260381,1
254635,1
94821,1
230545,1
209986,0
77019,1
255926,1
205246,1
266394,0
187518,1
97707,0
147633,1
39057,1
180866,1
30951,1
114579,1
64092,1
178342,1
206749,1
62902,1
80315,0
117503,0
190648,1
45867,1
190187,1
48291,0
244930,1
195308,1
254449,1
95535,1
128635,1
6199,0
24501,1
46447,1
150926,1
91883,1
126317,1
23114,0
184090,0
206407,1
38054,1
62080,1
62353,1
156674,1
54236,1
198495,1
19202,0
220315,1
169413,1
45687,1
4820,1
148403,1
205127,0
260795,1
181144,1
96625,1
72134,1
144154,1
32461,1
27415,1
132108,1
154509,1
256181,0
36455,0
39996,1
227390,0
45592,1
248265,1
131120,1
56061,1
29352,1
99486,1
172915,1
205193,1
245075,1
203941,1
86882,1
190859,0
262807,1
220449,1
112768,1
66476,1
5794,0
199974,1
32010,1
188230,1
65167,1
186476,1
125029,1
49110,1
159189,1
257850,1
123858,1
235552,1
11997,1
256049,1
46009,1
11085,1
102983,0
58001,1
167382,1
93449,0
75558,1
86965,1
138799,1
113546,1
90698,1
118353,1
168341,1
150014,1
10650,1
24769,1
85730,1
206846,1
106799,1
176022,0
230529,1
10023,1
196230,1
237723,0
23076,1
4887,0
14249,1
186809,1
31918,1
179732,1
194279,1
77648,1
134875,1
88392,1
121127,1
104138,1
114982,0
248118,1
143686,0
101287,1
88802,1
91239,1
180159,0
23556,1
231996,1
18674,1
176107,0
248445,1
217269,1
103965,1
21885,0
263992,0
27465,1
187279,1
113645,0
234437,1
113571,1
132410,1
174998,1
219521,1
162797,1
248483,1
87365,1
1216,1
47020,1
7663,1
200864,1
63285,1
120516,0
12805,1
90828,1
104444,1
27150,1
212067,0
223938,0
49175,1
1633,0
24958,1
114356,1
41001,1
207850,1
138451,1
210641,0
83774,1
21872,1
8455,1
170791,0
238147,0
89964,1
162873,1
223996,0
213423,1
255080,1
234994,1
76885,1
200214,1
98627,1
208203,1
82901,0
9056,0
50051,1
96072,1
107274,1
176553,1
222828,1
59006,1
30871,0
151354,1
152915,1
74529,1
36960,1
259657,1
232292,0
123236,1
6007,0
92045,1
40155,1
145040,0
249337,1
233216,1
65837,0
172123,1
164466,1
232611,1
184043,1
20248,1
58537,1
5281,0
23467,1
28948,1
129632,1
91560,1
226897,1
214367,1
221094,1
241697,1
178448,1
153401,0
246291,0
100962,1
208353,1
120878,1
53444,1
211972,1
66019,1
245469,1
132119,1
247580,1
65667,0
193489,0
83273,1
218749,1
107845,0
158600,1
168425,1
85259,0
256475,1
39246,1
176945,1
180460,1
192130,1
45881,0
172499,1
232512,1
89038,1
199082,1
55009,1
214969,1
96279,1
15383,0
27265,1
193176,0
128544,1
139971,1
162362,1
195279,1
51303,1
78978,1
181835,1
113777,1
158140,1
62732,1
117775,1
221936,1
88759,1
215706,1
95130,1
28421,1
264986,0
183260,0
130589,1
209260,1
244795,0
155045,1
228411,1
90471,0
142282,1
191334,0
119666,1
118481,1
176672,1
241983,1
146128,1
73752,1
212454,1
82822,1
60512,1
80563,1
164710,1
90615,1
64628,1
48250,1
852,1
202250,1
150891,0
69493,1
258628,0
35123,1
168738,1
194082,0
11850,0
24005,1
49809,1
52417,1
203065,1
246093,1
102343,1
124405,1
228652,1
118059,1
233121,1
233920,1
99111,1
123090,1
197645,1
18209,1
192824,1
244017,1
43077,1
12690,1
41467,0
37496,0
193792,1
31593,1
258000,0
212109,1
254650,1
98901,1
83876,1
94964,1
158921,0
126294,1
113636,1
103073,1
99806,1
169770,1
46170,1
265088,1
82027,0
125387,0
193316,1
102380,1
106070,1
15813,1
206416,1
29434,1
247822,1
6475,0
238880,1
171649,1
120588,1
39055,1
187415,0
141381,1
6714,1
79896,1
88290,1
74830,1
157887,0
172573,1
184474,1
204056,1
212312,1
132536,1
116690,1
92455,1
193954,1
27284,1
249177,1
52602,1
212904,1
148957,1
56901,1
154562,1
172085,1
11705,0
231353,1
190161,1
245352,0
143069,0
85862,0
189628,0
10021,0
24753,0
266527,0
152527,1
86380,1
54914,1
252261,0
73513,1
232472,1
226440,1
142789,1
178833,1
236061,1
102542,0
25466,1
84708,1
191307,1
58817,1
103726,1
144853,0
5573,1
197270,1
153067,1
237194,1
83017,1
201689,1
192515,1
39574,1
224343,0
69748,1
225584,0
205084,1
85392,1
236643,1
118209,1
194412,1
39995,1
139972,0
229762,0
4242,0
162503,1
249558,1
62948,0
211460,1
3238,1
4077,0
77700,1
42658,1
189517,1
214532,1
97149,1
82817,1
172589,0
44345,1
255351,0
91512,1
174662,1
115981,1
112316,1
83399,1
136530,0
158280,1
154148,1
23851,1
5307,0
175778,1
228480,1
187858,1
23505,1
27034,0
52510,1
128049,1
251031,1
195298,1
155096,1
178645,0
152626,1
214800,1
32039,1
192056,0
144751,1
77008,1
78481,1
179700,1
130591,1
4403,0
196021,1
205547,1
19922,1
175586,1
137852,1
108828,0
187745,1
90575,1
248505,1
222461,1
195382,1
68985,0
192833,0
53115,0
155425,1
205718,1
139607,1
80665,1
23661,0
221641,1
229265,1
60893,1
196970,0
247219,1
230730,0
10159,0
73721,0
203367,0
133859,1
246229,1
201472,1
105673,1
225984,1
94837,1
255350,0
116940,1
35404,1
193141,1
67787,1
43188,1
52092,1
233210,1
53662,1
257252,1
110494,1
236156,0
21636,1
196521,1
142006,1
136572,1
100820,1
207064,1
157034,1
120651,1
119674,1
189269,1
214424,1
252380,1
109239,1
204846,1
73704,1
172213,0
48666,1
90918,1
177588,1
211451,1
200964,0
2400,0
177315,1
53818,1
18301,0
195456,1
150305,1
190988,0
184748,1
619,0
128666,1
84867,1
117398,0
188929,1
113538,1
173344,1
112088,1
20301,1
45238,1
52956,1
102404,1
160799,1
109200,1
151145,1
223109,1
12951,1
25161,1
135150,1
112479,1
248490,1
242337,1
148373,1
62297,1
115222,1
227178,1
147701,1
127482,1
237321,1
183316,1
39952,1
251426,1
84378,1
143031,1
118722,0
95647,1
240859,1
62056,0
123823,1
1942,0
173079,0
177472,1
220613,1
83974,1
123915,0
52870,1
84709,1
244513,1
50124,1
139542,1
218397,1
249420,1
210545,0
160253,1
232037,1
172517,1
147595,0
226642,1
31645,1
33038,1
18398,0
109231,0
83258,1
164040,1
231483,1
163791,1
226965,1
256639,0
143232,0
241006,1
208358,0
148955,0
162447,1
125807,1
83807,0
245207,1
208649,1
189914,1
196834,0
150663,1
254210,1
101284,1
1085,0
250695,0
200169,1
32153,1
57840,0
232580,1
140000,1
134460,1
79080,1
146278,0
15000,0
141072,1
199702,1
221712,1
31027,1
15452,1
66537,1
234683,0
29851,1
4718,1
151128,1
239915,0
87139,0
187781,0
251142,0
190461,1
230360,1
27143,1
182297,1
22877,1
187570,1
35059,1
233913,1
183087,1
230333,1
196124,1
204742,1
102330,0
231264,1
1227,0
111663,0
182740,1
58420,0
174178,1
70447,1
184843,1
133693,1
48281,1
9639,0
37761,1
63593,1
177403,1
176411,1
122751,1
36322,1
206779,1
149505,1
220086,1
198289,1
78017,1
175658,1
35332,1
218010,0
261057,0
219806,0
6296,1
108477,1
237994,1
146574,1
152509,1
133728,1
122816,1
29355,0
226109,1
261267,1
176465,1
50978,1
151967,1
6794,1
179993,1
241120,1
164625,1
12333,1
164935,1
101474,1
15478,1
97830,1
105689,1
243129,1
57666,1
24288,1
480,1
27832,1
191734,1
239752,1
51842,1
252589,0
215310,1
48099,0
86384,1
170729,1
77519,1
80061,1
247488,1
64146,1
94488,1
254027,0
242086,1
203218,1
111070,1
210781,1
161824,1
156065,1
22167,1
160706,1
125931,1
44740,1
108949,1
203377,1
18060,1
95709,1
218537,0
250094,1
201186,1
27672,1
173324,1
107127,1
91693,1
201757,0
57595,1
143359,0
179215,1
93255,1
40441,1
45321,1
240647,0
168853,1
43267,0
55928,1
122112,0
157988,0
151508,1
196262,1
104949,1
160730,0
59671,0
263600,1
152401,0
17858,1
211046,1
126309,1
217308,1
118215,1
154958,1
54326,0
111905,1
10778,0
71811,0
12650,0
186895,1
150728,0
161037,1
118416,0
217627,1
186368,1
170319,0
256823,1
108500,1
149808,1
208022,1
138922,1
106092,1
205698,0
75499,1
197530,1
237413,1
227932,0
21029,1
51735,1
33581,1
168271,1
59827,1
217520,1
207111,1
232595,0
30560,1
183707,0
94452,0
46289,1
50073,1
239535,1
89147,1
255165,0
134863,0
35,1
253124,0
56484,1
266539,1
31513,1
163885,0
107260,1
247168,1
69095,0
124372,1
223649,1
262650,1
40660,0
137210,1
135818,1
141534,1
184004,1
186814,1
67229,1
154858,1
137244,1
7247,1
216667,1
92931,1
229121,1
125880,1
187163,1
115512,0
124784,1
179683,1
26593,1
174891,1
186450,1
15542,1
234408,1
241294,1
200537,1
150211,1
128291,1
246965,1
114643,1
33351,1
105672,1
19943,1
15216,1
188635,0
93541,1
3403,1
71399,1
70742,1
101123,1
119797,0
41782,0
235158,1
35206,1
132211,1
32710,1
254780,1
238860,1
220476,1
200534,1
228116,1
65616,1
67128,1
255400,1
109628,1
248432,1
259880,0
205541,1
95718,1
103993,0
34332,1
35424,0
106010,1
240957,1
38197,1
222949,1
225854,1
48321,0
19545,0
34258,1
85642,1
17557,0
120869,1
45920,1
16002,1
205546,1
21946,1
237717,1
245574,1
40265,1
156829,1
22181,1
24173,1
22266,1
97474,1
49987,1
24522,1
90440,0
26945,1
36601,1
215559,1
129845,1
20391,1
240849,1
57487,1
156784,1
132070,1
20086,1
115454,1
74187,1
226921,1
11436,1
250920,1
105621,0
50559,1
30258,1
120900,1
237471,1
237443,1
238067,1
6017,0
235846,1
2489,0
78294,1
76404,1
127099,0
157617,1
28900,1
219327,1
80995,1
39630,1
204556,1
199865,1
117684,0
46575,1
195747,1
164421,1
136822,1
247788,0
153009,1
157715,1
254100,1
1033,1
17944,1
116482,1
210225,1
34363,1
89023,1
190765,1
145443,1
147498,1
180728,1
31699,0
78449,1
225668,1
13935,0
55973,1
110079,1
228912,1
93569,1
255374,1
59816,1
256269,1
73159,1
75192,1
14481,1
254638,0
202191,1
207940,1
245425,0
48153,0
55805,1
243849,1
16905,0
98596,1
26534,1
143332,1
215359,1
248995,1
258013,1
237412,0
54234,1
214208,1
160886,1
138600,1
139488,1
222824,0
200752,0
256499,0
121704,1
119202,1
122960,1
160342,1
223642,1
183268,0
128761,1
193658,1
153875,1
27643,1
228378,1
212538,1
16023,1
39009,1
177419,1
137722,1
55042,1
208544,1
122119,1
191371,1
37580,1
235302,1
26756,0
58042,1
222255,1
241351,1
79458,0
72592,1
78081,1
38755,1
164948,1
131507,1
174790,1
94577,1
51279,1
139705,1
36654,1
224157,1
99343,1
115924,1
87807,1
14680,1
218660,1
251454,1
229231,0
24074,1
249943,1
134995,1
255660,1
239803,1
174958,1
239165,1
155104,1
34449,1
16459,0
14204,0
223958,1
236312,1
234735,1
265544,0
215279,1
114936,0
239365,0
222972,1
242766,0
50351,1
42447,1
111536,0
251931,1
47910,0
208889,1
238202,1
35468,1
167626,1
55736,1
5739,1
29501,1
164435,1
124244,1
257061,1
80182,1
131622,0
78937,1
38887,1
247659,1
4359,1
49596,1
23685,1
57159,1
19654,0
161305,1
146536,1
226428,1
139713,1
247745,1
46016,1
201544,1
132296,1
233628,0
75981,1
109722,0
18519,1
212967,1
109397,0
65964,1
169430,1
96816,1
172298,1
106885,1
53074,1
107871,1
62360,0
249871,1
23529,0
66149,0
23929,1
61022,1
8009,0
225477,1
142213,1
255295,1
251894,0
14627,1
147752,1
167677,1
193907,1
167715,1
245005,1
41119,1
8311,0
245389,1
15178,1
35876,1
53877,1
30219,1
167614,1
29044,1
113333,1
178378,1
1627,1
215254,1
627,0
64262,0
144668,1
92016,1
148481,1
226530,1
71388,1
71586,0
179990,1
109889,1
145160,1
61518,1
24384,0
61541,0
67122,1
12358,1
74301,0
133862,1
135005,1
221823,1
200259,1
134169,1
6791,1
97690,1
215470,1
180194,1
12473,1
216844,1
120438,0
193550,1
257,1
183604,1
74042,1
214978,1
20884,1
156323,1
207190,1
224170,0
201904,1
150109,0
133569,1
156866,1
221332,1
171055,0
75127,1
60169,1
30109,1
192281,1
124074,1
178650,1
83014,1
104626,1
252253,0
78870,1
254160,1
51186,1
145875,1
67757,1
217855,1
97330,1
242641,1
58279,1
56128,1
117611,0
214035,0
47913,1
170047,1
154383,1
189489,1
91022,0
193166,1
121058,1
68207,1
129468,1
81887,1
212784,1
132899,1
158367,0
41798,1
136847,1
33489,0
172724,1
92187,1
50844,0
91376,1
178244,1
255539,1
173936,1
146242,1
201852,1
142280,1
89983,1
52456,0
201059,1
140248,1
238074,1
173774,1
124203,1
60547,1
215956,1
127024,1
244740,1
129700,0
224305,1
111493,1
95205,1
69831,1
225816,1
153503,1
177077,0
158218,1
95144,1
121509,1
8076,0
10095,1
133154,1
186671,1
105383,0
157759,1
56689,1
166631,1
101799,1
90454,1
259672,1
226489,1
200525,1
48399,1
100144,1
8272,0
174122,1
197726,1
136641,1
70333,1
21283,1
40468,1
265911,1
115101,0
55693,1
58247,1
127941,1
162115,1
226300,1
58254,1
142373,1
53170,0
21345,1
225359,1
201545,1
195894,0
128572,1
195006,1
63040,1
41640,1
253994,1
149352,0
17077,1
64975,1
201934,1
4797,0
1553,1
251710,0
232081,1
151797,1
170336,0
83976,1
101548,1
23853,1
239786,1
256786,1
166072,1
176112,1
236587,1
183743,0
194262,1
200007,1
219175,0
231728,0
131240,1
84614,1
192044,0
226679,1
260753,0
81103,1
129879,0
254126,0
203640,1
135834,1
194009,1
11914,1
237513,0
160027,1
259734,1
159448,1
240954,1
56438,1
62337,1
130784,1
4088,1
215525,1
233637,1
171763,1
809,1
265562,1
64995,1
159662,1
125093,1
122174,1
56429,1
5872,1
109669,1
225764,1
234704,1
23034,1
108555,0
150615,0
257682,1
117154,0
38149,0
204625,0
149469,1
255825,0
176623,0
166652,1
118100,1
114907,1
132658,1
165858,1
46339,0
140005,1
176010,1
107400,1
6872,1
62794,1
135487,1
260357,1
77825,1
65698,0
106120,1
196395,1
210631,1
98536,1
232641,1
98219,1
209882,1
230226,1
50512,1
13645,0
87550,1
154648,0
141054,1
63576,1
140187,0
89407,1
154528,1
174487,1
115279,1
198260,1
74972,1
214958,1
147089,1
163593,1
198466,0
92209,0
233990,1
24937,1
194196,1
37622,1
170300,1
199110,1
189958,1
60451,1
47004,0
205013,0
89842,1
9501,1
125098,0
88225,1
252255,1
77696,1
127116,1
109045,1
5502,0
183941,1
32751,1
168536,1
190651,1
204696,1
77178,1
117896,1
205151,0
85976,1
99029,1
49225,1
109505,1
165462,1
187403,0
123933,0
185003,1
142189,1
199134,1
124857,1
192528,1
153344,1
5864,0
95547,1
253573,1
264352,1
250271,1
82259,1
183944,1
192399,1
256566,1
34616,0
123415,0
39153,1
116971,0
42953,0
204629,1
74994,0
95564,0
136419,1
99605,1
5481,1
117666,1
40507,1
249998,1
195255,0
236124,1
101502,1
231633,1
197202,1
101106,1
170738,1
201941,1
188415,1
213257,1
218943,1
140519,1
139206,1
40593,1
242689,0
20470,1
242108,0
12698,0
48204,1
223148,0
28143,0
174150,1
30100,1
94075,1
27373,1
50151,1
89395,1
238956,1
195996,1
161170,0
54722,1
120569,1
126761,0
107349,1
252496,1
211000,1
236036,1
221221,0
82548,1
232927,0
235991,1
174057,1
53520,1
139940,1
82057,1
160619,1
177476,1
115293,1
205377,1
115872,1
25369,1
167875,1
96973,1
246007,1
118824,1
5713,0
81819,1
78980,1
112257,0
172192,1
237050,0
49982,1
157407,1
26371,1
62487,1
169636,1
252663,0
17102,1
129639,1
163229,1
4583,1
151414,1
241436,1
260179,1
264586,1
65905,1
106773,1
216218,0
17014,1
148349,1
241279,1
208902,1
158775,1
241274,1
89560,0
18327,1
45830,1
183472,1
5426,0
149364,0
96419,0
4499,0
58107,1
178730,1
255722,0
262637,1
175924,0
101857,1
244178,1
248317,0
38352,0
151610,1
174523,0
136682,0
144606,1
42570,1
101396,1
193026,1
164912,1
238711,1
67947,1
100392,1
76504,1
123167,1
1899,0
169638,1
125890,1
225600,0
11723,0
47662,1
171009,1
174392,1
63417,1
100748,1
80648,1
53902,1
197855,1
137455,1
93528,0
161776,1
70613,1
30308,0
142063,1
13311,1
204233,1
143965,1
136044,1
22569,1
196844,1
93591,1
39404,1
98794,1
253912,1
150952,1
116484,1
176656,1
115699,1
127865,1
160382,1
164130,1
232750,1
187462,0
112322,1
169129,1
199823,1
128852,1
245289,1
97742,1
30667,1
135861,1
51624,0
243600,1
194143,1
154728,0
265570,1
141417,1
94966,1
127286,1
152037,0
231686,1
124088,1
134399,1
157463,0
45717,1
250296,1
131577,0
68958,1
183554,1
227861,0
32634,1
121125,1
247310,1
36430,1
142910,1
136782,1
221760,1
202061,1
142974,0
111413,1
13070,1
98180,1
58427,1
32715,0
4078,1
160567,1
82342,1
18048,1
215522,1
140643,1
244026,1
182284,1
180622,1
230835,1
30610,1
124016,1
22522,1
227537,0
97,0
50820,0
28336,1
44315,1
186859,1
24984,1
145177,1
9416,1
16919,1
213225,0
20164,1
21469,1
228246,1
142887,1
266238,1
248204,1
82212,1
121802,0
183681,0
190338,1
207380,1
172812,1
259242,1
256177,1
222179,1
211030,1
35022,0
87206,1
121611,1
215274,1
96759,1
120262,1
130539,1
200982,1
189409,1
132357,0
119224,1
191960,0
153806,1
204367,1
255663,0
152605,0
174082,1
34615,1
232422,1
37483,1
201784,1
103069,1
261842,1
193358,0
259352,1
178440,1
149112,1
44093,1
17441,1
31276,1
220625,1
109953,1
30186,1
224954,1
265406,1
206301,1
254408,1
99361,1
36263,1
233149,1
148116,1
54625,1
198926,1
174938,1
202193,1
228789,0
194164,0
208302,0
66901,1
115382,1
237166,1
207463,1
235291,1
200268,1
143560,1
132097,1
9765,1
103337,1
15664,1
558,0
111297,1
239457,1
3950,1
219478,1
144561,0
59598,1
136277,0
40429,1
189380,0
36950,1
11667,1
79777,1
151067,1
64766,1
188654,0
77599,0
253061,1
17242,1
256983,1
224208,1
41275,1
242622,1
249428,1
201465,1
250550,1
61673,1
194168,1
122916,0
75231,1
220140,0
231369,0
2034,0
179098,1
77058,1
18573,1
233775,0
260649,1
192525,1
23426,1
122616,1
180690,0
18450,0
212634,1
245332,0
154615,1
236770,1
253038,0
79217,1
132480,1
262955,0
156372,0
189092,1
96666,1
65833,0
242160,1
162791,1
65054,1
161684,1
64504,1
171423,1
75429,1
54130,1
31590,0
217095,1
178062,1
28101,1
247814,0
161526,1
186968,1
100677,0
69867,1
21948,0
155019,1
20694,1
138730,1
69955,0
220269,1
196633,1
232171,0
70855,0
224611,0
224479,1
119696,0
207707,1
122202,1
191731,1
85879,0
59398,0
258559,0
46129,1
149567,0
248659,1
263176,0
178119,0
161601,1
198366,1
207756,1
117644,1
56754,1
167921,1
74812,1
234624,0
55232,1
165151,1
159787,1
71738,1
257995,1
134600,1
212088,1
161739,1
225261,1
209734,1
74570,1
213496,1
70358,0
45336,1
261509,0
67154,0
228993,1
168809,1
85089,1
196910,1
58289,1
124887,1
198062,1
180539,1
86197,1
124032,1
29194,1
188821,1
42782,1
244495,1
202042,1
66992,1
77266,0
257529,1
208389,1
64663,0
159539,1
192331,1
115095,0
132664,1
78317,0
170035,1
75108,0
58536,1
197929,1
244427,1
143618,0
96178,1
30372,0
98397,1
142798,1
33888,1
165154,1
158028,1
39721,1
80541,1
202737,1
154535,1
162233,1
222763,1
156086,0
234088,1
194155,0
205042,0
139081,1
61123,1
168899,1
192742,1
112510,1
23040,1
113886,1
190529,1
130079,1
192408,1
136943,1
236927,0
183917,1
252787,1
10983,1
117602,1
44019,0
201374,1
95874,1
168637,1
252798,1
123763,0
172528,1
249176,1
80984,1
61981,1
14646,1
106221,1
45070,1
64012,1
8828,1
48769,0
91071,1
250978,0
133626,1
18479,1
188348,1
139956,1
24471,1
213726,1
159204,1
256452,1
109938,1
102638,0
41171,0
70807,1
207587,1
15688,1
150949,0
251136,1
165408,1
141745,1
63850,0
66564,1
217635,1
144495,1
232950,1
51678,1
107531,1
106521,1
211343,1
235493,1
75532,1
149277,1
8196,1
177493,0
156724,1
125436,1
78875,0
253033,1
32240,1
185809,1
251881,1
180801,1
220673,1
213345,1
242332,1
227037,1
252920,1
79956,1
80020,1
172,1
261680,1
113803,1
176871,1
129488,1
185773,1
61974,1
112603,1
14513,0
160557,1
420,1
41338,1
23958,1
2587,0
102050,1
77608,1
190335,1
52129,1
95104,1
247336,1
180032,1
8527,0
29381,1
108962,1
19182,0
201813,1
234947,1
166917,0
111068,0
2198,1
217386,0
181704,1
91306,1
74236,0
179919,1
40123,1
40050,1
139814,1
41880,1
255697,1
78107,1
165765,1
168711,1
252274,0
63949,0
20858,1
217876,1
219511,0
54471,1
262488,0
181390,0
106772,0
225168,1
122973,0
255606,0
183223,1
201847,1
240005,1
80513,0
190465,1
150517,0
178348,1
188867,1
63300,1
251890,1
199151,1
61323,1
84341,1
247377,1
40237,1
34478,1
92914,0
139159,1
57140,1
30823,1
200180,0
160349,1
208063,1
165627,1
197906,1
179233,0
102187,1
53625,1
203885,1
199432,1
188003,1
34078,1
7587,1
84530,1
146702,1
7611,0
98509,1
95851,1
188502,1
25335,0
115637,1
246046,1
8562,1
149644,0
179876,0
176309,1
108523,1
132001,1
178826,1
227907,1
180789,1
219372,1
58343,1
219772,1
190829,1
23980,0
145527,1
154164,0
43458,1
141653,0
113555,1
129472,1
119213,1
142215,1
166547,1
71783,1
234434,1
124262,1
77484,1
204969,1
139962,1
262134,1
6518,0
142153,0
157512,1
234941,1
243095,1
215148,1
217767,1
194266,1
148716,1
209424,1
105145,1
219209,0
128270,1
222576,0
83549,1
104754,1
40476,1
50012,0
201865,1
42016,1
87680,1
265827,1
95053,1
99645,1
123659,0
209568,1
140807,1
209240,0
9180,0
122329,1
201248,1
119183,1
217120,1
70244,0
54926,1
226544,0
34781,0
187021,0
228674,0
40413,1
264776,0
1047,0
228221,1
176811,1
89254,1
62346,1
4842,1
201459,1
264742,1
149495,1
260434,1
223647,1
67319,0
133277,1
113635,0
94962,0
69431,1
99376,1
129859,0
36197,1
198497,1
94561,1
110598,1
87936,1
31823,1
198514,1
203501,0
6715,1
132584,1
266124,1
51489,1
188215,1
158285,1
128323,1
178578,1
154408,1
190471,1
231341,1
49698,1
137934,1
193584,1
242495,1
6349,0
224500,1
204825,0
25434,1
198250,1
40763,1
188381,1
239199,1
207515,1
235228,1
178486,1
124877,1
216809,1
80139,1
111280,1
230659,1
183145,1
177429,0
138662,1
187577,1
12813,1
254406,1
251702,1
224072,0
179715,1
19032,0
167152,1
172702,1
67596,1
204656,1
45274,1
9329,1
233411,1
96304,1
175836,0
98459,1
223820,0
252542,1
90944,1
176013,1
183003,1
125149,1
200730,1
64971,1
256060,1
124154,1
217751,1
864,1
152443,0
106362,1
113877,1
183174,1
126258,1
133979,0
22296,1
185492,1
223233,1
20018,0
171274,1
107004,1
84856,1
62736,1
49791,1
166869,0
192657,1
10372,1
40587,1
143752,0
5342,0
178044,1
203717,1
197284,1
241280,1
186470,1
57698,1
148967,1
149582,1
244885,1
245748,1
83893,1
166038,1
87777,1
230373,1
179156,0
38905,1
240814,1
102770,1
207329,1
93030,1
79854,1
37601,1
219270,1
97067,1
19276,1
88336,1
220573,1
70205,1
27368,1
41258,1
248519,1
57335,0
77715,1
86327,1
96753,1
250824,1
77099,1
236130,0
57759,0
68792,1
80185,1
232253,0
82505,1
138275,1
203076,1
113606,1
44009,1
85378,1
95365,1
166956,1
48614,1
148020,1
70866,1
157549,1
116588,1
77436,1
177771,1
165913,1
121995,0
193400,1
109512,1
217469,1
8031,1
31724,1
213591,1
63969,1
204389,1
121434,0
246096,1
83668,1
513,0
100056,1
265554,1
208522,1
137611,1
50431,0
23765,1
121200,1
42036,1
178015,1
110582,1
72443,0
961,0
198021,1
124818,1
155373,1
109942,1
203403,1
138002,1
175612,1
172008,1
145385,1
265273,0
179682,1
157230,1
17793,1
175384,1
273,1
116589,1
248166,1
24420,0
58371,1
159913,1
180162,1
43878,1
105895,0
114058,1
262136,1
257700,1
25935,1
98073,1
199873,1
47576,1
241276,0
100119,1
27403,1
105330,1
213675,1
110090,1
250826,1
256353,1
78584,1
227160,0
196155,0
121883,0
117735,0
25074,1
113897,0
239154,1
121928,0
81808,1
239498,0
28204,1
100987,1
11264,1
123312,1
170468,1
188851,1
100743,1
26351,1
173339,0
86325,1
115131,0
165482,1
94359,1
102974,1
183459,1
221143,1
138515,1
58948,1
199659,1
32861,1
100083,1
266642,1
175623,0
61908,1
22259,1
77582,0
45237,1
261223,1
6809,1
35721,1
120435,1
176599,1
51050,1
131767,0
25159,1
229967,1
145820,1
147175,1
73866,0
260811,0
94495,1
140811,1
146468,1
109710,1
114816,1
247113,1
240781,1
138415,1
150092,0
151421,0
246168,0
101779,1
179121,0
262325,1
163149,1
247369,1
12974,1
46326,1
249604,0
15078,1
222798,0
234687,1
105610,1
168898,0
258289,1
209853,1
206657,1
34774,1
51615,0
255470,1
72968,1
244249,1
122786,1
136466,1
7144,1
252599,1
9046,0
71540,1
81063,1
11557,1
125489,1
26660,1
236382,1
15825,0
97525,1
78163,1
257420,1
121467,1
54002,0
240158,1
194014,1
153282,0
159883,1
161959,1
264128,1
61487,1
239944,1
204565,1
217569,1
173374,0
68250,1
39295,1
182851,1
47241,1
256945,1
182296,1
109027,0
209675,1
175667,1
149818,1
75329,1
7950,0
8063,1
159080,1
60847,1
919,0
201076,1
173586,1
258558,1
68971,0
224889,1
93248,1
52659,1
176664,1
180551,1
21063,1
72460,1
24968,1
152405,1
213589,1
122735,1
116193,1
45930,1
29228,1
177415,1
165389,1
189162,1
169979,1
134276,0
188959,1
208617,0
22408,1
170807,1
147487,1
257636,0
89082,1
85334,1
200392,1
93684,0
262601,0
53276,1
182636,1
82291,0
49490,1
35665,1
225150,1
195217,1
13859,0
75382,1
73087,1
238305,1
50186,1
177965,1
182200,1
171796,1
68113,1
95717,0
119208,1
137080,1
147287,1
244611,1
10135,1
150983,1
94537,1
37589,0
14896,1
55857,1
32062,1
93263,1
245290,1
186127,1
88681,1
158199,1
207679,0
127845,0
169237,1
142191,1
51742,1
254945,1
33664,1
117249,0
239953,1
16302,1
168395,1
124000,1
166541,1
139132,1
166157,1
49691,1
14611,1
138516,1
238197,1
137022,1
89434,1
149946,1
224876,1
154612,1
8452,0
170271,1
171182,1
122682,1
209637,0
250755,0
248596,1
173741,1
93723,0
227885,1
33409,1
123394,1
254255,1
63763,1
53640,1
162563,1
33077,1
71838,0
161516,1
165225,1
130419,1
238086,1
200468,0
141719,1
178789,1
78145,1
95347,1
113434,1
133951,1
192529,1
91732,1
215290,1
109103,1
59846,1
184497,1
220025,1
51926,1
265415,1
30446,1
212869,1
143721,1
52531,0
246121,1
245168,1
90335,1
148703,1
16258,0
218545,1
265757,0
39122,1
8499,0
177259,0
173402,1
52886,1
220505,0
196626,1
145316,1
177179,1
168977,1
130129,0
185943,1
121242,0
82280,1
82433,1
18789,1
11230,0
230249,1
61268,1
185421,0
27104,1
103873,1
216045,0
47947,1
147933,0
5179,1
74023,1
250481,0
164585,0
189224,1
26812,1
146479,1
89177,1
119304,1
34795,1
186113,0
36009,1
168857,1
128723,1
93284,1
28264,1
223585,1
15882,1
216649,1
250754,1
122069,1
124431,1
168280,0
101647,1
174364,1
107660,1
46720,1
31499,1
177724,1
225738,1
66012,1
30448,1
190698,1
33279,1
194489,1
115296,1
148428,1
121561,0
14746,1
191694,1
8893,0
137648,1
78740,1
31034,1
204800,1
236778,1
134421,1
66594,1
3768,1
85940,1
113592,1
138457,1
231302,0
88666,1
147070,1
141217,0
39618,0
98624,1
94693,1
235896,1
36314,1
199901,1
219690,1
87660,1
111427,1
110095,1
168658,1
126554,0
204250,1
74960,1
58531,1
2283,1
251991,1
119393,1
164521,1
143764,1
165116,1
259112,1
101587,1
247880,1
59493,1
26023,0
4144,1
212897,1
265173,1
184685,1
150159,1
98882,1
28015,1
240149,1
121012,1
235613,1
122688,1
222747,1
153571,1
34017,1
138018,1
205200,1
174952,1
166098,1
204542,1
113069,1
10362,1
49230,1
192330,1
161813,1
255841,1
82090,1
110955,1
162423,1
209026,1
193017,1
208391,1
235341,1
95775,1
66334,1
190420,1
185231,1
102550,1
130450,0
30149,0
144339,0
160334,1
258277,1
54333,1
219707,1
71312,0
187985,0
67236,1
11107,1
52609,1
83436,1
184552,1
203172,1
205299,1
256774,1
223283,0
160255,1
26639,0
179566,1
89979,1
62594,1
39614,1
259846,0
89605,1
136395,1
100365,1
41249,0
84713,1
259341,1
51918,1
229843,1
56903,1
237695,1
78276,1
53492,1
14817,1
81370,1
46023,0
170512,0
90733,0
50797,1
262707,1
137431,1
190874,1
49422,1
115277,1
10257,0
35844,1
23179,1
79042,0
125686,0
59121,1
103107,1
182455,1
53279,1
109891,1
144079,1
127401,0
96099,1
166458,1
78189,1
19078,1
33129,1
56361,1
146897,1
35397,1
111286,1
18089,0
223498,1
61092,1
161551,0
259284,1
3574,0
45951,1
245741,1
143099,1
72519,1
91073,1
180725,1
255772,1
12146,0
177838,1
65878,1
67072,1
139064,1
65572,1
165897,1
12970,1
216921,1
192041,1
48986,0
170954,1
149828,1
23603,0
221159,1
225669,1
244077,1
189153,1
61556,0
171520,1
229325,1
145814,1
19371,1
16596,1
43734,1
203079,1
214619,1
89974,1
201420,1
118601,1
797,1
250671,1
7617,0
121766,1
147904,1
206687,1
120658,1
12612,1
169568,1
109389,1
41479,1
63720,1
238809,1
113251,1
190884,1
35521,1
183920,1
205482,1
19012,1
52078,1
59406,1
257427,1
19521,1
132125,1
121565,1
91192,1
130683,1
57365,1
147441,0
162392,1
204798,1
92454,1
193826,1
27749,1
165368,1
217128,1
200301,1
47588,1
45534,1
248679,0
220420,1
28907,1
9508,1
9616,1
118408,1
28615,1
67081,0
143397,1
5002,1
12059,1
67824,1
66570,1
102149,1
24987,0
181528,1
4568,1
222822,1
73398,0
179532,1
86117,1
129097,1
30713,0
74077,1
87431,1
260995,1
222794,1
8203,1
197496,1
180647,1
75885,1
258828,1
131228,1
205052,1
37663,1
68964,1
144388,1
84178,1
230789,1
204034,1
148088,0
1975,1
204053,1
30436,1
233281,1
47236,1
250531,1
29083,1
41434,1
208224,1
172919,1
181902,1
45139,1
144202,1
227006,1
44001,1
149149,1
87263,1
43301,1
259939,1
177867,1
208632,1
200650,1
42841,1
205491,1
117827,0
214570,0
41541,1
94952,1
171786,1
133792,1
214508,1
251825,1
78677,1
120659,1
40428,1
255854,0
245155,0
260857,0
26185,1
64664,1
106050,1
81487,1
167597,1
65118,1
79621,1
217757,1
15678,1
243893,0
150716,0
150059,1
194344,1
148095,1
169072,1
12921,1
64412,0
264473,1
87238,0
25805,1
237152,1
50162,1
39124,1
199900,1
26956,1
158707,1
39621,1
104446,1
25858,1
228461,1
133786,1
237236,1
201229,1
96019,1
231484,0
128317,1
161001,1
258215,1
234544,1
190526,1
254229,1
193916,1
230630,1
50927,1
80617,1
227784,1
155638,1
69345,1
88033,1
104023,1
182526,1
94953,1
198347,1
37532,1
62963,1
208164,1
114983,1
86890,1
14093,1
234385,1
264249,1
72120,1
190418,1
95461,0
2731,1
81575,1
245386,1
149050,1
168061,1
52125,1
55138,0
138672,1
205096,1
125616,0
35969,1
69801,1
189998,1
104358,1
37568,1
171197,1
229151,1
240095,1
68402,1
178803,1
260703,0
164649,1
226342,1
142637,1
168882,0
34680,1
215103,1
108478,1
145139,1
80548,1
222172,1
219448,0
112740,1
236989,0
138100,1
1812,1
231763,1
90388,1
30805,0
57353,1
196081,1
116627,1
133476,1
128599,1
23878,1
241889,1
72406,1
104828,1
60989,1
117527,1
121957,0
135593,1
3536,1
73827,0
4802,1
72060,1
176680,1
160898,1
82366,1
61384,1
200357,0
213525,1
253819,1
71209,1
43393,1
31811,1
175443,0
67868,0
34689,1
94547,1
153812,1
150116,1
4805,1
106923,0
146312,1
206177,1
106048,1
167656,1
174851,0
250017,1
189780,1
154770,1
33015,1
55922,1
118232,1
78926,1
240733,0
191099,1
112882,1
258483,0
266581,0
90378,1
127514,0
243959,1
152822,1
170671,1
132109,0
31605,1
126852,1
181753,0
196176,0
39694,1
40177,1
239409,1
224923,1
192118,1
213999,1
53293,1
222484,1
20113,1
30051,1
247393,0
121101,1
135273,0
138986,0
228359,1
90407,1
10073,1
165263,1
217983,1
94127,1
195451,1
74909,0
142179,1
80792,1
37319,1
198318,1
124621,1
78484,1
187408,0
259739,1
230876,1
259882,1
195668,0
89903,0
122970,1
108118,1
221027,1
88412,1
246807,1
210299,1
145645,1
259789,0
236225,1
55646,1
20237,0
100475,1
255754,0
220038,1
36410,1
134135,1
51119,1
226028,1
104172,1
72032,1
32619,1
242831,0
85691,1
64630,1
241059,1
2003,1
234336,1
243309,1
24763,1
49497,1
184222,1
105340,1
93927,1
161448,1
61745,1
13680,0
124713,1
125320,1
55031,1
263402,1
17803,1
113504,1
147465,1
120532,1
43122,1
183475,0
15958,1
261382,1
174248,1
10760,0
164694,0
104761,1
137357,1
174625,1
143839,1
83853,1
224160,1
196751,0
74718,1
32935,1
106183,1
140274,1
25825,1
6955,0
204815,1
11407,0
58582,1
43035,0
99140,1
45112,1
2359,1
242419,0
263345,1
76642,1
222591,1
172172,1
174100,1
210454,1
7941,0
190334,1
128193,0
33190,1
112254,1
116496,0
182731,1
101107,1
156011,1
22963,1
265410,1
65123,1
263054,1
101918,1
48045,1
165526,1
176084,1
203412,1
213722,1
206004,1
77331,1
262263,1
3397,0
142425,0
192219,0
66474,1
35878,1
57611,1
33452,0
214666,0
69900,1
58593,1
133724,1
63016,0
220970,1
178966,0
92584,1
167491,1
12656,1
74733,0
145685,1
50037,0
82278,1
12161,0
36787,1
202183,1
87689,0
253924,1
60881,1
40997,1
154055,1
47063,1
114523,1
42995,1
151719,1
250511,0
211332,1
169526,1
106900,1
241229,1
243012,1
240806,1
28398,1
117426,1
131894,1
205132,1
228054,0
264836,1
8434,1
102513,0
134285,1
20022,1
150682,1
116227,1
197317,1
57589,1
163607,1
75484,1
21315,1
229208,1
231856,1
20276,1
141065,1
172313,0
144055,1
248003,1
200767,1
132381,1
259160,1
48903,0
231299,1
138169,1
1712,0
22807,1
61001,1
233037,1
181088,1
103296,1
253002,0
66740,0
95884,1
126110,1
173643,1
245834,0
105286,1
66543,1
244535,1
90684,0
133414,1
68015,0
119979,1
195945,0
180245,1
124035,1
101272,1
135071,1
61984,1
88822,1
26278,1
167107,0
12554,1
72272,1
164186,1
94524,1
261670,1
77395,1
1740,0
80241,1
202687,1
96354,1
125652,0
37944,0
200213,1
161695,0
116840,0
2767,1
245830,1
135135,1
225723,1
163564,1
216774,1
82219,1
56814,1
168730,1
220581,1
158672,0
64976,1
264318,1
178756,1
31728,1
23674,0
141651,1
131085,1
140482,1
237256,1
78808,1
208515,0
215019,1
190789,1
113188,1
205112,1
139110,1
169610,1
171715,1
101012,1
246518,1
7258,1
5959,1
249675,0
115045,1
158204,1
52607,1
249955,0
84293,1
126112,1
73795,1
261984,0
203504,1
145073,1
2933,0
52761,1
105164,1
77911,0
59226,1
255016,1
106581,1
62442,1
194486,1
227602,1
158684,0
89436,1
192233,0
40368,1
176897,1
225086,1
77435,1
61094,1
104213,0
14432,0
82431,1
63817,1
44118,0
195767,0
171519,0
39029,0
173224,1
83875,1
2606,0
173731,1
143071,0
91129,1
111218,1
129051,0
50046,1
88465,1
204727,1
167547,1
25233,1
205721,1
153629,0
186339,1
187707,1
67641,1
180806,1
45502,1
199257,1
71836,1
209070,1
34294,1
223646,1
87026,1
103954,1
56941,0
234650,1
147647,0
77150,1
37460,1
67707,1
165052,1
188762,1
160939,0
194272,1
56857,0
9008,1
133288,1
189653,1
130747,1
6377,0
27857,1
53161,1
149637,0
96836,1
4295,1
196316,1
199699,1
2708,0
183142,1
6015,1
229809,0
220495,1
136941,1
22286,1
18897,1
105830,1
71676,0
248180,0
128340,1
223025,1
92734,1
137667,0
205360,1
230766,0
62274,1
213331,1
134511,1
226239,1
42530,1
161106,1
265258,0
5986,0
106504,0
205662,0
12150,1
28197,0
112642,1
244472,1
99556,1
174282,1
52807,1
96982,1
153715,1
626,1
66205,1
13387,0
68497,0
166946,1
162306,0
190206,1
89625,1
200550,1
247795,1
198431,1
113989,0
167511,1
70594,0
259579,1
10357,1
248970,1
128557,1
223840,1
158592,1
261133,0
185788,1
123032,1
25658,1
30817,1
142001,1
213864,1
126603,1
32447,1
55249,1
200002,1
82040,1
263084,1
21769,1
183241,0
87020,1
28844,1
260905,1
72718,1
130806,1
70663,1
183478,1
235060,1
90127,1
5201,0
55755,1
38155,1
169820,1
107539,1
43422,0
67365,1
145601,1
243725,1
136411,1
123445,1
85511,1
176470,1
194500,0
220632,0
112382,1
201523,1
103576,1
73123,1
97786,1
92611,0
236121,1
5074,1
82672,1
246772,1
118905,0
50324,1
165881,0
111592,1
193806,1
40355,1
48993,1
26524,1
43017,1
25740,1
9529,1
51743,0
32075,1
80566,1
64907,0
90719,1
247214,1
191486,1
133308,0
162367,0
188349,1
62464,0
179534,1
192846,1
208541,0
150566,1
246353,1
230327,1
50335,1
49117,1
22302,1
88294,0
162237,1
179281,0
113404,1
113413,1
185113,0
247175,1
36007,0
65020,1
20370,1
238716,1
24920,1
188515,1
120193,1
239076,1
12062,1
37423,0
55049,1
84721,1
32700,1
15282,0
237421,1
122870,0
66513,1
225436,1
182549,1
156959,1
50454,1
119125,1
106501,1
124480,1
108287,1
13477,1
169085,1
15313,0
108064,1
141970,1
176198,1
218971,0
174860,1
74128,1
151996,0
144808,1
124943,1
21610,0
6460,0
25218,0
44435,1
63082,1
232984,1
91339,1
49253,1
92424,1
93595,1
63355,1
178001,1
255088,0
155279,1
199778,1
259055,1
250773,1
250340,0
187053,1
205305,1
72031,1
43043,1
254188,1
244111,1
241334,1
12203,0
211689,1
164375,0
237215,1
39428,1
216356,1
150824,1
146868,0
232497,1
170114,1
225354,1
159508,1
11931,1
113177,0
130634,1
101047,1
27615,1
2383,0
62743,1
21268,1
5613,0
57430,1
76575,1
71951,1
84449,1
262770,1
153233,0
172398,1
70870,1
242048,1
139890,1
146477,1
43006,0
9286,0
187774,1
104819,1
255068,0
266588,1
167170,1
49599,1
77705,1
186274,1
194662,1
114003,1
127082,1
45882,1
44705,0
196514,1
131159,1
102949,1
168430,0
200493,1
27865,1
63241,1
132928,1
129174,0
184628,0
152363,0
195748,0
259541,0
62818,1
56352,1
76944,1
81759,1
146100,1
258753,1
54915,1
159649,0
106839,0
217555,1
81019,1
186167,1
153736,1
264531,1
4971,0
106822,1
216567,0
139321,1
180710,0
229213,1
33115,1
153240,1
233276,1
17067,1
179602,0
250087,0
226669,1
187908,1
46105,1
15837,1
219501,1
256689,1
55914,1
54590,1
244779,0
232145,0
179100,1
119156,0
165716,0
93330,1
132348,0
70751,1
95059,0
101122,0
192207,0
143208,1
214037,1
113117,1
96957,0
165785,1
97695,1
50207,1
161795,1
99018,1
181155,1
170459,1
248197,1
257947,1
14556,1
198912,1
3258,1
122046,1
59314,1
92363,1
149965,1
252771,1
71537,1
176178,1
101498,1
78399,1
33777,0
100827,1
213216,1
202798,1
126699,0
234867,1
176435,0
121284,1
184570,1
24711,1
132606,0
79448,1
31047,1
124282,1
199791,1
98196,1
241974,0
108492,1
132719,1
121315,1
216175,1
124308,1
220371,1
89525,1
44901,1
107426,1
7979,1
54807,1
165816,1
206383,1
136550,1
153474,0
148059,1
77046,0
34463,1
44767,1
194411,1
116731,1
58859,1
66882,1
40750,0
36858,0
124544,1
230485,1
150599,0
120036,1
66390,1
208474,1
170102,1
113668,1
127933,1
32220,1
452,1
200500,1
192217,0
173771,1
210725,1
47330,0
121347,1
180322,1
212383,1
102511,1
22992,0
76652,1
69726,1
8930,1
108438,1
265689,0
233967,1
186768,1
184347,0
212892,1
135146,1
191085,0
76671,1
48626,1
65537,1
175460,1
76761,1
206741,1
98010,1
164033,1
245836,0
3046,0
75761,1
54602,0
238605,0
35127,1
123214,1
49481,0
79908,1
97551,1
23459,1
152309,1
73792,1
15436,1
15544,1
181897,1
213920,1
221896,1
69723,1
119311,0
71940,0
259361,0
213258,0
104922,1
142273,0
195968,1
165894,1
23858,1
154689,0
45006,1
57193,1
182413,1
146716,1
121962,1
235427,1
239303,1
19634,0
141380,1
203795,1
237327,1
52257,0
48861,0
111440,1
240057,1
45996,1
208456,1
169667,1
264517,1
29172,1
43638,1
201800,1
110584,1
217242,1
101868,0
130838,1
244582,1
72741,1
99218,1
249396,0
35011,1
153949,0
107226,1
229339,0
73380,1
265921,0
252060,0
52263,1
208715,0
223090,1
187150,1
40260,1
188643,1
156908,1
15371,1
257694,1
203774,1
58377,1
256922,1
179827,1
160848,1
175609,1
254856,1
90305,1
114283,0
79787,1
190181,1
258520,1
237846,1
95527,1
47924,1
122438,1
242033,1
84478,1
225114,1
51443,0
239149,1
97595,1
203123,1
121037,1
69657,1
109548,1
197148,1
149346,1
153036,1
74045,1
77402,1
61758,1
4459,1
46498,1
237150,1
193637,0
242155,1
4434,0
84991,1
254964,0
215585,1
106599,1
18078,1
146929,1
227532,1
90016,0
20402,0
130366,1
147695,1
118317,1
221408,1
80168,1
235982,1
36116,0
138093,1
64117,1
98238,1
175133,1
16040,1
228440,1
115541,1
218967,1
27718,1
69813,1
88114,1
68797,1
115994,0
214643,1
205125,1
56516,1
170804,0
240910,1
18088,1
230629,1
228471,1
86159,1
91151,1
201376,1
43793,1
253743,1
202893,1
7233,0
82897,0
115286,1
183867,1
145652,0
48031,0
27629,1
180861,1
204633,1
233483,1
106808,1
115403,1
107406,1
70595,1
41623,1
165553,0
77445,1
30165,1
193981,1
175986,1
44055,1
142044,0
258082,1
147983,0
211229,1
115710,1
68796,1
209948,0
213494,1
242054,1
63600,1
118247,1
225131,0
209399,0
4644,1
77941,1
169981,1
84770,1
26656,1
13132,1
198476,0
55008,1
25422,0
116961,1
223947,1
257311,1
21715,0
260695,0
105740,1
226468,0
188124,1
221605,1
239063,1
181596,0
135832,1
172639,1
229919,1
201605,0
226482,1
151930,1
177534,1
112852,1
260226,1
56456,1
79173,0
43665,0
141722,0
126798,1
141248,0
256654,0
112469,1
241875,1
169844,1
136829,0
143713,1
162980,1
131211,1
56270,0
186169,1
206650,1
261162,1
224011,1
124676,0
108436,1
160901,1
183544,1
88151,1
77220,1
216393,1
132462,1
262100,1
14689,1
3448,1
114404,1
185597,1
191947,1
143727,1
28526,0
20170,1
161104,1
265638,0
90619,0
256144,0
150275,1
73520,1
191825,1
10900,0
48773,1
76174,1
12262,0
260272,1
64165,1
109055,1
245695,1
104867,0
46752,1
80404,0
87579,1
160131,0
17532,1
170872,1
142433,1
40388,1
46486,1
214647,1
10658,0
111875,1
255832,0
67711,1
256787,0
238316,1
111325,1
113381,0
101938,1
161582,1
73663,1
188092,1
244662,1
148196,1
144068,1
137067,1
201209,1
120086,0
17711,0
73342,0
142271,1
184955,1
184501,1
37330,1
51383,1
44029,1
96331,1
23782,0
188048,0
15670,1
38783,0
256633,1
188404,1
24877,0
128359,1
125323,1
243399,1
157822,1
205997,1
37921,1
245319,1
49933,0
65870,1
4669,0
15499,1
44061,1
117321,1
88496,1
2854,0
62134,1
221872,1
189014,1
100159,1
212200,0
176902,1
40644,1
163983,1
153892,1
115588,1
15799,0
10278,0
224122,1
4200,0
83445,1
249981,1
86013,1
234521,1
34637,1
251158,1
34668,1
167806,1
231017,1
7541,1
54473,1
38301,1
30115,1
229645,1
143044,1
128364,1
217108,0
156820,0
229266,1
202980,1
215686,1
208029,1
54101,0
94195,1
106388,1
91759,1
168932,1
125977,0
48270,1
44782,0
24739,1
5248,1
243174,0
36864,1
79973,1
226457,0
206807,1
89131,1
202912,1
203907,1
255439,0
217076,1
198655,1
250413,1
191155,1
66919,1
238348,1
138146,1
229004,1
63567,1
233607,1
140638,1
261928,0
41292,1
227970,1
235809,1
57110,1
169959,1
193527,1
233838,0
253721,1
195493,1
78680,1
198738,1
192238,1
231845,1
30331,1
217264,1
169293,1
116401,1
4599,1
140019,1
111929,1
77536,1
48477,1
148284,1
57764,1
229383,1
181435,1
174293,1
1639,1
165832,0
135698,1
55827,1
248575,1
261089,1
138774,1
256714,1
264783,1
95606,1
25143,1
77796,0
97531,1
215794,1
36666,1
120712,1
218061,1
153517,1
161165,1
97640,0
131900,1
263072,0
106018,1
204997,1
238083,1
45365,1
157471,1
54156,1
264294,0
202288,1
58575,0
194250,1
54038,1
260792,0
249996,1
122204,0
35407,0
126489,1
102388,1
157422,1
109462,1
193027,1
143831,1
136045,1
77214,1
74234,1
151622,1
144232,1
153814,1
202597,1
138816,1
108880,1
252298,1
252794,1
7140,0
3013,0
74724,1
189037,0
136139,1
174485,1
97555,1
126247,1
249494,1
99620,1
158395,0
52324,1
74782,0
1318,0
1370,1
31956,0
137026,1
109120,1
73275,1
21297,1
8911,1
239151,1
89992,0
201191,1
200125,1
84629,1
126229,1
40578,1
244194,1
71673,1
226704,1
17835,1
27624,1
241670,0
159042,1
1591,1
147364,0
202322,1
109559,1
65170,1
231058,1
103125,1
32937,1
230782,1
238082,1
239095,0
138583,1
213409,0
34038,0
183682,0
21504,1
215918,1
145395,1
242467,1
220796,1
35391,1
38204,1
222875,1
80193,1
237599,1
180061,1
28478,0
145949,1
160428,1
181692,1
103156,1
103760,1
33562,1
91720,1
36514,1
127113,0
137365,1
163436,1
57861,1
237987,1
185240,0
108965,0
123667,1
87570,1
203995,1
158794,0
107618,1
16015,1
262098,0
257723,1
67465,1
196161,1
33270,1
167670,1
151423,1
199342,1
164056,1
98525,1
17251,1
4117,1
7464,0
32061,1
146401,1
86947,1
98836,0
214777,1
184199,1
159200,1
39077,1
185315,1
201653,0
236360,0
158932,0
151364,1
113805,1
151896,0
17216,1
110085,0
164672,1
19806,1
139329,1
84862,1
143710,1
196202,1
70876,1
84527,1
225544,1
249646,0
146933,1
158387,1
37032,1
262434,1
12168,1
36774,0
146640,1
259412,1
75187,1
191203,0
193256,1
55380,1
132178,1
223651,0
83798,1
23962,0
110127,1
256811,1
3956,0
145664,1
207499,1
238652,1
165727,1
114933,1
133475,0
119878,1
165126,1
145389,1
58798,1
110788,1
161705,1
81781,1
251183,1
145485,1
31586,1
81692,0
114074,1
140462,1
266559,0
144739,1
246494,1
4476,1
62612,0
33937,1
29686,1
253034,1
97651,1
153734,1
44605,1
255373,1
240766,1
243028,1
167082,1
33392,1
177961,1
177864,1
29376,1
97900,1
160451,1
168976,1
207620,0
57936,1
111105,1
14759,1
23301,0
145131,1
173703,1
219910,0
240798,1
136059,1
173109,1
111825,1
18399,0
1604,0
18246,0
209679,1
147337,0
200802,1
10484,1
146219,1
98214,1
184936,0
162751,1
124527,0
26188,1
171388,1
82560,1
216268,1
91892,1
21545,0
98973,1
109345,1
191650,1
1836,1
49570,1
218871,1
56768,1
105510,0
2875,1
238730,1
134580,1
194046,1
149161,0
149304,1
101207,1
50948,1
92177,0
103533,1
251248,1
233249,1
221227,1
216178,1
196838,1
119956,1
257758,1
25298,1
184053,1
10456,1
92870,1
159225,1
129636,1
249158,1
91015,1
50832,1
231097,1
28898,0
202626,1
70102,1
124758,1
161678,1
251937,0
231037,1
89470,1
192362,0
127837,1
134236,1
168201,1
190953,1
243236,1
128035,1
124013,1
231644,0
40313,1
145028,0
175980,1
240817,1
173135,1
87404,1
52894,1
97097,1
200222,0
164844,1
93551,1
257690,1
153729,1
121806,0
117469,1
78284,1
105223,1
142274,1
164159,1
221223,1
6,1
80709,1
121580,1
227572,1
150839,0
3566,0
250444,0
214057,1
23087,1
153994,1
82135,1
186805,1
182778,1
100793,0
151247,1
70747,1
23120,0
141940,1
193711,1
147824,1
126027,1
243998,1
191026,1
135747,0
85921,1
149028,1
42856,0
17389,1
261398,1
123686,1
166612,0
6783,1
180862,1
46327,0
158873,1
78888,1
150875,1
122807,1
6600,0
37433,1
149642,0
25571,1
144082,0
203813,1
254035,0
102689,1
49420,1
50720,1
176925,1
219997,1
86595,1
220628,0
139534,1
66732,0
21381,1
208989,1
223419,1
214853,1
246586,1
172582,1
210039,1
133811,0
62351,1
194285,0
118884,1
7034,1
82651,0
67316,1
225560,1
266023,0
249518,1
80222,1
7137,1
81983,1
123697,1
91241,1
238175,1
154739,1
200171,1
85622,1
244220,1
239948,1
133332,0
258554,1
243389,1
168570,1
32698,1
224622,1
120921,1
251431,0
134440,0
156743,0
184492,1
110925,1
116354,1
73869,1
17258,1
57213,1
48102,1
233963,1
86279,1
21153,1
179524,0
61687,0
86714,0
1997,1
198143,1
59943,1
58877,1
243209,1
242417,1
176454,1
188900,1
188179,1
10166,0
242863,0
206420,0
116989,1
111090,1
247481,1
251680,1
17840,1
20910,0
123460,1
80903,1
230600,1
237319,1
73470,1
263724,1
240389,1
123875,1
240937,0
196439,1
53138,1
82824,1
38485,1
75863,1
22098,0
142178,1
200680,1
39759,1
112827,1
106738,0
266251,1
207197,1
112223,1
28718,1
124531,1
54869,1
89638,1
25015,1
252908,1
204226,1
229328,1
176665,1
157085,0
253036,0
174406,1
174645,1
263201,0
226174,1
109788,1
218989,1
133509,1
122237,0
61706,1
232674,1
81285,1
180386,1
107944,1
196907,1
188376,1
226073,1
258598,1
22297,1
34,1
209835,1
98829,1
69714,1
174995,1
18980,1
179660,1
105410,1
43674,0
202595,1
112310,1
91640,1
260343,1
182569,1
234324,1
82051,1
18242,1
64438,1
45381,1
56666,1
9196,1
147762,1
234856,1
66781,1
266224,0
29695,1
120292,1
141497,1
176286,1
168423,1
213573,1
233971,1
234695,0
130266,1
84119,1
197626,0
158494,1
7141,0
14798,0
141677,1
218723,0
132160,0
73469,1
150065,0
103753,1
73868,1
92275,1
39129,1
182661,0
88414,1
78250,1
99643,1
211945,1
63565,1
248670,1
71769,1
220221,1
248612,1
193386,1
143729,1
119668,1
101748,1
64178,1
184564,1
76541,1
213019,1
41059,1
53811,1
60841,1
247033,1
208622,1
4370,0
165979,0
246305,1
228204,1
68112,1
23356,1
84819,1
67735,1
152886,0
16280,1
66190,1
232479,0
110314,1
252328,0
47114,1
68773,1
115081,0
247383,0
90183,1
174553,1
7422,1
211408,1
24454,1
48287,0
261997,0
230672,1
219876,1
135011,1
146688,1
206009,1
122854,1
171851,0
82516,1
91406,1
109393,1
124024,1
87663,1
75541,1
109777,1
78323,1
164138,0
9200,1
245628,0
96506,0
100955,1
186401,0
32439,1
122802,0
165355,1
40295,1
240561,1
43196,1
264936,1
175690,1
159259,1
175770,1
60527,1
108520,1
177468,0
40336,1
235115,0
132713,0
147308,1
228225,0
58009,1
125189,0
244259,0
202242,1
17324,1
254162,1
194015,1
169590,1
21678,1
126499,1
41328,0
21132,1
17458,1
205089,1
230140,1
217248,1
238547,1
10265,1
135363,1
139348,1
61869,1
146810,0
124218,1
10761,1
70947,1
237508,1
68447,1
69587,1
122981,1
3464,1
70440,1
110434,0
48464,0
131810,1
147978,1
183175,1
259501,1
151507,1
91187,1
149939,0
114855,1
231312,0
236568,0
84519,0
185126,0
36785,1
77640,1
184317,1
263858,1
209995,0
141818,1
80865,0
192877,1
196448,1
69215,0
196665,1
109882,1
162239,0
142979,1
145144,1
153919,1
145746,0
252724,1
40723,1
81623,1
75529,0
139498,0
168125,1
186598,0
48848,1
114180,1
105633,1
201963,0
41283,1
80402,1
133921,0
170852,1
227300,1
122216,1
99263,1
99665,1
554,0
11259,1
138020,1
110560,1
135398,1
21059,0
10649,0
235891,1
174543,0
4035,1
224352,0
118597,1
161116,1
91224,1
242452,0
115444,0
246372,0
257341,1
199252,1
10878,1
166579,0
217979,1
196426,1
224062,1
194647,1
157306,1
257042,1
18845,1
196474,1
90022,1
7310,1
126108,1
109161,0
114359,1
193891,1
189509,1
231499,1
73903,1
262528,1
112150,1
244231,1
18366,1
259987,1
40020,0
151437,1
98487,1
261276,0
21341,0
159929,0
161398,1
67142,1
194825,0
149639,1
256443,0
70413,0
137205,0
136125,0
197873,1
195610,1
136057,1
162656,1
62681,1
25487,1
32322,0
2273,0
30489,1
130353,1
25465,1
56598,1
193747,0
263889,0
127002,1
59820,0
16707,1
249489,1
202559,1
215798,0
25437,1
242178,1
83985,1
37338,0
262681,0
191575,1
226846,0
207525,1
220124,1
1217,1
53671,0
254884,1
69087,0
112350,1
131681,0
162917,1
185064,1
40316,1
92528,1
207899,1
55504,1
235498,1
215462,1
184453,1
118130,1
186148,1
233764,1
237290,1
238472,1
98245,1
86462,1
126892,0
18226,0
115889,1
143039,1
233434,1
127229,1
25038,0
25190,0
260708,1
133431,1
168088,1
125990,1
92061,1
232710,0
85206,1
85841,1
182012,0
221140,1
253790,0
63103,0
195100,1
111169,1
155623,1
7898,1
127023,0
165135,1
264983,1
208601,1
222208,1
199474,1
6258,1
229081,1
177125,1
26579,1
251527,1
158739,1
24222,1
197254,1
15763,0
222438,0
98654,1
113976,1
239135,1
185698,1
11077,1
221616,1
93608,0
77241,1
99142,1
257099,1
74644,0
61715,1
118019,1
101561,1
260234,1
53408,1
233714,1
38846,1
154780,1
50477,1
1898,0
242845,1
5164,0
196405,1
174123,1
32301,1
196259,1
141802,1
82484,0
91771,1
136455,1
90779,1
148781,0
141749,0
10956,1
131944,1
190363,0
154852,1
151512,1
208640,1
167665,1
154646,1
57873,0
102648,1
120019,1
179035,1
46808,1
131867,1
238057,0
49866,1
114813,0
200052,1
132151,1
248507,0
40301,1
124616,1
97387,1
195273,0
26783,0
28208,0
19926,0
106290,1
80623,1
176040,1
237708,1
211182,1
12549,0
141094,1
146008,1
110118,1
227959,1
248343,0
237762,1
130758,1
180718,1
81054,1
35461,0
204105,1
232048,1
41306,1
102185,1
141175,0
71494,0
142052,1
4081,1
182101,1
51707,1
111940,1
17085,1
165929,1
55936,1
94393,1
72676,1
56937,1
64369,1
76829,1
119935,0
60182,1
27880,0
157399,1
30462,1
103810,1
56007,1
243985,1
159719,1
106415,0
223462,0
67783,0
24510,0
98474,1
136325,0
117873,0
146579,0
153106,0
145051,1
77156,1
104899,1
210596,1
45284,1
219499,1
234125,1
116232,1
19625,1
254076,0
116128,1
219399,1
107733,1
245826,1
44668,1
250508,1
102178,1
42547,1
55369,1
142194,1
187605,1
35712,1
140558,1
106318,1
96203,1
108494,1
4753,1
209881,0
132403,1
236992,1
118361,1
245532,0
148907,1
142912,1
105276,1
178836,1
248026,1
203990,1
225279,1
160143,1
127769,1
107719,1
64516,1
121623,1
123626,0
105135,1
54120,1
248727,1
89769,1
255079,1
22768,0
184030,1
51360,1
254269,0
192489,1
9610,1
235109,1
250044,0
176698,1
188655,1
189589,1
166194,1
49758,1
168433,1
202647,1
125477,1
32644,1
205077,1
96281,1
59914,1
259013,0
65359,1
264150,1
15988,0
91972,1
196673,1
70343,1
160465,1
236392,1
143189,1
44755,1
12272,1
29005,0
251316,1
100110,0
234762,1
43728,0
113529,0
226152,1
107783,1
27269,1
87928,0
24061,1
69816,1
257526,1
69316,1
42121,0
49755,1
197242,0
37403,1
197895,1
45583,0
123772,1
186520,0
163039,1
211037,1
135089,1
97115,1
203930,0
115968,1
207784,1
138525,1
186306,1
237538,1
143775,1
158750,1
33511,1
263309,0
127473,1
40137,1
169831,0
169749,0
170020,0
132271,1
117663,1
178021,1
150903,1
84402,1
262592,0
243431,1
69538,0
145197,1
205987,1
52022,1
233081,1
239408,1
107007,1
132035,1
79023,1
50473,0
75183,1
177319,1
213274,1
227207,1
156133,1
98688,0
195962,1
228932,1
17684,1
11450,1
228781,1
32886,1
128173,0
189997,0
197153,0
221639,0
159308,1
81196,1
23524,1
246462,1
147119,0
38226,1
69387,1
174683,1
217827,0
237824,1
55406,1
80655,1
99143,1
228367,0
63585,0
72775,1
35931,1
191951,0
65691,1
234925,0
41042,1
130305,0
84155,1
106199,1
188107,0
53958,1
81652,1
185577,1
30851,0
251774,1
82107,1
65147,0
150457,0
255891,1
251884,0
64375,1
203593,1
138216,1
163192,1
80786,1
109660,0
266582,1
236185,1
198243,1
139409,1
51098,0
9894,1
257862,1
200917,1
245971,1
178373,0
32195,1
199951,1
96125,1
138355,0
241679,1
126908,1
75987,1
70206,0
179144,1
63008,1
264620,1
132673,1
162709,1
57843,0
28960,1
154212,1
5443,1
88508,1
165284,1
46869,1
167979,1
189044,1
123699,0
95727,1
193661,0
139998,1
10365,1
58878,1
133832,1
12737,1
208691,1
227774,0
38105,1
235221,1
137512,1
53676,1
43682,1
102189,1
67429,0
83451,1
99664,1
8169,0
59692,1
196101,1
211975,1
78721,1
34968,1
88973,1
264398,1
169769,1
221063,1
72030,1
195366,0
28097,1
189001,0
251565,1
213577,0
2732,1
255410,1
32475,1
12776,1
126526,1
100611,1
171349,1
100100,1
32452,1
113416,1
183021,1
95098,1
22221,1
115766,1
110550,1
239422,1
222392,1
100650,1
217185,1
26458,1
155748,1
235874,1
253091,0
53971,1
203884,1
81610,1
11888,0
218632,1
17702,1
172337,1
96303,1
122396,0
60657,1
261108,0
164775,0
253898,1
104466,1
116320,1
161882,1
137385,0
155998,1
259892,1
151222,0
1003,0
130861,1
117835,1
252002,1
88161,1
168938,1
92212,1
228647,1
258198,0
199519,1
121618,1
220290,0
61301,1
250398,1
15384,1
68203,1
17613,1
60272,1
234395,1
70841,1
124084,1
114840,1
16441,1
81713,1
156495,1
243357,1
59526,1
245517,1
151244,1
138174,1
104967,1
99001,1
167561,1
14613,1
101285,1
128780,1
50421,1
111757,1
150643,1
38554,1
142727,1
25660,0
137616,1
239087,0
152684,1
76903,1
256395,0
52070,0
105334,1
154578,1
200315,1
232486,1
226268,0
202384,0
134729,1
94651,1
191597,1
54090,1
182663,1
170155,1
110228,1
73531,1
35879,1
146580,1
216069,0
28233,1
85473,0
251502,1
127671,1
242438,1
7456,1
135676,1
165930,1
94150,1
241250,1
176011,1
194759,0
6395,0
232982,1
145038,1
155343,0
138163,1
71692,1
168946,1
180352,0
113795,1
10622,0
186144,1
31667,1
154803,0
211308,0
235119,0
89113,1
220566,1
160700,1
176875,0
155798,1
20081,1
151636,1
154978,1
246806,1
10072,1
200716,1
75055,1
10288,1
127495,1
128511,1
60209,1
8775,0
215298,1
54209,1
22917,1
60248,1
258095,1
189639,1
239623,1
28753,1
21565,1
2964,0
60172,1
113196,1
177201,1
258979,1
106443,1
260080,1
5055,0
218099,1
71632,1
264432,1
196991,0
137586,1
201531,0
4233,0
116226,0
133338,1
238280,1
216402,1
42279,1
98313,1
36553,1
4635,0
50043,0
235528,0
191034,1
52107,1
135221,1
206688,1
239699,1
239090,1
82360,1
235383,1
220708,0
160603,1
149073,0
234629,1
52198,1
186582,1
40206,1
141622,0
158415,1
251345,0
170668,1
256986,1
247104,1
8643,0
4480,1
73793,1
8353,1
527,0
171425,1
131609,1
18839,1
258891,1
49097,0
113183,1
97035,1
176191,1
7113,1
13987,1
86568,1
74315,1
20972,1
14864,1
182765,0
29537,1
196084,0
158520,1
212558,1
190369,0
89825,1
89728,0
263031,1
53240,0
195711,1
44566,0
263650,1
203975,1
232341,1
65021,1
24020,1
49003,0
100226,1
105463,1
211896,1
263256,0
128360,1
189425,1
203943,1
17785,1
113560,1
207542,0
87128,1
30428,1
18975,1
201222,1
214851,1
261482,0
6071,1
130412,1
41575,1
207708,1
56052,1
47896,1
134442,1
233566,1
170072,1
84794,1
191397,1
132233,1
204983,1
226265,1
177000,1
258852,1
50638,0
248966,1
100012,1
22472,1
91498,1
886,0
132258,1
184844,1
191308,1
45614,1
84787,1
156812,1
98247,1
76391,1
194658,1
217300,1
151572,1
37524,1
170330,1
216244,1
49573,1
84074,1
103908,1
189983,0
115405,1
93997,1
28588,0
8965,1
213431,1
186523,1
195343,1
265539,1
17028,0
144182,0
260777,0
197461,0
207703,1
149326,0
216735,0
124518,1
136097,1
29372,1
129731,1
209648,0
15839,1
41553,1
2319,1
75459,1
43949,1
87668,1
123906,1
141658,1
110292,0
161600,1
165388,1
234588,0
227365,1
163127,1
249838,1
244171,1
190216,1
261114,0
234237,1
187550,1
40121,1
128145,1
170656,1
252089,1
192250,1
190434,1
185774,1
82551,1
49107,1
217383,1
62356,1
190221,1
260863,1
316,1
26366,1
233484,1
204536,0
120317,1
247534,1
100635,1
220352,1
234484,1
235495,1
108264,1
202350,1
193470,1
216630,1
4371,1
81947,1
181399,0
175823,1
130535,0
91833,1
5082,0
21102,1
134282,1
20539,1
145867,1
119359,0
223762,1
146836,1
184429,0
144315,1
171231,1
147290,1
124763,1
39196,0
219822,1
9031,1
136724,1
221024,1
102713,1
7362,1
42824,0
204869,1
63758,1
161514,1
58373,1
192816,1
4659,1
39056,1
225305,1
10344,0
17946,0
169497,1
194578,1
187294,1
151731,1
88477,1
131903,1
160551,0
103123,1
45682,1
183282,1
83926,1
87435,1
44217,1
133443,1
247345,0
54867,1
39135,1
42518,1
148370,1
117530,1
51031,1
53333,1
233811,1
180171,1
167027,1
256965,1
212047,1
167349,1
4505,1
211300,1
231980,1
58342,0
189114,1
191840,1
225442,0
190741,1
173824,1
110287,1
5427,0
44730,1
221131,1
234428,1
220169,1
73464,1
161892,1
147856,1
173058,0
41969,1
204449,1
113151,1
170134,0
10524,1
14848,1
235876,1
66860,0
250027,1
60238,1
244808,1
208953,0
229845,1
6326,1
182626,1
114017,1
21412,1
35454,1
81476,1
176439,1
171142,1
2873,0
146279,0
260931,1
99499,1
159845,1
51469,1
112356,1
215843,1
48299,1
37030,0
50085,0
182849,1
186160,1
191283,0
50001,1
225744,1
105450,1
263069,0
207360,1
11563,1
185862,1
17661,1
172361,1
138033,1
85080,1
137522,1
154469,1
182157,1
28867,1
108482,1
21471,1
153063,0
163922,0
115617,1
98522,0
183811,1
163841,0
133284,0
51568,0
242068,1
209653,0
32735,1
21183,1
215396,1
138305,1
140659,1
2445,1
176797,1
170111,0
147036,1
113299,1
50418,1
77333,1
21243,1
254948,1
250484,1
15397,0
63859,1
105380,1
257606,1
153913,1
40841,1
238717,1
71662,1
110841,1
203189,1
7160,1
112633,1
43217,1
136958,0
78844,0
22237,1
90059,1
152904,1
39587,1
51304,1
2605,1
73742,1
229371,1
166070,1
160907,1
137068,1
243208,1
164117,1
25130,0
196008,1
208882,1
251574,1
244807,1
16838,1
90228,0
266198,0
211291,1
186120,1
61448,1
216301,1
84090,1
262413,0
179307,1
198698,1
72450,0
146284,1
163926,0
43387,1
9155,0
218226,1
144261,1
69879,1
169797,1
68728,1
257879,1
136397,1
213262,1
136892,1
108468,1
218630,1
175865,1
211854,1
16210,0
243183,1
131799,0
32113,1
65679,1
90442,1
174168,1
51768,1
201606,1
670,1
16570,1
15228,1
118538,1
114796,0
56304,1
128369,1
225856,1
151010,1
204232,1
230263,1
60489,1
50087,1
139469,0
215565,1
145985,1
136424,1
99866,1
231569,1
220571,1
257499,1
258951,1
72318,1
178478,1
132055,0
217797,0
212443,1
3198,1
49051,1
13717,0
201281,0
160431,1
210555,1
207660,1
29738,1
126953,0
175925,0
251584,1
76954,1
148932,1
21396,1
21640,1
143250,1
126694,1
201991,1
187182,1
98867,1
141001,1
4028,0
191514,1
219019,1
31941,1
175202,1
75890,1
12192,0
22164,0
149365,1
167755,1
129449,0
152810,1
229094,1
257008,1
20603,1
29875,1
216901,1
240357,0
43094,1
52283,1
256695,1
164066,1
69527,0
229991,0
138844,1
158213,1
219543,0
136841,1
247277,1
73341,1
189814,0
169310,1
158713,1
92015,1
80440,1
82458,0
100461,1
63598,1
111271,1
40542,1
226258,0
202263,1
54109,1
5951,1
91120,1
144095,1
3050,0
162711,1
67390,1
225925,0
113726,1
246215,1
87895,1
203591,0
81563,0
15461,1
81431,0
136563,0
132412,1
255678,0
253009,0
120935,1
197507,1
147117,0
264034,1
8694,1
143478,0
113614,1
83364,1
2033,1
157782,1
45216,1
233932,1
77994,1
78815,1
86761,1
138340,1
2341,0
173002,1
146293,1
123594,1
87471,1
247073,1
233192,1
152567,0
175976,1
116506,1
59550,1
137853,0
158039,0
202224,1
179447,1
96274,1
76167,1
217926,1
30563,1
252165,1
257805,1
260534,0
260694,0
127551,1
125458,1
143669,0
117918,1
5336,1
168748,1
84970,1
27309,1
81656,1
49722,1
226177,1
71611,1
74587,1
92058,1
104489,0
257545,1
8629,1
46639,1
186857,1
144901,1
79634,1
166136,0
242800,0
183757,0
251994,0
127867,1
92431,1
101687,0
64467,1
14443,1
72356,1
56684,0
54670,1
34895,1
20384,1
188339,1
191860,1
139872,1
12354,0
98372,1
155858,0
162193,1
88272,1
19987,0
214737,0
113947,1
202960,1
216891,0
239200,1
26669,1
35091,1
63476,1
243576,1
51115,1
99794,1
237195,1
156526,1
68176,1
244245,1
120719,1
73057,1
262653,1
99492,1
47555,1
136797,1
8250,1
53856,1
21665,0
222379,0
246845,0
170984,1
67143,1
225753,1
104244,1
136310,1
141282,0
4796,1
92875,1
161953,1
169005,0
156917,1
232887,1
147940,1
224392,0
224592,1
108715,1
160079,1
116441,1
34420,1
474,1
128371,1
98755,1
164165,1
246303,1
95302,0
202435,1
201947,0
145834,1
35487,1
59464,1
120122,1
225458,1
25792,1
18963,0
93828,1
246840,1
177885,1
36807,1
119830,1
161439,1
15389,1
45379,1
43797,1
142234,1
264965,1
109325,1
231651,1
133571,1
107722,1
198105,1
252208,1
38040,1
142977,0
32626,1
14143,1
6125,0
73207,1
61817,1
229233,0
151724,1
13869,1
144248,1
226877,1
208608,0
3069,1
218879,1
177865,1
211400,0
212674,1
44589,1
76379,1
110055,1
258209,1
12627,1
243804,0
24114,1
78243,0
117256,0
153008,0
178392,1
4190,1
46909,1
241575,1
194831,1
140338,1
256977,1
1938,0
3784,0
241161,1
247966,1
102317,0
119833,0
132952,1
9095,1
165133,1
144305,0
149108,1
186210,1
181702,0
18970,0
16495,1
15210,1
51910,1
89374,1
7937,1
240019,1
6769,1
218854,1
83344,1
266448,1
225947,1
192337,0
201294,1
238885,1
25696,1
26824,1
98030,1
72548,0
213928,1
34962,1
63618,1
64212,1
21078,1
62613,1
121409,1
147121,1
27604,1
196368,1
189003,1
260001,0
24758,1
255127,0
245422,1
254366,0
134223,1
218509,0
153533,1
213677,1
252747,1
39149,1
241528,0
119520,1
24216,1
42673,1
82532,1
161418,1
231784,0
8840,1
212960,1
107394,0
95649,0
115772,1
78123,1
211807,1
20422,1
180396,1
109037,1
118411,1
254613,0
195511,1
230952,1
146861,0
219425,0
226476,1
254375,0
203629,1
42425,1
123645,1
209763,1
79620,1
79377,1
42006,1
110347,1
201977,1
216423,0
112923,1
114243,0
199984,1
144278,0
259029,0
194171,1
76136,0
142805,1
196083,1
188835,1
230549,1
134663,1
105346,1
223659,1
29891,1
135844,1
166573,0
255224,0
41916,0
212484,1
205678,0
124619,1
10027,0
198920,1
209507,1
209266,1
206220,0
72910,1
18536,1
173310,0
1965,0
198167,1
243235,0
116741,1
253578,1
149483,1
113105,1
153910,0
135902,1
171100,1
118303,1
208831,1
248961,1
9228,0
66782,1
226488,1
9466,0
225530,1
153086,1
185752,1
259797,1
229502,1
180775,1
148268,1
69179,1
6587,1
253011,1
252530,1
56907,1
728,0
169942,1
32949,1
115158,1
212507,1
251953,0
146952,1
89978,0
90727,1
13281,0
250068,1
110184,1
263558,1
213989,0
234022,1
100239,1
95021,1
182272,1
16758,1
80710,1
137466,1
50954,1
76481,1
53789,1
231452,0
28390,0
16555,1
255546,0
69356,1
70909,1
91989,1
84969,1
150030,0
124599,1
194935,1
30038,1
117063,0
238910,1
142259,1
220965,0
166531,0
162976,1
1005,1
136284,1
81839,1
19190,0
68532,1
217512,1
251559,1
89558,1
33364,1
67057,1
46031,0
79261,0
165670,1
152149,1
170607,1
76991,1
214639,1
111377,1
120287,1
44932,0
245801,1
18642,0
50019,1
8519,0
208576,1
11691,1
159266,1
166452,1
61025,1
121226,1
118855,1
212035,1
214077,1
138659,1
256955,0
30070,1
22420,1
186789,0
74350,1
74266,0
198006,0
216687,1
26489,1
13669,1
141742,1
177600,1
161994,1
180323,1
43860,0
193668,1
241940,1
26876,0
162513,1
39887,1
18458,1
159697,1
12681,0
6547,1
109353,1
118839,1
187663,1
59361,1
102216,0
128741,1
261273,1
153288,1
244255,1
96458,0
125100,1
228380,1
221455,0
18542,1
20493,0
233360,1
155216,0
95185,0
232194,1
35906,1
245241,1
103140,1
9146,0
7272,0
49096,1
110926,1
214479,1
57559,1
157931,1
116185,1
64940,1
19159,0
101619,1
8349,1
85658,1
17759,0
251918,0
68457,1
263218,1
171457,1
45049,0
246783,0
61118,0
86984,1
17987,1
130306,0
33275,1
71471,1
118022,1
258786,1
7131,1
251151,1
168880,1
94478,1
7553,1
19527,1
207618,1
203902,1
1383,0
224142,1
34698,1
255479,1
50793,1
256949,1
229495,1
164566,1
189936,1
84056,1
218517,1
108378,1
14238,1
197835,1
93075,1
159130,0
31951,1
177258,1
103511,1
80147,1
15668,0
205216,1
6841,0
251704,1
256626,1
144295,1
41470,0
208746,0
251737,1
66827,1
158658,1
186170,1
131194,1
179708,1
104824,1
134894,1
40617,1
95719,1
216706,0
108638,0
37818,0
32371,1
32104,1
259317,1
207385,1
22255,0
118835,0
105992,1
26301,0
177790,1
169441,0
26206,1
152817,1
136668,1
66872,0
88695,0
185804,0
171227,0
113275,1
33572,1
75544,0
134408,0
121494,1
136712,0
45636,1
80500,1
44324,1
154379,1
26859,1
217146,1
154799,1
134283,0
199670,1
167420,1
232169,1
171072,0
180607,1
154251,1
81810,1
36640,1
266091,1
176326,1
108235,1
65404,1
82696,0
261524,1
258470,1
129421,1
265743,1
32145,1
72413,1
27524,1
138218,0
101769,1
121193,0
140261,1
22591,0
58557,1
164365,1
257866,1
55517,1
35710,1
21026,0
175661,1
44944,0
249419,1
136625,1
145489,1
159153,1
24659,0
130557,1
74880,1
183052,1
125254,0
19099,1
240099,1
164797,0
69624,1
91579,1
79858,1
264005,1
120555,1
150596,1
24329,1
70805,1
57684,1
6193,0
181879,0
257703,0
166797,1
143659,1
119306,1
82679,1
18278,1
151845,0
193506,1
61180,1
7929,1
214903,1
251233,1
117600,1
32862,1
261238,1
13568,0
27398,1
178846,1
193112,0
14388,1
100672,1
92152,1
34439,1
127380,1
245945,1
12425,1
51979,0
111794,0
180101,1
7822,1
67027,1
115823,1
139373,1
265915,0
1657,0
83578,1
230048,1
242321,1
185261,0
180325,1
27221,1
84536,1
96433,0
145625,1
7560,1
245996,0
144126,1
223720,1
77652,1
248698,1
235783,0
210931,1
149990,1
129146,1
51956,1
66655,1
261413,0
169779,1
183795,1
156739,1
21515,1
120678,1
61990,1
133300,1
218048,1
109587,1
58197,1
66422,1
240251,1
263986,1
158455,1
202961,1
60602,1
4321,1
39838,1
230214,1
58789,1
207397,1
130743,1
133246,1
31523,1
99020,1
97552,1
108216,1
50505,1
70129,1
4193,0
218150,1
201002,1
143782,1
19759,1
45244,0
159188,1
173498,1
174085,1
126947,1
122126,1
244797,1
132940,0
82758,0
142668,1
255779,1
232295,0
4723,1
11571,1
207126,1
152123,1
13297,0
75659,1
32611,1
224517,0
101850,1
262011,1
122951,1
218518,1
202889,0
132321,1
209134,1
78936,1
74948,1
264037,1
258841,0
172506,1
107336,1
252676,0
150914,0
260572,1
34491,1
100393,1
199428,0
53813,1
181797,1
86697,1
62453,0
81583,1
22382,1
66555,1
16271,0
241308,0
20016,1
204741,1
106151,1
146402,1
23656,1
161830,1
167351,1
15625,0
151293,1
166425,1
197836,0
53233,1
120792,1
254130,1
44253,0
233102,1
189488,1
82850,1
19350,0
141911,0
82855,1
157534,1
140478,0
135580,1
53118,1
112054,1
232539,1
21443,0
248169,0
65974,1
183047,1
148572,1
157689,0
50856,1
17710,0
170652,1
146246,1
65371,1
140151,1
140485,1
186813,1
198878,0
194084,1
33745,1
144921,1
201408,1
163680,1
57444,1
157735,1
45801,1
59544,1
152862,1
137303,1
112146,1
26286,1
59813,1
101609,0
186115,1
244633,1
172139,1
75639,1
264925,0
46855,1
182458,1
256364,0
159300,1
220444,1
173538,1
96165,1
15863,1
108875,1
203418,1
152585,1
210235,1
264284,1
241135,1
97602,1
60446,0
264355,1
153587,1
109310,1
179711,1
191775,0
251224,1
170903,1
42090,1
13636,0
105141,1
2586,0
260481,1
70749,1
22445,0
128024,0
159047,1
165208,1
48606,1
38339,1
21191,1
237223,0
221100,1
238842,0
872,0
23655,1
121978,0
130648,1
200273,1
135312,0
206061,1
242432,0
62226,1
177268,1
179642,0
254002,1
186511,1
120332,1
125318,1
27681,1
81740,1
89933,1
137406,0
227387,1
251242,0
76568,1
163113,0
144797,0
177689,1
118197,1
35789,1
253657,0
135528,1
141280,1
192642,1
49889,0
135599,1
225510,1
208736,1
4580,1
5558,1
65730,1
10664,0
62287,1
68394,1
109935,1
177355,1
217190,1
238390,1
44773,1
58970,1
31058,0
42394,1
228268,1
158331,1
34941,0
183036,0
209445,1
31894,1
230640,1
4835,1
144378,1
192191,1
33056,1
213797,1
62246,1
124686,0
231650,1
253067,1
134555,0
222813,1
9791,1
117211,1
44785,1
157885,1
206029,0
196003,1
178077,0
10910,1
33756,0
69778,1
103527,1
235423,1
109268,1
14730,1
161609,1
149098,1
259306,1
279,0
101423,1
143490,1
162093,1
172596,1
165775,1
172219,1
247671,1
214347,1
131398,1
156252,1
67659,1
126746,1
187715,1
158191,1
70339,1
65813,1
178867,0
263505,1
19512,0
92994,1
173511,1
27618,0
73557,0
154683,1
138568,1
208777,1
231697,1
50753,1
37827,0
143140,0
65852,1
90640,1
230169,1
174629,1
141751,1
164292,1
138282,1
148748,1
40796,1
174346,1
88959,1
90058,1
18826,0
66198,1
28257,1
235719,1
63521,1
178126,1
154403,1
173967,1
63261,1
6227,0
177616,1
170373,1
5052,0
140042,1
46255,1
101997,1
186412,1
242001,0
123071,1
266212,1
179431,1
108035,1
80869,1
45103,1
166367,1
148534,1
238837,1
139334,1
235398,1
228213,1
144051,1
263222,1
182399,0
173835,0
77653,1
237793,0
21077,1
34011,1
44241,1
9137,0
14682,1
122042,1
81779,1
119740,1
228966,1
159245,0
4715,1
192796,1
122641,0
184131,1
204076,1
26867,1
226739,0
196870,1
145683,1
199961,1
105608,1
117302,1
201635,0
163992,1
160139,1
125861,0
208881,0
82686,0
70801,1
241878,1
243244,1
36413,1
105115,1
250378,1
108433,1
9882,1
27960,0
189734,1
212093,1
371,1
142535,1
164192,1
65022,1
107165,1
136604,1
77324,0
255769,0
206007,0
159444,0
71418,1
185633,1
161732,1
210595,1
5207,1
194926,1
114261,1
241731,1
120318,1
7829,1
170993,1
19490,1
104805,0
21723,0
109771,1
153755,1
219518,0
26697,0
53490,1
258963,1
52619,1
157513,1
24482,1
399,1
130351,0
1078,1
42516,0
136047,0
43742,1
96446,1
149278,0
252462,1
135305,1
106896,1
137075,1
189545,1
147354,1
247512,1
194972,0
248048,1
237081,1
217892,1
11228,1
109636,1
97255,0
98706,1
248649,1
135015,1
218840,1
6520,1
161914,0
23981,1
13738,1
237023,0
217915,1
63109,1
90972,1
46706,0
74763,1
224925,1
94456,1
44276,1
258665,1
16478,0
115165,1
26190,1
78822,1
52461,1
80294,1
79785,0
111003,1
200715,0
50959,1
139035,0
84100,0
100523,0
103342,1
157946,1
37110,1
257505,1
138370,1
27778,1
227931,1
30604,1
88181,1
53387,1
220709,1
179143,1
198240,1
246226,1
27245,1
194431,1
95713,1
200941,1
135533,0
250030,1
52826,1
96062,1
152577,1
248381,0
1801,1
157808,0
244437,1
202574,0
59695,0
210951,0
19864,1
130012,1
186819,1
232188,1
222865,0
122158,1
85609,1
6997,0
160884,1
100971,1
126735,1
252027,1
258096,1
172977,1
114171,0
259658,1
190130,1
22160,0
169645,1
229730,0
6380,0
47560,0
12322,1
180576,1
67226,0
40036,1
239554,1
71422,1
211578,1
213578,0
223099,0
4326,0
172574,1
21338,1
200972,1
7650,1
46441,1
240276,0
15638,0
232826,0
1574,0
30508,1
92316,1
194590,1
18054,1
144660,1
6382,1
6462,1
12439,1
191606,1
81035,1
254241,1
234759,0
135476,1
253973,0
212554,1
12761,1
166775,1
22351,0
147216,1
202685,1
252512,1
113865,1
252887,1
240151,1
165027,0
37773,1
203549,1
109471,1
71700,1
28825,1
86735,1
232614,1
109317,0
41854,1
243859,1
236543,1
61168,1
211468,1
81061,1
144370,1
173738,1
250105,1
35002,1
251312,0
46690,1
173790,1
173692,1
201654,1
85123,0
145155,1
138780,1
141495,1
1792,1
174486,1
143011,1
108261,1
155258,1
169682,0
220083,1
127343,1
42794,1
226911,1
220641,1
185526,1
167551,1
251569,0
51261,1
205813,1
76176,1
165771,0
126320,0
246149,1
38177,1
185532,1
107951,1
231182,1
9655,0
173861,0
262201,1
10281,1
249618,1
216634,1
220918,1
39958,1
5758,1
205100,1
228147,1
221876,1
129267,1
259320,1
230666,1
213891,1
30792,1
88186,1
52363,1
30548,0
191101,1
245865,1
240467,1
26521,0
5578,0
109686,1
2061,0
174470,1
56812,0
191940,1
236741,1
149160,1
210308,1
134259,1
26193,1
102133,1
154162,1
229193,1
261555,0
124486,1
134820,1
145893,1
88735,1
162305,1
205756,0
146105,1
199514,1
28954,0
64075,1
128467,1
159132,0
115315,1
78424,1
151311,1
116398,1
73428,0
248015,1
253241,0
76323,0
5135,1
125784,0
217049,1
15500,0
49023,0
132423,1
174631,1
115894,1
265758,0
152143,1
82912,1
35546,0
173477,1
251724,0
220306,1
104861,1
59769,0
17282,1
68052,0
213313,0
256216,1
122627,0
22730,0
6531,1
137312,1
233117,0
98815,1
184752,1
83453,1
153709,1
44262,1
83673,1
118957,0
188053,0
70211,1
250163,1
188399,1
263000,1
238894,1
177704,0
88259,1
49873,1
97351,1
47017,1
31831,1
2372,1
3508,0
139130,1
145905,0
105057,1
189605,1
123175,1
210926,0
206274,1
134456,1
194483,1
183325,0
76746,0
262700,0
93025,1
215811,1
230364,1
213700,1
137217,1
162427,1
254104,0
138008,0
155213,1
55883,1
254733,1
43631,1
133601,1
260470,1
64665,1
116732,1
49747,1
44110,1
195157,1
205949,1
257165,1
68877,1
84177,1
157100,1
157314,0
112430,1
78154,1
165847,1
179729,1
208948,1
215185,1
209286,1
211074,1
111620,1
202143,1
169836,1
252839,1
243881,1
4624,0
249144,1
249054,0
26632,0
142688,1
144498,1
178124,1
195575,1
72707,0
117402,1
206775,1
206432,1
75449,0
88220,1
259021,1
199068,1
90140,1
227036,1
13330,0
229775,1
227707,1
56412,1
165994,0
138455,1
112384,1
149405,1
99563,1
75941,0
210609,0
111166,1
149519,1
4903,1
13814,0
151866,1
47003,1
74285,1
13181,0
234884,1
245528,0
242879,1
70524,1
226963,1
97935,1
38998,1
265756,1
28337,1
236101,1
84492,1
260980,1
227593,1
50732,1
177409,1
86297,0
207916,1
112212,0
58232,1
57835,1
196944,1
8543,1
59372,1
175461,0
266388,1
104362,1
118696,0
39090,1
1751,1
223198,1
251089,1
248950,1
158406,1
188999,1
91639,0
225766,1
73182,1
233841,1
38646,1
25182,1
93492,1
58401,1
55713,1
234540,1
232063,1
69789,1
42538,1
80137,1
115079,1
196425,1
16951,1
214650,1
172076,1
75088,1
163228,0
253086,1
174547,1
131425,1
228739,1
203292,1
224165,1
47159,1
10873,0
260844,0
185621,1
100683,1
264558,1
207152,1
17505,1
45141,1
78384,1
203539,1
245790,1
146585,1
109933,1
167396,1
134705,1
116751,1
59730,1
36524,1
53599,1
186674,1
151735,1
42340,1
69576,1
191683,1
48793,0
257278,1
51108,0
22452,1
210317,1
262097,1
26948,0
67808,1
17418,1
104821,1
104782,1
262966,0
100009,1
243083,1
39890,0
166981,1
73860,0
175808,0
96832,1
147494,1
171740,1
33181,1
92046,1
159440,1
170032,1
255938,1
13372,1
20082,1
38906,1
237930,1
255457,1
8474,1
157473,1
179012,1
181744,1
129475,1
57143,1
213692,1
16096,0
95477,0
174378,1
263440,1
253364,1
158439,1
173983,1
178356,1
150842,1
168563,1
21567,1
108011,0
250897,1
16149,1
123930,0
135655,1
93292,1
138830,1
10974,0
205048,1
76357,0
34526,0
188207,1
117942,0
8466,1
96397,1
188378,1
24187,1
13634,1
36443,1
238638,1
151513,0
248629,1
225248,1
121648,1
191982,1
26663,0
165542,1
22509,1
1771,1
225080,1
207444,1
224087,1
250851,1
37854,1
114803,1
8776,0
51230,1
235627,0
215369,1
265912,1
21334,1
47838,1
17200,1
70913,1
233962,1
84205,1
79961,1
77594,1
95574,1
42678,1
62884,1
48798,1
169418,0
23849,1
256952,0
249987,1
5488,0
34199,1
228444,1
199722,0
181547,1
8554,0
175071,1
252258,1
222027,1
31302,1
234913,0
172430,1
9902,1
158842,1
129096,1
100614,1
125018,1
135316,1
59996,1
68613,0
263686,1
124363,1
71049,1
148990,0
197981,1
244993,0
60481,1
145726,1
97632,1
61134,1
37662,1
17325,1
182761,1
82599,1
132803,0
79328,0
99673,1
102669,1
86111,1
112192,1
187944,1
70926,1
30956,1
231886,1
147098,1
250408,1
244501,1
26378,1
250829,1
96119,0
239525,1
135134,1
234843,1
47002,1
172537,1
136696,1
95444,1
21695,0
15050,1
5600,0
111748,1
241760,1
59292,1
242914,1
217592,0
206015,1
161946,0
187837,1
58482,1
222031,1
203752,1
40612,1
68005,1
95967,1
59602,1
75074,1
189283,1
30411,1
8739,0
1425,1
150532,1
33950,1
20458,1
24072,1
243239,0
227849,0
146745,1
19132,0
228847,0
76497,1
252031,0
7678,1
266103,1
27279,1
106205,1
264346,1
31267,1
186910,1
71233,0
53356,1
105470,1
185140,1
144744,1
250704,1
13932,1
98476,1
71851,1
189303,1
25908,0
261448,1
230231,1
39604,1
75000,1
156914,1
82405,1
107746,1
92930,1
111485,1
30312,1
142158,0
18261,0
203833,0
256937,1
71548,1
150483,1
129996,1
197902,1
244947,0
210198,1
226475,1
187490,1
21422,1
203095,1
117668,1
10519,1
188443,0
202593,1
190731,1
67699,1
51905,1
141083,0
35934,1
16940,1
66267,1
201869,0
100640,1
213111,1
31484,1
174237,1
258734,1
118583,1
79867,1
46181,1
39448,1
145129,1
63985,0
53585,1
97548,1
223507,1
162629,1
155981,0
86348,1
56797,1
18196,0
21485,1
158675,1
77469,1
195374,1
229798,1
81683,0
118573,0
265518,1
111135,1
185023,1
65109,1
120083,1
158771,1
74618,1
111507,0
228581,1
91168,0
161893,1
183025,0
113625,0
96738,1
138765,1
72755,1
29244,1
147708,1
21172,0
86827,1
112570,1
12590,1
28534,1
249620,1
199059,1
229835,0
99028,1
239676,0
154678,1
213097,1
258850,1
241437,1
156099,1
85343,1
201980,1
146729,0
118854,1
188576,1
253652,1
194994,0
37682,1
90901,1
4399,1
80466,1
3990,1
136921,0
48702,1
224038,1
221725,1
37702,1
71138,1
153971,1
200745,1
59708,1
244477,1
264329,1
39126,0
168561,1
136413,1
141855,0
216899,1
265085,1
205428,1
213899,1
70735,1
54230,1
4547,0
71474,1
160124,0
222212,1
129012,1
250198,0
113284,1
129387,1
4188,0
14493,1
14907,1
93803,1
23430,1
18105,1
158731,0
42874,1
185021,1
150384,1
144931,0
86317,1
191927,1
114101,1
31342,1
27802,1
74543,1
240439,1
119188,1
164460,1
39557,0
259942,1
6612,1
51656,1
124769,0
225400,1
182055,0
233529,1
113500,1
171277,1
176783,1
100821,1
56026,1
240438,1
135595,1
129842,1
229399,1
97607,0
228980,1
47228,1
74627,0
243221,1
34964,1
116771,0
46479,1
242504,1
250367,0
205570,0
229162,1
176872,1
158162,1
48718,1
13119,1
8005,1
22470,1
247130,1
42704,1
126742,1
242156,1
168753,0
36465,1
185605,1
175790,1
44924,1
265704,1
157278,0
242701,1
140500,0
105186,1
231838,0
183,1
27668,1
153126,1
235897,1
177380,1
81191,1
187554,0
54482,1
8541,1
90188,1
224242,1
116079,1
17197,1
217634,1
156054,1
232234,0
161387,0
47308,1
133145,1
254348,1
178033,0
93347,0
233675,1
64781,1
161704,1
244509,1
29555,1
23617,1
112447,1
33801,1
256502,1
254275,1
65442,1
123207,1
247537,0
10806,0
140334,1
234079,1
143148,1
113004,1
163321,1
16065,1
148278,1
62676,1
190399,1
41596,1
202905,1
101610,1
56658,1
28969,0
35154,1
147063,1
53044,1
34269,1
231555,1
114183,1
233606,0
125525,1
51805,0
80904,1
196231,1
213634,1
253895,0
29514,1
225574,1
128825,1
44024,1
189520,1
240222,1
133771,0
179078,1
75061,1
84930,1
202564,1
222343,0
85124,1
120822,1
264639,1
119090,1
99087,0
127893,1
1199,1
264572,1
265850,1
118745,0
160931,1
68703,1
101261,1
58585,1
82204,0
211790,1
200117,0
174882,1
173296,1
96749,1
188694,1
49580,1
162300,1
107692,1
162832,1
155618,0
246206,1
196298,1
68969,1
194545,1
45663,1
264613,1
100837,1
243402,1
65673,1
96552,1
205002,1
41102,1
199687,1
67019,1
199506,1
258686,1
244448,1
52965,1
201913,1
231963,1
248217,1
46104,1
155157,0
85721,1
222250,1
15319,1
229707,1
135449,1
117702,1
167500,1
108205,1
92402,0
265441,0
75841,1
17168,1
66737,1
52024,1
231749,1
154621,1
982,0
211963,1
252685,1
98134,1
166485,1
196777,1
200779,1
182938,1
219965,1
25003,1
29462,1
37734,1
217796,1
62357,1
96102,1
100109,1
18384,1
256102,0
112092,1
16865,1
10245,0
157125,1
205820,1
27148,1
106977,1
217792,1
251521,1
111196,0
46898,1
97869,1
184991,1
58485,1
164134,1
49415,1
239178,0
256076,0
76063,1
8884,1
49302,1
13269,1
1783,1
27421,1
132104,1
219588,1
222564,1
189450,1
129963,1
136436,0
27821,1
157486,0
230861,1
211314,1
132506,1
169455,1
48753,0
231061,1
153125,1
190432,1
181796,1
60359,1
261150,0
38273,1
33834,1
163009,1
201356,0
172024,1
86065,1
250614,0
66048,1
51602,1
239992,0
167856,1
7498,0
158363,1
147831,1
243469,1
200985,1
24290,0
176729,1
102740,1
84803,1
14433,0
253027,1
161677,1
70553,1
43584,0
90020,1
149613,1
248509,0
236366,1
144950,1
139787,1
43976,1
11957,1
125214,0
146121,1
41358,0
265052,1
109466,0
227369,1
57699,1
152351,1
102935,1
80762,1
125078,1
170284,1
139119,1
15466,1
83094,1
213965,1
69563,1
249781,1
224538,1
36434,1
197910,1
136120,1
67646,1
231541,1
131352,0
109702,0
51457,0
11921,0
164454,1
4977,0
209416,1
43053,1
55385,1
129693,0
95137,0
126437,1
92330,0
219951,1
12281,0
129541,1
261012,0
15423,1
63160,0
87917,1
108948,1
265684,1
138996,1
84601,1
137639,1
141401,1
122950,1
27506,0
53365,1
134078,0
125676,1
242795,1
61477,1
52867,1
178175,1
123441,1
232708,0
124965,1
53363,1
107576,1
151899,0
96256,1
39400,1
142228,1
113994,1
252732,1
263109,1
227826,1
125178,1
162393,1
5667,1
196655,0
116695,0
256394,1
247096,1
162416,1
230121,1
181428,1
117199,1
29090,1
159784,1
138781,1
193151,1
156658,1
127703,0
3294,1
13008,1
232537,0
247270,1
16338,0
37933,1
38243,1
22096,1
222050,1
186760,1
154259,1
156243,0
6222,1
127895,1
220405,1
140467,1
169826,1
153131,0
72813,1
195612,1
249869,1
40557,0
93397,0
115505,1
142599,1
24745,1
3836,1
328,1
83577,0
124487,1
166649,1
200198,1
105851,0
243527,1
24207,1
236625,1
40684,1
115524,1
178781,1
34799,1
222543,0
127484,1
5681,0
243577,0
82791,0
243951,1
207378,0
191970,1
189516,0
186980,1
168276,0
128032,1
137253,1
110994,1
100520,1
202243,1
217829,1
243113,1
240671,1
139676,1
207682,1
40345,1
63512,1
168167,1
263436,1
227621,1
192235,0
226047,0
49180,1
15928,0
51080,1
248045,1
222777,0
219594,1
6237,1
40255,1
224918,1
227003,1
262729,1
198852,1
98222,0
104003,1
104390,1
265629,1
69379,0
67055,1
258296,1
20622,0
243426,0
116948,1
26833,1
240181,1
47742,1
85087,1
99949,1
161168,1
10931,0
56720,1
19685,1
49466,0
144136,1
56078,1
248996,1
198595,1
58567,1
164972,1
88766,1
228255,1
186012,1
228285,1
179952,0
235500,1
26439,0
161442,1
123724,1
212829,1
131505,1
167922,1
211591,1
231241,0
191643,1
165793,1
65761,1
12859,1
48041,1
247327,1
166654,1
60741,1
266419,0
153324,1
205672,0
110982,1
54128,0
28727,1
197878,1
159268,1
57093,1
116114,1
129813,1
180116,1
12309,0
177553,1
187147,1
226358,1
105403,1
43251,1
45308,1
251893,1
49355,1
72802,0
13876,1
255006,1
219919,1
217940,1
73563,1
113000,1
37996,1
30401,1
103728,1
18575,1
219125,1
227544,1
135646,1
251432,0
67716,0
97409,1
262459,0
234835,1
73834,1
238059,1
75109,1
96541,1
68968,1
214243,1
24986,1
170497,1
86100,1
13216,1
70152,1
53916,1
261136,1
186352,1
166959,0
239085,0
139560,1
89961,1
144490,1
140083,1
30583,1
164481,1
211151,1
134379,1
63955,1
66135,1
141614,1
234975,1
177238,1
245212,1
128028,1
226677,1
170376,1
66879,1
96583,1
142149,1
9883,0
203022,1
122338,0
223954,0
154248,1
249644,1
145807,1
209950,1
260956,1
133500,1
240191,0
90857,0
83581,1
78759,1
27653,0
213265,1
73699,0
65135,1
197805,1
155448,1
260710,0
141561,1
92729,1
188590,1
159878,1
260698,0
210079,1
113432,0
31754,1
117489,1
73114,1
89333,1
245213,1
123021,1
238164,1
61142,1
151245,1
132426,1
226375,1
73301,1
197540,1
221067,0
97320,0
222037,0
255229,1
200705,1
184061,1
168390,0
14431,0
132071,1
117268,1
13313,0
157884,1
180152,0
8259,1
135704,0
7441,0
166240,0
55349,1
203459,1
32585,0
38541,1
198866,1
55543,1
180492,1
235531,0
7795,1
169390,0
153423,0
256696,1
67637,0
185793,1
207003,0
145584,1
206989,1
53201,1
21376,0
111986,1
7060,1
36500,1
118847,1
103649,1
66203,0
191856,1
198677,1
195329,1
90031,1
42961,1
90958,1
87817,1
190535,1
40393,1
82567,1
179501,1
206370,1
47171,0
134857,0
98933,0
187235,1
54551,1
61273,1
152078,1
36625,1
36552,1
133514,1
243816,1
55503,1
11011,0
252623,1
252455,1
103493,1
147973,1
195181,1
197819,1
202014,1
76737,1
199836,1
70173,1
31360,1
256239,1
70494,1
67590,1
235827,1
243533,1
158072,1
93945,1
36042,1
129864,1
166951,1
222752,1
75655,1
117520,0
120067,1
74674,1
168515,0
9640,1
119900,1
106251,0
220608,0
16519,1
16145,1
140236,1
64511,1
221144,1
89042,1
231896,0
14892,1
257761,1
91323,1
228355,1
195288,0
119485,1
14175,1
106400,1
239074,0
201363,1
36055,0
70335,1
127955,1
174157,1
9003,1
167895,0
59676,0
104784,1
153528,1
7921,0
131569,1
190317,1
120372,1
169688,1
160000,1
3655,1
200626,1
143119,1
65234,1
127465,1
153204,0
33726,1
85192,1
240170,0
225223,1
61186,1
34405,0
81665,1
144502,1
165710,1
119960,1
213049,1
14962,1
21008,1
229122,1
27210,1
45205,1
69756,1
36615,1
240236,0
157755,1
185775,1
127569,0
144956,1
47292,1
91260,1
53282,1
180291,1
159299,1
77982,1
230590,0
106704,1
188331,1
93384,1
200895,1
55594,1
238096,1
263983,1
174289,0
248456,1
114834,1
107363,1
68930,1
231435,1
84796,1
153851,1
169742,1
186114,1
189956,0
155145,1
229297,1
3646,0
242596,1
75185,1
117335,1
76973,1
119222,1
100170,1
190476,0
43205,1
175535,1
119859,1
29354,1
263244,1
99809,1
54828,1
256202,0
87152,1
148225,1
136848,1
103270,1
187177,1
197905,0
246265,1
201883,1
162174,0
98483,1
237025,1
214384,1
175892,0
144167,0
219548,1
231487,1
734,0
211667,0
62867,0
5925,0
26229,1
203324,1
131265,1
27296,1
206526,1
55001,1
49637,1
214178,1
217468,1
17228,1
68138,1
91067,1
162452,1
133209,1
203853,1
57035,1
189181,1
230647,1
92073,0
30820,0
77396,0
72400,1
105475,1
11382,1
64610,1
18925,0
108403,0
262671,1
1312,1
41506,1
92348,1
90025,0
116509,1
220733,1
206185,0
172822,1
247167,1
187923,1
60164,0
224031,1
216104,1
66681,1
146071,1
52656,1
159724,1
89414,0
116644,1
104042,1
244464,1
113675,0
210257,1
258796,0
227811,1
215645,1
157509,1
202108,1
76692,0
42368,1
261507,1
124087,1
251286,1
85922,1
80780,1
99110,1
45762,1
25472,0
201572,1
186271,1
56939,1
56642,1
222619,0
212314,1
202936,0
68445,1
113032,1
52099,1
136036,1
90560,1
194401,1
46200,1
224012,0
112815,1
199247,1
234482,1
208432,1
52885,1
210995,1
1678,0
254256,0
83916,1
212706,1
4829,1
129251,1
135165,1
228230,1
62984,0
138701,1
179289,1
53463,1
186023,1
17792,1
154999,0
72794,1
19073,0
226090,0
159102,1
51724,1
265543,0
239280,1
40669,1
42268,1
40690,1
36814,1
260937,1
150742,1
42213,1
65203,1
18313,1
212537,1
32004,1
176888,1
56896,1
249010,1
161831,1
240966,1
58689,0
33491,1
95308,1
168928,1
43465,1
87955,1
40390,1
137012,1
177574,1
49725,1
85239,1
16621,1
160228,1
160876,0
7731,1
117749,1
146760,1
226812,0
1705,0
176921,1
151736,1
222009,1
164348,0
30201,1
264219,1
182339,1
105316,1
72404,1
188996,1
222446,1
165561,1
180212,0
90922,1
4732,0
177492,1
23578,0
208820,1
257381,1
221442,1
138824,0
208118,1
67424,1
113578,1
258556,1
131857,1
49904,1
29792,1
100938,0
218885,0
171864,1
12603,0
111857,1
14169,1
25840,1
58542,1
94755,1
161284,1
162151,1
209203,1
186119,1
245145,1
198678,0
104783,0
15521,0
74736,1
145826,1
66645,1
227891,1
162725,1
121154,1
166577,1
151740,1
186230,1
31679,1
74928,1
107631,1
162807,1
28722,1
215634,1
231549,1
265654,0
18065,0
112718,1
191022,1
76945,0
92030,1
227539,1
62605,1
61791,1
104034,1
142772,0
240734,1
35627,1
224879,1
150560,1
117058,1
21222,1
207840,0
27044,1
138138,1
46625,1
97973,1
161220,1
253991,1
26479,1
235607,1
196894,1
116852,1
101520,1
62187,1
158640,1
36024,0
204225,1
239793,0
114795,0
233630,1
210326,0
76228,1
259622,1
202994,1
235981,1
213597,0
239054,1
249787,1
259841,1
140435,1
69361,1
41254,1
189058,1
105183,1
241922,1
88408,1
82661,1
227895,1
3003,1
185369,1
18302,0
89510,1
234268,1
217504,0
144021,1
209894,1
43212,1
238451,0
165106,1
195492,1
203062,1
204945,1
185520,1
171582,1
210344,1
245821,0
27682,1
181403,1
53977,1
181781,1
45294,1
39913,1
131291,1
129102,1
255904,0
131052,0
91053,1
151840,1
162850,1
41348,1
50240,1
180651,1
85552,1
100470,1
76887,1
141372,1
49922,1
147531,0
232439,1
11007,1
38198,1
259201,1
183959,1
146984,1
176491,1
133311,1
109377,1
149113,1
22155,0
98939,1
83070,1
107209,1
118702,1
106812,1
216097,1
136703,0
199105,1
174310,1
62079,1
65633,0
111574,1
199123,0
22683,0
27165,0
131901,1
261512,0
201503,1
153226,1
212630,1
168295,1
131547,1
141897,0
122195,1
161005,1
109473,1
8318,1
43835,0
127577,0
225818,1
70374,1
72781,1
93726,1
184049,1
103242,1
11916,1
200919,0
249216,0
23069,0
79583,0
171522,1
126881,1
181761,1
2047,0
225292,1
37200,1
50177,1
144237,1
45037,1
101506,1
253279,1
97071,1
85978,1
9447,0
48549,1
207191,1
207577,1
70544,1
51444,1
252564,1
168671,1
162886,1
49087,1
85698,1
225116,1
217828,0
158559,0
177701,1
9772,1
240709,1
226900,1
29914,1
81377,1
120212,1
143262,1
111550,1
59589,1
96790,1
226648,1
116138,1
148638,1
139813,0
87454,1
124416,1
238387,1
218326,0
127967,1
62409,1
106857,1
52081,1
240768,1
40523,1
164678,1
56336,1
45938,0
179496,1
207279,1
202316,1
73264,1
6253,0
66032,1
234887,0
49804,1
69692,0
201170,0
55254,1
117759,1
99693,1
70503,1
55816,0
227689,1
173931,1
110938,1
111064,1
154184,0
62462,1
4642,0
62894,1
185239,1
203152,1
74066,1
198998,1
59023,1
112666,1
206528,1
189101,0
174024,1
125261,1
65721,1
167250,1
54253,1
261887,0
19950,1
114454,1
127575,0
111317,1
15293,0
187028,1
123729,1
190190,1
164067,1
152127,1
92992,1
8432,1
91780,0
225511,1
96172,1
169514,1
262733,1
37473,1
100162,0
39201,1
188509,1
174708,1
234450,1
78084,1
456,0
26556,1
38771,1
197950,1
79152,1
169466,1
151258,1
244376,1
110062,1
110515,1
114179,1
44328,1
258916,0
245314,1
46412,0
80561,0
29144,1
215039,1
149404,1
99658,0
67273,1
152639,1
257076,1
140783,1
58685,1
19296,1
262146,1
265306,0
257398,0
144188,1
123407,1
131897,1
228079,1
93710,1
202942,1
112305,1
125370,1
202637,1
139184,1
140340,1
230273,1
141753,1
117577,1
228783,1
236918,1
134993,0
41029,1
99953,1
158089,1
164039,1
124303,1
103197,1
256450,1
145849,1
57398,1
167135,1
209211,1
245238,0
253146,1
186783,1
175706,0
78245,1
37142,1
80615,1
103281,1
183739,1
157558,1
29581,1
220447,1
64426,1
191392,1
128128,1
240279,1
116203,1
144869,1
137094,0
147166,1
260541,1
146102,1
132512,1
85439,1
130708,1
252373,1
226714,0
163152,1
86578,1
27724,0
218476,1
29307,1
92478,0
12714,1
226483,1
145647,1
257576,1
240274,1
149956,1
196117,1
107669,1
63119,1
185642,1
104697,0
229024,0
140172,1
34214,1
263075,0
259557,1
125046,1
82931,1
143704,1
87983,0
93282,1
242007,0
46825,1
88228,1
21947,1
222906,0
68921,1
208836,1
72795,1
240281,1
232221,0
574,0
158340,1
261017,1
263422,1
189514,1
2038,0
85431,1
203416,0
37318,0
45433,1
19044,1
83120,1
142335,1
5434,1
62327,0
105210,0
102461,1
45370,1
261582,0
57768,1
263568,1
168021,1
258290,1
107126,1
131458,1
146940,1
67427,1
213215,1
182830,0
38773,1
36459,1
10514,1
23313,0
214298,1
169772,1
70292,1
259917,1
94093,1
110256,1
141956,1
138921,1
163491,1
181378,0
223313,1
172889,1
263924,1
188823,0
197422,1
112217,1
61296,1
174711,1
256809,1
263674,1
176761,1
46387,0
185477,1
112901,1
50677,1
91904,1
8964,0
208758,1
250307,1
218332,1
181280,1
182356,1
107005,1
94792,1
198011,1
258697,1
11943,1
190703,1
198843,1
45721,1
148261,1
29431,0
148699,1
120519,1
234739,1
237522,1
248666,1
259176,1
158513,1
206930,1
241791,0
258154,0
132860,1
20045,1
61548,1
117529,1
45542,1
215374,1
265070,0
25495,0
234933,1
209157,1
176805,1
265838,1
89860,1
35174,1
144673,1
151526,0
25983,0
225384,1
71172,0
51291,0
138645,1
32034,1
148728,1
209652,1
235553,0
22326,1
201543,1
193780,1
243944,1
15331,0
179939,0
16313,1
148608,1
151657,1
249723,1
212769,1
48472,1
81060,0
86924,1
26666,1
208419,1
190083,1
223,1
51623,1
220561,1
76763,1
30012,1
147129,1
166374,1
204613,1
249009,1
23898,1
85477,1
187229,1
191849,0
138214,1
77981,1
235550,1
60401,0
22231,0
121550,1
220576,0
193543,1
20444,1
183098,1
107689,1
253825,1
208008,1
58064,1
107370,1
201581,1
55057,1
21634,1
47950,1
31049,1
183822,1
112331,1
84490,0
264453,0
50010,0
146220,0
93387,1
221146,1
55995,0
253047,1
133780,1
204194,1
210828,1
44716,1
164291,1
148107,1
34646,1
42363,1
255367,0
141519,0
87248,1
251161,0
87648,0
43871,1
24871,0
97371,1
226234,1
162328,1
133316,1
86341,1
164984,1
95825,1
246949,1
241214,0
117241,1
220885,1
121911,1
78659,1
243520,0
242434,1
231356,0
165502,1
221891,0
65037,1
227822,1
175648,1
25006,0
220774,1
149544,1
208294,0
138784,1
208809,1
93394,1
22234,1
110294,1
251351,1
242506,1
74203,1
152300,1
27651,1
18195,0
211804,1
91931,1
92690,1
59368,0
164633,1
2396,0
239872,0
99767,1
7967,0
49287,1
252294,1
106846,1
254804,1
66261,1
79176,0
127622,1
102425,1
187647,0
220418,1
108503,1
123365,1
94963,1
134085,1
45503,1
135776,1
15427,0
257924,1
136984,1
259945,1
220478,1
216205,1
150905,1
71553,1
99513,1
258347,0
207372,1
163977,1
207549,1
162044,0
13679,0
154322,1
49277,0
115558,1
226334,1
245487,1
3747,1
238389,1
97379,1
132317,1
229922,1
195278,1
49734,0
217493,1
108769,0
194588,1
104366,0
103580,1
178501,0
58310,1
35465,1
118233,1
215434,1
214204,1
196337,1
142219,1
218675,1
12064,1
233541,1
36342,1
79155,0
183483,1
111395,1
119357,1
43161,1
229006,1
132021,1
163060,1
62477,0
158813,1
56532,1
216102,0
199512,1
110827,1
17033,1
158176,0
47044,1
215087,0
217484,1
151500,1
37353,1
39553,1
142017,1
14120,0
108739,1
3738,0
92111,1
126288,0
33762,1
210359,1
106821,1
118169,1
252850,1
182328,1
228269,1
261535,1
138446,1
135579,1
12175,1
121735,1
229892,1
63770,1
64315,1
227217,1
2207,1
137649,0
176410,1
88962,1
38223,1
207926,1
237205,1
167137,0
14536,1
168386,1
99999,0
137736,1
12421,0
225754,0
86948,1
94232,1
236987,1
248250,1
166182,0
31477,1
216253,1
170516,1
11618,1
262737,1
171149,1
111094,1
65190,0
141832,1
119101,0
232923,0
168913,0
163886,1
151318,1
122275,0
159416,1
80084,1
180179,1
253331,1
42729,1
197203,1
228232,1
149264,0
210511,1
3604,1
140282,1
246156,1
11121,1
55269,1
129546,0
118752,1
111102,1
103180,1
156264,0
69436,1
229301,1
243684,1
250306,1
160032,1
203385,1
16836,1
193448,1
154586,1
164140,1
135650,1
7314,1
217218,1
15132,0
5299,0
170632,1
89793,1
252044,1
183539,1
125883,1
34108,1
80962,1
165980,0
95330,1
257335,0
253672,1
116582,1
70322,1
123903,1
215593,1
190340,0
67795,1
8752,0
260913,1
241271,0
258768,1
256488,1
231348,1
66067,1
173372,1
246396,0
197383,1
143268,0
61708,1
18197,1
154680,1
69673,1
3658,0
119317,1
207780,1
97765,0
220189,0
243846,0
81219,1
3440,0
88819,1
141059,0
233839,0
228821,1
187854,1
32406,1
232393,1
20181,1
117011,1
158918,1
53466,0
130846,0
92920,0
255500,1
198334,1
74069,1
198910,0
238449,1
89549,1
45741,1
84265,1
52610,1
116139,1
92860,1
237852,1
216451,1
262855,0
151060,1
170482,1
238122,0
158829,0
39841,1
58541,0
123284,1
19804,1
44046,1
212272,1
90908,1
4331,0
68380,1
93228,1
18215,1
145583,1
46783,0
34086,1
210615,1
138476,0
109363,1
53447,1
95941,1
91431,1
114506,0
50276,1
37670,1
180951,0
177599,1
154927,1
190573,1
134006,1
228389,0
242152,0
103879,1
6099,0
75154,1
44549,1
239411,1
136498,1
261220,1
118646,0
161372,1
30492,1
64130,1
69882,0
64054,1
68310,1
218552,1
126822,1
85758,1
19825,1
184147,0
86523,1
31450,1
223525,1
193119,0
145883,1
183203,1
200159,0
92691,1
152990,1
44114,0
212638,1
75959,0
109689,0
161689,1
6157,0
151220,1
159275,0
100115,0
8583,1
51815,1
237020,0
32637,1
66366,1
78789,1
157503,1
129054,1
114087,1
253687,0
11895,1
23335,1
122815,1
74065,1
257196,1
140388,1
148675,1
123448,0
98298,1
152769,1
139944,0
114213,1
45858,1
140170,0
155819,1
206067,1
48500,1
126910,1
14457,1
168375,1
9927,1
24804,1
76834,1
66211,1
178663,0
153987,1
151926,1
50859,1
106670,1
240810,1
173260,0
97685,1
261959,1
53573,1
118038,1
188958,1
186780,1
247375,1
52758,1
187862,1
70067,1
59325,1
216150,1
147078,1
111422,1
259430,1
182704,1
87530,1
222283,1
34247,1
7833,1
145000,0
130661,1
235646,1
139236,0
149670,1
221429,0
216788,1
236913,0
43642,1
92244,1
154815,1
249737,0
29971,0
208752,1
188360,1
126876,1
151561,1
208874,1
165586,0
124225,1
21666,0
86408,1
11291,1
227683,1
224571,1
196191,1
125451,1
162084,1
81785,1
190007,1
41052,1
250885,1
265822,0
195440,1
245248,1
225673,1
148041,0
5952,1
189392,1
138548,1
228292,1
260843,0
208019,1
36378,0
82942,1
176294,0
86519,1
162971,1
15469,0
55534,1
128529,0
224043,0
50145,0
130311,0
156560,1
1233,1
249672,0
140179,1
27508,1
143820,1
128300,0
139221,1
5482,0
151215,1
53914,1
42535,1
148722,1
265109,1
65223,1
201642,1
258935,1
247536,1
249405,1
253961,1
121510,0
263388,0
140851,1
262719,0
265563,0
191537,1
232599,1
176208,0
202882,1
105530,1
122925,1
378,1
101679,1
75587,1
162548,1
59821,1
160926,1
100897,1
1070,1
258609,1
119560,0
3550,1
187626,1
247514,1
122016,0
14014,0
97095,1
5907,1
67187,1
132574,1
43256,1
87523,0
170585,1
243737,1
61871,1
156831,1
250881,0
153572,0
90604,1
256129,1
264557,0
12669,1
264506,1
164611,1
102623,1
195752,1
164562,1
103428,0
228408,1
172078,1
254277,1
197509,1
203261,1
14860,0
47551,1
67790,1
208488,1
210051,1
137820,1
38294,1
152237,1
86163,0
221105,1
249209,1
26340,1
52255,1
265705,1
124083,1
162495,1
260005,1
161489,1
72653,1
178316,0
147237,0
2720,1
112945,1
12960,1
137613,0
113679,0
49134,1
224645,1
6305,0
42799,1
218621,0
238651,1
169888,1
162543,1
16591,1
196667,1
244973,1
87350,0
130435,1
42648,1
125060,1
147629,1
246608,1
32866,1
174725,1
55345,1
231535,1
42100,1
23539,1
26497,0
209895,1
9456,1
175385,1
89865,0
86712,0
18077,1
241105,1
103483,1
48789,0
52671,0
82579,1
45075,1
225254,1
166949,1
265482,1
84440,1
150691,1
98727,1
45615,1
258355,1
236201,1
109631,1
49362,1
265140,0
207733,1
248052,1
265025,1
153041,1
113110,1
82590,1
107983,1
196572,1
202324,1
136525,1
234860,1
51619,1
131235,1
175516,1
137765,0
112373,0
146624,1
118678,1
155115,0
52267,1
255887,1
20365,1
65330,1
253997,1
52361,1
222239,1
118808,0
53390,1
95644,1
100320,1
219902,0
145347,1
122197,0
59454,0
81137,1
175205,0
46614,1
32643,1
213151,1
45863,1
133263,0
173953,1
166938,1
34651,1
160716,1
142993,0
60635,1
52985,1
143996,1
69226,1
251481,1
48828,1
234148,1
196254,1
164340,0
180591,1
221139,1
31725,1
137387,0
239965,1
27220,0
52878,1
61971,1
219911,1
72909,0
189763,1
172424,0
253996,1
108581,1
131864,1
30934,1
202149,1
121111,0
151828,1
136313,1
64809,0
236561,0
244011,1
239325,0
73069,1
5936,1
131865,0
116012,0
132939,1
195765,1
39859,1
75513,1
110759,1
230385,1
68536,1
211976,1
12403,1
131202,1
130484,0
85159,1
160971,1
68383,0
26306,1
117453,1
44185,1
214167,1
191893,1
144752,1
212847,1
65184,1
237501,1
123576,1
11357,0
137589,1
211483,1
209537,1
135459,1
218188,0
117813,1
40674,1
162187,1
101513,1
255921,1
227419,1
260994,0
4758,1
41026,1
164156,1
32469,1
207366,0
262606,1
185351,1
233804,1
258851,1
133065,1
259210,0
164208,1
104236,1
25802,1
58717,1
231576,1
173127,1
195325,1
227936,1
8254,1
247810,1
169710,1
31075,1
218926,1
47951,1
200896,1
60472,1
19216,0
198496,1
54487,1
166528,1
16401,0
108387,0
215458,1
102015,1
168798,0
170609,0
247928,1
175603,1
213953,0
1957,0
7516,1
184255,1
215392,1
160560,0
95585,1
146514,1
159882,0
100952,1
10008,0
181534,0
141576,1
191288,1
33482,1
247993,1
187737,1
231139,1
232200,1
36757,1
233664,1
75808,1
264541,1
123810,0
28270,0
111987,1
162537,1
63328,1
207108,1
95469,1
252123,0
87316,1
265252,1
5995,1
21899,1
157304,1
165444,1
188866,0
43224,1
127537,0
103183,1
151425,1
193404,0
31622,1
67132,0
50808,1
265238,1
31061,1
127324,1
232114,1
126813,0
179154,1
165239,1
240638,1
95480,1
222373,1
22372,1
107468,1
125901,1
55960,1
160421,0
149846,1
149294,1
72066,1
7714,1
210267,1
137334,1
62695,1
77894,1
30665,1
76969,1
195674,0
132932,1
212416,1
85133,1
128548,1
93380,1
177012,1
128097,1
17244,1
45543,0
28228,1
210163,0
29989,1
120445,1
200961,1
107694,1
198483,1
217389,1
264908,1
218922,1
227340,0
228644,1
90952,1
22526,1
201521,1
30344,1
175842,1
53691,1
153915,1
46602,1
42625,1
74103,1
175406,1
67471,1
228948,1
54475,1
178646,1
244967,1
248952,1
40246,1
162467,1
46650,0
176719,1
180288,1
53111,0
117423,1
24434,1
117068,1
201746,1
11884,1
5804,1
40443,1
187770,1
183408,1
131856,1
140931,1
211669,0
3609,0
110863,0
258231,1
265535,1
208707,1
111829,0
200704,1
72220,1
174446,0
147399,1
100910,1
53248,1
16450,1
199398,1
51399,1
76752,0
209620,1
152969,0
147333,1
90088,1
61884,1
53106,1
68647,1
195883,0
14787,1
214636,1
244434,1
193169,1
38756,1
190300,1
263849,0
145286,0
176932,1
84736,1
158202,1
155741,1
245879,1
45194,1
209060,0
249920,1
115834,0
127112,1
157716,0
139641,1
137958,1
95675,1
203360,1
52548,1
124897,1
91641,1
13261,1
171050,1
146801,1
58881,0
227646,1
230368,1
56207,0
188537,1
3325,0
44471,0
257117,1
75369,1
109274,1
130335,0
265721,1
116052,0
21743,0
172570,1
104348,1
143055,1
248452,1
263462,1
205913,1
176192,1
266399,1
179417,1
185322,1
71911,1
14794,1
133646,1
135548,1
61133,1
211961,0
196964,1
158572,1
66319,1
185046,0
226778,1
213855,0
253198,1
33499,1
138503,1
119643,1
3227,0
57064,1
196484,0
240503,1
159669,0
200403,1
199529,0
146578,0
201464,1
56963,1
47949,1
232301,1
59632,1
170379,1
186800,1
62523,0
247813,1
169687,1
98709,1
32609,1
105506,0
119844,1
250347,1
262130,1
144718,0
140736,1
146502,0
231844,1
95770,1
161235,1
214337,1
145817,1
116459,1
254493,1
53229,1
1670,0
192504,1
170801,1
175606,1
68452,1
184410,1
151849,0
198936,0
163633,1
149462,1
11235,0
137454,0
167481,1
172380,1
9630,0
242342,1
120462,1
107172,1
47209,1
214476,1
173982,1
157927,1
95664,1
174569,1
246039,0
166023,1
171700,1
62100,1
118947,1
97166,1
74324,1
237054,1
32392,1
220437,1
41906,1
198745,1
245540,1
225685,1
123517,1
129110,1
56816,1
31836,1
176711,1
47732,1
223685,0
184954,1
266135,1
127109,1
231431,0
28713,1
59789,0
7831,1
25274,1
6921,0
179730,1
44169,1
83634,1
58219,0
158789,1
29629,1
226881,1
197075,1
245453,1
192527,1
181170,1
262123,1
65620,1
132372,1
186432,1
30902,1
238844,1
132061,1
183616,1
192447,0
158495,1
122876,1
135573,1
54192,1
179968,1
5641,1
195092,1
226179,0
49978,1
262288,1
38574,1
175226,0
259654,1
251066,1
21273,1
121308,1
197900,0
75835,0
240566,1
61847,1
177576,1
136323,1
155745,1
159754,1
142330,1
22690,1
73899,1
173656,1
100652,1
4080,0
139059,1
23734,1
134892,1
75617,1
243848,1
168387,1
22011,1
176614,1
243588,1
232386,1
158477,1
37104,1
68821,1
172933,1
131880,1
4661,1
82534,0
80268,1
70468,1
263491,0
151607,0
210536,1
140787,1
175817,1
211936,1
107702,1
26815,1
116252,1
185712,1
205795,1
66151,0
128755,1
146059,0
225431,1
9214,0
200625,0
160319,0
240049,1
210977,1
156545,1
46247,1
95723,1
121041,1
121367,1
114853,1
36127,1
69483,1
217781,1
224412,0
184935,0
18645,1
189024,1
146042,0
247542,1
146292,1
155526,0
41661,1
208586,1
49119,1
210041,1
141752,1
43916,0
201438,1
162256,1
242838,1
204903,1
85630,1
10801,0
252873,0
9872,1
208643,1
19776,1
10172,1
144834,1
168443,1
148514,1
40389,1
134935,1
217210,1
24856,1
155471,1
99394,1
9380,1
83317,0
158978,1
158394,0
179773,1
232779,1
98579,1
84130,1
40797,1
164051,1
83098,1
46360,1
50442,1
137304,1
124951,1
68347,1
127721,1
238747,1
22595,0
119192,1
136439,0
60205,1
26323,1
217096,0
102055,1
82529,1
31576,0
22574,1
63790,0
219000,0
2893,1
41298,0
122897,1
41277,1
195515,1
9004,1
252179,1
31079,1
226039,1
189662,1
11165,1
97170,1
264731,0
55141,1
231617,1
27276,1
177655,1
167757,1
207555,1
183170,0
149369,1
224234,0
148366,1
200453,1
216565,1
138084,1
63383,1
35024,1
27705,0
151325,1
51636,0
53636,1
112982,1
132262,1
229590,1
70273,0
90198,1
121595,0
67286,1
147640,1
50259,1
13010,1
63774,1
37963,1
221920,1
152902,1
130519,0
857,0
178173,1
34031,1
126375,1
90116,1
142526,1
262571,0
138679,1
226146,1
190025,0
97504,0
188451,1
233976,1
76507,1
248208,0
261282,0
36786,1
183461,1
157405,1
13914,1
132456,1
151872,1
64763,1
135040,1
245460,1
118700,0
217455,1
186116,1
136576,0
207947,1
218091,1
133999,1
255924,1
205142,1
95468,1
24267,1
167679,1
242930,1
122050,0
264447,1
60308,1
47403,1
180686,1
34063,1
124194,0
180662,1
83837,1
15942,0
175845,0
102228,1
216029,1
74263,0
69830,0
134798,1
48685,1
181872,1
140461,1
27168,0
9573,1
191663,1
229159,0
253072,0
165784,0
72660,1
252528,1
118228,1
105789,1
165221,1
150829,1
108837,1
148975,0
255369,1
47244,1
150360,1
221612,1
105024,1
221313,1
58991,1
134244,1
178148,1
98720,0
191212,1
72513,1
228463,1
234284,1
152406,1
207610,1
118748,1
244039,1
145972,1
251496,1
211480,1
152727,1
26998,1
201566,1
97256,1
186835,1
19391,1
176859,1
3274,1
121465,1
119655,1
33564,1
79526,1
2995,0
137946,1
52433,1
260590,1
71066,1
233785,0
204897,1
242379,1
17450,1
11790,1
212125,1
237044,1
264401,1
31378,1
102117,0
146835,0
134177,1
55283,1
170618,0
52869,1
45268,0
186891,0
11182,0
26034,1
48327,1
157025,1
15575,0
253953,1
157434,1
140120,1
137504,1
49548,1
142531,1
66112,1
226622,0
115451,1
115346,1
98004,1
149177,1
99051,1
209807,0
5879,1
45623,0
156554,1
143344,1
157291,1
241519,1
202182,1
232574,1
1749,1
25530,1
26100,1
10423,0
127666,1
244505,1
161191,1
6016,0
206456,1
70659,0
121174,1
253857,0
211076,1
243663,0
39278,1
98285,1
244599,1
216430,1
194987,0
147370,1
157708,0
143043,1
13474,0
244769,1
115325,1
78919,1
194955,1
100891,1
263780,1
52690,1
32337,1
240903,1
72298,1
72167,1
39249,1
180345,0
228713,1
200327,1
235308,1
100095,1
148307,1
188150,1
95332,1
197665,1
38165,1
139500,0
72087,1
258843,0
167231,1
85105,0
161046,1
177350,0
34535,1
30267,1
42440,1
121748,1
18407,1
201298,0
33846,1
203393,1
179343,1
221652,1
126802,1
134915,0
255507,0
31893,1
30615,1
71828,1
46092,1
163223,1
249861,1
262660,0
246329,0
94132,1
104616,1
255594,1
182024,1
21934,1
111373,1
197797,0
162221,0
54552,1
25932,1
229628,1
258908,1
91585,1
97126,1
153070,0
118417,1
228078,0
80512,1
130635,0
198056,1
82669,1
243201,1
117795,1
104684,1
29596,0
144286,1
13081,1
208318,0
259194,0
255671,0
25583,1
20452,0
17579,1
97678,1
28032,1
28717,0
138724,0
86291,1
103216,1
217682,1
255120,1
152648,1
38289,1
172200,1
76081,0
77797,1
156808,0
140054,1
169795,1
182120,0
24093,1
130856,1
38795,1
216605,1
261551,1
61628,1
37505,0
33178,1
22560,1
177417,1
233375,1
162222,1
12013,1
46466,1
261357,1
41958,1
208599,1
242920,1
216120,1
210499,1
23369,1
183187,1
219724,1
80658,1
50822,1
230633,1
34540,1
31913,1
134318,1
149533,1
235932,1
196574,1
227512,1
19506,1
219469,0
142605,1
48056,1
15295,0
8093,0
262041,1
255896,1
234607,0
1235,1
111180,0
100659,1
53963,1
245329,1
202520,1
59126,1
66166,1
53442,1
203862,1
209683,1
95251,1
158464,1
93596,1
192773,1
67119,1
237133,1
134345,1
56591,1
81768,1
213190,1
71452,1
68471,1
87004,0
159613,1
151901,1
159330,0
101088,1
138278,1
245509,1
170677,0
127797,0
245732,1
213702,0
258127,1
17119,1
206805,1
125499,0
52576,0
47726,1
61053,0
51025,1
202620,0
28271,1
227960,0
19945,1
44392,0
187376,1
72246,0
2272,1
148737,0
61389,0
63561,1
116137,1
14530,1
164790,1
61670,0
227488,0
243503,1
24484,1
249509,1
30065,1
75276,1
90823,1
147114,1
41684,1
209621,1
9763,0
191653,1
248721,1
125514,1
126891,1
115379,1
229065,1
108941,1
170092,1
24105,1
250389,1
205884,1
174094,0
240839,1
245360,1
137678,0
142417,1
83256,1
143750,0
81893,1
129293,0
200707,0
190815,0
88044,0
127226,1
266274,0
27675,1
189606,1
82414,1
80055,0
218265,0
150174,1
150493,1
12171,0
71890,0
195025,1
262939,0
236006,0
198631,1
255467,0
157744,1
118925,1
145402,0
188154,1
242985,0
131658,1
128107,1
254802,1
151362,1
60976,1
33108,1
8766,0
69586,1
11985,0
97767,1
41038,1
53443,1
54784,0
218305,1
16752,1
57890,1
152092,1
123240,1
159126,1
237440,1
114668,1
76163,0
38357,1
237355,1
94801,1
241449,1
29985,1
156996,1
123440,1
173661,1
216719,1
68125,1
107804,0
152250,1
135376,1
127115,1
181672,1
260996,1
243950,1
99856,0
15420,1
183760,1
75700,1
165445,1
118264,1
74009,1
256649,1
151616,1
242762,1
183395,1
144268,1
9080,1
196036,1
84219,1
153600,1
81352,1
55047,1
249599,1
249157,1
52853,1
89854,1
2614,1
6070,0
29416,0
258408,1
251551,1
117111,0
17790,1
93,1
260595,1
154445,0
47215,1
24305,0
232136,1
133746,1
265188,0
93201,1
98823,1
84309,1
101791,0
180803,1
17150,1
192335,1
206070,1
106757,1
17442,1
23336,1
9824,1
135238,1
21849,1
170877,1
9724,1
35440,0
114389,1
48466,1
203695,1
182678,1
40599,0
209208,1
79648,1
74354,0
122181,1
80905,1
45089,0
43435,1
139574,0
163195,1
68886,0
44721,1
150187,1
28223,1
11288,1
139868,1
225534,1
101035,1
149153,0
191027,1
175315,0
120826,1
104216,1
224591,1
152422,1
194938,1
139259,1
217920,0
245642,1
89378,1
113574,1
76364,0
227731,0
128005,1
89439,1
214708,1
204968,1
168697,1
95309,1
257033,1
101148,1
64648,1
228069,0
114411,1
217939,1
222284,0
161559,1
114456,1
149463,0
126797,0
28869,1
198525,0
26250,1
168236,1
132774,1
80480,1
36412,1
164011,1
13453,1
172127,0
218175,1
89886,1
181833,1
114174,1
167815,0
53380,0
131768,1
203520,1
160827,1
184784,1
82182,1
65196,0
208915,1
85297,1
57920,1
122141,1
186481,1
33046,0
24752,1
43856,0
139684,1
67201,1
79380,1
113784,0
117287,1
95910,1
184338,1
67750,1
13157,0
242828,1
131576,0
220878,1
204064,1
102466,0
94528,0
216772,1
249166,0
226636,0
108869,0
166210,1
201929,0
169884,1
213478,1
37431,1
144508,1
10107,1
247526,1
85143,1
13251,0
101198,1
246334,1
53146,1
97429,1
63972,1
20826,0
231459,1
93100,1
196609,1
144741,1
83394,1
110657,1
3359,1
71748,1
263590,1
104556,1
62543,1
45678,1
202988,1
220099,1
227760,0
243101,0
109369,1
120918,1
112810,1
3099,0
71378,1
199220,1
21793,1
56815,1
135213,1
184568,1
144893,1
15645,1
100801,1
152367,1
129799,0
226137,1
144205,1
154796,1
32127,1
175593,1
255118,1
141397,1
221305,1
156268,1
12766,1
214539,1
143024,1
59061,1
99474,1
214089,1
123328,1
78137,1
198465,1
204256,1
233706,1
111878,1
85906,1
71050,1
236032,0
62426,1
237289,0
234167,1
87935,1
55357,1
21964,1
236375,1
103849,1
14771,1
201167,1
210591,1
134893,1
69672,1
262433,1
99564,1
214444,1
244550,1
205751,0
259208,0
228571,1
140677,1
248053,0
233446,0
263705,1
247158,1
153130,1
35492,1
14592,0
9798,0
60780,1
201512,1
135286,1
192464,1
224689,1
172792,1
72788,1
249130,1
202047,1
29780,0
217457,0
163920,1
137259,1
111443,0
164401,1
10888,1
213379,1
88434,1
47341,1
46895,1
5033,0
164802,1
119482,1
176849,1
126460,1
237511,0
175030,1
2951,1
83214,0
25900,1
254727,1
78929,1
30405,0
81784,1
262119,1
167835,1
246958,0
153262,1
163324,1
242289,0
242409,1
261110,0
695,1
190547,1
255922,1
11396,1
634,0
114491,1
135325,1
151224,1
40839,1
265257,1
187956,1
155424,1
260739,1
259756,1
39260,1
228309,1
211186,1
86705,1
155315,1
61815,1
136787,1
90748,0
16124,1
116002,0
89247,1
46202,1
183698,1
228841,1
110361,1
216347,1
3024,0
91888,1
162350,0
7354,1
178145,1
206646,1
163551,1
121531,1
70044,1
94361,1
105493,1
131370,0
143637,1
24809,0
172459,1
228127,1
246338,1
264433,0
72964,1
138795,1
105466,1
52736,0
180489,1
185515,1
230402,1
172310,0
112063,1
61190,1
199465,1
47146,1
81440,1
192868,1
23323,0
221246,1
100252,0
195979,1
49106,1
99121,1
241554,1
252578,1
234298,1
121397,1
140805,0
94272,1
129947,0
829,1
258599,1
234649,0
148927,0
229627,1
64761,1
75523,1
231130,1
221774,1
249191,1
113171,1
57370,1
243053,1
43019,1
238344,1
132961,0
212811,0
131888,1
53113,0
179561,1
59652,1
94897,1
106389,1
108614,1
67644,1
123018,1
263803,1
180947,1
182561,0
187557,1
191584,1
26713,1
163725,1
37669,1
80176,1
179491,1
139439,1
103736,1
40818,1
36390,0
112881,0
33376,1
73286,1
74309,1
62058,0
37970,1
249200,1
258503,1
86908,1
116030,1
15489,0
231234,1
137082,1
124869,1
218028,1
84146,1
46096,1
36875,1
195904,1
12874,1
90877,1
25904,1
95663,1
202003,1
2215,0
215768,1
84235,1
40875,1
94491,0
55442,1
1768,1
81335,1
32725,1
88349,1
66152,1
196918,0
230383,1
21035,1
256611,0
207957,0
264286,1
166311,1
57815,1
107519,1
88133,1
119536,1
86575,1
88425,0
189980,1
154982,1
29510,1
148364,1
184749,1
165675,1
13806,1
184571,1
8309,1
4969,0
143502,1
61664,1
25149,1
40606,1
213481,1
59096,1
83112,1
56175,1
82413,0
75020,1
220817,1
28168,1
122885,1
240842,0
253614,0
181314,1
120139,1
8443,0
17935,1
226322,1
30068,0
225291,1
22923,0
37558,1
1871,1
258293,1
25141,1
236629,0
121414,1
200155,0
57379,1
259133,1
231866,0
84733,1
231768,1
131757,0
72971,1
49436,1
60567,1
44994,0
42491,1
254385,0
213771,0
164455,0
79665,1
176643,0
13811,0
89909,1
23013,1
50746,1
223438,1
211230,1
50476,1
63051,1
210352,1
222096,1
190371,1
141791,1
180160,0
37493,1
218867,0
246740,1
176147,1
20712,1
242235,1
17644,1
135684,1
121429,1
15528,1
209486,1
262444,0
240992,1
76695,1
190502,1
33154,1
17326,1
45658,0
147382,1
153304,1
10795,0
50174,1
45798,1
111480,1
206510,1
224998,1
262932,1
17839,1
256748,1
250091,1
30829,1
201583,1
187705,1
18763,1
71953,1
137538,0
84180,1
195257,1
225445,1
91730,1
175923,1
250279,1
247724,0
223238,0
128787,1
180278,1
145563,1
62514,1
114396,1
26657,1
86038,1
238560,1
191599,1
3119,1
161673,1
68944,1
197067,1
47130,1
116,0
266383,1
53538,1
72543,1
222632,1
125709,1
115051,1
114922,1
208549,1
39411,1
97229,0
109298,1
67283,1
66923,1
24851,0
254713,1
166574,1
183231,1
68567,1
149212,1
12125,1
32350,1
146454,1
256089,1
159593,1
197452,0
197438,0
234750,1
260344,0
106730,0
131680,1
159382,1
210137,1
26947,0
219749,1
143018,1
126685,0
17551,1
175338,1
263795,0
13984,1
93602,1
67184,0
140400,1
36816,0
221594,1
65931,1
46935,1
148757,1
82689,1
251939,1
45251,0
53714,0
124650,1
155089,1
83737,1
60999,1
116122,1
124575,1
115740,1
118155,1
202901,1
28524,1
196893,1
170610,1
62215,1
196895,1
13836,1
137859,1
168650,1
79717,1
32255,1
14050,1
178186,1
116832,1
205188,1
77718,1
140108,1
238669,1
66868,1
5236,1
243992,0
191050,1
178537,1
83382,1
29948,1
17398,1
62171,1
56020,0
126470,0
195853,1
122589,0
11946,1
70108,1
91367,1
14069,0
224935,0
194210,1
236181,1
77343,1
252561,1
183808,1
53730,1
51206,1
266030,1
37437,1
162657,1
127857,1
123290,1
235367,1
186405,1
11327,1
20925,1
226898,1
208357,0
157141,1
49260,0
202343,1
43364,1
259644,1
150649,1
230448,1
150385,1
264649,0
167634,1
74001,1
261251,0
70264,1
249525,1
222986,1
36761,1
168369,1
101113,1
179105,1
42517,1
183118,0
248707,1
119547,1
234828,1
71078,0
3998,1
100338,1
31692,1
254166,0
85316,1
125161,1
228487,1
48713,1
51734,1
203028,1
215240,1
236613,1
160624,0
185583,1
224997,1
114670,1
200527,0
81653,0
216453,0
197591,1
152602,0
242957,0
265606,1
95822,1
67066,1
14645,1
166213,1
159248,1
262944,0
230788,1
250546,1
4726,1
252078,1
29512,1
50563,1
126149,1
232633,0
138485,1
179574,1
262864,0
161560,1
180629,1
143550,0
71297,0
5366,0
26387,0
224714,1
36679,1
22186,1
210584,1
170,0
221114,1
138530,0
57784,1
153291,1
101301,1
204470,1
255726,1
157026,1
198674,1
27470,1
128643,1
28463,1
117506,1
32457,1
39501,1
219757,1
34757,1
163817,1
37967,1
176898,1
191612,1
81921,1
215719,1
95996,0
1141,1
49261,1
4413,0
197688,1
22806,1
37080,1
48502,0
263313,1
179762,1
89950,1
83334,1
159681,1
16318,0
154599,0
201952,1
178796,0
245788,1
85821,1
146492,1
162512,1
129628,1
83625,1
235696,1
18822,0
237170,1
189622,1
239720,0
69156,1
135748,1
262027,1
220015,1
46121,1
119896,1
156415,1
169606,1
145253,1
247230,1
5647,1
213090,0
235997,0
74545,0
84439,0
5001,1
181864,1
72557,1
21697,1
115343,1
3870,0
202779,1
32411,1
151080,1
258164,1
186457,1
31798,1
133926,0
202984,1
227230,1
227474,0
242077,0
24125,1
221135,1
209699,1
80151,1
92830,1
4900,1
255530,0
21339,1
911,0
192194,1
165054,1
111335,1
130452,1
31741,1
135291,0
115210,1
158175,1
203686,1
70370,0
102279,1
242984,0
164298,1
40263,0
213543,1
193164,0
174909,1
166142,1
233013,1
33176,1
246789,0
18404,1
3286,0
41193,1
17634,1
121479,1
213783,1
235106,1
89249,1
88696,1
188587,0
127202,1
13507,1
202444,1
148146,1
197247,1
206681,1
42434,1
121420,1
250214,1
15255,1
265250,0
109683,1
33527,1
112406,0
18418,0
34662,1
62614,1
245555,1
97179,0
255970,1
44751,1
30199,1
137629,0
39699,1
11270,1
65571,1
188780,1
111784,1
49745,1
148935,0
21615,0
30716,0
26675,1
82492,1
164845,1
160168,1
243708,0
99987,0
138960,1
124598,1
266266,1
176323,1
225660,1
226450,1
171793,1
208416,1
89889,1
198638,1
187539,1
90704,1
128259,1
214651,0
120543,1
238799,1
148822,1
100981,1
65137,1
144412,1
130386,0
101308,1
114656,0
129763,1
108032,1
170338,1
256068,0
225162,1
104218,1
230775,1
86465,1
218451,1
103063,1
235230,1
9460,0
28578,1
166621,1
248102,1
69874,1
135811,0
92692,0
100653,1
94573,1
101718,1
10555,1
209682,1
64063,1
105278,1
120944,1
15674,1
177924,1
79244,1
32008,1
202375,0
118508,1
189175,1
65646,0
99003,1
48651,1
257834,0
71818,1
10153,0
208086,1
29725,1
240928,0
78134,1
121608,1
200759,1
203268,1
136663,1
39534,1
27646,1
216381,1
200723,1
182735,0
103595,1
179890,1
109890,1
163111,1
79445,1
254970,1
261432,0
223258,1
138582,0
42955,1
12340,1
221587,1
153236,1
845,1
246368,1
248774,1
203208,1
1827,1
135891,0
172854,0
191088,1
188692,1
180456,1
27991,1
145327,0
45768,1
171997,1
110284,1
85207,1
118602,1
178133,1
154126,1
58276,0
207854,0
97610,1
151034,1
234516,1
173571,1
208124,1
140888,1
46046,1
174526,0
50297,1
252848,0
9825,1
14426,0
54086,1
73754,1
202497,1
4833,0
226843,1
120407,0
47557,1
25322,1
73909,1
247979,1
177750,1
202686,1
60287,1
191926,0
107799,1
209985,0
146015,1
112985,1
32692,1
226763,1
21847,1
76716,1
59474,1
56489,1
73131,1
222437,1
75223,1
134683,1
194527,1
194057,1
148285,1
260206,0
118620,1
82111,1
1686,1
60688,1
185833,1
100865,1
118590,1
71620,1
206666,1
79423,0
117919,1
217611,1
26375,1
191297,1
112619,1
113058,1
121166,1
29942,1
191610,1
221453,1
196319,1
59318,0
86281,1
109392,1
122374,1
94011,1
252360,0
166238,0
115199,1
263399,1
156051,1
230756,1
116319,1
104433,0
15764,1
183088,1
63179,1
122109,1
87502,1
74381,1
230185,0
166372,1
147720,0
230075,1
257978,0
8197,1
121277,1
160995,1
112275,1
192492,1
205550,1
230972,1
8469,1
66268,0
204055,0
59618,1
227623,1
257717,1
247920,1
77926,1
222478,1
71703,1
204098,1
180191,1
92541,0
230508,1
121871,1
180990,1
203619,1
176930,1
36927,1
7020,1
147947,0
2339,1
230531,1
46485,1
165064,0
259069,1
241654,1
83858,1
145220,1
150083,1
55119,1
209248,0
165855,1
221389,1
182006,1
199196,0
141880,1
99037,1
148385,1
170442,1
101403,1
138948,1
217388,1
158727,0
119576,1
39518,1
52906,0
100138,1
7273,1
244758,0
146241,0
94944,1
98700,1
27409,1
79193,1
187102,1
222282,0
216475,1
66337,1
222131,1
115385,0
153815,1
60342,1
162019,1
137603,1
49048,1
67,0
114504,1
144710,1
54946,1
68252,0
64816,1
188075,1
260919,1
129113,1
196220,1
250420,1
17931,1
22432,1
31601,1
60695,1
243366,0
99674,1
39891,1
499,0
58326,1
111950,0
264343,1
122105,0
252947,0
99625,1
123073,1
161010,1
161179,1
130762,1
202176,1
91422,1
665,0
50540,1
140747,0
138087,1
41824,1
145596,1
83324,0
247161,0
40822,1
69171,1
43397,1
14233,1
41346,1
67480,0
137119,1
230691,1
70758,1
157678,1
51555,1
30630,0
18013,0
57211,1
164333,1
71226,1
107721,0
66071,1
66154,1
178069,1
134904,1
186599,0
30522,1
258183,0
25575,1
28268,1
89681,1
232899,1
225652,1
43284,1
8058,1
216661,1
94135,1
12106,1
45287,1
64233,1
94623,1
266543,1
143214,1
64680,0
19733,0
38044,1
110752,1
6260,0
234332,1
108910,1
7914,1
110026,1
2188,1
223730,0
215322,1
22153,0
13516,1
97951,1
219031,1
70089,1
249976,1
248332,1
41422,1
177895,1
21709,1
29671,1
18823,1
128354,0
36099,0
144463,1
153550,1
44666,1
123360,1
259662,0
17884,1
14523,1
111274,1
233449,1
195526,1
33690,1
204892,0
59956,1
163533,0
196717,1
141444,0
211946,1
174098,1
158670,1
145890,1
172895,1
128348,0
181917,1
203531,1
228814,0
49621,1
59037,0
169182,1
184267,1
228851,0
214703,0
103155,0
32507,1
114733,0
264164,1
151518,1
142880,1
143607,0
201276,1
117659,1
111119,1
165901,0
232751,1
266570,1
48978,1
193117,1
102765,1
61960,1
254459,1
161368,1
194004,1
244975,1
110513,1
254905,1
153917,1
48234,0
138651,1
178323,1
71130,1
37112,1
145717,1
254649,1
234492,1
197125,0
17928,1
114433,1
167598,1
82240,1
188686,1
260658,1
8079,0
127908,0
40480,1
110336,1
45280,0
45602,1
134487,1
206894,1
85795,1
258931,1
211636,1
146742,1
112713,0
168669,1
261465,1
144313,1
100621,1
67584,1
233120,0
204981,0
258754,1
180759,1
8491,1
21004,1
262317,0
5036,0
12237,1
164654,1
100051,1
24492,1
93444,1
146994,1
254759,1
63908,1
191565,0
29121,1
212226,1
47055,1
79559,1
138460,1
15123,1
789,1
52157,1
171287,1
94939,1
243573,1
188144,1
28080,0
70722,1
154203,0
222660,0
158385,1
153724,1
135218,1
62188,1
93653,1
59699,1
65193,1
42278,0
193910,1
37311,1
238436,1
125516,1
17054,1
197516,1
139843,1
238103,1
103758,1
216939,1
87215,1
71083,1
61796,1
133723,0
237504,1
90092,1
18376,1
228182,0
184174,1
57969,1
119700,1
16784,0
107906,1
229439,1
145490,1
113553,1
187595,1
138789,1
220041,1
32651,1
100720,1
223453,1
234839,1
211401,1
154662,1
53234,0
40491,1
157337,1
195124,0
81609,1
228385,1
207406,0
106471,1
25242,1
224437,1
150901,1
35223,0
51204,0
52009,1
39447,1
239636,0
54523,1
82281,1
205787,1
196927,1
64833,1
73661,1
629,1
217688,1
197323,1
199071,1
145874,0
225321,0
61659,1
43330,1
224911,1
94818,1
197582,1
90679,1
51445,1
218991,1
198275,1
113745,0
106981,1
48756,1
241515,1
234666,1
44681,1
28355,1
37214,1
18733,0
231609,1
221331,1
70630,0
185487,0
61620,1
142815,1
238967,1
29139,1
217097,1
67677,1
112731,1
10254,1
98927,1
25261,1
112979,1
154652,0
80328,1
254054,0
250415,1
101444,1
64164,1
228247,1
238557,1
57827,1
121556,1
151045,0
87447,1
211485,1
243355,1
240408,1
205309,1
128545,1
164283,1
34631,0
110872,0
158867,1
47706,1
86522,1
85792,1
59775,1
188395,1
160940,1
214645,1
94866,0
126070,1
185004,1
99080,1
209951,1
141919,1
151971,1
112028,1
123634,1
216025,0
154153,1
187136,1
125670,1
69355,1
32675,0
68070,1
15870,1
60616,0
235654,1
189876,1
7836,1
126792,1
152794,1
196280,1
102919,1
124023,1
62911,1
189457,1
194674,0
166416,1
175380,1
213841,1
238890,1
116887,1
205821,1
234675,1
223341,1
41709,1
141985,1
51056,1
251149,0
54520,1
140439,1
15594,0
89127,1
109571,1
26996,1
234907,1
137380,1
165232,1
239726,1
116312,1
212792,0
139198,1
7010,1
50268,1
192697,1
155730,0
204496,1
212022,1
159030,0
113431,1
43831,1
130669,1
104094,1
265632,1
4512,1
173274,1
192100,1
129021,1
119835,1
53994,1
62535,0
260982,0
254898,1
192274,0
208879,1
217376,1
258022,1
138074,1
56261,1
241802,1
28074,1
7504,1
149475,1
89251,1
49437,1
82621,0
203357,1
97392,1
139557,1
215767,0
8676,1
131328,0
259292,1
90772,0
60204,1
204356,1
246993,1
135020,1
201152,0
84553,1
138374,1
158871,0
157123,1
37587,1
114517,1
10158,1
80204,1
41414,1
38094,1
206765,0
41158,1
34643,1
15103,1
180123,0
147712,1
243462,1
150335,0
154717,1
158723,0
28480,1
111503,1
121140,1
205102,1
244443,1
173908,1
237230,1
50383,1
229969,0
40136,1
48846,1
177949,1
12111,0
61617,1
107420,1
115721,1
108568,1
9081,0
133943,1
90607,0
156933,1
178957,1
238479,1
156279,1
54687,0
37414,1
33258,1
31081,0
243147,0
120632,1
200221,1
227210,1
198730,1
118566,1
201349,1
166753,1
84786,1
74452,1
55545,1
64821,1
240047,0
96657,1
38389,1
48726,1
69773,1
208909,0
232491,1
55800,1
172910,1
152453,1
48576,1
24450,1
22939,1
12571,1
189022,1
9718,1
256279,1
78537,0
240541,0
90306,1
144118,1
230235,1
184425,1
248008,1
219654,0
3489,1
263095,1
143118,1
248930,1
65961,1
175515,1
189408,1
20039,0
164899,1
181023,0
66536,0
13766,0
204375,1
40027,1
238484,1
189789,1
41988,0
87920,1
54256,1
10269,1
17120,1
165720,1
264480,1
173559,1
152658,0
43235,1
5059,0
27948,1
88503,1
247587,0
189963,1
130046,1
200093,1
264751,0
26620,0
41817,1
106298,0
134588,1
128070,1
13904,1
162494,1
32633,1
250662,1
44872,1
230306,1
186351,1
184763,0
29123,0
187693,1
31382,0
249244,0
234611,0
147319,1
220523,1
46943,1
136118,1
201185,0
201649,1
145063,1
53890,1
109850,1
149095,1
192407,1
213787,0
24402,1
58030,1
65206,1
236915,0
145262,0
30546,0
163950,1
7380,1
242666,1
43013,0
22459,1
60490,1
251154,1
69853,1
120210,1
158803,1
62590,1
198919,1
226612,1
118390,1
160601,1
241376,1
127073,1
90976,1
175153,1
250294,0
236115,1
47127,1
27953,0
263248,0
68174,1
13231,0
181348,1
206685,1
101323,1
234962,1
266452,0
63547,1
86306,1
75246,1
169776,1
185952,1
128888,1
122245,1
113075,1
50590,1
225961,1
88380,1
21530,1
239179,1
173094,0
93514,1
201407,0
13366,1
60253,0
247198,1
139068,1
139202,1
190528,1
75694,1
172954,1
105458,1
85214,1
172569,0
123462,1
167023,1
193945,0
167616,1
88440,1
209054,1
180235,1
141322,1
45463,1
19622,1
246656,1
60869,0
14061,0
94464,0
71435,1
91481,1
262132,1
57482,1
118027,1
155180,1
119432,1
255363,0
240996,1
29939,1
243822,0
141699,1
81553,1
87212,0
236890,1
73028,1
235697,1
90747,1
228330,1
42752,1
144895,1
53606,1
10279,0
266551,0
32376,1
188510,0
11427,1
213383,1
254768,1
213142,1
27988,1
31188,1
164017,1
167444,1
71973,0
228207,0
133574,0
70889,0
61236,1
248455,1
5594,0
36894,0
54065,1
185829,1
187759,1
97597,1
220141,1
137689,1
26708,1
260884,0
57076,1
87823,1
76913,1
225401,0
161202,1
184793,0
170604,0
141396,1
47780,0
230836,1
129342,0
215810,1
71384,1
251495,1
143330,1
265136,1
232091,1
41124,1
149619,1
175069,1
70871,1
217718,1
109489,1
59905,0
259876,0
255910,1
132245,0
60804,1
26709,1
143467,1
241811,1
81454,1
63836,1
109546,1
188953,1
167571,1
265130,1
133376,0
216397,1
228619,1
87892,1
87223,1
73529,1
243776,1
6542,1
28031,1
196634,1
666,0
266235,1
73725,1
221160,1
78467,0
29180,1
102950,1
391,1
54863,1
180031,1
136634,0
249873,0
145680,1
85085,1
44703,1
145349,1
95654,1
52050,1
152618,1
220462,1
243096,1
196335,1
42867,1
179763,1
109781,1
193788,0
135315,1
86942,1
112936,0
247438,0
244879,0
160565,0
178206,1
145248,1
163779,0
150306,0
150571,1
56191,0
171097,1
147994,1
52421,1
128442,1
245711,0
221861,0
90056,1
147562,1
257932,0
73853,1
150741,1
39740,1
13099,1
87379,1
3816,0
247286,1
169234,1
70510,1
206665,1
128064,0
32485,1
9458,1
250466,1
73370,1
253012,1
85416,1
174103,1
98407,1
35656,1
60079,1
180052,0
94109,1
166477,1
23939,1
219222,1
43262,1
89679,0
13217,1
238426,1
143347,1
178097,1
121208,1
172020,0
228110,0
158944,1
155490,0
243590,1
149723,1
55496,1
192674,1
184216,1
36351,1
15486,0
246888,1
260076,1
132732,1
128131,1
192629,1
48688,1
206607,1
192825,1
251883,1
263273,1
24792,1
162665,1
113425,1
214580,1
51764,1
191757,1
70289,1
53900,1
259289,1
265700,1
212413,1
14008,1
158601,1
251730,0
204045,0
27307,1
211885,1
18700,1
345,1
102295,1
238048,1
131699,1
47591,1
57779,1
77030,1
119077,1
198548,1
143780,1
165476,0
55355,1
231706,1
45239,0
146571,0
46301,1
117985,1
244040,0
244392,1
170467,1
66191,1
93999,1
214585,0
126679,1
244508,1
239133,1
27776,1
69367,1
102592,1
134819,1
224600,0
171455,0
63204,1
209750,1
168893,0
149928,1
127834,1
212824,1
230770,0
107091,1
113222,1
136974,0
63853,0
200994,1
93186,1
179953,0
65982,1
48588,1
260547,0
131073,0
142988,0
133541,1
216514,1
125927,0
138234,1
86557,1
84243,1
172409,1
186761,1
266,1
23376,1
228393,1
43302,1
253354,1
237608,1
144129,1
152447,1
24268,1
160544,0
37397,1
87296,1
167425,1
201687,1
246019,1
16213,0
42339,1
244932,1
55389,1
219809,0
24598,1
137179,0
169486,1
38462,1
121654,1
197529,1
188198,1
183305,1
19984,1
5478,0
37061,1
135764,1
13711,0
204190,0
175640,1
54152,1
156179,1
65863,1
182969,1
94886,1
114529,1
7946,0
200633,1
35066,1
173482,1
222375,0
48843,1
150583,1
180400,1
33793,1
90776,1
210979,1
218419,1
62065,0
57648,1
69273,0
118558,0
88811,1
251255,0
233652,0
260328,1
200684,1
234645,1
142916,1
250337,1
243340,1
259860,1
229637,1
65077,1
109207,1
112198,1
212091,1
10743,0
21333,1
225184,1
185734,1
56135,0
168284,1
4214,1
214447,1
12244,0
23049,1
241012,1
9261,0
96485,1
151303,1
232910,1
176400,1
50596,1
163420,1
131953,1
158534,1
108538,1
60946,0
80694,1
121727,1
84262,1
92321,1
49089,1
75482,1
115244,1
214598,1
254279,0
86776,1
88251,0
64903,0
97458,1
7931,0
183186,1
207288,0
170282,0
212292,1
115697,1
139358,0
221254,1
245195,0
149226,1
2239,1
149893,1
254914,1
146087,1
201767,1
22327,1
266328,0
39030,0
128899,1
152524,1
137023,1
213693,1
26045,1
254069,1
242673,1
47353,1
219721,1
266186,0
258885,1
55150,1
37699,1
235743,1
4694,0
192790,1
17203,1
92535,1
119786,1
9089,1
66738,0
132444,0
187624,1
253139,0
46400,1
134572,1
206740,1
25511,0
44088,1
209058,1
145053,1
220158,1
31803,1
8231,0
47570,1
67317,1
21516,1
181322,1
205426,1
256121,1
266446,1
121872,1
159178,0
162639,1
69781,1
75797,1
61012,1
28917,1
83662,1
200523,1
45067,1
87954,1
125307,1
29889,1
62408,1
66284,0
2375,1
116099,0
137951,0
253023,1
151195,1
65024,1
206312,0
74560,1
228736,1
14672,1
70556,1
52809,1
156503,1
132173,1
99512,1
171505,0
32602,1
236852,1
88776,1
63088,1
266242,1
137296,1
73642,1
74446,1
151646,0
234107,1
34769,1
151915,1
43570,1
137438,0
166731,1
145865,1
195119,0
193589,1
98354,1
185888,1
74016,1
224852,1
30406,1
242940,1
139914,1
75864,1
123564,1
260090,0
191426,0
256287,0
148090,1
111257,1
54632,1
216164,0
15512,0
178286,1
25043,1
141361,1
244871,1
142302,1
230298,1
262684,0
140518,0
5178,0
157502,1
63143,1
64840,1
104427,1
208407,1
211175,1
85806,1
149598,0
25390,1
225851,1
113595,1
105712,1
168274,1
100551,0
45204,1
234222,0
130225,1
53965,1
135514,1
133991,1
150858,0
148102,1
233554,1
209161,1
127744,1
66498,0
71151,1
113237,1
40403,1
71963,1
156330,1
204703,0
36838,1
23937,0
82019,1
129836,1
263597,1
52138,1
263431,1
195829,1
212,0
59369,1
105857,1
257891,0
212220,1
57598,1
191388,1
245231,1
184880,1
129311,1
191709,1
32200,1
165966,1
261530,1
68640,0
136936,1
147959,1
116109,1
33457,0
177941,1
237623,1
232958,0
113523,1
119924,1
53559,1
113663,1
70040,1
45437,1
32618,1
124959,0
112333,1
228193,1
255815,1
174722,1
2695,0
163542,1
189687,1
92010,1
116980,1
135794,0
27690,1
154190,1
24884,1
91898,1
144402,1
205386,0
164812,1
21261,1
86564,0
251486,0
263957,1
44202,1
17934,1
166183,1
29280,1
19277,0
241075,0
131592,0
131449,0
181005,1
210683,1
8110,1
226513,1
78627,1
14333,1
93698,1
140145,1
29524,1
249551,1
56630,1
233570,0
106155,1
112712,1
18866,1
135455,1
252135,1
227469,1
250096,1
235349,1
115323,0
112068,1
266299,0
97200,1
42262,1
6864,1
65669,1
204841,1
247118,1
67048,1
205427,1
172817,1
46896,1
190655,1
256556,0
136196,1
188997,1
137366,1
123792,1
148832,1
53185,1
20460,1
44054,1
183095,1
114847,1
34165,1
219231,1
241275,1
208394,1
252514,0
12374,1
214739,1
25844,0
175514,1
88561,1
104002,0
96076,1
191553,0
38497,1
136152,0
65936,0
222400,1
195294,1
116386,1
225504,1
66044,0
93207,1
175738,1
226120,1
222470,1
106344,1
180214,1
92457,1
119386,1
184939,1
194548,0
78649,1
259566,1
242175,1
172099,1
7225,1
164908,1
201788,1
20137,1
235303,1
210849,1
242371,1
87095,1
38614,1
10730,1
2078,1
149328,0
256458,1
101030,0
155033,1
91727,1
94377,1
147621,1
177722,1
73307,1
210841,0
256399,1
141173,1
176076,1
181813,1
130171,0
109962,1
100026,1
219098,1
25555,1
20565,1
104707,0
135911,1
76050,1
128546,1
206182,1
82765,1
112267,1
91297,1
97680,1
168017,0
255573,1
240990,0
240468,0
137943,1
120303,1
132267,1
159280,1
94632,1
61958,1
65458,0
27445,1
187988,0
208588,0
16334,0
222857,1
12489,0
48131,1
20251,1
265943,1
125500,1
223227,1
107589,1
186828,1
119880,0
103526,1
180114,1
50096,1
67442,1
82190,0
56593,1
170385,0
248157,1
217678,1
30534,0
82887,0
222225,1
138639,1
27144,1
122049,1
83936,1
240441,1
92419,1
25457,0
2550,0
189304,1
7323,1
116470,1
237769,0
148713,0
104762,1
238372,1
187216,1
128172,0
67792,1
30404,1
169193,1
147541,0
33675,1
43080,1
112583,1
59978,0
179545,1
27900,1
213940,1
261196,1
103466,1
153331,1
213057,1
3806,0
20307,0
219089,1
203144,1
84603,1
240802,1
107488,0
41366,0
146539,0
126374,1
19407,1
240718,0
194122,1
174070,0
197113,1
113278,1
241492,1
86083,0
244336,1
54989,1
247005,1
91418,1
263290,1
136528,1
182421,1
214216,1
172372,1
245866,1
244570,1
197121,1
226926,1
20485,1
26645,1
219206,1
39779,0
68134,1
15323,0
209748,1
147713,1
158734,0
115802,0
177473,1
69746,1
179463,1
184438,1
185511,1
58142,1
239982,1
21462,0
237720,1
82944,1
30076,1
79855,0
157894,1
14615,1
12365,1
221015,1
260877,1
56773,0
13056,0
249734,1
7757,1
102463,0
176170,0
258143,0
160205,1
142261,1
115494,1
125049,1
243242,1
170601,1
51422,1
66677,1
168189,1
257321,1
172133,1
14290,0
244634,1
9929,1
97250,0
47454,1
145682,1
170058,1
104365,1
116149,1
264015,0
151030,0
240282,0
155308,1
218436,1
242904,1
67211,1
121093,1
78325,1
204657,1
168513,1
154097,1
21364,1
78761,1
242774,0
103058,1
64979,1
184921,1
56083,0
201113,0
45210,1
186810,1
135542,1
54631,0
232350,1
35233,1
36765,1
18588,0
128904,1
56661,1
52327,0
79143,1
219658,1
22080,1
247012,1
27041,1
87048,0
135409,1
264626,0
159499,1
97677,0
188272,1
122013,1
98217,1
49704,1
21161,1
158252,1
191736,1
86524,1
211681,0
230329,1
95764,1
129650,1
11215,1
177806,0
258207,1
56968,1
158255,1
73672,1
230924,1
70053,1
97744,1
108212,0
225465,0
148738,1
14272,1
21693,0
84257,1
178434,1
204146,1
239981,1
241233,1
59966,1
154402,1
137432,1
87994,1
265064,1
135268,1
76055,1
88603,0
242196,1
237505,1
157797,1
72835,1
255493,1
15742,0
30671,1
106747,1
65425,1
89093,1
184481,1
172603,1
218579,0
63115,0
19231,1
88530,1
204343,0
8742,1
92040,1
9297,0
194097,1
160626,0
72511,1
210363,1
247304,1
149783,1
23619,1
62443,1
146488,1
92527,1
112626,0
160236,1
46189,0
168485,1
78648,1
58987,1
258764,0
221884,1
120477,0
149237,1
247595,1
121376,1
190337,0
226627,1
98581,1
92285,0
263110,1
43825,1
230495,1
86546,1
58391,1
101757,0
213227,1
163373,1
100879,1
60667,1
181212,1
113889,1
45386,1
227635,1
85891,1
77907,1
170380,1
232793,1
10490,1
24249,1
26108,0
202517,1
127217,1
191369,1
91669,1
112427,1
2129,0
139021,0
115399,1
106180,1
229606,1
165557,0
252586,1
60782,1
246346,1
84950,1
151236,1
232837,0
57492,1
130374,0
235977,1
109464,0
67060,0
41823,1
122558,1
49409,1
155433,1
43500,0
187171,1
251732,0
236390,0
86257,1
8293,1
115264,1
62136,1
176388,1
95629,0
6924,0
207509,1
249686,1
34995,1
249222,1
109154,1
51453,1
5922,0
172593,1
162347,1
208292,1
109544,1
31233,1
114358,1
134228,1
188777,1
265420,1
228227,1
59751,1
32480,1
58499,0
201057,0
18661,0
3709,1
1304,1
94147,1
38669,1
262414,1
102368,1
48729,1
42302,0
216822,1
83213,1
834,1
72389,0
51385,1
14374,1
200855,1
153905,1
259848,1
221764,1
81844,1
238320,1
121065,1
124699,1
228641,1
241116,1
50272,1
5783,1
93222,1
62172,0
121640,1
92464,1
255035,1
105664,0
32227,1
151469,0
68843,1
12541,1
90411,1
85356,0
14125,1
227607,1
1368,1
246562,0
261780,0
155967,1
191983,0
13690,0
216418,1
26148,1
140803,1
8107,1
11420,0
105449,1
259368,1
64756,1
82455,1
104351,0
36837,1
179618,1
173301,1
2392,0
225424,1
47326,1
230532,1
14487,0
140889,1
122164,1
146076,1
121756,1
67950,1
128654,1
218832,0
65765,0
51679,1
239247,0
108111,1
136108,1
65333,1
63996,1
136358,0
91847,1
121299,0
103108,1
152544,0
145215,1
98437,1
75047,1
18069,1
231288,1
199085,1
105653,1
132898,1
91786,0
46395,1
21740,0
164269,0
231702,1
84595,1
151928,1
243924,1
70741,1
87242,1
231905,1
98955,1
176126,0
262042,0
50787,1
26930,1
135840,1
240538,1
219163,1
181443,0
255194,0
87971,0
210203,1
82744,1
225608,1
246970,1
147141,1
66001,0
152516,0
107443,1
37124,1
236157,0
109713,1
150859,1
116388,1
241136,1
85557,0
96266,1
141577,1
243306,1
128431,1
194226,1
133280,1
195653,1
219738,0
181009,1
13504,1
91421,1
118049,1
170081,1
104939,1
76905,1
49281,1
36015,1
65478,1
179544,1
200844,1
154570,1
86691,1
179754,1
35334,0
178799,1
113250,0
187468,1
48244,1
17492,1
17825,1
151297,0
69272,1
70563,1
135657,1
136748,1
26566,1
66321,1
255324,1
238829,1
68525,1
217155,0
98166,1
249060,1
88800,1
137869,1
17671,0
239912,1
16177,0
50709,0
134189,1
151087,0
169348,0
104191,1
98183,1
16028,1
206021,1
264501,1
4211,1
49616,0
188935,1
201978,0
87196,0
143109,1
129479,1
255665,1
130499,0
114554,1
204460,0
122636,1
168758,1
134847,1
87047,1
230751,0
118052,1
77864,1
266432,0
137505,1
118199,1
133231,1
46608,1
67748,1
111157,0
229936,1
196007,1
261170,1
194798,1
219244,1
163797,1
21891,1
70119,1
93497,1
96872,1
261211,1
164810,1
265876,1
115406,1
85448,0
48172,1
150554,1
104120,1
36280,1
15873,0
54595,1
249197,1
47891,1
36756,1
84634,1
57313,1
142744,1
136434,1
4919,0
126019,1
137887,0
87490,1
138209,1
85502,1
129119,1
89084,1
259984,1
225214,1
113685,1
219320,1
41473,1
237950,1
15869,0
63941,0
255095,0
116313,0
49124,1
88025,1
85793,1
200179,1
49555,1
150579,0
14779,0
80895,1
40921,1
47054,1
127505,1
166242,1
49981,1
60048,1
69269,1
252813,1
51929,1
124524,0
220286,1
82655,1
68179,0
207911,1
3689,1
250798,0
17304,1
114470,1
30826,1
111912,0
63556,1
109532,1
157987,1
227152,1
170315,1
66463,1
92461,0
126358,1
19530,1
104644,1
33382,1
185048,1
243805,1
191534,1
22225,1
219036,1
7712,0
167778,1
264321,0
165112,1
251600,0
225357,1
81114,1
60936,1
121717,1
29048,1
115716,1
3083,1
122729,0
118475,1
135438,1
240327,1
115431,1
84771,1
58522,1
133888,1
148494,1
112602,0
98319,1
21707,0
200488,1
139444,1
232898,1
133268,0
184741,0
110610,1
250460,1
224970,1
21351,1
263996,1
35308,1
154943,1
251443,1
58584,0
74540,1
88879,1
73466,1
250092,1
181318,1
32033,1
76992,1
78315,1
26600,1
246646,1
120105,1
32035,1
132913,1
205816,1
139362,1
112329,0
257987,1
171393,0
136235,1
52790,1
16697,1
148549,1
140116,1
111057,1
120004,1
169437,1
5724,1
27843,0
215720,1
190506,1
87729,1
73203,1
199226,1
136394,0
176105,1
246665,1
251240,1
187870,1
43623,1
50537,1
232745,1
72956,0
46851,1
194465,1
56683,1
184833,1
24495,0
207931,1
88485,0
161645,1
119045,1
98404,0
175465,0
165450,1
71023,1
236721,1
122414,0
114524,1
23063,0
255132,0
6400,0
171379,1
174819,1
75446,1
92390,1
254634,0
128146,1
169361,1
152053,1
219853,1
223832,1
218249,1
189282,0
107517,1
159031,1
174920,1
183849,1
141591,0
191033,1
107253,1
86993,1
263551,1
27066,1
179882,1
140225,1
151301,0
176710,1
11202,1
103204,0
98689,1
63071,1
257472,1
107483,1
19087,1
257847,0
16935,1
18145,1
202492,1
248978,1
235851,1
19538,1
154147,0
94548,1
83624,1
213738,1
61806,1
153791,1
204257,1
187604,1
255860,1
253219,1
259729,0
99448,1
139695,1
110845,1
13951,1
1845,0
215690,1
136473,1
248947,1
183735,1
53724,1
124436,0
159850,1
253223,1
26173,1
181974,1
79554,1
242334,1
131026,1
241194,0
39640,1
28283,1
135395,1
33487,1
83342,1
66762,1
76618,1
2549,1
91249,1
15018,1
126169,1
221183,1
131771,1
28528,1
212387,0
152370,1
47226,0
153332,1
109736,0
70352,1
88308,1
55948,1
251269,1
102174,1
64854,1
39840,1
265881,1
130078,1
60861,1
177566,0
198713,1
74621,1
253039,1
33266,0
121456,1
117494,1
248854,0
72914,1
245586,1
244889,0
41783,1
123013,1
62364,1
82729,1
8790,0
158831,1
19037,1
250915,1
200211,1
169146,1
218880,1
60871,1
66263,1
89241,1
197663,1
191093,1
157675,1
194975,1
23300,1
91402,1
102501,1
98590,1
186037,1
223333,1
137211,1
1829,0
139530,1
69049,0
171419,1
148325,1
79463,1
61830,1
178099,1
91725,1
213869,1
162153,1
146444,1
39750,1
114991,1
85565,1
83968,1
48011,1
64905,1
92257,1
246951,1
109729,1
230875,1
211638,1
201685,0
177394,1
15034,0
84522,0
9340,0
78770,1
63845,1
244083,1
78050,1
42640,1
129204,0
34323,1
224178,0
166201,1
35140,1
69910,1
29363,1
54694,1
115442,1
94233,1
180689,1
251755,0
199128,1
11814,1
122450,1
162581,1
133207,0
157848,0
199510,0
134896,1
263609,1
96829,1
107583,1
243733,0
150535,1
68063,1
42621,1
168927,1
33267,1
215209,1
115480,1
193406,1
43536,1
8282,1
108082,1
114310,1
108409,0
243981,1
244870,1
102579,0
48714,1
48302,1
18771,1
263921,1
70066,1
11774,1
205285,1
199005,1
94188,1
16160,0
122047,1
115670,1
110608,1
168822,1
56442,1
3907,0
41491,1
248131,1
133266,1
96398,1
101175,1
226874,1
214434,1
154125,1
46736,1
121105,1
147702,1
16717,1
190218,1
83368,1
138848,0
120983,1
10838,1
143992,1
266487,1
129991,1
132384,1
242953,1
215092,0
233499,1
266606,0
236729,1
103030,1
190256,1
90542,1
153769,1
263042,0
131412,1
255225,1
115607,1
217912,0
213032,1
251872,1
46243,1
79449,1
20026,0
179888,1
241461,1
156951,1
188834,0
89801,1
141178,1
122243,0
164828,0
178406,1
231562,1
223722,1
106566,1
101990,1
74776,1
68406,0
180846,1
86138,1
36996,1
6226,0
136156,1
135216,1
256254,1
61035,1
12132,1
240938,1
36445,1
65237,1
27834,0
82825,1
160434,1
107296,1
202747,1
200600,1
131364,1
154267,1
50629,1
235848,0
43594,1
138951,1
209932,1
127221,1
197040,1
238758,1
167978,1
69646,1
240793,1
14304,1
139853,0
227228,1
146690,0
127101,1
44637,1
109442,0
18173,1
121541,1
238707,1
19094,1
243461,1
16171,0
114081,1
213904,0
171807,0
3594,1
62684,1
199455,1
37987,1
33165,1
190810,1
194464,1
10813,1
85498,1
41794,1
26167,1
85240,1
46769,0
65331,1
264246,1
65075,1
53451,1
206323,1
162650,1
60816,1
18131,1
263629,0
9288,0
91716,1
85825,1
61040,1
259191,0
63977,1
82702,1
258723,0
203177,1
108545,1
126117,1
182777,1
159157,1
99591,1
110316,0
26103,1
187857,1
165118,1
216021,1
173740,1
182907,0
128989,1
101144,0
104989,1
165302,1
124624,1
245368,1
97944,1
81281,1
160633,1
117000,1
108132,1
75012,1
95246,0
155817,1
171962,1
53088,1
241852,1
72613,0
154546,0
187963,1
236012,0
82506,1
109132,1
135477,1
62848,1
77878,0
106042,1
2455,1
63348,1
249596,1
245081,1
35982,1
185149,0
67984,1
230478,0
45168,1
27660,0
150062,1
20302,0
129163,1
136480,1
159142,1
22140,1
132407,1
205294,1
166016,1
3316,1
159385,1
131892,1
32582,1
124361,1
181209,1
157062,1
105834,1
153497,0
236300,0
8170,1
133460,1
232890,0
41055,1
7978,0
224585,1
105535,0
75811,0
101332,1
50470,1
12675,0
10558,0
188496,1
113377,1
10459,1
9125,1
63105,1
108110,1
244844,1
222104,1
37537,1
266173,1
168327,1
135191,1
186817,0
164084,1
129706,1
90099,1
210372,1
83614,1
24800,1
155696,0
80674,1
50496,1
134570,1
152974,0
203081,1
235686,0
153609,1
23988,1
18372,1
16826,1
210862,1
177856,1
195598,1
119618,1
265626,1
87864,1
234572,1
42934,1
262054,1
146693,1
258771,1
96653,0
184014,1
48288,1
244545,1
169325,1
30209,1
105104,0
234728,0
207330,0
222321,1
259372,1
16803,1
162320,1
190326,1
40588,1
52101,1
66483,1
192360,0
101310,1
86700,1
140936,1
26427,1
182988,1
34585,1
40987,1
48461,1
9192,1
61942,1
33133,1
47182,1
190507,1
206417,1
192732,1
210970,1
152302,1
195885,1
12497,0
245591,0
179020,1
188704,1
122669,0
217037,1
240195,1
135644,1
235633,1
118832,0
237221,1
79035,1
154411,1
7494,1
126531,1
38394,1
140362,1
133314,1
203696,1
78364,1
28152,1
233016,1
120399,1
263359,1
164294,1
154,1
70348,1
187800,1
21782,0
125964,1
262678,1
153896,0
235470,0
79256,1
182634,0
16741,0
235284,1
36828,1
82642,1
87387,1
163795,1
23867,1
169303,1
969,0
131925,1
3618,1
141845,1
73876,1
158400,1
220245,0
119209,0
1759,0
28178,1
20695,1
199385,1
251592,1
249377,1
111758,1
106353,1
216594,1
31287,1
37264,1
161465,1
133151,1
173438,1
28292,0
7054,1
15439,0
203587,1
5383,1
241054,1
191326,1
199213,1
110135,1
83649,1
76251,1
265126,1
55778,1
256058,1
181685,1
106491,1
137782,1
44220,0
167409,0
88551,1
110655,1
194941,0
118464,1
127680,1
234480,1
60555,1
31701,1
2621,1
10543,0
178201,1
212103,0
90284,1
233379,1
100208,1
13678,1
160417,1
236481,0
16939,1
74057,1
46232,0
62439,0
178216,0
118025,1
258842,1
14229,0
96865,1
33542,0
78072,1
72790,1
141619,1
67882,1
234155,1
16234,0
89628,0
86267,0
250700,0
230894,1
74482,0
7649,0
13890,1
194123,0
124547,1
80558,1
167525,0
166980,0
138801,1
122255,1
81783,1
180178,1
63060,1
179779,1
224351,1
180673,1
129688,0
139133,1
190263,1
42210,1
54032,1
226083,1
3159,1
71528,0
266431,1
153103,1
41944,0
163500,1
196407,1
219369,1
44717,1
4554,0
168001,0
210676,0
136165,1
241255,1
168811,1
147678,0
155259,1
184527,0
260236,0
33061,1
185013,1
30779,1
29433,0
177424,1
35028,1
216883,0
218728,0
57117,1
212917,1
61108,1
3931,1
258867,1
113328,1
122742,0
260225,1
120718,1
128551,1
52535,1
178702,0
199840,0
2679,1
196947,1
166545,1
104749,0
169342,0
17318,1
250355,1
194280,1
211622,1
265849,0
114699,1
258167,1
151388,1
264021,0
138465,1
104457,1
112091,1
18978,1
134827,1
209348,1
108120,1
48397,0
192372,1
71092,1
139301,1
119596,1
206035,0
103067,1
226651,1
38320,0
216580,0
33128,1
176359,1
130637,1
3141,1
32568,1
153957,1
158680,1
105788,1
108464,1
208856,0
146667,1
42812,1
60664,1
120779,1
126843,1
207253,0
14790,1
257118,1
95011,1
21014,0
76928,1
211786,1
144550,1
263062,0
110807,1
22659,1
100204,1
171199,0
235016,1
173554,0
55838,1
78633,0
23136,1
16743,1
77285,1
28781,1
57468,1
246515,1
148876,0
160091,0
87716,1
181923,1
263475,1
80221,1
33927,1
213924,0
157210,0
201064,1
31785,1
131843,0
225276,1
14594,1
161147,1
134480,1
216485,1
198834,1
189943,0
192052,1
151420,1
7473,1
8402,0
206173,1
14863,1
120995,1
72610,1
247699,0
205552,1
70071,1
183548,1
112443,0
187195,1
255319,0
250625,1
205669,1
119615,1
87516,1
41826,0
102246,1
214533,1
190572,1
183246,1
101117,1
177373,1
252924,1
177632,1
249289,1
88132,1
90798,0
78866,1
94713,1
171212,1
42575,1
125416,1
105387,1
241541,1
246142,1
245354,0
248470,0
223713,0
199275,0
90231,1
260467,1
251377,1
16652,1
167892,1
243587,1
28853,1
222535,0
55613,1
227081,0
139628,1
158290,0
104287,1
21482,0
120907,1
216723,0
97639,1
27387,0
127757,1
54892,1
254092,1
118387,1
216141,1
85766,1
7746,1
111866,1
153089,1
157561,0
97795,1
195540,0
264889,0
138040,0
37890,0
108406,1
146656,1
157222,1
96120,1
100156,1
76908,1
221805,0
217750,1
5086,0
151527,1
97251,0
216481,1
258785,1
183934,1
686,1
173146,0
138841,1
9310,1
234314,0
10786,1
131056,1
195994,1
22346,1
150633,1
189097,1
202645,1
51761,1
245494,1
111781,0
203335,1
210936,1
102908,1
58364,1
89700,0
224953,1
194600,1
178029,1
163282,1
256497,1
65873,1
64391,0
76765,1
200219,1
25222,0
217314,1
260890,1
154418,0
181416,1
223760,1
152402,1
28474,1
165131,1
130962,1
252706,1
128396,0
177219,1
101742,1
107271,1
199907,1
22710,1
116426,1
245651,0
236019,1
183249,0
245802,0
126744,1
179224,1
146258,1
70884,1
237098,1
102089,1
114594,0
53094,0
45258,1
77222,0
181851,1
130667,0
175326,1
98891,1
223304,0
95667,1
203655,1
92450,1
209732,0
160129,0
215165,1
159910,0
111938,1
162788,1
228727,1
115328,1
155620,1
65737,1
198685,1
86158,1
197091,1
8797,1
185740,1
33446,0
180050,1
62069,1
123603,0
60229,1
151226,1
169279,1
197799,1
231119,1
13539,1
25906,1
136225,1
215074,1
223737,1
58560,1
207445,1
163762,1
201820,1
17610,1
25923,0
111621,1
138665,1
38445,1
239798,1
130056,1
130650,1
179132,1
172164,1
194492,1
111710,1
217626,1
223119,0
266295,0
221806,1
166743,0
12202,1
85185,1
49369,0
143310,1
60492,1
44787,1
249806,0
264055,1
113252,0
189946,1
90465,1
251452,1
64965,1
92661,1
159192,1
12815,0
61266,1
97523,0
144685,1
166801,1
203967,1
161577,0
61729,1
205882,0
72851,1
225514,0
148135,0
141256,1
102837,1
190666,1
209622,1
158466,1
42159,0
50036,1
6498,0
24840,1
110940,1
208184,1
133217,1
20209,1
223100,1
97603,1
254596,1
53701,0
40565,1
40896,1
223190,1
225016,1
114106,0
186461,1
73753,1
252242,0
211826,1
59181,1
82338,1
181105,1
202769,0
35578,0
71020,1
185304,0
255058,0
223857,0
206817,1
127976,0
1843,0
198057,1
146299,0
24078,1
254207,1
148965,0
217486,1
394,1
151888,1
134438,1
243341,1
150279,1
116942,0
46846,0
185726,1
198772,1
139994,1
51156,1
71033,1
51791,0
169508,1
221642,1
262439,1
169255,0
112400,1
13604,0
146525,1
136553,1
215848,1
83076,1
216896,1
217657,1
24027,1
252993,1
36078,1
191471,0
85198,0
141295,1
249790,1
258202,1
98602,1
250649,1
244290,1
252895,1
141454,1
103846,1
160807,1
155260,1
91098,0
206599,1
19573,1
10075,0
25692,1
209735,1
135457,1
62358,1
180302,1
172877,1
210856,0
49692,1
120452,0
182108,1
78282,1
134979,1
261361,0
231827,1
150190,1
125429,1
61557,1
116721,0
113894,1
30755,1
251853,1
47556,1
149289,1
93212,1
179821,1
5156,1
230148,1
196545,1
253394,0
43887,1
97686,1
153444,1
175180,1
87094,1
165252,0
121499,1
86254,1
123022,0
51229,1
177233,1
83223,1
257549,1
169680,1
76013,1
117672,1
137867,1
18526,1
134782,1
135917,1
26508,1
148386,1
171217,1
14662,0
189214,1
237114,0
188927,0
249529,1
8972,1
169063,1
166063,1
215100,1
2599,1
85050,1
167347,1
58785,0
54983,0
142239,1
94863,1
3765,1
18074,1
164028,1
249751,0
173204,0
244377,1
228156,1
249161,0
34060,1
131830,1
33534,1
165167,1
117982,0
164478,1
81470,1
173507,1
78217,0
139967,1
169505,1
171293,1
25722,1
173947,1
172955,1
155667,0
226349,1
207404,1
186589,1
15407,0
230491,1
135096,1
95505,1
108692,1
223471,1
9455,1
16428,1
91371,1
84830,1
35438,1
214659,0
60259,1
218583,1
16352,0
259800,1
179632,1
165921,0
143381,1
80795,1
185770,1
193630,1
41056,1
171785,1
188469,1
140192,1
240048,1
4169,1
24156,1
33238,1
229346,1
189131,1
144791,1
195355,1
248032,1
206958,0
20132,1
246398,1
23154,0
265799,1
155071,1
64270,1
247735,0
51135,1
134544,0
22349,1
119716,1
201867,1
118621,1
39481,0
245587,0
198838,1
195744,1
194479,1
122533,1
101809,1
176979,1
92746,1
137557,0
213259,1
14504,0
206169,1
85526,1
236248,1
165543,1
70555,1
41821,1
20333,1
190479,1
127435,1
216848,0
126226,1
185418,0
38703,1
17704,1
225605,1
102332,1
211833,1
14281,0
190393,1
264019,1
80668,1
205797,1
226254,1
88970,1
235875,1
177605,1
9483,0
259782,1
121679,1
157667,1
51582,1
108881,0
63686,1
121694,1
261745,0
216625,1
32266,1
190570,1
58895,1
10206,1
103875,1
58650,1
121663,1
122011,1
204875,1
206161,0
235406,1
154548,1
145049,1
73451,1
81388,1
235102,0
220541,1
197505,0
120811,0
78318,1
58465,0
259988,0
234230,1
83690,0
164376,1
48604,1
183366,1
186547,1
193080,1
20097,1
238696,1
192010,1
232871,1
235097,0
80608,0
117542,0
239765,1
139467,1
155904,1
122894,1
25684,1
133377,1
183040,0
209327,1
257258,1
81410,1
222884,1
260408,1
178461,1
251590,1
143596,1
64016,1
232623,1
31330,1
110495,1
218405,1
53496,0
159096,1
64185,1
227408,1
154617,1
240238,0
192745,1
165939,1
224398,1
68737,1
130275,0
106920,1
18855,1
234654,1
41526,0
265412,1
182937,1
239931,1
89783,1
252012,1
233139,1
127707,1
208247,1
55904,0
234732,1
176592,0
42780,1
13293,1
9949,1
241841,1
241828,0
249139,1
258389,1
115653,0
90550,1
139464,1
88030,1
239943,1
165697,0
9648,1
42452,1
242400,1
24004,1
201439,1
104708,1
54908,1
163700,0
11722,0
210293,1
198437,1
26926,1
239302,1
163076,1
2202,1
46103,1
4050,1
251472,1
141890,0
228146,0
233124,1
131474,1
101306,1
126062,1
164150,1
103999,1
715,0
83548,1
128109,1
176199,0
71234,1
62478,1
135692,1
59908,1
257696,1
82303,0
100279,1
162345,1
185972,1
34262,0
195274,1
226357,1
264843,1
211971,1
101051,1
189719,1
250672,1
251379,1
82507,1
260308,1
17912,0
6669,1
2835,0
91656,0
219285,1
52592,1
70367,1
223249,0
188838,1
54397,0
52540,1
62797,0
214881,1
1410,0
116990,1
221881,1
109684,1
218539,1
100235,1
161404,1
26788,1
179402,1
102829,1
170366,0
37965,1
214790,1
61747,1
173687,1
234451,0
2697,0
227847,1
192934,1
176927,0
164443,1
148547,0
66049,1
257658,0
79707,1
262608,0
238712,0
166896,1
134033,0
128827,1
202281,0
133261,1
147676,1
74768,1
129142,1
154659,1
214808,1
58764,1
126253,1
107161,1
228170,1
231171,0
239984,1
167257,1
175267,1
136458,0
149511,1
14277,1
113175,1
101977,0
247950,1
36856,1
160491,0
33201,1
108426,1
224433,0
198460,1
96858,1
221852,1
257988,1
16115,0
64561,1
27869,1
243003,1
72906,1
143082,1
237231,1
20525,1
233084,1
21919,1
181927,0
52246,1
12546,0
211434,1
119152,1
224492,1
214363,1
41121,1
30509,1
6960,1
178397,1
72663,1
175342,1
202649,1
75221,1
109552,1
136333,1
211874,0
118836,1
148436,1
168426,1
89780,0
145151,1
89958,1
50200,1
84577,1
94415,1
178708,1
150861,1
19467,1
201505,0
219300,1
152332,1
129165,0
66685,1
133621,1
162628,1
194080,1
8809,1
174430,1
120708,1
198019,1
92414,1
63004,1
222099,1
16629,1
152010,1
92106,1
56790,1
128683,1
196954,0
149558,1
253174,0
152682,1
248379,1
32295,1
27051,1
226601,1
128636,0
131633,1
81737,1
60701,1
23503,0
189748,1
33318,1
116331,1
214044,1
126144,1
93484,1
149833,1
76649,1
172832,1
251012,1
3746,0
115831,1
90634,1
199975,1
169867,0
93907,1
146657,0
47886,1
67688,1
28275,1
253464,1
226804,1
101353,1
35429,1
254465,1
82006,1
65875,1
135014,1
51105,1
91405,1
49494,1
29662,1
95035,1
225976,1
45777,1
263991,1
131672,1
12710,0
2278,1
81772,1
264310,0
239475,1
41807,1
83301,1
189988,1
27278,0
223891,1
129768,1
9590,1
30124,0
148729,0
9256,1
67219,0
187439,1
98508,1
245667,1
79462,1
146995,1
264333,0
159093,1
163498,1
36634,1
35057,1
190782,1
218859,0
182307,1
263578,0
179877,1
240707,1
81269,1
145984,1
3088,0
12366,0
56068,1
179866,0
120045,1
76312,1
122316,1
199094,1
2344,0
20201,1
93393,1
142580,0
197093,1
45076,1
102554,1
122933,1
55820,1
155799,0
130095,1
262417,0
150111,1
162856,1
129434,1
210270,0
181583,1
219878,1
148618,0
247424,0
193071,1
177121,1
29096,1
18484,1
71157,1
161980,1
89800,1
154885,1
62560,1
78709,1
264615,0
31074,1
182420,1
171006,1
240418,1
142964,1
231419,1
58168,0
143007,1
188261,1
39821,1
128301,1
134168,1
218092,0
204304,1
121791,1
260868,0
165696,1
85829,1
88283,1
203766,1
33251,1
43954,0
120484,1
246415,0
197857,1
32066,1
57135,1
232501,1
16595,1
207747,1
228145,1
225205,1
36082,1
147386,0
144316,1
260816,0
83591,1
196891,1
225667,1
107586,1
126256,1
229883,1
15475,0
111275,1
109550,1
255638,1
16159,0
151644,1
36427,1
11717,0
47263,1
30922,1
77094,1
87720,1
205321,1
205864,1
126347,1
6535,1
131678,1
139365,1
91471,0
145388,1
94699,1
75796,1
236154,1
1688,1
126605,1
19870,1
157402,1
130692,0
248539,1
103983,1
54910,1
208455,1
206386,1
55733,1
252978,0
103678,1
46165,0
255213,1
19541,0
46506,0
156436,1
150601,1
103568,1
10864,1
58896,1
67687,0
4749,0
247929,1
147898,1
263846,0
190311,1
89817,1
184372,1
122996,1
181585,0
262965,1
66254,1
228267,1
29570,1
110572,1
176732,0
242862,1
252653,1
210944,1
166881,1
24038,1
81646,1
237124,1
98376,1
168869,1
123921,1
37113,1
209469,1
235936,1
214568,1
46438,0
75102,1
141003,1
70250,1
257360,1
157877,1
4650,1
147421,1
52958,1
238413,1
110291,1
57178,1
191678,1
202380,1
207917,1
2241,1
20407,1
66265,1
210217,1
55159,1
69757,0
247297,1
22491,1
107593,1
24821,1
96714,1
161845,1
171515,1
218027,1
67649,1
162264,1
177327,1
8986,1
88714,1
133585,1
249625,0
12,1
198671,1
168163,1
152821,0
108991,1
70812,0
127674,1
54513,1
125691,1
174394,1
52343,1
60785,1
162879,1
137136,1
227184,0
23402,1
155875,1
160273,1
188024,1
158198,0
153694,1
15686,1
107186,1
51629,1
147138,1
204648,0
253458,0
231961,1
70065,1
207060,1
124528,0
158805,0
187296,1
55747,1
210558,0
51126,1
123042,0
85670,1
156275,1
35568,1
92092,1
239702,1
5370,1
246470,0
122977,0
149115,1
100185,1
202843,1
119761,1
109081,1
232538,1
34679,1
130655,1
145986,1
100175,0
180124,1
4849,0
173357,1
39038,0
242043,1
238777,1
144337,0
48730,1
221362,1
190969,1
611,0
197535,1
54923,1
147777,1
252829,1
165944,1
13065,1
46367,1
188675,1
203551,1
235072,1
140952,1
55677,1
234569,0
14223,1
243050,1
181855,1
47516,1
17188,1
190040,1
110721,0
255176,1
255478,0
138592,1
95092,1
209164,1
96615,1
143567,0
70418,1
125560,1
14647,1
46587,1
198464,1
80195,0
12380,1
40191,1
26417,1
153834,1
251586,1
164289,0
92490,1
264508,1
41,1
80264,0
249471,1
52687,1
192026,0
45203,1
2563,0
123682,1
252228,0
103778,1
120934,1
153242,1
186906,1
158425,1
148374,0
48021,1
260194,0
101152,1
205950,0
253831,1
159020,1
163313,1
49968,1
207322,1
184123,1
70495,1
129621,0
263258,0
22995,0
78781,0
55020,0
205644,1
211267,1
152492,1
203256,1
3620,1
177573,1
230951,1
19618,1
33055,1
137229,0
85073,1
266325,0
107523,1
26177,1
161345,1
73527,1
253156,0
256709,0
204498,1
39926,1
80149,1
119937,1
229452,1
218391,1
103273,1
37516,1
7818,1
61480,1
8652,1
157551,1
119839,0
185192,1
58348,0
27972,1
244804,1
259000,0
137626,1
67351,1
190608,0
106614,1
180148,1
66328,1
95070,1
21590,0
32030,1
56976,1
75193,1
53860,1
91824,0
139376,1
252726,1
121661,1
231901,1
7302,1
185206,1
54691,0
217733,1
162209,1
255810,1
198266,1
28903,1
123623,0
23183,0
226735,1
187007,0
27607,1
57655,0
230414,1
189207,1
141245,1
8495,1
264404,0
85750,1
139052,1
203855,1
41515,1
183102,1
138647,1
217173,1
197735,1
115869,1
6670,0
245602,1
22834,1
226444,1
146871,1
83035,0
29636,1
221722,0
81157,1
20072,0
214458,1
133631,1
54068,1
158114,0
184384,1
220895,1
58408,1
107757,1
122726,1
266359,0
54897,1
127861,1
266021,1
249915,1
192097,1
165113,1
146448,1
119685,1
53120,1
203756,1
201243,0
172039,1
204373,0
206897,1
120839,1
172617,0
237596,0
82426,1
84745,1
43354,1
86656,1
228755,0
2045,0
93437,1
179960,1
143724,1
263298,0
14394,1
18854,1
200511,1
264624,1
261010,1
97450,0
207492,1
42472,1
89372,1
161903,1
39977,0
171553,1
115808,1
160529,1
1919,1
245296,0
80041,1
28404,1
261496,1
80994,1
171122,1
195516,1
120280,1
171115,1
181525,1
117188,1
2515,0
224391,1
156997,1
137881,1
27206,1
46571,1
245753,1
86148,1
159752,1
264606,1
37658,1
31992,0
177958,1
11019,1
150521,1
156958,0
82771,1
131349,0
158165,0
32399,1
89257,0
139370,0
48542,1
192341,1
34583,0
160149,1
43407,1
46207,1
122788,1
119539,1
216812,1
39921,0
1989,0
184704,1
173697,1
234027,1
258518,1
67749,0
69219,1
224810,1
240361,1
237426,1
242060,0
175093,1
27969,0
12107,1
66646,1
101086,1
203964,1
232457,1
131379,1
36071,1
180869,1
154442,1
50459,1
29428,1
207289,1
163612,0
186165,1
90555,1
251440,1
54620,1
230276,1
22879,1
96915,1
166075,0
138609,1
166489,1
223073,1
177244,1
161942,1
177362,1
244221,1
49907,1
73722,1
252213,1
73818,1
48507,1
51424,1
179088,1
158847,1
209471,1
63283,1
35515,1
14365,0
191667,0
136646,0
1320,1
228086,1
13266,1
262845,0
42410,1
162342,1
190620,0
123774,0
213404,1
136804,1
136894,1
13847,0
205040,0
6860,0
164458,1
26457,1
20843,1
217192,1
202703,1
43123,1
109522,1
16526,1
212133,1
125073,1
229327,1
76206,1
132610,0
5904,1
101648,1
11027,0
237766,1
264040,1
71279,1
21011,0
129674,1
45496,1
256710,1
180786,0
46148,0
251465,1
127105,1
91327,0
24654,1
184915,0
232842,1
8644,1
84894,1
220273,1
79508,1
43739,0
26949,1
50139,0
190939,1
264083,1
246336,0
171597,0
173693,1
103781,1
246309,1
109762,0
210249,1
217380,0
151078,1
242301,1
208918,1
35637,1
121754,1
28919,1
187196,1
173884,1
78772,1
19764,1
120803,1
95975,1
56283,1
127679,1
241971,0
209851,1
93219,1
176292,1
135988,1
253987,1
184076,1
111192,1
38218,1
253954,1
27678,1
262063,1
229175,1
26101,0
125981,1
154186,1
34911,1
93156,1
4240,1
64292,1
76877,1
81088,1
109666,1
264736,0
128687,1
76304,1
28737,0
51344,1
80158,0
19155,0
252764,1
78881,1
135381,1
20334,1
12436,1
16411,0
226855,1
266280,1
44636,1
257085,1
31820,1
138601,1
149549,1
59122,0
131179,0
149507,1
184396,0
247696,0
56059,0
70939,1
190823,1
66612,1
192536,0
95149,1
173857,1
51363,0
259343,1
216156,1
173778,1
179186,1
87778,1
129062,1
136048,1
222034,1
256970,1
232893,1
222790,0
77857,1
258572,1
114164,1
168186,1
164065,1
199157,0
157828,1
202493,1
97692,1
131367,0
86214,1
29149,0
245004,0
146387,1
196689,1
42936,0
204477,1
83032,1
119567,1
174524,1
188332,1
9912,1
237640,1
177975,1
246738,0
11335,1
88644,1
81838,0
43447,1
207594,1
243320,1
51516,1
79852,0
18471,1
34873,0
44964,1
82087,1
25987,1
157620,1
129013,1
92967,1
143308,1
192896,1
50944,1
43820,1
135896,1
186076,0
107208,1
120062,0
114531,1
131107,1
45607,1
190351,1
129169,1
97079,1
256126,1
120538,1
90073,0
219952,1
4767,0
101247,1
10502,0
251834,1
165005,0
111134,1
98141,1
123470,1
26661,1
63677,1
113216,0
16754,0
172781,1
2669,0
134407,1
266424,0
115655,0
28409,1
205456,1
111409,1
151348,1
32933,1
102671,1
220910,1
148981,1
195600,1
88590,0
244014,1
143313,1
167065,1
133745,1
61701,1
83253,1
22994,1
96940,1
27785,1
211795,0
187820,1
225069,0
198646,1
112657,0
133699,1
235559,1
209198,0
224434,1
100794,1
132229,1
90931,1
201690,1
111855,1
33436,1
43437,1
172152,1
188466,1
230007,1
227033,1
70684,1
266525,0
120609,1
153034,1
92563,1
171523,1
102750,1
194749,1
7407,1
63724,1
104405,1
254919,0
124453,1
109038,1
261584,0
147737,0
58539,1
25217,1
85605,1
42810,1
65742,1
239315,1
102124,1
172943,1
87110,1
234073,1
231902,1
153390,0
156089,1
51188,1
241569,0
119237,0
18438,1
151154,1
190160,1
149101,1
72860,1
266630,1
15030,1
20457,0
228118,1
154227,1
208104,1
84620,1
234375,0
205317,1
218895,1
205400,1
110180,1
105773,1
10626,1
130518,1
10908,1
151943,1
189381,1
146678,1
247436,0
253734,1
6653,1
169510,1
237390,1
143407,1
210539,1
60716,0
40725,1
69154,0
6412,1
79381,1
240535,0
118724,1
204262,1
150544,1
159487,0
260371,1
258427,0
150315,0
155034,1
241094,1
248448,1
162950,1
168912,0
197150,0
45699,1
210909,1
177324,0
77500,1
114958,1
221157,1
231115,1
93854,1
113743,1
84699,1
213446,1
66212,1
207109,0
133593,1
255404,1
224032,1
5325,0
63811,1
201550,1
52641,1
2087,0
37638,0
258944,1
54891,1
15048,1
111722,1
36554,1
463,1
118612,1
26437,1
261396,0
122412,1
164990,1
174145,0
193197,1
62880,1
200373,1
242220,1
177992,1
33299,1
41852,1
222976,1
172940,1
26311,1
138116,1
143929,1
195906,0
141086,0
246533,1
170068,1
84897,1
243595,1
137227,0
33882,1
76058,0
161866,1
97193,1
173447,1
99342,1
152568,1
86653,1
201165,1
220832,1
223201,0
257557,1
34418,1
42795,1
31744,1
53899,0
26182,1
190983,1
38333,1
27431,1
265358,0
127965,0
188289,1
188483,0
159682,1
229603,1
142498,1
102038,1
152072,0
38636,1
254136,1
197787,1
255967,1
244537,0
244525,1
45848,1
115611,0
10081,0
57484,1
235157,1
234066,1
162066,1
83308,1
227900,1
156523,1
120694,1
168829,1
151680,1
256062,0
169412,1
16098,0
141973,1
133287,1
123280,1
233441,1
67543,1
55443,1
94729,0
27836,1
124830,0
143900,0
186246,1
163107,1
214516,1
214510,1
116988,1
199541,1
19630,1
237329,1
39579,1
191680,1
167163,1
72913,1
210018,1
127249,1
145644,1
172583,0
119508,1
224018,1
245615,1
44447,1
264914,1
28444,1
29706,1
36040,1
122761,1
150760,0
129034,1
217706,1
140430,1
65467,0
126687,1
257025,1
176099,1
244667,1
230056,0
93057,1
185950,1
214022,1
205806,1
208682,1
31131,1
190626,1
177132,1
159677,1
90312,0
214855,1
237549,0
191930,1
76676,0
505,1
17394,1
191069,1
52493,1
2465,1
123677,0
138953,1
188455,1
21021,1
142170,0
44651,1
173380,1
31940,1
1206,0
264712,1
9157,1
173385,1
102652,1
128879,1
84128,1
127104,1
201870,1
239967,1
176525,1
223564,0
33779,1
36174,1
142260,0
33656,1
96512,1
28965,1
156139,1
101293,1
172390,0
13226,0
243436,1
258400,1
155649,1
4210,0
202336,1
251820,0
27488,1
137920,1
150072,1
38073,0
37088,1
258932,0
21528,1
98454,1
124104,1
237592,1
86262,0
145466,1
259010,1
68692,1
216505,1
142768,1
7774,1
239391,0
150240,1
160841,1
226187,1
90417,1
149288,1
185689,1
224915,1
228406,1
35673,1
102102,1
167741,1
101832,1
178534,1
9702,0
87779,1
114739,1
10011,1
264259,0
231275,1
70186,1
246005,1
73032,1
45324,1
26823,1
232308,1
90692,1
158365,1
153443,0
151056,0
12754,0
146070,1
131481,1
21111,1
161221,1
246178,1
42676,1
8956,1
12187,1
203442,1
250539,0
54579,1
96477,1
198477,0
32316,0
151684,0
223516,0
243026,1
168725,0
37740,1
178176,0
188090,1
246018,1
200358,1
53598,1
65919,1
36448,1
185264,1
60487,1
18183,0
49579,1
46842,1
98290,0
124667,1
224724,0
228457,0
145184,1
34270,1
104650,1
162430,1
149621,1
239685,1
215499,1
248051,1
264753,1
133755,1
122254,1
177913,1
91462,1
135804,1
136685,1
132487,1
51216,1
87797,1
64606,1
10689,1
260740,1
236076,1
72025,0
127094,1
175221,1
61949,1
97483,1
108463,1
184794,1
226899,1
71406,1
50598,1
55574,1
70489,1
41135,1
200113,1
34432,1
265440,1
112573,1
91035,1
83207,1
156185,1
215242,1
200987,0
211363,1
204285,1
220085,0
107788,1
28130,0
17068,1
115485,1
155227,0
237039,1
218923,0
177216,0
135439,1
250134,1
1868,1
208816,1
237832,0
57394,1
4818,1
228161,1
36441,1
169446,1
52774,1
21439,1
33143,1
247495,1
85932,1
169117,1
98523,1
31982,1
151517,1
21404,1
166152,1
260056,1
1859,1
22049,0
253087,0
227968,0
63507,0
91869,1
214236,1
42668,1
16366,1
226950,1
153428,1
190928,1
142352,1
148746,1
5217,0
133095,1
117010,0
203709,1
245519,1
99816,1
149919,1
227653,1
58636,1
26798,0
160492,1
210394,1
77079,1
1568,1
227024,1
88821,1
36542,0
253016,1
31211,1
81344,1
71671,1
28349,1
13495,0
124500,1
215146,1
108031,1
255,0
47954,1
23594,1
107714,1
139353,1
111813,0
215125,1
245734,1
190064,1
199752,1
43906,1
118147,1
32544,1
198216,1
136207,1
253890,0
90027,1
66976,1
157394,1
67876,1
34326,1
115423,1
144681,1
156393,1
189316,0
191358,1
66601,1
130052,1
178493,1
256219,0
137420,0
224071,1
136148,1
247423,0
195599,0
218127,1
147324,1
225165,1
163167,1
117269,1
115847,1
217996,1
33002,1
32421,1
221649,1
204561,1
51393,1
45693,1
142367,1
75056,1
258584,1
146254,0
140582,1
142190,1
146239,0
160518,1
258137,0
29722,1
140901,1
171071,1
232360,1
74811,1
97807,1
95267,1
206597,1
159873,0
88340,1
143569,1
48470,1
102386,1
74091,0
192705,1
28646,1
154883,0
120295,1
47100,1
23935,1
25399,0
255098,1
187655,0
255836,1
42886,1
223295,1
147582,1
6407,0
119577,0
265726,1
105713,0
2976,0
244436,1
139014,1
33317,1
126172,1
119657,1
86116,1
103969,1
172971,1
104590,0
193142,1
93043,1
164209,1
195188,1
10719,0
121307,1
264340,1
93367,1
14448,1
203558,1
246683,1
21791,1
101725,1
139519,0
17379,1
110408,1
220898,1
132875,1
97668,0
160616,1
69557,1
105966,1
250659,1
261932,1
123304,1
168552,1
233365,1
224098,1
39462,0
66034,1
231506,1
132283,1
160065,1
181903,1
92228,1
10589,1
92136,1
5841,1
259248,0
227384,0
135779,1
10205,1
66162,1
171915,1
70761,1
108441,1
216321,1
237241,1
186631,1
255968,1
219172,1
91182,1
157033,1
244997,0
114333,1
134761,1
41219,1
154371,1
95561,1
6617,1
29292,1
118525,0
153672,1
88193,1
170854,0
132339,1
37641,1
38059,1
29820,1
215319,1
216623,1
160312,1
35596,1
83830,1
144695,0
161167,1
139055,1
93722,1
23475,1
131520,1
187778,1
90472,0
257959,1
156044,1
129076,1
70101,1
24272,1
127137,1
56401,1
245115,1
97050,1
49062,1
28569,0
223321,0
106684,1
44455,1
81649,1
191399,0
17954,0
26454,1
127932,1
179982,1
43628,1
230823,1
122912,1
153011,1
254795,1
142202,1
196707,1
187127,1
88750,1
117375,1
187005,1
175723,1
119630,1
232980,1
120163,0
55830,1
211279,1
46035,1
234916,1
141317,1
58015,1
172144,1
25645,1
148128,0
27579,1
160012,0
164127,1
156661,1
63281,1
217673,1
210915,1
55428,1
86895,1
169974,1
32901,1
74289,0
21574,0
158663,1
182092,1
95519,1
12976,1
249450,1
152287,1
120654,1
63308,1
76754,1
189373,0
159048,1
229856,1
246568,1
148179,1
32502,1
82102,1
266384,1
203048,0
68946,1
226397,1
72975,1
190835,1
78519,1
218565,1
242298,1
223335,1
134567,1
85654,1
197946,1
145998,1
154507,0
151594,1
112857,1
231524,1
1029,1
234077,1
136737,1
55402,1
157400,1
261161,1
214832,1
91519,1
136084,0
133742,1
172551,1
205836,1
217347,1
75674,1
150066,1
83516,0
230176,1
31078,0
155636,1
244043,1
210350,1
14449,1
155740,0
224742,1
148463,1
68730,0
107481,1
259951,1
114736,1
251254,0
11453,1
112023,1
108423,1
75176,1
74008,1
61877,1
241603,1
224694,1
59179,1
14334,1
116501,0
161662,1
75306,1
80290,1
109611,0
8946,1
42965,1
61613,1
80570,1
160484,1
137208,1
109820,1
147388,1
67964,1
59630,1
17951,0
213389,1
30169,1
13034,1
248905,0
195403,1
199970,1
82712,1
235036,1
53101,1
62774,1
213729,1
219252,1
79875,1
73565,1
259821,1
229747,1
1219,1
49631,1
225980,0
134508,1
261505,0
29532,1
264758,0
154410,1
167764,1
218736,1
230444,1
44639,1
66350,0
58242,1
22071,1
231049,1
156625,1
172432,1
99981,1
30134,1
68878,1
35292,1
89176,1
233745,0
225021,0
154765,1
203969,1
46378,1
118580,1
46888,1
113734,0
220723,1
46692,0
164686,1
121390,1
38872,1
15787,1
210316,1
52642,0
97253,1
208135,1
203888,1
169196,1
103586,0
265005,1
73170,1
19606,1
85735,1
114560,1
176129,1
127056,1
154145,1
215635,1
240577,0
119996,1
65462,1
166627,0
174967,1
158326,1
43733,1
21498,1
207062,1
45575,1
265948,0
227679,1
211307,0
88125,1
25120,0
254148,1
137972,0
159833,0
47702,1
69608,0
233738,1
20385,1
38738,1
91787,1
105531,1
223288,0
69204,1
120986,1
116553,1
103,1
261619,0
234196,1
10483,0
60074,1
64328,1
184902,1
158346,1
198383,1
98366,1
115198,0
66053,1
132308,1
193986,1
76170,1
163745,1
237847,1
55766,1
95661,1
199382,1
94872,1
192210,1
195117,1
123605,1
49068,1
212191,1
255701,1
2946,1
211255,1
101910,1
38987,1
180845,1
265844,1
36190,1
30658,1
158701,1
119078,1
256640,1
61072,1
112280,1
161746,1
115960,1
172295,1
208728,1
244470,1
232798,1
157959,1
128479,1
61783,0
213652,1
102150,1
47626,0
69709,1
59109,1
2894,0
142716,1
227090,1
27283,1
256924,1
178776,1
139681,1
78586,1
81169,0
200517,1
53681,1
208929,1
180041,0
236098,1
70454,1
26486,0
172153,0
151187,1
198038,0
92922,1
145992,1
58031,1
213082,0
19725,1
48395,1
88727,1
10961,1
174867,1
223268,1
172523,1
26107,1
138694,1
96650,0
57498,1
84503,1
135966,1
68271,1
202547,1
113227,1
194173,1
124743,0
192875,0
175837,1
113235,0
107231,1
242659,0
174974,1
71440,1
188475,1
29483,1
94708,1
112164,1
67214,1
94124,1
28861,1
108994,1
196833,1
123873,1
37754,1
169027,1
124362,1
8494,0
119265,1
108911,1
221914,1
4596,0
10426,0
1460,0
20856,1
240405,1
206340,1
148852,1
60158,1
173250,1
205327,1
184411,0
98154,0
219275,1
117410,1
151766,1
81141,1
159017,1
246010,1
7394,1
84237,1
10944,0
170612,1
132264,1
129536,0
154530,1
229697,1
258056,0
156946,1
260051,1
91979,1
185644,0
178994,1
259732,1
13920,1
114557,1
78513,1
111314,0
87977,1
182890,1
46267,0
4830,1
93254,1
144135,1
217428,0
243734,1
13288,1
66991,1
113772,1
257034,1
218526,1
29115,1
79223,0
90268,1
19548,1
130364,1
240084,1
238536,1
224565,1
73472,1
235510,1
188417,1
116413,1
134839,1
232283,1
109215,1
56760,1
209944,1
244027,1
168508,1
100097,1
49190,1
149531,0
204817,1
195386,1
10425,1
257352,1
74663,1
139587,0
119460,1
101552,1
227624,1
65712,1
82678,0
47466,1
239516,1
193066,1
133590,0
218820,1
72297,1
228551,1
104109,1
221494,0
166602,0
172594,1
140160,0
186410,1
205960,1
84494,0
57290,1
177532,1
102605,1
63888,1
168160,1
9490,1
167244,1
26541,1
167915,1
134184,1
20149,1
74918,0
237488,1
23429,0
146305,1
22487,1
68150,1
129126,1
224074,0
258809,1
10434,0
209902,1
216544,0
172956,1
149528,1
20691,1
153839,1
175596,1
171941,1
265379,1
166728,0
26423,0
74922,1
206136,1
13171,0
249992,1
200566,1
145387,1
145704,0
49461,1
119498,1
75059,1
262415,1
201701,1
46567,1
82095,1
119681,1
45074,0
192178,1
78063,1
32270,1
182614,1
123935,1
222862,1
57657,1
12180,1
261734,1
63293,1
211603,0
225809,0
117088,1
83420,1
211984,0
148475,1
166543,1
716,0
18329,1
262885,1
248216,1
97110,1
143829,1
149130,1
60155,1
75932,1
168292,1
140475,0
102943,1
217613,1
188642,0
171279,1
59336,1
102676,1
29753,1
42288,0
39569,1
95368,1
152503,1
138461,1
111082,0
151366,1
34325,1
218289,1
9321,0
224212,1
231478,1
255521,1
264277,1
148308,1
14313,0
178585,1
118397,1
120868,1
54420,1
138926,0
127968,1
95345,0
13863,0
132743,1
107230,1
29620,1
96362,1
60599,1
136029,1
208559,1
233236,0
248305,0
64224,1
164155,0
151398,1
3985,0
141941,1
72955,0
60122,1
47517,1
53804,1
76159,1
202284,1
94766,1
241454,1
60611,1
19660,0
75328,1
22968,1
188266,1
170734,0
90919,0
214359,1
181571,1
12595,1
236183,1
116102,1
262052,1
36089,1
117796,1
105907,1
23574,0
221869,1
257743,1
18816,1
164795,1
216409,1
73967,1
26396,1
250788,1
265894,1
50111,1
4313,1
55213,0
191156,1
45106,1
230063,0
5946,1
59508,1
256205,0
170062,1
188883,1
80758,1
64640,1
57006,1
250565,1
170166,0
29134,1
82919,1
21214,1
198956,1
215170,1
128473,0
164487,1
85296,1
3394,1
185463,1
59547,1
195923,1
203060,0
214498,1
211706,0
180664,1
249438,1
82756,0
122930,1
176202,1
209430,1
248409,0
36401,1
150482,1
35076,1
45756,1
44643,1
153186,1
194786,0
85974,1
222648,1
38506,1
76288,1
85244,1
59011,1
251324,1
227275,0
192404,1
152894,1
212473,1
33112,1
65820,1
31180,1
2228,1
217365,1
257784,0
108693,1
21767,1
37690,1
35956,1
131839,1
145099,1
120721,0
226732,1
30743,1
48526,1
18764,1
202546,1
158875,1
50109,1
227772,1
25949,0
203776,1
100241,1
120674,1
251025,1
213498,1
56260,1
109172,1
127690,1
180653,0
173934,0
154477,1
16857,0
28818,1
151952,1
165664,1
226511,1
62186,1
43930,1
196333,1
46280,1
153499,1
85088,1
139017,1
217725,1
6895,0
149466,1
152721,1
111023,1
203168,1
13554,0
224316,1
226958,0
103666,1
1494,1
202821,1
125116,1
140033,1
33441,1
32860,1
228766,1
161772,1
32524,1
256950,1
65660,1
136082,0
109133,0
20686,1
575,0
227218,1
110359,1
178900,1
223990,1
131414,0
236603,1
162169,1
266335,0
162070,0
97992,0
112515,1
65569,1
165591,1
255139,0
75769,1
125090,0
179087,1
231812,1
10857,0
127339,1
48965,1
124506,1
66106,1
185067,0
194735,1
260978,0
178898,1
28061,1
225792,1
125533,1
112392,1
133525,1
215256,1
58755,1
237342,0
91851,0
115083,1
108988,1
183898,0
58008,1
160498,1
161403,1
81449,1
82554,1
36551,1
62093,1
206327,1
18926,0
242274,0
90712,1
181849,1
111069,1
131121,1
46311,1
222354,1
208360,0
80295,1
117941,1
252997,1
62506,1
263034,1
116101,1
129056,1
17030,1
212403,1
96676,1
143666,1
123447,0
84328,1
187792,0
156456,1
111709,1
158361,1
107877,1
151655,1
237818,1
12490,1
223555,1
257248,1
113208,1
248836,1
135937,0
41389,0
41290,1
136116,1
33362,0
260047,1
42709,1
140481,1
140615,0
127801,1
128658,1
191664,1
124607,1
258252,1
166026,1
58643,0
225039,1
255972,1
207256,1
49173,1
230182,0
253594,1
84220,1
35819,1
100576,1
234869,1
155418,1
63840,1
242889,1
37692,1
83488,1
34102,1
104694,1
34134,1
145952,0
205067,0
91754,1
212449,1
87893,1
237942,1
18502,1
175970,1
202599,0
217266,1
258973,1
8039,1
242520,1
24529,1
60240,0
210673,1
42042,1
50755,1
56149,1
99331,1
149263,1
72963,0
245914,1
16187,1
262230,0
79073,1
214747,1
77053,1
8715,1
6042,1
67809,0
55462,1
142030,0
242890,1
177365,1
138176,1
217875,1
186469,1
197522,1
234747,1
213733,0
77616,1
239389,1
73459,1
79323,1
134718,0
67090,1
87054,1
39268,1
24819,0
85539,1
68530,1
84395,1
53564,1
31646,1
233088,1
45548,1
144993,0
177536,1
47255,1
151304,1
188811,1
110199,1
166916,1
112600,1
45145,0
78157,1
44016,1
113442,1
154228,1
13022,1
223160,1
213545,1
175292,1
202442,1
107366,1
71363,1
58145,0
149821,1
80130,1
205335,1
252834,1
101469,1
251537,0
227302,1
178813,1
81879,1
221568,1
9053,0
46818,1
127211,1
22748,0
134202,1
152248,1
168492,0
45791,1
33193,1
106382,1
107218,1
23137,1
94215,1
67168,1
158660,1
223968,0
255637,1
181143,1
210264,1
257224,0
137503,1
100298,1
262801,1
258760,0
176232,0
162959,1
232467,1
63629,1
35326,1
120663,1
107419,1
87109,1
85592,1
76492,1
34645,1
161781,1
4378,0
165926,1
120236,0
54396,0
244516,0
90142,1
47642,1
112265,1
239831,1
219014,1
233461,1
100258,1
85896,1
183620,1
11824,1
133212,1
141667,1
96290,0
180549,0
94297,1
191385,1
87488,1
138226,0
144675,1
222942,1
226299,1
111883,1
125195,1
12578,1
53083,1
13756,0
47955,1
45187,1
210886,1
57738,0
175328,1
226347,1
14006,1
235319,1
113954,0
171268,1
68085,1
240479,0
119217,0
37452,1
67247,1
187699,1
27745,0
119107,1
209156,1
192032,1
110861,1
40094,1
21032,1
240463,1
192921,1
76222,1
64320,1
171590,1
92108,0
129233,0
120668,1
50780,1
110214,1
60557,1
179944,1
104197,1
103622,0
236504,1
105666,1
101895,1
38338,1
13569,1
155898,1
174658,1
48201,1
175360,1
34023,1
228562,1
147169,0
89540,1
119486,1
157738,1
143818,1
255560,1
126096,0
133184,1
187479,0
168774,1
145586,1
174857,1
254552,1
185828,1
53973,1
107453,1
153737,1
224823,1
144596,1
157630,1
175369,1
196273,1
187293,0
38322,1
25178,1
77744,1
200773,1
84441,1
230643,1
217084,0
32309,1
217533,1
230763,1
171326,1
75282,1
23176,1
177128,0
228924,1
214806,0
129253,1
232990,1
253697,1
51780,1
11086,1
199020,0
24913,1
258052,0
142850,1
214624,1
121935,1
68777,0
14000,1
26112,1
197989,1
248007,1
169890,1
54496,1
128721,1
62411,1
150480,0
158207,0
259356,1
83712,1
53468,0
153941,1
203699,0
232631,1
30890,1
28583,1
53158,1
85649,1
128928,1
231158,0
88992,1
252883,1
111302,1
153030,1
65378,1
66622,1
6758,0
45431,1
45804,0
44388,1
177748,0
178295,1
228732,1
249836,0
155968,1
88244,1
164693,0
133272,1
79120,0
22218,0
7287,1
133472,0
232333,1
59863,1
199278,0
256174,1
244105,1
79739,1
101296,1
224505,1
27487,1
150777,1
38152,1
238308,1
70326,1
187271,1
229084,1
18927,0
186417,1
21654,1
62203,1
207477,0
60084,1
209049,1
160126,1
53957,1
157213,1
147445,1
106360,1
185549,1
66805,1
130207,1
98174,1
161363,1
105556,0
168092,1
31533,1
106308,0
225577,1
209309,1
243680,1
175818,1
4564,1
78776,0
20779,1
40675,1
20642,1
247836,1
148690,0
85597,1
198697,1
97496,1
259779,1
44508,1
38948,1
196768,1
180065,1
209555,1
49923,1
178777,1
121294,1
257725,0
4691,0
24863,1
146221,1
187673,0
8862,0
109644,1
235403,1
250720,0
165201,1
110348,1
238627,1
40947,1
118516,0
252990,1
92443,1
195265,1
135444,1
52546,1
153266,0
157542,1
152694,1
2331,0
44083,1
77902,0
17020,0
57917,1
196226,0
176590,1
2012,1
58464,1
44792,1
81584,1
105342,0
52537,1
42321,1
229920,1
63753,1
97499,0
98966,1
190861,1
213732,0
179842,1
251759,1
96535,1
148742,0
110366,0
158135,0
65162,0
18766,1
221756,1
102891,1
18186,0
247969,0
48545,1
43416,1
195071,1
192667,1
190682,1
98752,1
23447,1
51382,0
28378,1
9486,1
220328,0
114140,0
108241,0
190964,1
230374,0
111836,1
44268,0
46542,0
223550,1
52003,1
254363,0
49037,0
83040,0
1246,1
63538,1
258451,1
227857,0
216494,0
75351,1
31592,0
79422,0
206311,0
5985,0
154262,1
150707,0
263603,1
67121,1
250418,1
160630,1
208803,1
128655,0
5175,0
265360,0
184412,1
172566,1
90569,1
55681,1
184985,1
33877,1
87235,1
99189,1
152132,0
250218,1
184099,1
96526,1
177285,0
105070,1
135807,1
104690,1
129268,0
51451,0
137302,1
213397,1
71017,1
225125,0
240613,1
226303,1
193606,1
95208,1
71034,1
147477,0
65121,1
117831,1
94480,1
220821,0
68876,1
260127,1
178388,1
112435,1
2161,0
113423,1
35993,1
213006,1
24850,1
185607,1
206451,0
35972,1
34492,1
112375,1
106249,1
83177,0
219287,1
18702,1
87269,0
34842,1
151988,0
104776,1
95704,1
139712,1
11901,1
200993,1
54043,1
138231,1
135771,1
197223,1
123361,1
95544,1
2702,0
235434,1
263068,1
73181,0
135532,1
161566,1
52781,1
134833,1
203303,1
236953,1
126739,0
99387,1
258713,0
95521,1
130308,1
44733,1
195121,1
975,1
223186,0
200256,1
126667,1
240174,1
42371,1
235657,1
162877,1
22125,1
266479,1
261506,1
238653,0
68681,0
191642,1
135585,1
57451,1
221941,0
212228,1
227179,1
264479,1
54718,1
37077,1
43690,1
135,0
83093,1
7540,1
209476,1
124086,1
81254,1
26546,1
196997,1
184380,0
170975,1
4068,0
239874,1
35088,1
162166,1
211129,1
255356,0
199621,1
227396,1
129580,1
252249,1
153160,1
220966,1
158500,1
46740,0
264316,1
266507,0
25682,1
235169,1
26077,1
265805,1
74585,1
109179,1
198326,1
58396,0
87822,1
55431,1
131559,0
193022,0
72742,1
238666,1
161974,0
60366,1
147170,1
261411,1
100967,1
32575,1
82466,0
206099,0
265646,0
76476,1
4791,1
12720,0
132514,1
175699,1
241560,1
10152,0
259687,1
72487,1
221398,0
76120,0
73870,1
198705,1
264970,0
52278,1
151972,1
163409,1
34344,1
125310,0
188512,1
226724,1
29950,1
181893,0
212513,1
133524,1
110571,1
133187,1
138409,1
107129,1
232588,0
184135,1
215672,0
197680,1
125406,1
88726,1
202919,1
694,1
253703,1
210822,1
1161,1
129949,1
186406,1
162341,1
184815,0
232591,1
185367,1
194717,0
83991,1
10553,0
176056,1
29033,1
58454,1
159430,1
156563,1
132092,1
50420,1
123519,1
208002,0
210768,1
212712,1
50945,1
141783,0
237568,1
129773,1
11798,1
166992,0
176598,1
162753,1
64591,1
73668,1
89348,1
200264,1
217557,1
179216,1
232838,1
230012,1
40051,1
206385,0
45519,1
23865,0
232506,1
79789,1
167228,1
195223,1
185591,1
7965,1
122817,1
26069,1
201225,1
112016,0
32997,1
182621,1
131327,1
192432,1
198777,0
121700,1
232072,1
147313,1
211932,1
176362,1
228986,1
222294,1
259017,0
20282,1
124317,1
105295,1
39134,1
232736,1
68098,1
18657,1
117270,1
99119,1
214140,1
133986,0
15967,0
188313,1
198132,1
172167,0
217336,1
168266,1
39111,1
48673,0
108664,1
3519,1
69060,0
185042,0
76143,1
80606,0
260411,1
156365,0
33389,1
203851,1
209850,1
102193,1
184133,1
28285,1
166027,1
30231,1
264357,1
19756,1
91767,1
31585,1
255116,0
13947,1
186934,1
199207,0
18271,1
6807,1
75217,1
181638,1
241698,1
32569,1
98423,1
79645,1
144835,0
110108,1
63901,1
41819,1
94885,1
140678,1
217382,1
59980,1
156131,1
137163,1
121775,1
2254,1
46531,1
264360,1
154740,1
216911,1
8791,1
111653,1
234055,0
242260,0
159344,1
37475,1
189810,1
233371,0
183708,1
204871,1
44673,1
53326,1
146302,1
172671,1
148606,1
177878,1
45420,1
232057,0
976,1
139595,1
101249,1
206331,1
205389,1
207992,1
230947,1
185685,1
83469,1
47590,0
134994,1
85488,1
88189,0
34872,1
192242,1
77468,1
73732,1
30187,1
73241,0
156258,1
133067,1
166506,1
263232,1
63049,1
224902,1
67540,1
11530,1
165645,1
177035,1
221222,1
154289,0
63415,0
265053,0
149556,0
241551,0
4856,1
88599,1
15179,1
257345,1
217234,1
40331,1
37310,1
158154,0
34724,1
128307,1
193575,1
9796,0
132126,1
63113,0
256336,0
119676,1
5984,1
24193,1
216592,1
98642,1
67117,1
57997,0
56074,1
95708,1
131161,1
88195,1
235197,1
154286,1
105353,0
205911,0
176370,1
213339,1
86079,1
112528,0
147497,1
74536,0
187407,1
203344,1
15464,0
254508,1
220496,1
163847,1
99092,1
30241,0
120459,1
146342,0
211753,0
248322,1
51182,1
142500,1
259690,0
50854,0
203330,0
182165,0
216422,1
3783,1
83514,1
182498,1
63525,1
181522,1
1445,1
243117,1
230397,1
102658,1
220681,1
97502,1
251654,1
45193,1
188809,1
167839,0
156669,1
234679,1
70466,1
239059,1
31174,1
209598,0
199812,1
234923,1
202127,1
261047,1
200465,1
241182,1
53039,1
14844,1
29527,1
78879,1
120260,0
141462,1
144945,1
4330,1
150690,1
248435,0
23730,1
40581,1
75993,1
162520,1
180835,1
25689,0
174903,0
69762,1
199636,1
102504,0
174443,1
67147,1
127019,1
39521,1
152151,1
230867,1
205430,1
255036,1
64609,0
220840,1
183513,1
36113,1
211782,1
132436,0
140494,1
87116,1
141112,1
71524,1
219676,1
157381,0
82703,1
132218,1
231764,1
128238,0
89399,1
27791,1
244240,1
48117,1
141079,1
70511,1
33967,1
81289,1
156704,1
176563,1
188611,1
88828,1
123637,1
117538,1
37428,1
240072,1
46823,1
47686,1
22054,1
240689,1
200288,1
236586,1
131200,1
153101,1
135953,1
221950,0
22378,1
36884,1
78819,1
167851,0
55362,1
231239,1
239768,1
186548,1
4049,0
23305,1
224704,1
92191,1
168792,1
75772,1
14869,1
11927,0
125793,1
182378,1
181561,1
188793,1
160443,1
197796,1
17509,1
125679,0
185162,1
135923,1
21813,1
19708,1
148966,1
41078,1
232877,0
90805,1
221071,1
176016,0
152697,0
260309,0
75623,1
257157,1
247603,1
74286,1
104293,1
160080,1
121249,1
40768,1
222103,1
118287,1
186720,0
16870,0
131963,1
167411,1
225315,1
140098,1
146095,1
58873,1
171002,1
42585,1
31611,0
88270,1
211657,1
85846,1
127668,1
91007,1
72868,1
176313,0
109192,1
228172,1
48377,1
78753,0
83157,1
216512,1
199784,1
203288,1
168134,1
106064,1
135262,1
96054,1
204212,1
19909,1
175161,1
160783,1
132929,1
119747,1
190210,1
5698,0
108647,1
5717,0
76610,1
111923,0
259556,1
48084,0
239854,1
80782,1
191747,1
99530,1
137548,1
169451,1
110352,1
8721,0
144624,1
206536,0
60610,1
41049,1
139491,1
10643,1
226249,1
250719,0
244755,0
152562,1
99536,1
93743,1
109411,1
99304,1
216968,1
119750,1
46456,1
70982,1
144043,1
206901,1
185649,1
71054,1
147524,1
217223,1
135853,1
13024,1
229632,0
201863,1
126135,0
257768,0
130085,0
140070,1
97615,1
168075,1
105394,1
218345,0
122901,1
131103,1
169335,1
40299,1
121551,1
25019,1
246890,1
213546,1
37512,1
194105,1
260976,0
190978,1
38393,1
139336,1
143097,1
143264,1
139145,1
13959,0
128556,1
77253,0
48259,1
4648,0
253945,0
230257,0
245287,0
228001,1
114595,1
1966,1
31774,1
117468,1
65347,1
43078,1
171971,0
203765,1
22461,1
261914,1
193034,0
244998,1
184485,1
255790,1
99298,0
29727,1
250262,1
65781,1
87052,1
247689,0
195870,1
1413,0
140296,0
242725,1
220018,1
127036,0
239428,0
191319,1
88990,1
55911,1
150487,1
123551,1
176844,1
213585,1
205773,1
224471,1
148639,1
134685,1
218231,1
264527,1
220427,1
10673,1
48959,1
26961,1
258881,1
244613,0
89478,1
233823,1
223373,1
180877,1
164124,0
213018,1
107731,1
259637,0
54231,1
70080,0
235939,1
80054,1
28370,1
22531,1
30324,1
73282,1
204963,1
27130,1
232841,1
82131,1
149676,1
109020,1
106601,1
124187,1
231990,1
83006,1
12075,0
79515,0
75789,1
228044,1
29021,0
6217,0
241070,0
136122,1
138051,1
145943,1
18085,1
208352,1
179179,1
181075,1
226781,1
178829,1
138352,1
8568,1
209365,1
255518,1
154733,1
136490,0
260812,0
58971,1
131360,0
8292,1
164636,1
34336,1
6259,0
241837,1
121022,1
105486,1
131320,1
233618,1
101001,1
11144,0
46628,1
208520,1
150278,1
62338,1
169686,1
49358,1
244554,1
50526,1
252981,1
164386,1
37286,1
164897,1
140219,1
38988,1
254735,1
124421,1
78174,0
92451,1
264232,1
96819,1
166259,1
262652,1
43769,0
229801,0
184063,0
199336,1
101651,1
152455,1
145092,0
207730,1
67376,1
50525,1
506,0
56435,1
124777,0
24165,1
72222,0
86606,1
153256,1
68204,1
15002,0
190827,0
143315,1
44070,1
14519,1
143851,1
116324,1
263482,1
54999,1
202989,1
206199,1
80443,1
154854,1
141320,1
161219,0
117568,1
33466,1
220426,1
208195,1
85471,1
191259,1
60213,1
251041,1
117854,1
253183,0
226706,1
241119,1
109307,1
235458,1
175353,1
90441,1
186393,1
59441,0
13414,0
118902,1
18740,1
258493,1
182519,0
72054,1
29635,1
96700,1
165589,1
55635,1
220889,1
153810,1
46563,0
33360,1
208897,1
146310,1
62458,0
252445,0
186820,1
158541,1
11321,0
254819,1
138661,0
198695,1
204050,1
135635,1
85714,1
211582,1
16682,1
24906,1
58207,0
147819,0
107849,1
77512,0
129059,1
213493,1
56938,1
66088,1
167520,1
255357,1
91877,0
36220,1
148206,1
252996,0
144027,1
181396,0
190817,1
59165,1
126292,0
135080,1
37691,0
263484,1
70625,1
220064,1
39064,1
130756,1
32560,1
137967,0
8395,1
169134,0
148914,1
157319,1
101260,0
172844,1
217505,1
196625,1
26251,1
88150,1
23913,1
25572,1
222154,1
76762,1
45601,1
14753,1
193675,1
221877,1
254526,1
185995,1
16671,1
107398,1
185308,1
184529,1
155493,1
17831,1
177218,0
144100,1
75151,1
81358,1
142286,1
93767,1
238728,1
207002,1
195616,1
122486,1
232305,1
27377,1
181181,0
261838,1
132559,1
145871,1
227945,1
197476,1
198530,1
210354,1
107275,1
57818,1
5431,1
117649,1
93993,0
200632,0
258361,0
148868,1
185276,0
79804,1
88176,1
104402,1
218945,1
158312,0
54509,0
219388,1
86599,1
109627,0
183130,0
196113,1
190268,1
87969,1
157622,1
118549,1
49522,1
33325,1
187367,1
174887,1
53822,1
31566,1
259233,0
43964,1
222996,1
214723,1
153028,1
78043,1
132854,1
21410,1
12809,1
216124,1
109197,1
250015,1
255190,0
143963,1
244054,1
259743,1
214071,0
33076,1
81554,1
223080,1
67765,1
210911,1
245182,1
73748,0
177959,1
186247,1
128040,1
141100,0
112207,1
83672,1
121860,0
25570,1
12574,1
89318,1
227213,1
260011,1
214230,1
21646,0
54241,1
96946,1
117752,1
247954,1
264153,1
48755,1
26751,0
126391,0
205785,1
15822,1
197874,1
196218,1
129873,0
109662,1
83303,1
221570,1
6321,0
60680,1
122377,1
196818,1
86579,1
67385,0
265993,0
212729,1
130024,0
50881,1
234942,1
45338,1
31297,1
182880,1
33260,1
60177,1
70020,1
81989,1
235513,1
21344,1
243360,1
137775,1
42691,1
248178,1
41680,1
6021,0
55460,1
59594,1
79662,1
89329,1
28343,0
24731,0
232223,1
244420,1
172173,1
22951,1
127012,1
60435,0
219782,1
162794,0
106849,0
119993,0
259516,0
257572,1
90830,1
234347,1
7690,1
193823,0
176061,1
218792,1
107307,1
119911,1
51202,1
212806,1
68364,1
59655,1
134715,1
49834,1
176559,0
200515,1
43926,1
221767,1
223399,1
77642,1
222370,0
82185,1
4519,0
87084,1
191525,0
136727,1
217517,1
124062,0
51409,1
204868,1
196031,1
188136,1
145756,1
111711,1
20936,1
187538,0
126939,1
60402,1
121552,1
256366,1
92688,1
12301,0
216642,0
34034,1
56561,1
191102,1
149517,0
226760,0
209497,1
127360,1
104379,1
79151,0
235084,1
107244,0
20435,1
141584,1
93878,1
9583,0
199188,1
215968,1
249865,1
235806,0
60165,1
151637,1
116798,0
150162,1
64360,1
169322,1
155354,1
116883,1
91999,1
196624,1
1159,1
95066,1
73318,1
187429,1
190060,1
165498,1
99118,1
210840,1
115253,1
56382,0
177857,0
251646,0
59017,1
131476,0
235299,0
230731,0
201634,1
107682,0
27803,1
249434,1
8144,1
207251,1
90006,1
164850,0
206997,1
183508,0
16543,1
128881,1
5183,0
193114,0
66041,1
151827,1
175740,1
61132,1
105946,1
222967,1
101824,1
244314,1
228441,1
205781,1
218979,1
60085,1
73221,1
89655,0
235629,1
26327,0
5188,1
17212,1
32561,1
21460,1
212426,1
63698,1
184301,1
232083,0
14814,1
204202,1
262118,1
229043,1
174219,1
183680,1
162646,1
55105,0
48252,1
49207,1
157776,1
148844,1
171042,0
207358,1
148566,1
187644,1
214713,1
2785,0
39178,1
184710,0
126485,1
56021,1
49765,0
212561,1
202386,1
160511,1
96345,1
212026,1
84051,1
167706,1
189969,1
65302,1
218917,1
6914,1
156127,1
52945,0
219523,1
88511,1
15577,0
7092,1
37244,1
77551,0
222460,1
112518,0
161447,1
155179,1
198798,1
90801,1
260441,1
90374,1
221776,0
22152,1
171125,1
27179,0
217783,1
61722,1
241899,1
147731,1
199237,0
89537,1
66401,1
140641,1
121583,0
178653,1
170178,1
260058,1
166796,1
41138,1
219808,1
41904,1
103142,1
20185,0
60774,1
53133,1
73983,1
89742,0
24423,1
104016,0
243572,1
220472,0
164987,1
211449,1
227812,1
179356,1
259074,1
21127,1
95979,1
120252,1
235140,1
108621,1
193727,1
26765,1
104313,1
41628,1
7867,1
160311,0
198297,0
225645,1
40531,1
158885,1
222990,1
108417,1
189841,1
260057,1
151044,1
100187,1
82061,1
51207,1
74366,1
103992,0
96456,1
165722,1
139921,1
254511,0
134270,0
70015,1
196873,1
180688,1
156450,0
181808,1
156589,1
239465,0
39098,1
33149,1
171463,1
94843,1
94990,1
237986,1
42997,1
111775,0
200673,1
102148,1
123121,1
16191,1
108285,1
40734,1
210334,1
63900,1
234525,1
157493,1
203368,1
253133,0
207452,0
14714,1
147775,1
70776,1
243202,1
255073,0
129339,1
90681,1
11990,1
162782,0
51225,1
177443,0
198961,1
118791,1
142461,1
154565,1
114525,1
200263,1
215224,0
159265,1
175691,1
155899,1
121210,1
149801,0
43526,0
265833,1
202314,1
250204,0
27399,1
241110,1
214869,1
151206,1
201748,1
38374,1
66345,1
237035,1
96431,1
234299,0
103518,1
253647,1
2474,0
66701,1
111144,1
127580,0
136876,1
210543,1
57753,1
244342,1
106893,1
111484,1
265390,1
116103,1
228561,1
143859,1
241530,1
134062,1
83419,1
146343,1
241833,0
208039,0
9400,1
230679,0
30107,1
185361,1
142306,1
207235,1
244359,1
244129,1
70150,1
70931,0
198331,1
84091,1
66787,1
72743,0
154019,1
67239,1
92356,0
174616,1
63748,1
139716,1
109797,0
132253,1
121102,1
95686,0
232068,0
42155,1
184350,1
190102,1
99991,0
4469,0
18117,1
55234,1
249496,1
119234,1
162560,0
36999,1
102002,1
3236,0
16025,0
9585,1
113824,1
162651,1
204376,1
237655,0
201058,0
239041,1
178066,0
31236,1
197648,1
87996,1
153391,1
259978,1
249211,1
4834,1
11189,1
179662,0
117569,1
157329,1
234414,1
162048,1
263269,1
93852,0
114505,1
176288,0
143647,1
81598,1
178931,1
202317,1
264311,1
189480,0
180849,1
187808,0
53791,1
176497,0
37461,1
110364,0
94043,1
232670,0
202940,1
82253,1
153285,1
104132,0
40034,1
120504,1
184382,1
255973,1
183490,1
120447,1
19962,1
51525,1
52999,1
142742,1
257211,0
171960,1
15378,1
206363,0
109483,0
228844,1
223138,1
250457,0
225795,1
109322,1
158137,1
231417,1
135905,1
23777,1
241029,1
101604,0
244416,1
153750,0
9988,0
206429,0
205567,1
108916,1
107277,1
40876,1
198026,1
62053,1
104049,1
51935,1
133634,0
223290,1
59305,1
34751,1
143694,1
11868,1
83243,1
164123,1
190858,1
123818,1
2460,0
121823,1
27513,1
101962,1
172623,1
87756,1
148367,1
190248,1
140339,0
215504,1
144610,1
70789,1
66500,1
78658,1
264392,0
77611,1
148395,0
3740,1
139932,1
93002,1
150928,1
81098,1
176670,1
165138,1
39922,1
124434,0
218117,0
178733,0
222872,1
120977,1
183372,1
132710,1
122872,0
107637,1
104528,0
129549,0
59344,1
3023,1
216873,1
116247,0
149804,1
162435,1
253336,0
27192,1
19438,1
117713,1
224485,1
75239,1
169044,1
247660,1
157835,1
96846,1
78024,1
83410,1
9105,1
206097,1
15519,1
23187,1
41860,1
73718,1
188036,1
137001,1
207700,1
12127,0
190578,1
39136,0
83711,1
55831,1
138070,0
18861,1
121924,0
46446,1
827,1
44971,1
49589,0
221684,1
9515,1
37774,1
8392,1
169580,1
113863,1
75285,1
98898,1
205629,1
142967,1
58944,1
168019,1
17222,1
176714,1
3052,1
46005,1
220795,1
201910,1
18742,1
218702,1
240680,0
45443,1
231135,1
222511,1
245640,1
49464,1
106420,1
27720,0
60700,0
112349,1
158,1
221293,1
233602,1
248235,1
154301,1
220754,0
45128,1
165983,1
35634,0
90749,1
55282,0
200335,1
26775,0
249123,1
203599,1
210501,1
137696,1
206255,1
171611,1
197179,1
110702,1
247080,1
30589,0
177862,1
70216,1
222316,1
235049,1
26358,1
158287,1
15170,0
72954,1
31777,1
9969,0
243353,1
232110,0
238778,1
159532,1
164337,0
37058,1
172010,1
18332,1
207027,1
94354,1
41813,1
110339,1
241978,0
100917,1
205692,1
25729,1
225811,1
237815,1
238396,1
133230,1
179383,1
130636,1
76033,0
171719,1
132832,1
72048,1
261322,1
89246,1
100359,1
179928,1
206985,1
25441,1
171246,1
192349,1
244350,1
10744,0
164240,1
218105,1
108335,1
76447,1
152387,1
201511,1
134844,1
250353,0
158994,1
232315,1
255979,1
255590,0
77158,0
129903,1
6192,0
100293,1
237639,1
180466,1
110353,1
24486,1
152751,1
143733,1
227288,1
59916,1
214404,1
41334,1
171310,1
56585,1
229053,0
171549,1
15327,0
205302,1
128069,1
36012,1
73107,1
36981,0
24873,1
248460,1
130799,0
20028,1
234333,1
235527,1
150044,0
236364,0
210612,1
107217,0
4444,1
249019,0
83556,1
106933,1
239175,1
58336,1
69131,1
167026,1
23979,1
1815,1
183269,1
231626,1
109557,1
155359,1
186893,1
134315,1
207403,1
195631,1
236226,1
168846,0
58884,1
93685,1
151669,1
164399,0
111426,1
2525,0
215675,1
232911,1
197351,1
122534,1
90249,1
80910,1
188971,1
173799,1
167617,1
19180,0
178121,1
52521,1
123544,1
113346,0
203046,1
38788,1
42167,1
161779,1
169835,1
172715,1
44112,1
4103,1
174231,1
246802,0
59536,1
166830,1
2659,0
114802,1
195958,1
225200,0
239277,1
210469,1
199956,0
177427,1
171699,1
196889,1
163562,1
136386,1
242465,1
184315,1
151629,1
196731,1
143379,1
224306,1
153854,1
138249,1
125297,1
137252,1
201793,1
4713,0
251686,1
31674,1
159935,0
192569,1
4224,0
266272,0
232306,1
201235,1
159347,1
18654,0
266390,1
219141,1
48438,1
161067,1
134451,0
66530,1
99282,1
109035,0
234760,0
100436,0
183807,1
40252,1
172290,1
222786,1
25014,0
56043,1
182944,0
96376,0
208697,0
27485,1
125034,1
132251,1
98164,0
84167,1
151968,0
116465,1
207065,1
114839,1
120255,1
47659,1
196032,1
58517,1
213701,1
212246,1
144991,1
158103,1
75657,1
120309,1
217810,1
147148,1
202067,1
35409,1
90784,0
78120,0
100989,1
39884,1
178623,1
45494,1
10203,1
178693,1
219233,1
208336,1
3798,1
213910,1
219917,1
114,0
142671,1
187343,0
200240,1
131346,1
112153,1
37934,1
215526,1
111608,1
77311,1
198221,0
58708,1
59042,0
93024,1
191990,1
88702,1
233901,1
109720,0
28287,1
185902,1
215862,1
148894,0
143193,0
121136,0
4794,1
241742,1
152113,1
145143,1
85620,1
226657,1
242566,1
194450,1
83302,1
142773,1
252136,1
19722,0
99322,1
213047,0
214472,1
52970,1
143690,1
66548,0
83718,1
168554,1
135245,1
265090,0
59451,1
262616,0
151390,1
194090,1
204208,1
26805,1
165196,1
157719,1
76026,1
118867,1
234623,1
247942,0
62126,1
1476,1
195753,0
65098,0
47624,1
166910,1
84225,1
35965,1
122899,1
12480,1
35694,1
29790,0
13376,0
171504,1
146789,1
161597,0
39192,1
189575,1
174621,1
97926,0
194496,1
266601,0
251639,1
242396,1
237714,1
88466,1
160912,1
151424,1
231585,1
219455,1
216787,1
205683,1
240790,1
223340,1
209805,1
234731,1
202112,1
193834,0
230132,0
155322,1
185319,0
15978,1
184032,1
184439,1
175319,1
143482,1
189632,1
45120,1
200033,1
28185,0
148739,1
35698,0
260477,0
207093,1
32729,1
142297,0
55093,1
138858,0
207937,1
231160,1
153878,1
123483,1
57037,0
178652,1
29828,1
178513,0
128495,1
212278,0
213233,1
101250,1
265974,1
150753,1
132405,1
170079,1
179556,1
214109,0
256041,1
220289,1
28572,0
117278,1
124190,1
81724,1
182582,1
34380,1
199269,1
233172,0
18898,1
121156,1
41460,1
134328,0
211232,1
246526,1
29992,1
224265,1
28461,1
27189,1
150394,1
8073,0
102154,1
13382,1
118641,1
101405,1
79944,1
147780,1
92961,1
47902,1
99131,0
113302,0
101972,1
194907,1
76962,1
180436,1
32772,0
157767,0
107883,1
56934,1
237795,1
121846,0
10132,0
11791,1
159108,0
140798,1
112995,1
262507,0
31474,1
163857,1
216793,1
13040,1
242954,0
205625,1
256109,1
241180,1
31359,1
228335,0
99164,1
176513,1
22156,1
39607,1
68661,0
17097,1
104580,1
72275,1
141936,1
149,1
185638,1
53986,1
63508,1
146977,1
190649,1
218095,1
63782,0
119732,1
175844,1
95312,1
65960,0
124840,1
201502,1
5161,0
30562,1
38809,0
175002,1
160683,1
248729,1
229641,1
75716,1
123179,0
105854,1
170545,1
59894,0
190023,1
193532,1
104184,1
226071,0
249091,1
229464,1
62213,0
85788,1
156752,0
241146,1
57710,1
158474,1
122644,1
71447,0
94842,1
144448,1
142878,1
235596,1
215356,0
27586,1
56905,1
189826,1
200495,0
187209,1
168142,1
264313,0
79469,1
9945,1
16224,1
21197,1
111403,1
217671,1
81494,1
30143,1
197387,0
197678,1
123165,1
166071,0
230890,1
118077,1
91659,0
107182,1
231337,1
12058,0
134516,0
522,1
174164,1
258353,1
91010,1
107080,1
191015,1
142707,0
261902,1
21718,1
218937,1
218008,1
160532,1
193653,1
113143,1
186502,1
93083,1
242960,1
35338,1
124812,1
199833,1
120987,1
177499,1
223702,1
258838,0
258709,1
75416,1
37926,1
3891,1
1619,0
94465,1
98103,0
99242,1
106733,1
266639,1
244319,1
2612,0
12907,0
243470,1
99097,1
107602,1
118794,1
37325,1
113909,1
65322,0
113860,1
252443,1
1431,1
266022,0
63825,1
15932,0
105962,1
218646,0
93203,1
149423,1
162369,1
62814,1
202351,1
24823,1
175412,0
156692,1
219256,1
94357,1
2903,0
62479,1
232954,1
159549,1
224883,1
59918,1
44250,1
140322,1
167040,0
238375,1
121117,1
184926,1
27995,1
228007,1
157571,1
127978,1
124239,1
105792,1
173459,1
75441,1
92059,1
177561,1
253211,1
103028,1
97449,1
3368,1
88433,1
47731,1
128966,1
71831,1
92686,0
243131,1
25235,0
118588,1
48150,1
42637,1
17088,1
72396,1
250275,1
46619,0
156092,1
171845,0
139187,1
253059,1
85712,1
50336,0
121956,1
73523,1
5905,0
95473,1
230562,0
263865,0
136251,0
124787,1
66946,1
250176,0
57262,0
209584,1
20500,1
34084,1
83717,1
84578,1
256804,1
236075,1
227091,1
133177,1
191571,1
155674,1
51824,1
91941,1
86918,0
99597,1
33683,1
223860,1
46558,1
95392,1
192092,1
216529,1
37467,0
43058,0
74673,1
97933,1
265950,1
16540,1
88265,0
257573,0
27743,0
154122,1
184505,0
173314,1
178208,1
212668,1
192437,1
168516,1
263867,1
196209,0
69467,1
80312,0
174242,0
30167,1
200728,1
62102,1
4286,1
177254,1
166630,1
162058,1
79236,1
96180,1
59189,1
62012,1
165898,1
163351,0
250846,1
39523,0
26604,1
58281,1
176419,1
236777,1
4015,0
180229,1
182515,1
142523,0
206719,1
190454,1
56876,1
38480,1
88326,1
168169,1
14353,1
21744,1
120833,1
154235,1
247231,1
18808,1
93378,1
259086,1
38138,1
259159,1
43637,1
72364,1
93456,1
260314,1
123600,1
20053,1
160152,1
169334,1
59700,0
69826,1
60322,1
245887,1
144743,0
127331,1
41004,1
145927,1
44205,1
96498,0
76968,1
57925,1
62108,1
202670,0
230195,0
99489,1
123946,1
221106,0
249771,1
76678,1
173214,1
232834,1
87887,1
169978,1
230350,1
186954,1
166766,1
57401,1
136406,1
23581,1
203020,1
39123,0
238335,1
25079,1
119406,1
105721,1
144150,0
26856,1
197598,0
65105,1
102127,1
243094,1
86313,0
40912,1
1001,0
246910,0
184591,0
100195,1
168950,1
113869,1
54084,1
145039,1
180475,1
247105,1
214198,1
204959,0
137283,0
231044,1
97414,1
123628,1
44231,1
13318,1
161841,1
79569,1
4862,1
114914,1
153289,0
97967,1
166635,0
178438,1
68937,0
178937,1
216241,1
127389,1
28342,1
157731,1
260302,0
87280,1
247742,1
102874,1
246510,1
66037,1
94504,1
52976,1
121954,0
208269,0
118277,0
237432,0
138279,0
182203,1
48114,1
236831,1
222740,1
82842,1
205126,1
55053,1
138877,0
183236,1
249853,0
141868,0
10462,0
71446,1
132614,0
125465,1
139344,1
263893,1
256491,1
680,1
165318,1
190831,1
150588,1
210719,1
152424,1
136337,1
82310,1
39097,1
23600,1
229433,1
149460,1
70231,1
97091,0
181421,1
194023,1
179434,1
187061,0
180965,1
265681,1
126960,0
114995,1
247156,1
121637,0
159690,1
104506,1
195077,1
174055,1
174119,1
10670,1
113780,1
41927,1
157187,1
87884,1
194355,0
53961,1
134428,0
159174,1
223549,1
81802,1
17921,0
140343,1
265446,1
172080,1
132044,1
174370,0
60187,0
112678,1
183261,1
94001,1
129573,1
79340,1
10550,1
232889,1
119121,1
177544,0
109175,1
260598,0
54674,1
235188,1
111815,0
250110,1
222341,1
169214,1
143897,1
244648,1
150466,0
85789,1
182645,1
169988,1
98287,1
259449,1
9554,0
174716,1
92867,0
190386,1
183719,1
263695,1
18123,0
260798,1
137144,1
84134,0
238786,1
27313,1
77091,1
160896,1
43048,1
189110,1
181433,0
234399,0
166540,0
150006,1
95950,1
259213,0
31442,0
57460,1
181369,1
199463,1
75914,1
126850,1
23911,1
206744,1
13590,1
49876,1
225179,1
7051,1
121560,1
140610,1
64720,1
154174,1
68078,1
78551,1
104685,1
254005,0
252055,0
57877,1
129691,1
164964,1
48385,1
198230,0
93452,1
213774,1
202207,1
83268,1
172791,1
56575,1
56203,0
88119,0
256766,1
62112,1
264167,1
30828,0
57450,1
10859,0
260126,1
227703,0
239830,1
76698,1
113568,1
144721,1
127648,1
97286,1
29787,1
132757,1
255453,1
170821,1
161011,1
220599,0
175021,0
89938,1
89296,1
184483,1
165632,1
26688,1
245204,0
153727,1
82882,0
143641,1
163205,0
104387,1
205851,1
61256,1
246682,1
148234,1
197297,1
4074,0
39142,1
27038,1
155996,1
148180,1
150273,0
38947,0
57692,0
138536,1
260027,0
215317,1
98172,1
35106,1
264571,1
121454,1
263480,0
257513,1
113231,1
244850,1
133387,0
49101,1
156744,0
102405,1
46873,0
210762,0
100348,1
203570,1
203913,1
202206,1
10551,1
132235,1
251009,1
248237,0
185199,1
17824,1
119232,1
15201,0
86006,0
235872,0
95128,1
26411,1
205011,0
100598,1
243945,0
80278,1
184893,1
42897,1
200513,1
80756,1
265959,0
21061,0
104303,1
15777,1
131634,1
140057,1
32073,1
211820,1
58559,1
113038,1
95797,1
241777,1
6330,0
190308,1
225439,1
188206,1
231527,1
183996,1
221671,1
183481,1
167252,1
207936,1
247489,1
132078,1
221020,1
64559,1
222105,1
221829,0
20371,0
146394,1
138134,0
72107,1
218387,1
33555,1
32670,1
81224,1
95,0
110218,1
108498,1
109479,1
76480,1
86654,1
34562,0
143847,0
175654,1
210109,0
205472,1
37556,1
246203,1
182568,0
168848,1
106066,1
50394,1
243643,0
160439,1
17321,1
108301,1
61635,1
74258,1
251384,1
60772,1
156112,1
121625,0
25385,1
62279,1
236599,1
253081,1
245940,0
224418,1
178641,1
126498,1
40410,1
137744,0
200792,1
4934,1
82830,1
69609,1
82256,1
22858,1
194031,1
180195,1
147174,1
178370,1
212076,0
60886,0
166675,1
65220,1
71369,1
92383,1
155578,1
37360,1
113906,1
73360,1
41087,0
13159,0
33544,1
185288,1
260713,1
163474,1
143280,1
187106,1
24605,0
130925,1
59968,0
75935,1
255308,1
163788,1
78797,1
39104,1
207794,1
9827,1
191768,1
70328,1
88796,1
9396,0
144646,1
250800,1
57321,1
169357,1
207275,1
47157,0
61255,1
36596,1
22941,1
145010,1
164745,1
183057,1
134583,1
86340,1
22897,0
132671,0
178626,1
89047,1
71448,1
260253,1
101483,1
174273,1
228092,1
233169,1
41797,1
164677,0
35594,1
65145,1
93140,1
78368,1
197521,0
5266,0
111475,1
180239,1
161292,1
150078,0
71320,1
250256,0
154390,1
80724,1
227172,1
186577,1
134139,1
12628,1
244626,1
258623,1
57870,1
211222,1
59578,1
261232,1
213204,0
97082,1
223639,1
196684,1
200699,1
243947,1
197227,1
111577,1
33851,1
218596,1
102981,1
143972,1
125241,1
155727,1
175942,1
212844,1
51826,1
185414,1
253488,1
198000,1
10896,0
212541,1
5744,0
200638,0
241788,1
186648,1
250761,1
128011,1
134258,1
133088,1
142064,1
129316,1
49205,0
158585,0
234658,0
235390,1
236109,1
114089,1
193573,1
263808,1
101768,1
94033,1
52718,1
57311,1
61621,1
99540,0
35163,1
221657,1
50763,0
60971,1
106607,0
93439,1
254967,1
32418,1
19460,0
196757,1
266363,1
20393,0
248223,0
152963,0
29282,1
95818,1
171168,0
134205,1
207107,0
185811,1
143706,0
64041,0
68549,0
139499,0
154154,1
233093,1
177300,1
173162,1
181255,1
149099,0
39904,1
97881,1
193016,1
197037,1
135875,1
225378,1
75834,1
9785,1
62296,1
201321,1
9739,1
185787,1
54725,1
82643,1
260154,1
186193,1
126961,1
58141,0
58638,1
134400,1
116159,0
120027,1
34913,0
9767,0
237276,1
8842,1
214254,1
22397,1
230358,0
24999,1
142195,1
220716,1
68524,1
139633,0
95377,1
237022,1
154841,1
238469,1
105054,1
155704,1
247469,1
76389,1
115669,1
143159,0
255123,1
63469,1
113945,0
158901,1
23826,1
218088,1
19572,0
249660,1
249879,1
123988,1
102975,1
208871,1
177620,1
176812,1
92571,1
258604,0
21055,1
84,1
34808,1
154452,0
129754,1
194883,1
149049,1
248070,1
230046,1
250617,1
30196,1
260692,1
19498,1
5812,0
185904,1
46903,1
188969,1
240888,1
179287,1
129807,1
237001,1
154856,1
148776,1
100099,1
45333,1
32088,1
65526,1
211024,1
31417,1
228307,1
133606,0
178737,0
53653,0
6473,0
163586,1
129728,1
255649,1
187957,1
125822,1
229321,1
21932,1
183644,1
149635,0
171113,1
235901,1
201614,1
255483,1
254223,1
223690,1
170742,1
166739,1
65457,1
149022,1
169462,1
43903,1
159650,0
25676,1
68360,1
57570,1
263559,1
75612,0
218463,1
25730,1
138699,1
99602,1
3670,1
14045,1
187901,1
35925,1
185908,1
265381,0
6595,0
87666,1
198096,1
186662,1
235647,1
86169,1
193431,0
244092,1
228796,1
122702,1
220317,1
241634,1
152472,0
30784,1
222913,1
228426,0
92429,1
252559,1
247616,0
226164,1
221220,1
252922,0
78665,1
49365,1
149033,0
177848,1
228443,1
174455,1
130776,1
32534,1
187513,1
94556,1
202879,1
60810,1
172560,1
50999,1
173041,1
256019,1
164583,1
100550,1
222021,0
155616,0
70600,1
77974,0
43349,0
97925,1
104913,1
217801,1
139864,1
51637,0
134324,1
38815,0
263378,0
162974,1
258834,1
103462,1
94922,1
120573,1
141523,1
220346,1
28627,1
246144,1
78631,1
253560,1
162417,1
248837,0
259075,0
86983,1
175886,1
255969,1
254906,1
87736,1
115921,1
36405,1
205973,0
155879,1
48908,1
134611,1
159777,1
234344,1
175218,1
24620,1
146006,1
101259,1
225147,1
30531,1
20196,1
264443,0
115805,1
143991,1
254018,0
167241,1
216003,1
125695,1
259175,1
223239,1
107709,1
92883,1
164,0
100594,1
124768,1
253260,1
215639,1
179745,0
178891,1
88736,1
241836,1
166913,1
117203,1
65492,1
41106,1
41113,1
1348,1
22480,1
72082,1
41795,0
181746,0
33219,1
261674,1
20456,0
232786,1
231780,1
10817,1
16175,1
248605,1
242207,1
58986,0
39275,1
217343,0
260440,1
29654,1
103925,1
222615,1
176422,0
97275,1
250855,1
77984,1
191522,1
228977,1
220342,1
29890,1
39073,1
262675,0
106928,1
124112,1
113536,1
266097,1
231912,1
52839,0
168250,1
147209,1
57516,0
21120,1
161270,1
12002,1
177049,1
45660,1
48491,1
225728,1
208399,1
171961,0
84006,1
59112,0
130884,1
77121,1
1659,1
245239,1
36095,1
188930,1
186133,1
102971,1
36970,1
20175,1
31497,1
196669,1
171364,1
38188,1
258775,1
116927,0
48251,1
232878,1
16858,1
202070,1
42921,1
83572,1
129711,1
148314,1
188606,1
123070,1
20412,0
759,1
14729,1
206005,1
114247,0
188220,1
193561,1
31097,1
213030,1
263978,1
232562,1
18830,0
88700,1
235514,1
9417,1
103402,1
231132,1
34299,1
241865,1
86484,0
146615,1
87475,1
87849,1
112538,1
123243,1
265933,0
183784,1
57314,1
133761,1
155276,1
217964,1
48854,0
12399,0
24689,1
149218,1
10995,1
168011,1
197978,1
38617,1
116958,1
194728,0
89912,1
254184,1
43049,1
18106,1
214576,1
27730,1
216396,1
261503,1
14275,1
43193,0
33169,1
33969,1
23056,1
164774,1
21514,1
197921,1
43252,0
137202,1
248262,1
78367,1
129680,1
207511,1
72838,1
228537,1
203044,1
133374,0
226955,1
219788,1
46557,0
66840,1
84267,1
96022,1
111093,1
156126,1
2056,1
251078,1
16332,0
2902,1
171163,1
196473,1
82410,1
159255,1
220373,1
231322,0
37016,1
173810,1
54085,1
111926,1
107847,1
196297,1
104845,1
79111,1
32436,1
101378,1
84039,1
241066,1
26891,1
188016,1
58294,1
39589,1
23263,1
209147,0
3719,1
142645,1
15618,1
22371,1
265791,1
66091,1
8740,1
48331,0
19079,1
214583,0
247218,1
255975,1
139811,1
37268,1
163747,1
251133,1
220006,1
262586,0
140538,1
71760,1
116042,1
260920,1
171057,0
185251,1
191772,1
139601,1
60977,1
175350,1
221797,1
245589,1
136781,1
103089,0
242484,0
165820,1
17891,1
199223,1
191594,1
108811,0
243880,1
217285,1
103902,1
104831,1
221658,1
111491,1
37542,1
169698,1
72332,1
83872,1
20047,1
176899,1
222057,1
70031,1
117086,1
262286,0
235325,0
158948,1
190065,1
136541,1
37183,0
220235,0
220279,0
55414,1
42736,1
169082,1
82992,0
232407,1
161459,0
265129,1
159495,1
4871,0
254510,1
174146,0
188397,1
92829,1
135157,1
58312,1
104349,1
221851,1
161890,0
110951,0
87417,0
40792,1
164438,1
156984,1
187302,1
127329,1
39270,0
72771,1
194028,1
61177,1
68896,1
229436,1
23060,1
234325,1
229421,0
4745,1
231820,1
410,1
148771,1
193426,1
111099,1
139120,1
55421,1
250122,1
216004,1
198064,1
162329,0
248201,1
203425,1
213367,1
57612,1
119164,1
252525,0
29412,1
148159,1
43176,1
100638,0
234861,0
34213,1
6482,0
199969,1
151156,1
147418,1
220005,0
233181,1
260235,1
14205,1
98043,1
251656,1
166827,1
22856,1
129317,1
41216,1
225570,1
91889,1
148401,0
144253,1
49247,1
1755,0
199479,0
168277,1
137582,0
141707,1
158000,1
112832,1
123037,1
84992,1
124594,1
232549,1
47763,1
46529,1
171647,1
196388,0
162138,1
252838,1
244630,1
263562,0
222048,1
33384,1
159184,1
81846,1
224345,1
41350,1
71674,1
39541,1
146018,1
219976,1
15565,0
44836,1
59672,1
116379,1
124007,1
259120,0
101254,1
46057,1
108101,0
163186,1
131718,1
161664,0
32246,1
91388,1
110080,1
174322,1
62810,0
3388,1
91881,1
196219,1
71491,0
198443,1
14192,1
49239,1
212446,1
47009,1
262794,1
29497,1
50246,0
206574,1
48297,1
72921,1
127610,0
255961,1
159331,1
156345,1
114488,0
113892,1
77082,1
74280,1
210301,1
79859,1
44134,0
87325,0
8702,1
242726,1
142288,1
71549,1
33773,1
83395,1
75457,1
72118,1
196194,1
266155,1
247314,1
178568,1
253455,1
67077,1
244057,0
45832,1
108332,1
135513,1
208684,1
178648,1
60597,1
237252,1
6484,0
99537,1
214072,0
85195,1
138122,1
216790,1
169380,0
123785,0
110280,1
261247,1
93636,1
63357,1
39045,1
233286,1
63604,1
177779,0
213912,0
171655,1
226646,0
73912,1
39516,1
120566,1
50508,1
220445,0
219767,1
61239,1
224515,1
208392,1
65482,1
250335,1
87255,1
46293,1
206174,1
87862,1
173764,1
224999,1
167943,1
7562,0
132829,1
246850,0
58951,1
120227,1
38353,1
192842,1
126275,1
26898,1
131172,1
80335,1
166473,0
222089,1
78620,1
54659,1
211096,1
176616,1
170753,1
144904,0
181577,1
143969,1
53097,1
159583,1
3188,0
261343,0
219993,1
125186,1
157916,1
53000,1
264562,0
150272,0
167417,1
140784,1
143672,1
163654,1
74210,1
237468,0
227023,1
55198,1
103967,1
81302,0
7972,1
184755,1
131922,1
107574,1
107432,1
140113,1
41734,1
254462,1
159912,1
743,0
217258,1
110436,1
1138,1
163087,1
72480,1
266286,1
79718,1
107232,1
174838,1
226052,1
253358,0
131710,1
251799,0
49171,1
196872,1
41040,1
165067,1
70306,1
258331,0
15465,1
6182,0
69325,1
264985,1
25782,1
51657,1
258651,0
195231,1
132778,0
94521,0
183313,1
119767,1
76038,0
158576,0
136331,1
225073,1
133227,1
221374,1
147643,1
264187,1
4045,0
225250,1
245384,1
12016,1
146407,1
132577,0
263291,0
136212,1
59997,0
52905,0
252041,0
137710,1
170948,1
39706,1
83087,0
76865,0
69064,0
41627,1
136271,1
205018,1
5562,0
122820,1
127688,1
224503,1
37881,0
183152,1
168077,0
69663,1
202404,1
118369,1
52616,1
210397,1
31782,1
56324,0
100085,1
54196,1
91637,1
237470,0
11299,1
21174,1
16548,1
53668,1
22019,1
156612,1
193886,1
233498,0
206521,1
181305,1
158431,0
68714,0
229155,1
235240,1
236422,0
168705,1
90890,1
13322,1
48973,1
31288,1
114957,1
129499,1
98643,1
117738,1
113182,1
30439,1
216231,1
224318,1
167089,1
152162,1
115645,0
139656,0
235196,1
128346,1
167167,1
238219,1
256615,0
149559,1
228601,1
53450,0
226996,1
172588,1
95757,1
265302,0
165651,1
127420,1
116415,1
91310,1
248044,1
216757,1
187924,1
125574,1
77160,1
229678,1
76443,1
148359,1
132964,1
164158,1
68520,1
223205,1
193196,1
37893,1
3480,1
119490,1
188844,1
53732,1
140320,0
54376,1
173032,1
27386,1
203935,0
178526,1
182767,1
111963,0
253379,1
212679,1
196623,1
233762,1
260221,0
74473,1
22821,0
263542,1
203386,0
174971,1
263126,0
91939,1
190543,1
201597,1
251783,1
13488,1
52685,1
86437,0
26265,1
214305,1
14659,1
218682,1
224222,1
94045,0
9989,1
62654,0
18044,0
116112,1
40755,1
108267,1
154693,1
102479,1
176892,0
110498,1
81136,1
218199,0
255763,0
199373,1
176621,1
114131,1
226792,1
253784,1
208504,1
65771,1
139743,1
125088,1
180293,0
129080,1
182878,1
162614,0
102690,1
116746,1
109514,1
171179,1
101806,1
243624,1
45113,1
22062,1
244767,1
25346,1
122223,0
4936,0
239556,1
450,1
219158,1
107829,1
12155,1
100759,1
12551,1
193582,1
218263,0
64206,1
206119,0
8458,1
177081,1
156529,0
233218,1
233531,1
77024,1
262252,1
19136,0
67394,1
112794,1
30403,1
48822,1
58157,0
11113,0
202094,1
58298,1
242367,1
37904,1
5561,1
51960,1
16430,0
227214,0
85708,1
18031,0
59920,0
36357,1
228689,1
34062,1
77882,1
115456,1
212846,0
197500,1
115573,1
245967,1
15879,0
186197,0
104957,1
64689,1
121306,1
223925,1
33827,1
234413,0
231972,1
28034,1
260635,1
40454,1
223334,1
125420,0
100599,1
219851,1
71086,0
260878,1
217583,1
16207,0
42543,1
40112,1
230907,1
230304,1
128828,0
42096,1
127898,1
157465,1
103540,1
153117,1
95338,1
91266,0
180923,1
235702,1
106837,1
26249,1
126130,1
14702,1
82164,0
257430,0
150057,1
205765,1
54925,1
192498,1
237120,1
121098,1
82766,1
26631,1
249711,0
137002,1
92343,1
239566,1
221451,0
210990,1
192012,1
43927,1
15262,1
211531,1
116059,1
94352,1
111937,1
159918,0
28925,0
232743,1
245430,0
98567,0
98991,1
230022,1
75588,1
16306,0
131667,1
103013,1
65970,1
129372,1
156388,1
53244,1
91104,1
92063,1
100142,1
183192,1
57872,1
107159,1
42563,1
5004,0
203509,1
134926,1
159811,1
236907,1
187660,1
15583,0
38173,1
101681,1
182359,0
257578,1
25600,1
236940,0
126211,1
223347,1
116062,1
136179,0
54577,1
264760,1
55208,1
178467,1
87401,1
204704,1
198121,1
32774,1
13329,1
55225,1
247036,1
199283,1
83508,1
174785,0
164410,1
6534,1
208161,1
164537,1
168111,1
198629,1
2472,1
23293,1
115077,0
184441,1
157710,1
82349,0
263451,1
190877,1
122389,1
211510,0
204918,1
96110,1
200098,1
199332,1
120278,0
9753,1
106693,0
31345,1
180948,0
180619,0
244904,1
56213,1
48680,1
154564,1
239575,0
182159,1
756,1
40747,1
77807,1
232667,1
94353,1
115516,1
36913,0
74171,1
16946,1
125287,1
176970,1
111019,1
27918,1
202362,1
177076,0
20462,1
242581,1
35320,1
82028,1
104007,1
41261,1
242757,0
182142,1
219761,1
89868,0
27773,1
42174,1
50576,0
96851,1
164506,1
207963,1
208756,1
222043,1
94788,1
241190,1
253666,1
152759,0
122628,1
129833,0
117073,1
195597,1
16287,1
213661,1
191818,1
237257,1
115189,0
134221,1
232594,0
230821,1
127658,1
265155,1
254478,1
26741,1
51535,1
15368,1
65059,1
7406,1
206950,1
204283,1
161506,1
130337,1
247835,1
181804,0
17687,0
112972,1
223501,1
203383,1
10310,1
147332,1
240138,1
63223,1
94909,1
117124,1
149220,1
142652,1
41600,1
222735,1
100873,1
197693,1
168964,1
12986,1
27709,1
162297,1
225836,0
49710,1
25460,0
238438,0
208839,1
26744,1
222066,1
252159,0
3560,1
88866,1
218939,1
12164,0
236673,1
168289,1
201773,1
211663,1
54737,0
134620,1
62434,1
190061,1
152868,1
200954,1
46794,1
67304,1
256713,1
209436,1
202081,1
83674,1
232102,0
243715,1
249278,1
135082,1
166017,1
186710,1
134111,1
26160,1
161855,1
213768,1
118301,1
15055,1
80441,1
158951,1
223744,1
9361,1
17880,0
34318,1
185415,1
40517,1
11279,0
229413,1
126060,1
107996,1
197866,1
38405,1
143488,1
149995,1
190590,0
108026,1
131749,1
29873,0
264260,1
262774,1
189295,1
180347,0
130918,1
84544,0
118945,0
69283,1
183362,1
83496,0
152971,1
163196,1
260137,0
125191,0
226252,1
165770,1
23664,1
91903,1
72764,0
205589,0
207818,1
84202,1
216214,0
233655,1
264490,0
220691,1
59341,1
243220,1
91232,1
235305,1
17070,1
29778,1
73186,1
169498,1
118623,1
208672,1
73163,1
62267,1
200397,1
56747,1
163948,1
24365,1
196961,1
15690,0
186839,1
54414,1
34971,1
116706,1
78579,1
125001,1
257203,1
263157,1
2369,0
99360,0
223916,1
70307,1
125991,1
27478,0
222442,0
8689,0
205153,0
23370,1
194498,1
45060,0
259234,0
21830,1
77234,1
182916,1
13618,1
143496,1
19204,1
73292,0
48026,1
243651,1
41427,0
44196,1
34889,1
248383,1
35667,1
62011,1
176814,0
15251,0
151522,0
23156,1
262341,1
163375,0
101660,1
77441,1
232575,1
50711,1
87378,1
265191,1
105877,1
123168,1
213669,1
89789,1
120301,0
54486,1
140904,1
179861,1
45913,1
16464,0
213134,1
125567,1
222193,1
244212,1
204345,1
231184,0
76214,1
56334,0
133812,1
226208,1
231265,1
81660,1
206055,1
91507,0
115433,1
45793,1
112919,1
35227,0
208675,1
220542,0
229013,1
118487,1
206718,1
214357,0
250506,0
130964,1
61461,1
22554,1
149574,1
147630,1
8097,1
214482,1
68033,1
253796,1
52212,1
89121,1
155264,1
67794,1
115906,0
28586,0
130554,1
241629,1
130923,0
141453,1
137007,1
30452,1
120815,1
172005,1
71690,1
68484,1
118674,1
177346,0
17331,1
102457,0
89419,1
191613,1
6146,0
246987,1
264874,1
206153,1
70849,1
179753,1
55190,1
25058,0
103720,1
218166,1
206389,1
231507,1
55687,0
9667,1
266223,0
89864,0
89826,1
55578,1
26367,1
11289,1
89691,1
220357,1
48584,1
52406,1
133399,1
62273,1
164311,1
160335,0
52754,1
29681,1
202854,0
66127,1
229369,1
55656,1
196079,1
257434,0
8802,1
201411,0
184979,1
104695,0
55373,1
76375,1
198257,0
196852,1
63460,1
204434,0
175544,1
74339,1
197682,1
69665,1
64161,1
164671,1
223381,1
137254,0
77537,1
1086,0
233806,0
137256,0
174686,1
24941,1
121703,1
81704,1
170097,0
155243,1
256645,1
211815,1
44103,1
249378,1
92057,1
85059,1
123421,1
92234,1
36118,1
190413,1
89290,1
182216,1
248119,1
226043,1
91792,1
145133,0
152845,0
246076,1
135561,0
178433,1
59211,0
249816,1
46471,1
158342,1
156509,1
22199,1
100486,1
136872,1
33175,1
119391,0
46839,1
117234,0
69051,1
117428,1
180035,1
226422,1
107671,1
235966,1
46532,1
31181,1
230256,1
222956,1
234894,1
226526,1
102087,1
152774,1
168541,0
246826,1
192098,1
5062,0
5284,0
230244,1
84370,1
122350,1
50361,1
35302,1
101698,1
93563,1
249753,1
117609,1
202296,1
156819,1
260889,0
6865,1
109951,1
85020,1
35759,1
210875,1
59864,0
24643,1
54975,0
138322,0
3945,0
191855,1
140321,1
74136,1
105147,1
17563,1
247347,0
256990,1
161312,1
66027,0
137636,1
40334,1
133096,0
46440,1
101370,1
265128,1
228918,1
162150,1
90728,1
31717,1
94550,1
164166,1
140894,0
53600,1
74425,1
146159,0
128726,1
208493,1
177108,1
41311,1
206596,1
16535,0
76769,1
181385,1
249465,1
165574,0
172618,1
23168,1
263862,1
97611,1
30625,1
169516,0
214168,1
198420,1
136730,0
143131,1
100481,1
108465,0
105745,1
50347,0
157967,1
222709,0
67252,0
79931,1
226731,1
51885,1
104897,1
167701,1
201164,1
120533,1
265247,1
108087,1
265397,0
196504,1
18950,1
211988,1
151713,1
183402,1
89474,1
226656,1
257676,0
258733,0
177340,1
104671,1
10717,1
44106,1
6583,1
108088,1
48704,1
226055,1
113130,0
185973,1
57875,1
189802,1
176003,1
19648,0
123949,1
126814,1
182430,0
78562,1
203919,1
213299,1
127742,1
233945,1
121013,1
54494,1
30454,1
240679,1
172730,1
223839,0
252424,1
53602,1
112438,1
198462,1
35946,1
54522,0
31784,1
22306,1
23031,1
219766,1
152745,1
198884,1
4048,0
79426,1
147410,1
251451,0
94433,1
223051,1
174160,1
29019,1
31970,1
9518,0
155632,1
20106,1
119863,1
71425,1
81406,1
99638,0
112229,0
189821,0
246133,1
212891,1
220650,1
200642,1
76636,1
72274,1
27471,1
184250,1
130044,1
1480,1
94035,1
146262,1
175932,1
208020,1
40923,1
166866,0
101807,1
249199,1
107876,1
160464,1
196115,1
182966,1
162027,1
212838,1
182571,1
147135,1
100740,1
87724,1
60576,1
248864,1
97666,0
130567,1
80434,1
209125,1
99566,1
92159,1
176021,1
91385,1
69591,1
246234,1
248,1
252232,1
209207,1
65861,1
42762,1
10271,0
243676,0
220683,1
266243,1
27039,1
77692,0
184164,0
210726,1
5670,1
242328,1
84813,1
189432,1
202019,1
66281,1
257948,1
16047,1
181491,1
191769,0
250712,0
233335,1
202985,0
187011,0
29012,0
137609,0
107147,1
47697,1
43538,1
120007,0
72170,1
184039,0
163946,1
45023,1
100415,1
192547,1
246375,1
238473,1
252489,1
118574,1
75778,1
96116,0
154015,1
167489,1
94420,1
72865,1
240953,1
12173,1
251199,1
81240,1
122567,1
64071,1
183381,1
117206,1
266553,0
121485,1
220761,1
84776,1
199825,1
161752,1
137563,0
249475,1
209085,1
205486,1
209229,0
225460,1
73982,1
38458,1
194163,1
223242,1
203590,1
35836,1
210006,1
256075,1
153654,0
142167,0
13595,1
34158,1
11877,0
48521,1
171626,0
189527,1
115216,1
227327,1
30789,1
53089,1
25917,1
115467,0
193436,1
54553,1
214762,1
246284,0
132454,1
104536,1
23425,1
166225,0
58716,1
187801,1
17985,1
81083,0
190313,1
79986,1
177744,1
134965,1
71356,1
179123,1
167059,1
213935,1
94098,1
26932,1
124269,0
229032,0
238034,1
65975,1
2090,1
184345,1
246872,1
83506,1
28882,0
211930,1
112158,1
1791,0
1488,1
108357,1
132724,0
155168,1
239233,1
162948,1
165424,1
115816,1
182992,0
173609,0
234179,0
41687,1
216349,1
100232,1
75606,1
146313,1
86850,1
109450,1
129721,0
232921,1
174690,1
176715,1
63884,1
239473,1
168362,1
233148,1
40552,1
125747,1
123319,1
208066,1
207168,0
235504,1
157856,1
10771,0
2049,1
263099,0
198077,1
213337,1
92828,1
250636,0
48659,1
249180,1
173626,1
212688,0
109269,0
68755,1
46100,1
133109,1
31144,1
78636,1
170825,1
37187,1
164884,0
32667,1
230954,1
38536,1
25834,1
225356,1
54928,1
233646,1
94125,1
223476,1
223517,1
228306,0
6636,1
129202,1
184898,1
210616,1
101121,1
6248,1
263508,0
109076,1
121876,1
116179,1
227661,1
15530,1
30978,1
159276,1
93017,1
93786,0
179341,1
109465,1
59063,1
26584,1
231531,1
250097,1
22368,1
148777,0
69838,1
171039,1
244453,0
117766,0
122687,1
72933,1
227652,1
250983,1
135008,1
205283,1
41863,0
57343,1
104282,1
248641,1
158611,0
148614,1
173059,1
99100,0
85106,1
116574,1
164667,1
211170,1
250503,1
137423,1
92958,1
213555,1
90556,1
18478,1
214663,1
239209,0
129575,1
65693,1
185780,0
234031,1
22901,1
770,1
190755,1
201955,1
192406,1
143901,0
74251,1
48009,1
62492,1
127227,1
199502,1
225409,1
90218,1
249424,1
25655,1
31279,1
184556,1
169250,1
235949,0
74683,1
205607,1
253787,0
186536,1
171743,1
221073,0
95859,1
138096,0
217970,0
34425,1
79494,1
244015,1
50551,1
232044,0
95045,1
235758,1
139945,0
158023,1
237585,0
13664,0
128386,1
222155,1
224873,0
215573,1
265484,1
127302,1
225597,1
55412,1
214217,1
83887,1
70512,1
1015,1
182237,1
215200,1
80966,1
38613,1
47469,1
105871,1
95391,1
35887,0
163415,1
101053,1
54421,1
149957,1
208223,1
132839,1
258021,1
218163,1
220719,0
168971,1
162344,0
184860,1
36525,1
243216,1
126767,1
11975,0
105567,1
224384,1
192879,0
248899,0
124408,1
94397,0
244422,1
207465,1
14373,1
47485,1
242422,1
18524,1
33124,1
196781,1
210924,1
262953,1
240832,1
131887,1
170641,1
243746,1
33689,1
206478,1
199106,1
143334,1
265790,1
12999,1
23099,1
687,1
139094,1
17307,0
133441,1
97530,0
237414,1
190391,1
93125,1
207621,1
177968,1
222820,0
128849,1
20909,1
224577,1
20570,0
102259,1
191589,1
210492,1
183652,1
63924,1
47323,1
92223,1
244922,1
199718,1
70986,1
136537,1
160095,1
191846,1
184024,1
5293,0
53607,1
265438,0
259433,0
135796,0
37572,0
50225,1
84229,0
68646,1
224179,1
248502,1
4071,0
148949,1
223127,1
207787,1
176096,1
126107,1
192411,1
128030,0
84377,1
29569,1
210472,0
150727,1
260631,0
47440,1
87082,1
36483,1
189577,1
146326,1
14943,1
66616,1
99464,1
95694,1
161749,1
126237,1
247153,1
206559,1
4778,0
222883,1
21403,1
122721,0
35991,1
215866,1
97839,1
89079,1
24628,1
130451,0
247465,0
133023,0
59224,1
233345,1
204093,1
76006,1
112402,0
241944,1
222297,1
217749,0
31175,1
232966,1
112,1
187576,1
263521,0
76207,1
113512,1
136838,1
5127,1
43990,1
166986,1
260256,1
104735,1
252106,1
209090,1
174633,1
110886,1
207417,1
201675,0
61640,1
172482,1
94976,1
230813,1
124740,0
186581,1
82795,1
166860,1
188782,0
246527,1
18512,1
200929,1
228153,1
31528,1
158496,1
29294,1
58135,1
141419,0
228864,1
51440,1
251335,1
215375,1
35496,1
266183,0
135192,1
260988,1
178506,1
111594,0
87201,1
176533,1
31283,1
28210,1
46610,1
173045,1
111657,1
262108,1
233317,1
31022,1
48497,1
110800,0
63096,1
40721,1
133083,0
231822,1
99882,1
102046,0
259840,1
40046,1
117419,1
25269,1
23667,1
265765,0
107899,1
26625,1
160754,1
74927,1
106394,1
199528,1
234265,1
9484,1
152603,1
238020,1
265066,1
166423,1
231228,1
139579,1
258311,1
59456,1
236974,1
148468,1
258070,1
147903,1
7893,0
99293,1
162691,0
14731,1
248574,1
55994,1
27375,1
237008,0
248225,0
96923,1
7612,1
158241,1
234163,0
91896,1
12922,1
113135,1
8571,1
74233,1
95024,1
5359,0
136873,1
4408,1
28923,1
258502,1
139309,1
35655,0
161152,1
77431,1
238641,1
131754,0
206777,1
191267,0
224240,1
261009,1
145071,1
192129,1
233361,1
25413,0
32077,1
194075,1
177937,1
241346,1
169881,1
135030,1
166826,1
93687,1
158416,0
78792,0
177674,1
258731,0
53734,1
199860,1
119099,1
44956,1
14735,1
233765,0
66133,1
7011,1
28662,1
41333,0
31845,1
75768,1
210537,1
116782,1
158130,0
20587,0
145237,1
130153,1
27593,1
200404,1
16910,0
200874,1
243250,1
65647,1
202522,1
162569,0
95540,1
9579,1
881,0
206276,1
107707,1
200541,1
32199,1
226631,1
134133,1
55660,1
23253,1
148731,0
84814,1
243591,1
172991,1
264583,1
105233,1
231880,0
168456,1
68001,1
21164,1
87974,1
99841,1
31503,1
212385,1
166057,1
238937,1
98276,1
121722,1
113281,1
113331,1
111699,0
198365,0
213459,1
151846,0
168313,0
122051,1
149236,1
126513,0
244247,1
201951,1
13905,1
107526,1
44987,0
30764,1
187494,1
207631,1
252270,1
84004,1
189427,1
32473,1
70863,1
242714,1
51631,1
101325,0
231031,1
107374,1
179694,1
5530,0
111733,1
193571,1
97520,1
90522,0
163297,1
30759,0
192914,1
235551,1
43755,1
59720,1
67481,1
170431,1
88656,1
17306,1
18680,1
80163,1
19974,0
57638,0
87575,1
108362,1
6242,0
127548,1
264577,0
161583,1
43941,0
62996,1
11960,0
90576,1
86991,0
145473,0
123055,0
248040,1
116715,1
205362,1
76919,1
9936,0
27816,1
232765,1
39655,0
263892,1
187174,1
23196,1
259958,1
2646,0
201386,0
215186,1
216629,1
101182,1
115715,0
83632,0
247913,1
228576,1
189178,1
257878,0
91975,1
143613,0
254238,0
7375,1
11460,1
176527,1
118091,1
165745,0
251975,1
114029,1
1675,1
33443,1
165448,1
89401,1
213809,1
202410,1
13072,1
179262,1
215002,0
234112,1
154220,1
23184,1
186946,1
121006,1
15272,0
42806,0
258099,1
213127,0
198072,1
57959,1
111172,1
126465,0
194986,1
3184,1
75910,1
52445,1
136104,1
181922,0
255775,1
205340,1
79055,1
14590,1
97452,1
244528,1
71145,1
178298,1
198141,1
239174,1
103255,1
154394,1
135978,0
26219,1
33319,1
109876,1
157991,1
227461,1
254395,0
253537,1
191743,1
206904,1
125055,0
102447,1
206926,1
265348,1
220248,1
15283,1
40322,1
135242,1
71176,1
256220,1
48434,1
225911,1
184387,0
102263,1
71964,0
77497,1
41355,1
122251,1
254603,0
47912,1
37009,1
79910,1
71007,1
169298,1
146720,1
16238,0
9,0
16607,1
42675,1
253584,1
49946,1
256485,1
165391,1
91,0
204934,1
216775,1
117026,1
81347,1
126131,1
242582,1
81251,1
133769,1
166872,1
202833,0
66754,0
35165,1
168069,1
218161,1
98042,0
71691,0
166191,1
178508,1
163579,1
41218,0
8338,0
26088,1
254413,1
93699,0
165842,1
206036,1
205062,1
210435,1
34217,1
24581,0
189386,1
130489,1
240323,1
167226,1
178153,1
43081,1
75458,1
12311,1
138846,1
29385,1
253677,1
110553,1
37376,1
158858,1
86338,1
43620,1
31987,0
254424,0
178690,1
36407,0
263160,1
5385,0
211090,0
235909,1
59173,1
206037,1
183838,1
246288,1
125751,1
265168,0
60123,1
236626,1
18731,0
250749,1
248572,1
69108,1
164991,1
134084,0
92440,1
244146,0
243280,1
118000,1
237105,0
186272,1
13245,0
8729,0
107,0
125819,1
255207,1
85527,1
10954,0
27378,1
231330,1
194764,0
20483,1
108947,1
153559,1
144615,1
87319,1
121147,1
240391,1
125441,1
58379,1
9033,0
160757,1
32766,0
46572,1
30633,1
95361,1
102339,1
177094,1
205932,1
127061,0
156950,1
188485,1
31609,0
121923,1
239392,1
109511,1
23609,1
46482,1
70430,1
199265,1
163021,1
106326,1
175227,0
214159,1
150472,0
119499,1
179582,1
72156,1
56987,1
170741,1
115580,1
210715,1
197471,1
217316,1
251963,0
260482,1
115205,1
84266,1
156794,1
144871,1
98390,1
119013,1
91472,1
38196,0
39391,0
130030,1
133996,1
83173,1
105570,1
105315,1
183100,1
225700,1
235601,1
242034,0
238496,0
29509,1
117159,1
5526,1
118591,1
67608,1
85947,1
27732,1
113156,0
248886,1
205591,0
148166,1
156376,1
159504,0
102904,1
71220,1
250991,1
90222,1
213686,0
231062,0
2431,1
194352,1
24985,1
142458,1
50011,1
185610,1
130189,1
136766,0
70815,1
141249,1
44851,0
91803,1
201794,1
41986,0
174204,1
187840,0
180219,1
242568,1
247830,1
68800,1
137358,1
36629,1
262942,0
43929,0
203743,1
263030,1
55080,1
257532,1
65530,1
12782,1
94217,0
257254,1
91185,1
34950,1
45941,1
60239,1
126842,1
4773,1
215795,0
75132,1
151357,1
131611,0
33454,1
117671,1
110696,1
212749,1
35757,1
144885,1
237739,0
76086,1
252538,1
81351,0
131619,1
2480,0
175262,1
192449,1
199537,1
56949,1
31458,1
4982,1
264175,1
78299,1
172479,1
98076,1
194847,1
229876,1
157403,1
191929,1
153593,1
212726,1
265612,1
111501,1
208194,1
22342,1
229785,1
189579,1
14328,1
80106,1
136288,1
55714,1
216582,1
96604,1
154893,1
115014,1
99510,1
258221,1
119874,0
132369,1
161700,1
238408,1
95739,1
156528,1
171766,1
234819,1
91769,1
126818,1
19659,1
61274,1
132124,1
144151,1
23377,1
173744,1
45008,1
97608,1
219144,1
98143,0
68013,1
159848,1
80008,1
243921,1
15557,0
52812,1
80992,1
36203,1
91762,1
90633,1
35074,1
58713,1
68852,1
199367,0
67343,0
257770,1
107311,1
156318,0
165395,1
103686,1
116355,1
194840,1
183561,1
44227,1
236140,1
72284,1
129450,1
201334,1
209456,1
243991,1
126670,1
109615,1
244487,0
127172,1
25283,1
224153,1
179609,0
202290,1
67223,1
242779,1
144636,1
251094,0
79028,1
111364,1
183966,1
257200,0
30358,0
114249,1
59609,1
149059,1
201484,1
237839,1
219500,1
235010,0
27689,0
148749,1
181100,1
228437,1
27890,1
27990,1
214430,0
178464,0
100414,1
28601,1
234054,1
152475,1
117062,1
13258,1
33,1
13790,0
52779,0
200269,0
202947,1
59674,1
149037,0
169054,1
167127,1
58099,0
216568,0
244219,0
212968,1
163985,1
65728,0
40744,1
45114,1
85739,1
223346,0
214769,1
148071,1
54822,1
264693,1
20323,0
183564,1
226507,0
154523,1
194811,1
79979,0
160649,1
217409,1
73925,1
150439,1
220969,0
11516,1
98974,1
109948,1
139230,1
23820,1
20559,1
179011,0
93827,1
35425,1
212367,1
62608,1
27531,0
24926,1
81807,1
17861,1
20180,1
110839,1
32589,1
202584,1
239204,0
94411,1
42162,1
115974,1
208965,1
256533,1
33603,1
8315,1
201425,1
196365,1
261092,1
159590,1
117310,1
131965,1
102922,1
100933,1
34642,1
24526,1
86033,1
238178,1
175676,1
43591,1
124654,0
95200,1
205201,1
215272,1
20544,1
53480,1
186660,1
250776,1
14029,0
129401,1
83144,1
57807,1
201693,1
142043,0
149081,0
182368,1
135301,1
118507,1
240020,1
9536,1
229134,1
52652,0
223436,0
202763,1
153181,1
13993,1
170167,1
201838,1
52960,1
73442,1
3301,0
266395,1
29461,0
220922,1
88054,0
129405,1
252709,1
163530,1
258376,1
92939,1
187323,1
191737,1
262025,1
211773,1
164728,1
79536,1
165935,0
196125,1
62816,0
2052,0
202549,1
155974,0
256887,1
240703,0
158407,0
13673,1
231154,1
146050,1
51064,1
22166,0
30224,1
187206,1
69172,1
177323,1
19611,1
96251,0
192826,1
221523,0
85165,1
32608,1
218439,1
49877,0
194183,1
115531,1
166603,0
38010,1
193931,1
158487,0
7472,1
129335,0
82265,1
92123,0
202137,1
135893,1
106884,0
136929,1
28724,1
1256,1
200897,0
103074,1
8674,1
66896,1
148301,1
41963,1
87810,1
80169,1
133953,1
73867,1
5465,0
164570,0
129042,1
88753,1
213093,1
87830,1
256576,1
39927,1
107843,1
188796,1
120520,1
167759,1
4349,0
257237,1
3412,1
172821,1
113707,1
56996,1
204523,1
215420,1
66009,1
69514,1
106722,1
152848,1
58172,1
10373,1
109888,1
189805,1
114620,1
170669,1
105649,0
108644,1
128641,0
203533,1
162814,1
96818,1
257089,1
23721,1
117721,1
230171,1
32481,1
239737,1
81435,1
252689,1
19456,1
113234,1
253917,1
162831,1
149748,1
20613,1
97024,1
160978,1
113291,1
149994,1
169308,1
14710,1
205571,0
80339,0
27367,1
169934,1
118366,1
52105,0
125578,1
234960,1
266565,1
263539,0
89469,1
130174,1
216148,0
211665,0
135469,1
83988,1
118145,1
111390,1
124165,0
55982,0
224615,1
193991,1
232673,0
228180,0
54856,1
191829,1
146938,1
34792,1
198339,1
168862,1
139031,1
161812,1
100874,1
78071,1
17898,1
208757,0
259819,1
78293,0
63679,1
7446,0
246621,1
98024,0
121516,1
260728,0
129520,0
205253,1
78222,1
265056,0
146205,1
209237,1
215962,1
7638,0
189857,1
20529,1
131606,0
146811,1
243638,1
57100,0
86759,1
229784,1
261882,1
236802,1
165678,0
112472,1
230803,0
89417,1
105358,1
218515,0
48722,1
57328,0
165171,1
65345,1
207822,0
106139,1
90419,1
117477,0
5609,0
56317,1
11710,0
145361,1
151962,1
52204,1
38455,1
259706,1
86463,1
72919,0
128958,0
212956,0
60863,1
73759,1
79126,1
237721,1
19236,1
98270,1
220059,1
31106,1
166720,1
217078,1
172262,1
252923,0
185613,0
232075,1
254506,1
242126,0
29766,1
20503,1
113482,1
139620,0
153201,1
130904,0
92846,1
203011,1
238936,1
209834,1
118744,1
197213,1
111796,0
47108,1
112577,1
69706,1
66122,1
82070,1
249113,1
27380,1
220324,1
135703,1
1009,0
220340,1
23623,1
242395,1
172928,1
128692,1
80150,1
16832,0
224722,1
247404,1
159544,1
134962,1
157805,1
40853,1
47827,1
24734,1
17988,1
31294,1
16156,1
67063,1
219600,1
244419,1
162655,1
114691,0
72470,1
257054,0
60018,1
230654,1
64136,1
47831,0
48490,0
141542,1
136366,1
254530,0
15884,0
153763,1
227165,1
126318,0
81111,0
241468,1
207293,1
145839,1
140634,1
254030,1
97310,1
129910,1
7670,1
77666,0
210579,1
2276,0
115449,1
63138,1
56114,1
232452,1
60340,1
96503,1
150292,1
130164,1
149154,1
262086,1
217508,1
75003,1
197329,1
214222,0
178635,0
162439,1
84714,1
94497,1
145506,0
23535,1
116599,1
251473,1
253800,0
251369,0
33032,1
262259,1
218864,1
241644,1
215331,1
24503,1
190644,1
62574,0
71484,1
246726,0
208128,1
103670,1
153076,1
33528,1
180508,1
216569,1
146537,1
18966,1
104061,0
84827,1
208506,1
116056,1
57681,1
117504,0
57347,1
54175,1
204860,1
79498,1
256145,0
95169,1
261080,1
137755,1
217073,0
114300,0
85787,1
178413,1
191065,1
71919,1
9270,0
61391,0
258267,0
140206,1
106404,1
49930,0
48334,1
131019,0
54083,1
10424,1
190640,1
118697,0
58687,1
144323,1
55671,0
177458,0
206829,1
35157,1
67088,1
59025,0
55194,1
168073,1
149963,1
236367,1
63345,1
186521,1
50656,1
143048,1
23807,1
188368,1
57155,1
108413,0
104013,1
58836,0
109199,1
28356,1
139452,0
250778,1
46376,1
168352,0
16771,0
79755,1
31113,1
201223,1
188875,1
40998,1
219067,1
200394,0
104018,1
242243,1
206187,1
6287,1
90217,1
110428,1
94239,1
261340,0
108831,1
236642,1
239045,0
101049,0
32610,1
111981,1
32756,1
195804,0
37939,1
27540,1
234890,1
119889,1
47039,1
255700,0
15612,0
462,0
123183,1
179607,1
212531,1
100901,1
150501,1
126360,0
89361,1
134087,1
131648,1
212731,0
118721,1
126435,1
155934,1
8229,0
226248,1
69839,0
7948,1
26161,0
122081,1
242652,1
216967,0
161528,1
13236,0
172129,1
15890,0
117021,1
109794,1
75229,0
20782,1
192201,1
195106,0
172371,1
122218,1
223029,1
195556,1
108052,0
86270,0
234824,1
253788,1
78488,1
238988,1
124011,0
208084,0
224700,1
34052,1
34499,1
200070,1
59901,0
214382,0
137261,1
151493,1
8926,1
90439,1
72276,0
240627,1
172759,1
249373,0
114852,0
167168,1
36379,1
183252,1
152647,1
114465,1
63219,0
72143,1
44866,1
260773,1
141096,1
189885,1
22270,0
89271,1
72818,1
22066,0
163129,1
88602,1
28065,1
39568,1
133578,0
131958,1
29404,1
185922,1
57141,1
211111,0
156535,0
67450,1
109155,1
21255,1
85986,1
2425,0
184764,1
76619,1
148884,1
149950,1
173627,1
173818,1
170687,0
186358,1
106285,1
138047,1
69229,0
80752,0
154956,1
212751,1
66247,0
26119,1
177657,1
211748,1
239811,1
197811,1
259331,1
77021,0
35281,1
248426,0
100642,1
476,0
108593,1
259716,1
85114,1
182981,1
7376,1
26808,1
171568,1
250507,1
245689,1
77474,1
69430,1
9751,1
174731,1
75409,1
73320,1
75749,1
103247,1
245143,1
99078,1
123242,1
154119,1
111729,1
75043,0
249591,1
133669,0
75195,1
224423,1
235658,1
265759,0
206945,1
163503,1
174448,1
151894,1
257804,1
118008,1
153627,1
222907,0
192814,1
222751,0
83413,1
22174,0
68982,1
121045,1
28057,1
8083,1
211189,0
62956,1
150755,0
251941,1
202792,1
53404,1
155831,0
220344,0
77118,0
153920,1
135795,1
212271,1
186702,0
205665,1
28932,1
41153,1
226007,1
116571,1
190585,0
127242,1
259322,0
94815,1
81756,1
258410,1
127407,1
56394,1
207272,1
54762,1
64333,1
85346,1
59483,1
192156,1
249033,0
163539,1
23917,1
88583,1
123488,1
75865,1
190660,1
187768,1
5740,1
130623,1
112849,1
117306,1
94576,0
20463,0
67453,0
43363,1
19835,1
8763,0
153372,1
194534,1
218641,1
255393,1
163451,1
201538,0
34111,1
56636,1
224921,1
210011,1
52618,1
215426,1
257232,1
194336,1
168999,1
168545,1
133511,1
155240,1
231846,1
156931,1
158568,1
179392,1
254827,1
95845,0
45998,1
196929,1
166740,1
48242,0
244168,1
149268,0
148998,1
122995,1
154386,0
31490,1
171593,1
228277,0
241771,1
88853,1
121793,1
127900,1
157633,1
86012,1
150607,1
12861,1
54158,1
120601,1
40989,1
39971,1
148312,1
101778,1
82891,1
59939,1
93316,1
261051,0
65641,1
261514,0
176187,1
131113,1
263354,0
266520,1
84463,1
132006,1
173028,1
190460,1
137669,1
89584,1
136041,1
139405,1
55358,1
176445,1
24220,1
84374,1
214735,1
30709,1
12833,1
19887,0
228140,1
240221,1
244494,1
13304,1
247727,0
124759,1
5014,1
257656,1
178061,1
2602,0
170483,1
192397,0
182054,0
212770,1
46642,1
175954,1
120915,1
91963,1
68598,1
80313,1
50118,1
163596,1
95241,1
115194,0
229220,1
255881,1
240430,1
163832,1
113013,1
215647,1
42199,1
50853,0
72561,0
92239,1
168837,1
242509,1
157077,1
78653,1
240691,1
138173,1
61993,1
100902,1
48582,1
129659,1
54870,1
148112,1
39168,1
47269,1
263091,1
140270,1
261742,1
185141,1
217004,1
240168,1
138016,1
79061,0
81996,0
166209,0
169055,1
223648,1
112050,1
129107,1
167869,1
223015,1
69098,1
69998,1
29895,1
192878,1
50039,1
34576,1
62386,1
4943,1
92811,1
88523,1
67464,0
61851,1
181327,1
195982,1
97238,1
32032,1
34998,1
75402,1
39159,1
159131,1
48324,1
257811,1
198228,1
89594,1
6884,1
89847,1
159411,1
159947,1
205104,1
157840,0
240599,1
78951,1
61076,1
142071,1
253100,1
76680,1
109793,1
109138,1
36192,1
91996,1
135263,1
11024,0
184308,1
44564,1
128669,1
52347,1
237265,1
141976,1
251651,0
105488,1
194746,0
203898,1
117145,1
91492,1
21622,0
233721,1
117773,0
145565,0
112507,0
70628,0
244751,0
52943,1
63638,1
101138,1
45732,1
83136,1
220347,1
2518,1
7827,1
183214,1
228802,0
136052,1
229605,0
19801,0
239955,1
204994,0
137282,0
140576,1
42797,0
55436,1
15915,1
142255,1
60436,1
166570,0
102544,1
261334,0
13125,1
162750,1
1895,0
205804,1
70282,1
167202,1
7410,0
22484,1
124569,1
120673,0
249562,1
198964,0
38619,0
10928,1
200356,0
6241,0
129832,1
85453,1
195109,0
79075,1
178633,0
154380,1
121997,0
239583,1
201905,1
250691,1
159519,0
8380,1
165431,1
14274,1
7741,1
74346,1
52184,1
157972,1
62088,1
7550,0
232459,1
123400,0
77630,1
256953,1
128263,1
101282,1
75138,1
204967,1
181642,1
187701,1
70963,1
6578,1
193558,1
125246,1
46986,1
249317,1
180446,1
195662,1
218771,1
17807,0
142961,1
65839,1
1403,0
249051,1
264158,1
146672,1
243709,1
61739,1
120835,1
63027,1
146092,0
197547,1
106648,1
98425,1
193469,1
214463,0
260610,1
35522,1
241242,0
232925,1
105935,1
190839,1
62048,1
26548,0
169665,0
228504,1
217695,1
2136,1
153674,1
139602,0
196399,1
22868,1
216989,0
38854,0
170562,1
67503,1
37136,1
25846,1
58386,1
181171,1
157816,1
262685,0
120980,1
190852,1
146133,0
160954,0
37707,1
64076,1
205347,1
105260,1
35722,1
176140,1
214992,1
57825,1
139109,1
143937,1
178907,1
2725,0
118412,0
253149,1
67906,1
14906,0
229608,1
201072,1
106743,0
152373,1
41570,1
230375,1
243442,1
27029,1
119684,1
201383,1
206732,0
181463,1
67629,1
79394,1
186806,1
193126,1
125637,1
117357,1
64512,1
166119,1
113792,1
149257,0
153796,1
29574,0
86792,1
57396,1
264078,1
183720,1
14967,0
82922,1
145104,1
146146,1
20950,0
15014,1
70456,1
49803,1
172317,1
70104,1
44861,1
221327,1
99491,1
12320,0
159575,1
126695,0
261169,0
131665,0
187090,1
110049,1
235184,1
72076,1
15875,1
182956,1
189648,1
220917,0
14750,1
64529,1
211920,1
3313,1
224536,1
15515,1
265407,1
64982,1
19664,1
32632,1
12066,1
263478,1
195888,0
266149,1
233966,1
158749,1
162303,1
75316,1
216264,1
5166,1
86793,1
106664,1
85760,1
243160,1
45574,0
128076,1
191526,1
222176,1
3101,1
2398,1
228377,1
212116,1
219245,1
262724,0
142845,1
32558,1
160114,1
226596,1
155795,1
146646,1
130284,1
103417,1
13512,1
226653,1
205060,1
110636,1
97424,1
195874,1
26178,1
124675,1
229045,1
167688,1
254846,1
197173,1
163458,1
93338,0
167288,0
114218,1
217328,1
57922,1
4030,1
168454,1
28785,0
15954,1
205540,1
155003,1
180800,1
167129,1
171689,1
77766,1
95855,1
261938,0
242267,1
261384,0
61726,1
20502,1
51632,1
3151,0
31736,1
77070,1
222598,1
249961,1
4872,0
97366,1
265746,1
79019,0
7457,0
36949,0
61784,1
173386,1
17554,0
246785,1
195014,1
94406,1
92957,1
182510,1
186539,1
134023,1
246616,0
107241,1
180075,0
40079,1
10875,1
24777,1
84047,1
224672,0
171391,1
205254,0
115375,0
261473,1
239936,1
182327,1
51643,0
188317,1
133718,1
91343,1
13381,0
29930,1
255342,1
41380,1
164020,1
71786,0
32308,1
168642,0
195582,1
159721,1
145895,1
39293,0
217216,1
138692,1
156367,1
34119,1
130828,1
15997,1
100430,1
36511,1
9865,1
261198,1
207056,1
265166,1
6756,1
116596,0
51170,1
166100,1
184279,0
214726,1
243153,1
183995,1
236371,0
215735,1
87649,1
180332,1
62451,1
8158,1
154208,0
206947,1
4139,0
190359,0
190848,1
209297,1
170410,1
76157,1
27131,1
23466,1
194407,0
105474,1
38256,1
237281,1
108734,1
190669,1
239563,0
191805,1
257933,1
25674,1
153284,1
769,1
180414,0
180529,0
221608,1
60325,1
205172,1
14569,0
178883,1
214943,1
164107,1
96300,1
36311,0
77296,1
256186,1
113047,0
221211,1
88797,0
55297,1
225658,1
1998,0
163426,0
86849,1
261701,1
251235,1
265231,1
102173,1
183043,0
109286,1
170264,1
24332,1
92682,1
126361,1
113770,1
37176,1
190404,1
221934,1
67240,1
17154,1
55679,1
199952,1
60373,1
123876,0
260425,0
129881,1
215496,1
116336,1
223849,1
184922,1
266371,1
40170,1
134067,1
74742,0
228666,1
173073,1
151299,1
15182,0
209177,1
70851,1
218548,1
93720,1
32114,1
247239,1
118465,1
112285,1
84692,1
211125,1
246556,1
161190,1
118376,0
135227,1
252852,1
128232,1
171492,1
155016,1
79686,1
33330,1
142781,1
52703,0
21475,1
162017,0
70098,1
139412,0
262079,1
158016,1
194765,1
99989,1
183882,1
10810,0
27360,0
124681,0
241739,1
111290,1
157090,0
264485,1
202993,1
55813,1
226380,1
23418,1
182100,1
209788,1
243699,0
128567,1
232844,1
132800,1
15356,0
77545,1
156191,1
188570,1
6235,0
239777,1
130887,1
196784,1
183796,1
177798,0
235336,1
133891,1
144805,1
121525,1
162830,0
17638,0
183437,1
121910,1
239620,0
166298,0
173892,1
126794,1
243904,1
74608,1
38325,1
68315,1
120597,1
85015,1
116163,0
179942,1
9082,1
28764,1
14917,1
97413,1
142316,1
7368,1
119292,1
126874,1
179045,1
143841,0
35362,1
187811,1
73046,1
115971,1
79056,1
263003,0
183888,1
101316,1
948,1
176916,1
18079,1
14486,1
250145,1
188596,1
214535,1
72140,1
247029,0
95441,1
135400,1
7462,1
180454,1
76461,1
252859,1
201193,1
225479,1
7932,1
90726,1
253804,1
25041,1
194776,0
146472,1
245233,1
225079,1
212150,0
33247,1
251429,1
192900,1
231579,0
46076,0
184989,1
171999,0
191654,1
89437,1
156424,1
246858,1
80799,0
246246,0
106475,1
143273,0
185755,1
32059,1
116675,0
205766,1
118636,1
245946,1
58405,1
193848,1
135887,1
33480,1
5300,1
263175,0
121335,1
230261,1
247635,1
258324,0
105703,1
255477,1
259707,1
259785,1
137390,0
249305,0
214234,1
237722,0
92895,1
173378,1
137562,1
201068,1
225138,1
36306,1
50837,1
52282,0
72264,1
163827,1
251320,1
256589,0
221530,1
122477,1
5261,1
27204,0
172257,1
2690,0
114614,1
169119,1
138208,1
101558,1
89626,1
209803,0
27583,1
49657,0
247843,1
66725,0
229035,1
22224,1
217544,1
248547,0
167213,1
175190,1
138195,1
152937,1
224013,1
110356,1
226700,1
25428,1
243922,1
77307,1
139541,0
255326,1
246034,0
191270,1
197784,1
109944,1
180809,0
162849,1
77226,1
72601,1
67220,0
209647,0
173633,0
206558,1
144925,1
134581,0
94716,1
141425,1
262114,1
119842,1
168914,1
195229,1
260967,1
168057,1
95913,1
134080,1
208862,1
110866,1
60760,1
47145,1
100607,1
173615,0
182913,1
41634,1
207246,1
214400,1
20501,1
260687,1
192760,1
23644,1
238050,1
40573,1
12904,0
241547,1
85494,1
16344,0
246505,0
17130,1
254990,1
216132,0
226002,0
238802,1
123767,1
230842,1
257183,1
170289,1
61514,1
212626,1
169401,1
6320,0
20386,1
61576,1
250392,1
98068,1
53857,1
105482,1
19221,1
183781,0
212711,1
82997,1
126280,1
18374,0
83942,1
127947,0
152681,1
153310,1
70802,1
99246,1
92506,1
253195,1
178277,1
58521,1
209756,0
57539,1
25299,1
56710,1
196483,1
25814,1
62366,1
106746,1
33469,1
133552,1
93658,1
82055,1
160302,1
43589,1
32223,1
50538,0
101867,1
1731,1
12910,1
192888,1
117139,1
1911,1
261556,0
154861,1
179764,0
246628,1
79553,1
113120,1
131630,1
200464,1
29451,1
137415,1
61321,1
73875,1
51861,1
12515,1
91159,1
191532,1
46674,1
62640,1
177977,1
255608,1
142467,0
87859,1
194333,1
127998,1
72970,0
87489,1
191333,0
34291,0
237547,1
258900,1
73326,1
135371,0
121674,1
265877,0
185327,0
94274,1
242584,0
264375,0
210742,1
235343,0
146511,1
5523,1
14475,1
88543,0
203986,1
98795,1
169713,1
226776,1
56373,1
17098,1
96063,1
30188,0
80416,0
63904,0
52505,1
219052,1
205237,1
202668,1
242237,1
197346,1
201105,1
136583,1
20651,0
84728,1
202713,1
8386,1
236937,0
73036,1
52590,0
239449,1
251642,1
82826,1
106871,1
181414,1
81798,1
10774,1
232617,1
137447,0
222497,1
54457,1
148393,1
42616,1
210002,1
11026,1
243870,1
61011,1
171732,1
113710,1
167558,1
240086,0
110005,1
50230,1
211655,1
15239,1
251272,1
75663,1
179974,1
80018,1
249111,0
60625,1
123476,1
56080,1
77779,1
204195,1
142222,1
125544,1
200936,1
178115,1
85895,1
75172,1
48484,1
82971,1
196349,1
46942,1
66469,1
174130,0
181747,1
239779,1
26264,1
37758,1
132714,1
207607,1
59818,1
39729,1
230196,1
84512,1
250533,1
245661,1
155699,1
153486,0
61294,1
30571,0
45189,1
228772,1
207504,1
129082,1
103043,1
122326,1
172742,1
81874,1
23055,1
258237,0
186776,1
38882,1
15573,1
192689,1
28836,1
137824,1
254201,1
136114,1
58225,1
104920,1
110563,1
16324,1
196664,1
29414,0
187906,0
167108,1
3409,1
90866,1
197454,1
148165,1
210037,1
18708,1
210868,1
97355,1
139107,1
101300,1
56150,1
40505,1
150809,1
161095,1
203359,1
123779,1
195212,1
154875,1
167468,0
70922,1
93373,1
96206,1
104060,1
80507,0
21388,1
221791,1
156585,0
9247,1
101450,1
76175,1
204511,1
140010,0
234255,1
116123,0
252453,1
216838,1
12252,1
189672,0
136692,1
187159,1
208282,1
84023,1
243005,0
69006,1
151434,1
42431,1
125047,1
160942,1
5501,1
145608,1
261869,1
101180,1
200998,1
145416,1
252359,1
36497,1
135416,1
200940,1
67881,1
36678,1
70721,1
99507,1
113437,0
54932,1
20533,1
166143,1
251070,1
157428,1
62869,1
164310,1
241608,1
100766,0
179664,1
100835,0
113893,1
111248,0
71022,1
186310,1
91044,1
201993,1
147654,1
124894,1
245858,1
91309,1
174240,0
13107,0
130622,1
144906,1
117605,1
202052,1
88280,1
150749,1
164848,1
162530,1
174144,1
224748,1
160998,1
232410,1
216233,1
206086,1
59600,1
62195,0
88569,1
156392,0
70128,1
177877,0
234579,1
8635,0
86035,0
57019,1
211494,1
41879,0
203193,1
64791,1
53947,1
57526,1
71264,1
169218,1
91060,1
210528,1
164184,1
8651,1
227964,1
130227,1
109390,0
42740,1
137369,1
52233,1
141968,1
220028,1
146926,1
246578,1
73881,1
80540,0
6392,0
117197,1
259552,0
112255,1
111295,1
75795,1
18824,1
32351,1
40194,1
125526,1
237362,1
127656,1
223211,1
60150,1
131960,0
160340,1
232758,1
153460,1
45521,1
182681,0
80129,1
117655,1
143267,1
183038,1
142109,1
233595,0
257014,1
245379,0
133294,1
33634,1
250267,1
74966,0
14091,1
175945,1
238127,1
27458,1
124234,1
111573,1
201090,1
84076,1
58490,1
57352,0
35620,1
176858,1
265678,0
102560,1
212084,1
60465,1
193147,1
47882,1
209504,1
166497,1
81036,1
244337,1
99932,1
234694,1
54408,1
211124,0
234368,1
160496,1
98075,0
80232,1
4570,1
24457,1
30874,1
30675,1
164491,0
200679,1
109608,1
146564,0
103191,1
128466,1
229643,1
54013,0
213388,1
78594,1
178514,0
147027,1
162596,1
190153,1
216266,1
219183,1
22282,1
219803,1
75568,1
201008,1
85101,1
153716,1
16501,1
261561,1
211235,1
130691,1
181862,0
60827,1
186281,1
82238,1
10546,1
177663,1
200544,0
218288,1
220920,1
202220,1
21752,1
138057,1
35795,1
238756,1
124947,1
205798,0
140096,0
90044,1
258134,1
183298,1
207591,1
245338,1
112363,1
80180,1
16704,1
91166,1
52075,0
81217,1
240164,1
265801,0
263283,1
57947,0
105478,1
93489,1
1781,1
173418,1
28096,0
213327,1
254369,0
120211,0
118762,0
40614,1
137224,1
40766,1
144946,1
37283,1
56366,1
152232,0
105229,1
54502,1
216112,1
199429,1
242197,1
48980,1
189667,1
113359,1
152390,0
101491,1
77939,0
197322,1
250584,0
51320,1
137997,0
219157,0
194895,1
31445,0
59367,1
237629,1
90369,0
132508,0
91381,1
178111,1
163123,1
135332,1
197579,1
174740,1
192289,0
34205,1
10019,0
133218,1
10659,1
156197,1
58056,0
206122,1
258479,0
83277,1
54567,1
208168,1
45874,1
226888,1
255959,1
96624,0
175388,0
170566,1
34415,1
92196,1
27835,1
86742,1
155588,1
240273,0
158288,1
201314,0
41368,1
110320,1
110533,0
142771,1
32952,0
205833,1
92404,1
221289,1
64553,1
137716,0
231233,0
213879,1
51007,1
255156,1
187178,1
138063,0
241434,1
184081,1
80946,1
57247,0
12362,1
225969,1
194179,1
105753,1
185247,1
190296,1
261191,0
214692,0
4517,1
163522,1
242499,0
180839,1
23008,1
183318,1
247688,0
7989,0
64132,1
256494,0
127719,1
61125,1
244744,1
205441,1
26397,1
185214,1
204443,0
205392,1
196102,1
252928,1
258318,0
79021,1
153768,1
228818,1
61778,1
105098,1
35976,1
58264,1
76658,1
189753,1
42733,0
107744,1
21503,0
105584,0
173945,1
262332,1
151974,1
237089,1
55016,0
257289,0
196151,0
63548,1
55158,1
63037,0
232876,0
207189,1
113935,1
108996,1
227601,1
51378,1
83322,1
99444,1
25767,0
64997,0
32241,1
62466,1
190227,1
207368,1
136760,1
44694,1
187107,0
107261,1
83653,1
56309,1
214780,1
134973,1
148290,0
245797,1
176188,1
121599,1
40592,1
208992,1
214460,1
162010,0
220162,0
112311,1
163134,1
190777,0
12429,1
21104,1
33693,0
11527,0
259275,1
126334,1
28602,1
82585,0
240569,1
183056,1
5652,0
155865,1
31959,1
242594,1
46238,1
97885,1
99495,0
69464,0
226256,1
207367,1
6403,1
62728,1
74537,1
83615,0
97014,1
176008,1
203472,1
129453,1
212936,0
211557,1
100959,1
61337,1
103609,1
175181,1
30329,0
152875,0
79965,1
236794,1
179537,1
82926,1
57781,1
237820,1
150049,1
77794,0
190267,1
264739,1
89027,1
139905,0
86630,1
149672,1
18258,1
48524,1
29403,1
6723,0
13877,1
233713,1
30393,0
253361,1
199354,1
197915,1
247131,0
244553,0
16793,0
133340,1
106136,1
149362,1
168067,1
60477,1
47531,1
28383,1
185236,1
32931,1
26578,1
127747,1
143518,1
28102,1
244985,1
52717,1
202611,1
103199,1
66303,0
42284,1
103097,1
217038,1
95620,1
43950,0
125886,0
11546,1
139839,1
230246,1
134141,0
137532,1
234145,1
234215,1
86789,0
246912,1
70294,1
146519,1
193312,0
103544,1
254887,0
244113,1
166294,1
252964,1
12287,1
99044,1
33850,1
171721,1
210328,1
235187,0
91203,1
65319,0
232697,1
247915,1
7646,1
4343,0
175949,1
72015,1
209900,1
32025,0
18243,1
24803,0
64937,1
237922,0
135512,1
115861,1
2780,0
198793,1
141195,0
64055,1
105872,1
115443,1
226906,0
255183,0
189237,1
39010,1
117137,1
191598,1
57517,1
205916,1
46184,1
158941,1
94302,1
73537,1
224664,1
128226,1
224273,1
224239,1
183339,1
2308,1
207908,1
5723,1
162783,1
29042,1
80022,1
133615,0
96130,1
173907,1
45278,1
59492,1
216708,1
80781,1
237077,1
130797,1
70770,1
253579,1
203077,1
251539,0
174143,1
150628,1
15878,0
112661,1
57310,1
42630,0
146287,1
240428,1
6190,0
143112,0
69997,1
44678,1
99488,1
30166,1
248681,1
139223,1
65927,1
29369,1
105876,0
58868,1
44551,1
48206,1
165831,0
7545,1
154884,1
19833,1
72628,1
30854,0
120975,0
183625,1
187089,1
95006,1
107053,0
6679,0
258481,1
231399,1
133800,1
251461,0
154314,1
14571,1
7918,1
117462,0
161780,1
9697,0
47150,1
25147,1
97167,1
205139,1
26987,1
149968,1
67020,1
253542,1
111614,1
44494,1
12420,0
153222,0
266139,1
85193,0
105636,1
224253,0
266226,1
258706,1
244086,1
212414,1
31085,0
81711,1
152400,1
151338,1
83030,1
175305,1
189339,1
119457,1
155979,1
201056,1
104135,1
99760,1
52626,1
150719,1
250736,1
43396,1
97130,1
209632,1
251156,1
140095,1
37340,1
140512,1
94764,1
212900,1
242939,1
56466,0
135031,1
123143,1
207828,1
217319,1
95970,1
141038,1
94320,1
129860,0
148213,0
40359,0
9918,1
27970,0
95358,1
27596,0
58519,1
197806,1
22009,1
204465,1
228240,1
35216,1
246687,1
235645,1
4466,1
234902,1
234912,1
56877,1
222051,1
107027,1
253993,0
144314,1
10811,0
27356,1
163782,1
123474,1
36912,1
84278,1
28288,1
75266,1
51694,0
1912,0
231167,1
19946,1
135414,1
119352,0
195444,1
198220,1
81003,1
118888,1
236187,1
133994,1
162795,1
256524,1
122926,0
168340,1
134061,1
119471,0
33548,1
76740,1
87835,1
165065,1
194202,1
126839,1
134172,1
41961,1
118846,0
246596,1
173457,1
126522,0
221448,1
103240,1
7372,1
68444,1
207435,1
40810,1
25607,1
146503,1
7430,1
155005,1
254331,1
147790,1
81764,1
130794,1
182552,0
47385,1
194644,1
190301,1
260149,1
18206,1
225803,0
33195,1
20821,1
109693,1
263319,0
37462,1
176237,1
247019,1
45963,1
58992,1
180552,0
84735,0
198991,1
231012,1
172988,1
46900,1
27882,1
171441,1
89337,1
3527,1
161547,1
73969,1
263050,0
4991,0
253603,0
68082,0
102135,1
253859,1
138053,1
60687,1
236175,1
81420,0
24954,0
148945,0
20300,0
191728,1
150667,1
141446,0
23362,0
158691,1
49784,0
243920,0
102408,1
42700,1
214333,1
107538,1
228419,1
192904,1
69465,1
143791,1
41564,1
55498,1
250663,1
33765,1
24994,0
214241,1
105845,1
225927,1
198784,1
212060,1
238719,1
82150,1
34183,1
40655,1
18859,0
5639,0
252330,1
227017,0
19968,1
233474,1
32455,1
40117,1
106593,1
173715,0
40016,1
57465,1
6338,1
154895,1
97375,1
14784,0
44978,1
149400,0
99267,1
246125,1
31885,1
228191,1
76587,1
235593,0
35961,1
256888,1
17477,1
16116,0
62474,1
62525,0
149412,0
6374,0
244709,1
160254,1
176148,1
232546,0
60564,1
134971,1
3487,0
11325,1
211458,1
262714,0
224715,1
144067,1
36431,1
114398,1
264126,1
175159,1
48122,1
158244,1
75437,1
203822,1
147437,1
55167,0
1096,1
242302,0
90495,1
186089,0
220197,1
257591,1
84427,1
67585,1
4201,0
177221,1
163074,1
101818,1
40711,1
60101,1
224520,1
61066,1
147026,1
6033,1
129398,1
102637,0
194968,1
67740,1
109609,1
74715,1
259405,1
258708,1
199508,1
39475,1
60195,1
94235,1
218705,1
77100,1
147100,1
82317,1
259630,1
209928,1
30249,1
80418,1
242097,1
23227,0
173833,1
74751,1
265627,0
36207,1
53312,1
171255,1
230574,1
22883,1
102906,0
95918,1
50386,1
4009,0
98763,0
215871,1
200662,1
99186,1
52425,1
39620,1
163268,1
148569,1
22799,1
177404,0
119853,1
266611,1
252404,0
213172,1
21454,1
18171,1
37953,0
236948,0
8778,1
207989,1
123223,1
266252,1
214850,1
216530,0
74738,1
144690,1
229712,0
121384,1
260508,0
136474,1
145300,1
223602,0
151315,0
74061,1
22751,0
48171,1
255362,1
229916,1
247028,1
93714,1
191567,1
55644,0
19850,1
195292,0
247503,1
1388,0
23006,1
142530,1
203347,1
134593,0
58308,1
179411,0
203639,1
93647,1
203857,1
52608,1
168499,1
98475,1
154873,1
247276,1
29017,1
10628,1
41835,0
55520,0
100264,1
149847,1
26168,1
6369,1
5875,1
212571,1
189759,1
242884,1
182009,1
102997,1
11094,0
127174,1
240338,1
44087,0
120590,1
107493,1
111097,1
230839,1
143415,1
142452,1
258894,0
158381,1
118559,1
98986,1
60819,1
71372,1
138456,1
136884,1
179692,0
86471,1
206424,1
171876,1
115571,1
197817,1
252968,0
80800,1
87271,1
55292,1
32001,1
70312,1
234935,0
227209,1
47267,1
205460,1
126803,1
58472,1
82918,0
115239,1
163301,0
177552,1
160097,0
110169,1
242229,1
82957,1
260494,0
70246,0
146238,1
104186,1
219366,1
1522,0
199026,1
27879,1
13455,0
69319,1
62865,0
260168,1
129338,1
44062,0
92240,1
233828,1
227200,1
177518,1
166985,1
194026,0
191839,1
161606,1
88988,1
172323,1
11757,1
141471,1
225011,1
174454,1
124849,1
225494,1
99201,1
53280,1
119986,1
61335,1
234648,1
32919,1
180530,0
152519,1
264261,1
187188,0
2796,1
108384,1
136309,1
239115,1
188560,0
233748,1
32204,1
105604,1
225140,1
186373,1
40241,1
255529,1
18412,1
143840,1
61918,1
204117,1
143959,1
92926,1
246950,1
132789,0
217687,1
111763,1
52,1
11049,1
220280,1
257446,1
161110,1
219180,1
94997,1
71189,1
87050,1
39919,0
67773,1
251721,1
141124,1
162793,1
32990,1
24974,1
92140,1
197533,1
262739,1
21251,1
80884,1
219382,1
24199,1
33910,1
234555,1
175007,0
191873,1
90194,1
151028,1
12929,1
214707,1
148352,1
247429,1
228618,1
149499,1
204905,1
15935,0
153934,1
22482,1
99352,1
266296,1
87535,1
197402,1
101191,1
85963,1
97419,1
251753,1
166164,1
190159,1
93151,1
163164,1
115965,1
240367,1
265691,0
202222,1
102698,0
62348,1
211394,1
165089,1
97824,1
167272,1
213889,1
76856,1
201263,1
180056,1
66375,1
135448,1
131735,1
82411,1
10520,1
244282,1
40916,1
106227,1
175993,1
157066,1
242789,0
190706,0
24372,1
220703,1
254021,1
245503,1
119702,1
85587,1
113067,1
48347,0
161079,1
74852,1
39215,1
2650,1
47075,1
103340,1
242067,1
186016,1
191380,1
139208,1
28976,1
128469,1
121268,1
3185,1
45472,0
30056,1
49550,1
27599,0
131393,1
80923,1
266261,1
255392,1
146854,1
73580,0
103788,1
7926,0
42635,1
5415,0
217149,1
43920,0
105786,1
56820,1
265640,0
208072,0
230265,1
90913,1
151763,0
132777,1
58646,1
57789,1
222955,1
244790,0
22056,1
265110,1
161718,1
180509,1
247753,1
262561,1
164690,1
238411,1
38632,1
196845,1
59896,0
28795,1
83536,0
166224,1
43956,1
152850,1
198424,1
100103,1
100692,0
55461,1
106603,1
189720,1
212409,1
43298,1
143663,1
143029,1
86998,0
188074,1
231395,1
211843,0
138376,0
234122,1
94674,1
132204,1
58419,1
14407,1
241705,1
245691,1
42151,1
123852,1
237924,1
15061,0
233301,0
242712,1
129990,0
183675,1
142258,0
254696,1
125629,1
113534,1
58344,1
245739,1
18452,0
232354,1
176406,1
142635,1
97637,1
54608,1
143445,1
152081,0
62917,1
153520,1
214246,1
110648,0
103683,1
117804,0
45069,0
191390,1
92540,1
1600,1
58061,1
204689,1
180224,1
102183,1
17526,1
257849,0
213381,0
221675,1
98954,1
69380,0
121180,1
221973,0
86240,1
206546,1
245930,1
162682,1
100285,0
97057,1
13745,1
171938,1
15130,1
151538,1
5331,0
254232,1
140177,1
121480,1
193913,1
107128,1
81527,0
149063,0
208960,1
131460,1
39671,1
69486,1
9560,1
215450,1
58230,0
195034,1
108343,1
153418,1
224100,1
135029,1
117164,1
37099,0
134809,1
228989,0
125579,1
93199,1
99423,1
39955,1
221902,1
93668,1
26731,1
158997,1
65864,0
109657,1
47242,0
161496,1
150445,1
23515,1
103391,1
228936,1
50757,1
122692,0
94300,1
203562,1
199706,1
16620,1
232521,1
255408,0
239272,1
125158,1
94149,1
175293,0
51210,1
24413,1
224519,1
68024,1
175318,1
25751,0
215393,1
89033,0
177524,1
161052,1
242106,1
31405,1
15759,0
200361,1
115387,1
237151,1
147620,1
50815,1
220624,1
28174,1
27012,0
51957,1
128296,1
90274,1
151748,0
16656,0
32107,1
200387,1
264295,1
254646,0
252966,1
64061,1
98433,1
183166,1
60242,1
121380,1
249358,1
175522,0
138422,1
128051,1
255955,1
27226,1
224036,0
261347,1
84524,1
181021,1
79027,1
131231,1
54321,1
193610,1
69956,1
56185,1
115609,1
70062,1
15979,0
35693,1
138336,1
209846,1
77847,1
181612,1
173694,1
253653,1
140524,1
60160,1
119481,1
66842,1
221646,1
15592,1
155480,1
40564,1
99120,1
238521,0
158272,1
90393,0
16827,0
21884,0
123761,1
128747,1
106761,1
143104,1
165552,0
26553,0
3174,1
129357,1
214782,0
126921,0
37442,1
44810,1
225858,1
64439,0
32531,1
202650,1
162768,1
100422,1
91382,1
148875,0
12286,1
233244,1
184850,1
177168,1
109734,0
198065,1
70573,1
257421,1
263615,0
166530,0
128807,0
242090,0
207480,1
15960,0
111391,1
142643,0
35618,1
129938,1
111538,1
213937,1
170718,1
56835,1
228210,1
229903,1
196979,0
131921,0
249550,0
88070,0
121439,1
51809,1
85164,1
136377,1
109970,1
125174,0
163201,1
200627,0
211825,1
216877,0
84507,1
228391,1
99954,1
137459,1
144257,1
232855,1
35132,1
86518,1
222925,1
51265,1
181503,1
66409,0
243127,1
68088,0
65389,1
2910,1
50400,1
1673,1
249409,1
127791,0
9344,1
56753,1
129772,1
172220,1
127977,1
166431,1
182261,1
115376,1
141144,1
83907,1
262010,0
136877,1
92479,0
107704,1
178698,1
166918,1
177428,1
143444,1
121909,1
206336,1
51698,1
221436,1
76098,1
149266,1
68431,1
121288,0
217294,1
250351,1
87513,1
125762,0
200840,1
53470,0
162172,1
23434,1
211472,1
15036,1
25783,0
221257,1
120662,1
114497,0
17828,0
96605,1
99634,1
47021,1
89224,1
211270,0
211923,1
6153,1
167138,1
116444,1
191337,0
136385,0
33979,0
192247,1
162286,1
237479,1
83539,1
123702,0
10709,1
60888,1
164881,1
72725,1
112055,1
124229,1
232961,1
17508,1
204492,1
224670,0
63412,1
19501,1
19327,1
157890,1
156945,1
102297,1
5377,1
72315,0
108521,1
41182,1
21453,0
56326,1
215991,1
239763,1
17220,1
14628,0
146067,1
105549,1
92115,1
240923,1
160386,1
77250,1
170159,1
136230,1
229523,1
232820,1
231263,1
252484,0
1242,1
230403,1
36895,1
18220,1
136171,1
230815,0
259008,1
40310,1
20186,1
261131,1
163651,0
190255,1
111048,1
49526,1
52769,1
144905,0
113602,1
206783,0
250002,1
208606,1
6188,0
37735,1
265033,0
109764,1
53150,0
130773,0
126007,1
215579,1
140749,1
104177,1
128406,0
187833,1
220553,1
105519,1
183131,1
208062,0
85635,0
17798,0
21331,1
239749,0
107549,1
256433,0
107281,1
6057,0
87851,1
173979,1
113400,1
264631,1
81385,1
20454,1
136868,1
197532,1
166585,1
126233,1
105724,1
177310,1
103280,1
67249,1
98072,1
92805,1
168374,1
227088,1
238962,1
169648,1
29440,1
215376,1
125570,1
85625,1
239891,0
174522,1
169014,1
168240,1
128162,1
198728,1
235962,1
132869,0
148415,1
109189,1
174709,0
37170,1
185382,1
256124,1
256152,1
99432,1
75931,1
114464,1
89539,1
121790,1
14799,0
248152,1
60744,1
217490,0
164870,1
252783,1
105350,1
85729,1
13625,1
168408,1
112235,0
56162,0
230757,1
4518,1
138161,1
60444,1
83216,1
125917,1
70406,1
16852,1
153377,0
49798,1
140035,1
222928,1
90873,1
173337,1
140061,1
191751,1
161274,1
67720,1
149252,1
23011,1
148430,0
253136,0
26368,1
128504,1
263167,0
190882,0
133123,1
24252,0
16921,0
134373,1
70010,1
57632,0
6822,1
31907,1
201066,0
28462,1
4014,1
190537,1
141391,1
253248,1
133896,1
172106,1
208433,1
13468,1
193261,1
151208,0
58431,1
19924,1
83181,1
167094,1
54129,1
263804,0
207166,0
113463,1
115784,1
130780,1
168228,1
109050,1
172707,1
41322,1
118297,1
190177,1
245172,1
97952,1
17536,1
94511,0
218438,1
159829,1
174132,1
138186,1
68726,0
216139,1
88023,1
179551,1
223545,0
109372,1
224853,0
201808,1
250577,1
165016,1
170757,0
66891,1
135255,1
109146,1
137758,1
33885,1
98569,0
238204,1
46916,1
108157,1
20795,1
149046,1
241653,1
145856,0
191468,1
58998,1
73670,1
65988,1
184310,1
206430,0
117187,1
187041,1
168773,1
216286,1
148211,0
147670,1
156214,0
230695,1
45957,0
91451,1
180412,1
104546,1
46357,1
172326,0
30000,1
62493,0
128821,1
256831,0
234640,1
181015,0
143067,1
194629,1
143850,0
170594,1
48105,1
249692,1
117377,1
184300,1
97716,1
255705,1
257384,1
213959,1
67269,1
212788,1
197100,1
226434,1
264110,1
109741,1
99385,1
266003,1
154281,1
135889,1
253971,1
265971,1
89576,1
1151,1
3686,1
238281,1
42117,0
180737,1
36176,0
168165,0
77837,1
176593,1
138786,1
21642,1
128822,1
6652,1
49882,1
157739,1
32277,1
43876,1
246429,1
216588,1
228556,1
66790,1
216158,1
182974,1
79695,0
161164,1
177564,1
7651,1
176549,1
155178,1
172178,1
235906,1
160061,1
106397,1
114241,1
250821,1
140563,0
238878,1
188359,1
46390,1
26802,1
206595,1
15715,0
7825,1
26472,1
72624,1
264706,0
96979,1
162295,1
140771,0
22365,1
138508,0
208946,1
265595,1
27647,1
185010,1
44347,1
150674,0
81457,1
44642,1
160522,1
156090,1
121182,1
138229,0
18949,1
32504,1
189670,0
173676,1
116178,1
17093,1
159809,1
2253,1
238929,1
48860,1
43402,0
180399,0
91089,1
128885,1
17209,1
137043,0
222162,1
231740,1
216541,1
31159,1
257822,1
236693,1
93089,1
255898,0
98184,1
167522,1
43464,1
265938,0
247211,0
159630,0
214477,0
215700,0
17879,1
212920,1
21828,0
58786,1
264820,1
206120,1
183091,1
67133,0
166179,1
52676,1
209705,1
211644,1
7879,0
122356,1
250840,1
183250,1
220047,1
233346,1
202416,1
107985,1
6132,1
69059,1
201063,1
86474,1
122939,0
242303,1
166084,1
213196,1
12499,0
22553,1
142525,0
118770,1
52423,1
3530,1
233791,1
40994,1
93460,1
212722,1
236548,1
52778,1
91493,1
1713,1
58626,0
15245,0
149538,0
199310,1
62465,1
10690,1
38413,1
31373,1
226905,1
252743,1
220956,1
42236,1
77225,1
24688,1
83580,1
205630,0
103041,1
221376,0
54213,0
264117,1
202885,1
239820,1
202662,1
78235,0
6706,1
171270,1
94950,1
113993,1
225815,1
65943,1
81227,0
223010,1
875,0
72145,1
56211,0
14551,1
194177,0
29069,1
763,0
61975,1
258474,1
55390,1
185646,1
34628,1
138749,1
140618,0
160897,1
244356,1
209786,1
33157,1
64677,1
129940,1
263314,1
111006,0
98851,1
103752,1
126915,0
20854,1
77256,1
192670,1
167799,1
151579,1
66040,1
112951,1
139189,1
145384,1
199583,1
89546,1
221129,0
125721,1
163106,0
6464,0
14255,1
175162,0
116619,1
119025,1
157128,1
238930,0
69307,0
39121,1
56727,0
60001,1
260231,1
31337,1
151143,1
116965,1
50704,1
204700,1
124949,0
120725,1
65195,1
48163,0
257404,0
146222,0
69893,1
106972,1
262920,0
144626,0
106051,1
82991,1
37249,1
213460,1
4424,0
94733,1
49344,1
242317,1
133727,1
86804,1
66359,1
144330,1
107291,1
56092,1
37703,1
79239,1
10710,1
120758,0
63559,1
161388,1
115822,1
200345,0
97559,1
238720,1
199655,1
17495,0
169296,1
70994,1
242887,1
77314,0
184213,1
95699,1
75918,1
213766,1
171439,1
43896,1
202122,0
179829,1
109633,1
113439,1
10414,0
55117,1
164003,0
172415,1
210153,1
20356,1
154217,1
254608,1
38735,1
195170,1
109782,1
32613,0
169720,1
263947,0
207789,1
164811,1
113796,1
57133,1
137379,1
159919,1
126187,1
35427,1
107866,1
227336,1
35117,0
218984,0
196130,1
92022,1
259700,1
172764,1
149512,1
163875,1
25189,1
239258,1
198272,1
108733,0
71362,1
105312,1
31324,1
152635,0
154661,1
84993,1
143664,1
262428,1
7266,1
119777,1
85154,1
228175,1
203804,1
132011,1
63847,1
211281,1
66131,1
64394,1
27622,0
70366,1
25112,0
153872,1
21966,1
243321,1
156550,1
255782,1
55325,1
251803,0
50015,1
72261,1
250319,1
241447,0
136205,1
65676,1
40665,1
40843,1
135120,1
97112,0
167931,1
10527,0
153432,1
48174,1
40474,0
155552,1
58263,1
180969,1
101569,1
124170,0
28280,1
49102,1
130314,1
102126,1
155416,1
254094,1
184503,1
59303,1
218501,1
221134,1
228964,1
87914,1
201878,1
240155,1
71855,1
186263,1
93931,0
111565,1
149224,1
209831,1
62789,1
155332,0
43751,1
161198,1
156069,1
96465,1
196458,1
257171,1
16510,0
38697,1
70691,0
155644,1
169432,1
119262,1
31380,1
254481,1
89384,1
255536,1
60539,1
148887,1
197488,1
101294,1
164556,1
111021,1
5987,1
47823,1
11244,1
120812,1
209254,1
125267,1
137325,0
258956,1
202754,1
119433,1
101476,1
146708,1
175019,1
121433,0
123598,1
34905,1
252317,1
185956,1
82401,1
168538,1
213842,1
108316,1
188723,0
153293,1
102781,1
248251,1
218217,1
60620,1
249973,1
204246,1
86303,1
21016,0
67845,1
93278,1
250139,0
109639,1
69040,1
184136,1
131080,1
150422,0
231994,1
10702,0
98256,1
263033,0
79702,1
226014,1
155199,0
264193,1
233292,1
164485,1
239228,0
8800,1
153403,1
63797,0
58832,1
35833,1
120319,1
194469,1
19220,1
35143,1
255572,1
206247,0
1849,1
142676,1
225288,1
252831,1
112502,1
214416,1
265203,0
192453,1
193455,1
258320,1
248976,0
192978,1
134464,1
101873,1
233612,0
18023,1
220960,1
231411,1
46188,0
16453,0
249040,1
265776,1
36890,0
231075,1
12269,1
257882,1
86253,1
186458,1
199454,1
149196,0
6370,0
45422,1
34676,1
64806,0
148026,1
155355,1
57772,1
186728,0
256316,1
197636,1
232825,1
250713,1
106469,1
259753,1
96026,1
63454,1
253575,0
185566,1
25456,1
163580,1
192647,1
204682,1
44795,1
18598,0
45689,1
147885,1
23078,1
100546,1
32407,1
148067,1
18874,1
210599,1
255770,0
207838,0
230376,1
50986,1
65355,1
63953,0
10259,1
231026,1
187274,1
181625,1
124625,1
4546,1
77915,1
46778,0
87773,1
248622,0
164404,1
185657,1
64202,0
103419,1
172443,1
198932,1
245619,0
117914,1
207785,1
149600,1
39290,1
78852,1
142754,1
107548,1
254013,0
220455,1
260321,0
249324,1
158930,0
108174,1
46283,1
58501,0
4486,1
195671,0
224008,1
103084,0
162891,1
107026,1
153960,1
143303,1
262657,1
113488,0
150412,1
152720,1
31966,1
86794,1
221238,1
183575,1
61818,1
220989,1
51365,1
93055,1
95696,1
221165,1
53151,1
136252,1
53922,1
184940,0
156573,1
223593,1
90318,1
201316,0
265055,1
94369,1
206121,1
227720,0
195105,1
10611,0
93777,1
91925,1
86361,1
43977,1
14963,1
234685,1
120760,1
232496,1
122229,1
165659,1
54981,1
168931,0
107850,0
225804,1
22954,1
248354,0
8193,1
139665,1
105588,1
202446,1
169443,1
111902,1
55424,0
7922,1
126710,1
72701,0
182045,0
126709,0
64869,1
251401,1
29589,1
82530,1
25706,1
158936,0
177639,1
182071,0
40777,1
107256,1
152869,1
253736,0
95986,1
97662,1
240046,0
96878,1
155066,1
261381,1
77659,1
243689,1
259809,1
175189,1
203635,1
39506,1
38805,1
106466,1
5704,1
105192,1
47391,1
161118,1
233998,1
213473,1
7177,1
208903,1
224465,0
55600,1
207510,1
71610,1
144039,1
142061,1
102362,1
142166,1
213348,1
41933,1
16162,0
215336,0
29200,1
188214,1
190753,0
61093,0
206495,0
139873,1
111034,1
58122,1
248981,1
233831,0
29047,1
4555,1
27606,1
64747,1
39954,0
209887,0
104904,1
42080,1
14880,0
77631,1
219947,1
256052,0
7425,1
160458,1
134350,1
135246,1
218562,1
234150,1
150361,1
161230,0
38793,1
27566,1
110312,1
89444,1
95207,1
129182,1
14116,1
232616,1
85548,0
111108,1
39202,1
194434,1
252333,0
193134,1
865,1
85264,1
221098,1
147936,1
66818,1
73623,1
161026,0
63189,1
5360,0
57260,1
201239,1
68702,1
248856,1
176686,1
141681,1
142379,1
50541,1
7086,1
38183,1
89467,1
70056,1
59394,0
33136,1
109142,1
163335,1
212640,0
125129,0
107665,1
70693,1
12736,1
118398,1
103162,0
77323,1
241948,0
147915,1
162972,1
216113,1
181178,0
34357,0
120503,1
31284,1
249680,1
21721,0
135066,1
24080,0
182654,1
180683,1
126326,1
17193,0
235921,1
18237,0
46126,1
200119,1
165130,1
131170,1
76499,0
192838,1
18135,1
224737,1
95050,1
10472,1
65108,0
243969,0
240250,1
32159,1
717,0
112967,1
189684,1
179499,1
158904,0
211116,0
90943,1
103687,1
89424,1
13347,1
7370,1
43482,1
140700,0
85706,1
203719,1
105108,1
109946,1
241205,1
61926,1
218964,0
18091,0
172004,1
232153,1
98263,1
139260,1
161487,1
120224,1
124440,1
96432,1
19325,0
259519,1
201270,0
233805,1
63692,1
158113,1
52977,1
154051,1
46949,1
63497,0
259059,1
22321,1
183737,0
48739,1
11037,1
194777,0
21596,0
264482,1
145431,1
170346,1
170494,0
40707,1
143964,0
229713,1
58647,1
161109,1
74809,1
19492,1
233344,0
198163,0
125913,1
217288,0
149868,1
145741,1
95052,1
74825,0
159099,1
216250,1
81076,0
48432,1
56060,1
25284,1
128017,1
259931,1
182828,1
4643,0
78281,1
218491,0
234632,1
254775,1
181368,1
198470,1
155466,1
192817,1
209872,1
48938,1
259196,1
128029,1
82895,0
221719,0
197798,1
24561,1
249218,0
3896,0
149147,0
194649,1
251111,0
257343,1
132347,0
18584,1
65437,1
258197,1
241084,0
184324,1
221232,1
164590,0
195985,1
18067,1
46875,1
178551,1
132685,0
135741,1
50112,1
4989,0
211541,0
204457,0
8927,0
208228,0
172676,1
181245,1
41976,1
197812,0
8992,1
23001,1
256057,1
174428,0
76556,1
228013,0
121382,1
222948,1
32135,1
35750,1
209709,0
129597,0
2907,1
30174,1
203132,1
161821,1
189503,1
3290,0
15433,1
6476,0
223846,0
11998,1
160337,0
55245,1
95698,1
143422,0
205667,1
27695,1
223183,1
257213,0
248147,1
178912,1
215104,0
244530,0
252738,1
15253,0
28110,1
59266,1
66172,1
212587,1
254344,1
21725,1
151787,1
54649,0
243246,1
218268,1
250482,0
56883,1
93230,0
259392,0
6863,0
156568,1
12196,1
146202,1
216239,1
186162,1
40440,1
31430,1
197268,1
188977,1
103616,1
157661,0
141547,1
116008,0
201355,0
45221,1
147572,1
55560,1
210787,1
125694,1
215734,1
262324,1
79162,1
20653,1
139343,1
101926,1
264444,0
71711,1
156952,0
21006,1
132445,1
128459,1
39037,1
163729,1
180391,0
69516,1
21625,1
64289,1
114843,0
95710,0
172136,0
53617,1
57069,1
81539,1
79585,1
64249,1
255935,1
263376,0
250827,0
140460,0
247853,0
182856,1
167804,1
218804,1
158417,1
143431,1
132904,1
6839,1
236052,0
108677,1
61426,0
60746,1
56235,1
34319,0
263393,0
112804,1
241792,1
29203,1
22709,1
187769,1
26196,1
228401,1
42287,1
27374,1
232132,1
225089,0
217546,1
29063,1
167661,0
62398,1
170592,0
24872,1
66745,1
180587,1
40166,1
256236,0
31153,1
18528,0
154028,1
159831,0
71737,0
135383,1
184767,1
227702,1
244914,1
108975,1
208126,1
228238,1
163960,1
28453,1
206496,1
105304,1
50903,1
121678,1
57662,0
146590,0
159159,1
157680,1
255662,0
35486,1
28826,1
88827,1
816,1
25455,1
96891,1
132745,0
16680,1
58680,1
233534,1
152431,0
222393,1
49263,1
11354,1
26328,1
262062,1
217945,1
142646,1
144746,1
148360,1
210816,1
12795,1
127975,1
235155,1
38679,1
156783,1
10605,1
173613,1
21603,0
103294,1
7048,0
265733,1
250904,1
147760,1
198946,0
220863,1
52183,1
229156,0
30503,1
37733,1
96001,1
59296,1
177873,1
246947,0
94533,1
169160,1
180719,1
102505,1
186209,1
262195,1
162787,1
232332,0
102275,1
28279,1
62710,1
97444,1
87948,1
128711,0
257935,0
185350,1
219135,0
122804,1
111652,0
70390,0
35356,1
257773,1
211974,1
65555,1
226472,1
62027,1
25533,0
81538,1
185534,1
255918,1
40973,0
189952,1
162333,1
54800,1
22120,1
90717,1
94884,1
114804,1
181751,0
35314,1
22993,0
206156,1
171012,0
4058,0
51311,1
208703,1
82650,0
243457,0
164719,0
154907,1
57015,1
17657,0
14380,1
36201,1
8646,1
7623,1
80424,1
118758,1
150763,0
132489,1
200938,1
166890,1
132422,1
77040,1
262423,1
213623,0
212863,0
4573,1
138117,1
266167,0
19811,1
6561,1
184181,1
33954,1
260742,0
235800,1
8693,1
131536,1
129089,1
35372,1
166765,1
198518,1
44940,1
142333,1
233238,1
31672,1
8256,1
22159,0
119136,1
29164,0
156231,1
170559,0
63073,1
177210,1
206911,1
134708,1
21854,1
132249,1
14930,1
238331,1
243818,1
67839,1
246685,1
191981,1
70188,1
121496,0
203125,1
93672,1
46330,1
75105,1
204012,1
73052,1
211215,0
240490,0
35359,1
228870,1
253042,1
75045,1
246700,1
38087,1
121447,1
133510,1
65010,1
64481,1
83889,1
186182,1
21551,1
201935,1
9770,0
21121,1
209896,1
223978,1
205223,1
260442,1
88549,1
61314,1
66081,1
90731,1
159629,0
16049,1
186189,0
163440,1
157734,1
38799,0
134788,1
188234,1
80307,1
220249,0
169998,1
146620,1
115813,1
158832,1
254729,0
263772,0
259413,1
215825,1
203423,0
146227,0
93637,1
129904,0
26588,1
182993,1
252503,1
196861,1
69911,1
90169,1
22961,1
100036,1
254896,1
94002,1
99516,0
96966,1
75222,0
146549,1
242028,1
58705,1
180156,1
36871,1
58888,0
135130,1
149664,1
64448,1
154150,0
186656,1
200121,1
185998,1
108490,1
80599,1
209800,1
94656,1
161775,1
98921,1
202382,0
61503,1
124718,1
167061,1
86388,1
244116,1
207399,1
160213,1
39219,1
82752,1
124497,1
70597,1
94310,1
103341,0
5340,0
114902,0
263817,1
181994,1
145225,1
97719,1
204770,1
245045,1
55007,0
209976,1
161968,1
201954,1
161454,1
179409,1
30397,1
150712,1
266635,1
239673,1
50072,1
195144,1
238116,1
184017,1
77532,0
177973,0
123889,1
26345,1
247921,0
5852,0
36668,0
231276,1
51094,1
107157,1
115860,1
227103,1
196432,1
95499,1
150178,1
48262,0
23904,1
11306,1
6218,1
44526,1
169258,1
144333,1
208235,0
117633,1
6722,1
128522,1
14515,0
177784,1
199049,1
154276,1
238660,1
56605,1
108053,0
174292,1
181207,1
110587,1
35387,1
157404,1
58507,1
235412,1
69934,1
66648,1
152120,1
61056,1
189618,1
63458,1
141027,1
175985,0
39366,1
68057,1
125095,1
226166,1
254721,1
42142,1
214993,1
45781,0
12391,1
234876,1
233017,1
63068,1
161742,1
263901,1
26017,1
97278,1
190851,0
71173,1
7245,0
72465,1
93445,1
224985,1
236202,1
61033,1
73427,1
22603,1
164078,1
156926,1
5900,0
197774,0
42629,1
233651,1
135367,0
204998,1
38261,1
87081,1
108186,1
167245,1
129722,1
104849,1
232967,1
225127,1
123648,1
2181,1
95235,1
74168,1
137919,0
81139,1
108508,1
240645,1
67270,1
149211,0
213013,1
264064,1
110517,1
197072,1
263866,1
62152,1
257142,0
145764,1
57508,0
192425,1
257972,0
80444,0
233592,1
48345,1
94578,0
40623,1
172948,1
31584,1
208930,1
263699,1
77587,1
200042,0
9418,1
134647,0
30529,1
5553,1
218393,1
93453,1
173216,1
202634,1
110441,1
54998,1
40719,1
239105,0
31042,1
91670,1
17486,1
180828,1
99909,1
66005,1
72927,0
117929,1
27919,1
64362,1
154252,1
224691,0
144982,1
187585,1
114503,1
177496,0
135825,1
95374,1
196789,1
222869,1
63409,1
82637,1
14427,1
3650,1
174655,1
44603,0
41885,1
111970,0
105722,1
167521,1
122142,1
179293,0
45664,0
221541,1
2312,1
93184,1
241701,0
153502,1
128563,1
100762,1
22451,1
27667,0
129789,1
111074,1
2678,0
124629,1
208193,1
54406,1
39102,1
13506,1
222575,1
180268,1
108398,1
177372,0
238125,1
200546,1
95573,1
265967,1
73109,1
102996,1
206507,1
97109,0
18000,1
157333,1
58459,0
173208,1
12156,0
206039,1
61969,1
235480,0
126954,1
191389,1
129978,0
168172,1
133980,1
219204,1
135422,0
249294,1
20309,1
99581,1
146476,1
111752,1
76478,1
24704,0
23531,0
36566,0
104179,1
215095,1
73715,0
248601,1
4558,0
79006,1
133138,1
58899,1
82119,1
164560,0
150538,1
49063,1
151958,1
137641,1
193369,1
146711,1
112638,1
259906,1
57081,1
77479,1
108353,1
94131,0
81811,1
243394,1
40870,1
36998,1
144238,1
77349,1
22726,1
219769,1
236830,1
70365,1
128286,1
181101,1
95650,1
139549,1
101105,1
166024,1
210108,1
2005,0
183930,1
12345,1
120354,0
69228,1
239098,1
143532,1
31662,1
228829,1
135475,1
77354,1
233960,0
130135,1
167192,0
250432,1
157976,0
19131,1
41805,1
13747,1
102163,0
38372,1
189839,1
42231,0
249477,1
23705,1
259546,0
163537,1
37779,1
110075,1
201702,0
217136,1
82060,0
104902,1
254225,1
103235,1
91125,1
238687,1
70481,0
193546,1
47042,0
157548,1
250085,1
198046,1
163079,1
144060,1
107801,1
73996,1
107853,1
194052,1
97625,1
20270,0
192571,1
28594,1
215971,1
42327,1
52846,1
184956,1
110245,1
107683,1
156687,1
114117,0
212889,1
108533,1
147488,0
114880,1
93423,1
260888,0
1947,1
235276,1
121524,0
123367,1
31067,1
157528,0
55945,1
258570,1
111030,0
85454,1
219333,0
195678,1
162358,1
215782,0
143665,1
13695,0
54317,1
14468,1
81577,1
219736,1
175517,1
186855,1
21781,0
214103,1
101963,1
115133,1
232762,0
127969,1
73700,1
37293,1
173428,1
252315,0
181936,1
9209,0
173645,1
82358,1
45329,1
211600,1
202233,1
95630,1
73583,1
233357,1
79324,0
126898,1
185102,1
101271,1
60719,0
67378,1
209388,1
197860,1
239153,0
250129,0
146266,1
263904,1
132103,1
251222,1
218856,1
41901,1
15737,1
55957,0
184802,1
134309,0
90511,1
178132,0
115540,1
126105,1
56667,1
164588,1
40851,1
53603,1
9078,0
124756,1
192101,1
49401,1
114277,1
155158,0
24410,1
117245,0
229910,1
28318,1
248960,1
105813,1
116339,1
149788,1
59566,1
44514,0
8974,1
75644,1
248728,1
264633,0
55089,1
185632,1
61357,0
3085,0
36396,1
171473,0
100689,1
62024,1
206720,1
154348,0
11947,0
55445,0
53583,1
31145,1
160277,1
258524,1
50622,1
38472,1
24563,1
200201,1
48378,1
216574,1
17420,1
4563,1
93529,1
55815,1
61232,1
77752,1
101372,0
64702,1
30346,1
170868,0
20506,1
114828,1
209702,1
21455,1
20551,1
24608,1
237614,1
97376,0
116688,1
82454,1
43781,1
162390,1
24676,1
91457,1
22713,1
218130,0
35959,1
82227,1
163649,1
12284,1
202902,1
144263,1
124247,1
79806,1
189833,0
236539,1
264079,1
193530,1
81495,1
33582,1
117141,0
103480,1
143168,0
5079,0
155938,1
148575,1
131917,0
81258,1
212305,1
11733,1
74239,1
41518,0
104398,1
85269,0
167786,1
218084,1
68807,1
10367,1
134733,1
153483,1
111313,1
143807,1
266146,1
226456,1
186996,1
21687,0
163673,0
20415,1
164234,1
35244,0
234631,0
23965,1
35375,0
108826,1
118514,1
242508,1
82386,1
92974,0
4005,1
73756,1
172797,1
126506,1
34896,0
219669,1
136223,1
216819,0
35279,1
254304,1
60857,1
223653,0
204060,1
98185,1
247326,1
226719,0
214561,1
87941,0
68526,1
168915,1
211981,1
54823,1
110762,1
31574,1
251200,1
66699,0
34733,1
109229,1
173167,1
37851,1
84747,1
50384,0
55564,1
256037,1
215785,1
62769,1
156499,1
54399,0
188271,0
46334,1
235053,0
190994,1
99934,1
158412,1
261526,1
183498,1
84024,1
115817,1
207284,1
207434,1
127735,1
96884,1
51093,1
134445,1
34722,1
137175,1
235620,1
116242,1
226068,1
76394,1
14028,1
223926,1
25343,1
226617,1
160667,1
179901,1
175271,1
211022,1
85232,1
80958,1
181360,1
91706,1
182917,0
57008,1
178877,0
193240,1
216734,1
167910,1
23451,1
247124,1
109685,1
230580,1
30036,0
34004,1
166852,0
155840,1
96671,1
6853,1
152225,0
231913,1
100425,1
117113,1
155203,1
18156,1
129744,0
115006,1
62124,1
41103,1
81676,1
11674,0
121598,1
198750,1
48097,1
157850,0
41690,1
180799,1
21883,1
59973,1
58222,1
72410,1
157398,1
265568,0
222889,1
167333,1
55962,1
32724,1
64208,1
186698,1
265486,1
41706,1
213658,0
228909,1
102141,1
112623,1
43388,1
110968,1
157544,1
175284,1
165202,1
130791,1
187004,1
214021,0
91361,1
51767,1
115059,1
187497,1
195639,1
24705,1
186999,0
128288,1
170882,1
203486,1
144890,0
173755,1
188379,1
67402,1
161055,1
77952,1
175781,1
162589,1
42031,1
128022,0
191985,1
206171,1
43744,0
224124,1
117289,0
84523,1
242971,1
40908,0
231453,0
52431,1
108973,1
263203,0
131277,0
243464,1
196498,1
102688,1
250310,0
71079,1
227713,1
211233,1
127489,1
180599,1
123068,1
1284,1
158253,1
130726,0
35817,1
18482,1
46732,1
243885,1
50257,1
72316,1
62658,1
70902,1
137237,1
145825,1
53014,1
156611,1
258726,0
35202,1
151874,1
164880,0
44563,1
180613,1
197676,1
189551,1
127708,1
256302,1
92835,1
109940,1
67237,1
59546,1
164037,1
14369,1
186067,1
62904,1
247805,1
29818,1
126708,1
217821,1
29523,0
73862,1
61339,1
78025,1
146967,1
16372,0
63243,0
263519,1
120464,1
24534,1
40052,1
156420,1
108364,1
63440,0
148096,1
149489,1
265512,0
180317,1
136215,1
265356,1
235272,1
66502,0
213376,1
144369,1
69749,0
91810,1
169849,1
65297,1
129212,1
191472,0
225526,1
126348,1
114767,1
42706,1
154396,0
221871,1
9504,1
164405,0
72382,1
112904,1
256304,0
144258,1
27442,1
145138,1
248535,1
83195,1
19031,0
117491,1
42239,1
178264,1
25163,0
95333,0
7665,1
259050,1
87619,1
57980,0
265740,1
176108,1
64727,1
173752,1
128066,1
179935,1
124208,1
65102,1
94087,1
215037,1
95142,1
234682,1
201695,1
159663,0
47092,1
125884,1
100641,0
207559,1
69169,0
127204,1
118592,1
145458,1
164200,1
84500,1
122236,0
68685,1
8617,1
161518,1
83437,1
131410,1
110340,1
160333,1
158741,1
169399,1
141979,1
255611,1
74992,1
200124,1
137585,1
207102,1
248192,0
129456,1
73571,1
38328,1
249548,1
228528,1
193929,0
77347,1
255099,1
104713,1
103641,1
253151,1
187109,1
213329,1
43621,1
37521,1
155956,1
240519,1
10822,1
190403,0
120991,1
107764,1
36005,0
252361,1
37075,1
42415,0
42558,1
136923,0
61562,1
119409,1
90672,1
85430,1
170844,1
3075,0
74100,0
48496,1
246745,1
225121,1
4205,0
8424,1
12133,1
154457,1
78894,1
164125,1
247207,0
259783,1
1872,0
234496,1
171814,1
191246,1
69310,1
161667,1
99367,1
113815,1
238954,1
97715,1
79617,1
101655,0
73435,0
109696,1
100895,0
187874,1
188109,0
74276,0
74799,1
199806,1
223458,1
119105,1
109640,1
198727,1
219580,1
101675,0
220058,1
96900,1
20294,1
171275,1
67155,1
208894,1
105821,1
184603,1
20864,1
200669,1
159427,0
6354,0
235418,1
91747,0
137300,1
123663,1
208967,1
225627,1
51294,0
71897,1
60734,1
169528,0
83149,1
240336,1
25756,1
183272,0
23317,1
64947,1
66966,1
90582,1
266385,1
64286,1
90348,1
227030,1
102321,1
175222,1
144713,1
210152,0
245205,1
167498,0
163792,1
10946,1
152640,1
186343,1
60513,1
165660,1
235675,1
87702,0
105227,1
33760,1
24879,1
116986,1
205411,1
124837,0
241552,1
35462,1
178123,1
158515,1
171343,1
165970,1
68010,1
135000,1
51969,1
218069,1
160281,1
166746,0
237360,1
258645,1
58578,1
37389,1
238912,1
143387,1
84590,1
84405,1
164920,1
251189,1
210178,1
211440,1
126472,1
208356,0
197219,1
157233,0
260837,0
179641,1
69450,1
206101,1
79521,1
21275,1
56064,0
71309,1
158894,1
205977,1
130932,1
253021,0
254091,0
84525,1
59921,1
262537,0
174,1
182463,1
197711,1
164429,1
201194,1
212625,1
57888,1
225394,1
116013,1
80614,0
156278,1
187272,0
137879,1
249049,0
232159,1
15778,1
199781,1
60592,1
92517,1
239377,0
203140,1
6469,0
231025,0
10394,1
59485,0
145848,1
127824,1
28466,1
92474,0
151673,1
15808,0
200689,1
217571,0
60092,1
96428,0
67310,1
40000,1
81972,1
16931,1
253008,0
137547,1
216913,1
159865,0
261934,1
6614,1
207675,0
131176,1
27197,1
178699,1
208500,1
3381,1
73220,1
158480,1
17856,0
188800,1
120702,1
158366,1
229768,1
169503,0
1618,1
180950,1
49085,1
223774,0
3753,1
199979,1
262659,1
57568,1
225881,1
124359,1
66394,1
174562,0
66586,1
11932,1
81528,1
131653,1
152222,1
94069,0
77989,0
249155,1
217403,1
235378,1
117371,0
87528,1
36972,1
111028,1
97708,1
57733,1
210221,1
32260,1
243719,1
200375,0
217647,1
233077,1
7734,1
192340,0
233885,1
236773,1
71891,1
107573,1
176020,1
252516,0
253518,1
108670,1
216991,1
41085,0
235602,0
97506,1
28999,1
200090,1
76857,1
170429,1
170955,1
169557,1
50164,1
213681,1
257319,1
206150,1
58669,1
234445,1
26480,1
197490,0
19473,1
23023,1
34387,1
187320,1
20602,1
197696,1
253121,0
199172,1
266014,0
259601,0
247572,0
160420,1
33808,1
265836,1
242132,1
127633,1
121702,1
231123,0
162608,1
16893,0
171019,1
156642,1
179076,1
62099,1
195866,1
140548,1
73482,1
174355,1
250067,1
235407,0
191291,1
71250,1
218855,1
119762,1
152532,1
6560,1
227196,1
34045,1
240207,1
260770,0
73456,1
85899,1
160425,0
119274,1
128831,1
108166,1
257080,1
12028,1
257306,1
19637,1
43745,1
35329,1
80000,1
192223,1
140121,1
226780,1
13518,0
54343,0
213332,1
80425,1
86293,1
182007,1
211292,1
23289,1
229595,1
262782,0
252878,1
43692,1
246292,1
101863,1
216227,1
131849,0
206457,1
209727,1
117191,1
79923,0
181860,1
139327,0
204936,1
1357,0
176424,1
194363,1
8798,0
71445,1
72704,1
37193,0
98034,1
152948,0
98157,1
155174,1
87582,1
52740,1
70127,1
198206,1
42639,1
180645,0
212336,1
33750,1
148859,1
183126,1
138156,1
183841,1
63007,1
110415,1
46435,1
36579,0
252936,0
70255,1
257400,1
116026,0
186694,0
97510,1
7846,1
191991,1
77449,1
73390,1
257212,0
150783,0
135210,1
248386,1
129320,1
175298,1
11125,0
128262,1
14266,1
195569,1
149918,1
30536,1
211621,1
227825,1
230247,0
238477,1
232819,1
263690,1
102754,1
164196,1
93994,1
22718,0
147803,0
22023,1
55746,1
263698,0
26468,1
4440,0
44104,1
28340,1
200058,1
257409,1
121622,1
19184,1
41896,0
106573,1
138845,0
249633,1
245330,1
12527,0
131554,1
58617,1
38153,0
10014,1
261962,1
121312,1
121130,1
2727,0
125902,1
9351,1
156892,1
135426,1
113647,1
78290,1
153862,1
22269,1
42061,0
183304,0
2656,1
177171,1
249826,1
235684,1
83421,1
243829,1
226609,0
123194,1
2387,0
184145,1
161133,1
61038,1
133829,1
107832,1
169789,1
227326,1
262474,0
65112,1
123291,1
6923,0
25306,1
21953,1
28888,1
167682,1
188524,0
156422,1
91340,0
156532,1
85981,1
126316,1
254995,1
245106,1
262088,0
69518,1
150779,1
60655,1
36324,1
179687,1
143319,1
57479,1
223530,1
97158,1
256534,1
266087,1
18248,1
150510,1
248824,1
146493,1
216118,1
208140,0
147740,1
56395,1
154476,1
183989,1
174490,1
187110,1
213235,1
2451,1
160980,1
265840,0
104148,1
34161,1
160038,1
204835,1
242794,1
212577,1
60104,1
137338,1
214481,1
30479,1
238914,1
51269,1
82540,0
107717,1
18423,1
108899,1
209718,1
220337,1
172758,1
50234,0
228490,1
195691,0
78372,1
38397,1
35364,1
154655,0
266156,1
90449,1
185705,1
141395,1
46427,1
180643,1
160293,1
85393,1
143094,0
30938,1
236712,0
122846,1
52852,0
60375,1
259450,1
225651,1
199566,1
238501,1
55834,0
131926,1
90173,1
252409,1
145301,1
205471,1
201498,1
60252,1
196285,1
233863,1
10916,0
812,1
101414,1
120405,1
238771,1
162020,1
103287,1
167151,1
153865,1
22957,1
85641,1
32906,1
25506,1
263504,1
205676,1
11397,0
136832,1
105800,1
26326,0
65809,1
35316,0
248127,1
175801,1
61730,1
154337,0
52648,0
200501,1
148014,0
24665,1
197909,1
76237,1
51275,0
76430,1
170829,1
82004,1
16933,0
192412,1
39648,1
181916,1
128118,1
205464,1
160530,1
30413,1
230816,0
79148,1
25165,1
162056,1
35926,1
132674,1
47528,1
59549,1
132781,1
182643,1
8980,1
119969,1
148396,0
157281,1
42742,1
249570,1
222738,1
144350,1
200735,1
109958,1
109251,1
173958,1
109001,0
252824,0
213363,1
28728,1
8696,1
88032,1
66694,1
204974,0
140403,1
179589,1
10110,1
193619,1
48622,1
231313,1
170595,0
116650,1
133580,0
48205,1
202209,1
62993,0
24202,1
99199,1
60961,1
217275,1
52241,0
187311,1
89835,1
44296,1
17895,0
200758,0
202168,1
22973,1
121061,1
108736,1
221733,1
251197,1
139599,1
232111,0
47606,1
139253,1
57490,0
212433,1
13289,1
123151,1
14477,1
22387,1
27193,1
223514,1
203287,0
236417,1
44855,1
172833,1
226426,1
209400,1
123295,1
63669,1
200519,1
179053,1
76374,1
165003,1
49080,1
250179,0
164655,1
173161,1
149333,1
255659,1
140142,1
207248,1
81312,1
152772,1
164075,1
106941,1
258155,1
230153,1
94086,1
180632,1
194039,1
192463,1
14707,1
76972,0
218881,0
6604,1
214244,1
33995,1
175577,1
201073,1
124615,0
44367,0
217925,1
48094,1
240559,1
39222,0
39137,1
112429,1
8077,1
51459,1
114992,1
60275,1
84055,1
106518,1
235729,1
238168,1
195611,1
35657,1
171239,1
242736,1
174174,1
94566,1
112998,1
66859,0
13377,1
230339,1
221212,1
212808,1
140860,1
255294,1
133155,1
179678,1
107087,1
127855,1
259436,0
54190,1
83844,0
247295,1
76068,1
189389,1
217271,1
99206,0
142128,1
118196,1
206025,1
261452,0
223112,1
189382,1
261180,1
81340,1
145101,0
85542,1
94860,1
251480,1
122175,1
21041,1
134477,1
45589,0
206131,1
260875,0
260521,1
29617,0
250553,1
224245,1
71856,0
233880,1
126462,1
172657,1
43658,1
238211,1
257459,1
238024,1
14257,1
93662,1
62780,1
4662,1
27223,1
160558,1
249108,1
184966,0
138235,1
202295,1
59605,1
216052,0
25321,0
82657,1
183873,0
131657,1
165845,1
17179,1
205160,1
165383,1
196597,0
50312,1
53907,0
27582,1
87744,0
109326,1
169544,1
251181,0
207138,1
190787,1
5051,0
157726,1
83240,0
87410,1
8630,1
4244,1
138292,1
49766,1
230745,1
54970,1
212437,0
240473,1
247473,0
47106,1
38033,1
133436,1
11559,1
246921,1
44763,1
96114,1
91099,1
34367,1
1051,0
260139,1
222859,1
133208,1
71065,1
63596,1
524,0
9517,1
37464,1
81237,1
32530,1
251519,1
231770,1
53498,1
2146,0
47857,0
137571,0
146009,1
5504,1
72225,1
60134,1
6301,1
64967,0
1458,1
205503,0
159684,1
4356,0
244990,1
46396,0
79420,1
91756,1
35930,1
208743,1
168770,1
226729,0
37846,1
3524,1
156014,1
171152,1
231229,0
185088,1
82704,1
174469,1
147887,1
121712,1
165478,0
183768,1
184766,1
159603,1
137873,1
219093,1
222832,1
148891,1
146567,1
266201,1
182834,1
246299,1
186357,1
108797,1
160786,1
104982,1
39846,1
147816,1
82935,1
228066,0
80165,1
67781,1
54111,1
264743,1
8692,1
43384,1
170969,0
11158,1
87646,0
214609,1
55147,1
142940,1
101364,1
119338,0
78253,1
52529,1
49163,1
95145,1
120635,1
238214,0
224677,1
140224,1
170745,1
70247,1
174118,0
37076,1
251037,1
218886,0
196839,1
120142,1
98664,1
10192,0
205158,1
19829,1
202630,1
202633,1
195650,1
214141,0
165871,1
156881,1
129198,1
224045,0
205885,1
158324,1
2149,1
6773,1
38088,0
7538,1
134955,1
250921,0
63094,1
28805,1
235131,0
43978,1
233494,1
52858,1
188091,1
86346,0
138704,1
194866,1
85763,1
114222,1
76528,0
5759,0
263928,0
92929,1
149200,1
239802,1
79930,1
62687,0
29577,0
153129,0
185999,1
14338,1
233445,0
77174,1
113661,1
220202,1
7581,0
171119,1
34605,1
185307,1
158848,1
7655,0
3375,0
158738,1
64137,0
242598,1
223724,0
216893,1
91962,1
21269,1
59519,1
242072,1
136799,1
91240,1
197913,1
14655,0
40352,0
113532,1
256028,1
50858,1
141010,1
24428,1
93627,1
146901,1
63546,1
152991,1
149393,1
34844,1
250858,1
146737,1
94603,1
250570,1
105591,1
141469,0
240684,1
168349,1
80435,0
194752,1
53122,1
80439,1
204282,1
131479,1
107073,1
71132,1
262823,1
66287,0
79915,1
122540,1
54621,1
52847,1
185194,1
208253,0
234406,0
206542,1
182168,1
51369,1
148272,1
78162,1
165776,1
50487,1
164528,1
143311,1
40730,1
243163,1
53452,0
45878,1
35841,1
172674,1
46643,1
66231,1
241729,1
158964,1
28266,0
38642,1
53679,1
38283,1
15095,1
108442,0
55307,1
24270,1
103077,1
196821,1
88182,1
167889,1
119836,1
169162,1
169625,0
204757,0
130036,0
163294,1
77272,1
79270,1
72093,0
35853,1
112075,1
143949,1
1523,0
190370,1
12225,1
189871,1
41229,1
235832,1
89362,1
252513,1
51587,1
82555,1
177036,1
226377,1
151041,0
159524,1
40949,1
189600,1
106606,0
207295,1
221952,0
219695,1
210759,1
229692,0
107973,1
203631,1
241622,1
57457,1
54693,0
171978,1
244543,1
81257,1
118343,0
112071,1
205590,1
130553,1
235567,1
105932,1
145525,1
235259,1
208998,1
236756,1
23000,0
236150,1
132306,1
243768,1
36178,1
63080,1
158003,1
199643,1
170826,1
193465,0
185977,1
2843,0
33100,1
73610,1
259907,1
105357,1
30712,0
261233,1
206654,1
180511,1
91111,1
22058,1
119465,1
253092,1
92978,1
97103,1
89674,1
199359,1
263962,1
120557,1
246211,1
42183,1
244893,1
199076,1
119928,1
226054,1
122952,1
183364,1
257001,1
107254,1
232585,1
189084,1
180248,1
153229,0
228510,1
44769,1
213950,1
34148,1
37082,0
98917,1
203468,1
145398,1
38317,1
98061,1
120717,1
193137,1
185258,1
159254,1
134749,1
28201,1
87633,1
190780,1
147792,1
64064,1
124298,0
81532,1
121677,1
207494,0
208134,1
139161,1
56316,1
138931,1
95943,1
216927,1
105660,1
63730,1
230711,1
225107,1
87770,1
11194,0
262983,0
148444,1
97593,1
261484,0
35505,1
120157,0
149883,1
238661,0
266585,1
228014,1
128868,1
29611,1
108459,1
251999,1
179646,1
251912,1
42358,1
244213,0
228429,1
68514,1
53747,1
55728,1
68560,1
11596,1
202157,1
211897,1
189471,0
142918,1
175913,0
259682,1
183221,1
2388,0
66132,1
205261,1
243655,0
94888,1
21915,1
22677,0
265998,0
226756,1
188160,1
65587,1
187094,1
100950,1
242124,1
189822,1
185983,1
76335,1
232167,1
114600,0
180761,1
236205,1
170951,1
67091,1
182438,1
263165,1
148437,1
184346,1
150740,1
35649,1
148450,1
37004,1
50827,1
56751,0
12562,0
56418,1
207334,0
47258,1
252790,0
10005,0
240967,0
100444,0
185129,1
59533,1
115033,1
138955,1
78737,0
146619,0
45605,1
141021,1
84486,1
71179,1
26449,1
146561,0
44491,0
221124,1
154233,0
133918,1
148378,1
189253,1
101388,1
122591,1
251035,1
93308,1
177173,1
44303,1
211152,1
143698,1
146821,1
52668,1
232182,1
202142,1
21378,0
80556,1
30049,1
250984,1
250175,1
191139,1
73160,1
120409,1
154679,1
204327,1
72623,1
39776,0
132337,0
71318,1
160019,1
118734,1
24215,1
112618,1
218294,0
244292,1
107345,1
63489,1
118492,0
142596,1
118159,1
23610,0
176257,1
142857,1
121280,1
83357,0
169537,1
55723,1
73047,0
61552,1
217524,1
72544,1
82902,1
43287,1
161805,1
147393,1
21098,1
212225,1
17166,1
103102,0
199846,1
238938,1
20564,1
190783,1
182468,0
231989,1
260439,1
26907,1
183386,1
190193,1
256720,1
145770,0
213800,1
144698,0
34771,1
94120,1
37981,1
84660,1
106223,1
18485,1
219055,1
256414,1
76309,1
82477,1
159044,0
190423,1
39015,1
249855,1
65631,1
216555,1
176483,1
191439,1
58045,0
77345,0
20051,1
209517,1
27549,1
29782,1
140422,1
16215,0
178445,1
15662,0
149298,1
210112,1
189867,1
266239,0
36639,1
7104,1
197651,1
77092,1
118813,1
109853,1
78296,0
218110,1
6111,0
9342,0
184491,1
176296,1
266129,1
185524,0
212265,1
226217,1
203600,0
27719,1
116587,1
114252,1
186578,1
94579,1
169299,0
211664,1
149673,1
211464,1
172519,1
213657,1
159670,1
255804,1
184565,0
224372,0
69349,1
130774,1
72252,1
150626,1
141988,0
139383,1
173105,1
227494,1
56962,1
158986,1
13807,1
51652,0
204041,1
261207,1
13804,0
54564,1
190581,1
7920,1
238791,1
121523,1
3715,0
12566,0
239310,1
225266,1
234531,1
169571,0
156672,1
70561,1
190837,1
107293,1
173150,1
111039,1
220773,1
232554,1
147022,1
104400,1
68639,1
219236,1
81172,1
153409,0
106117,1
190602,1
218179,0
226758,1
214185,1
132611,0
122663,1
220775,0
222429,0
22118,1
190090,0
192125,1
97358,0
211173,1
174408,1
182558,1
172036,1
224172,1
125885,1
164413,1
98139,1
259301,1
87429,1
153906,0
170541,1
34581,1
36997,0
108658,1
37329,1
189454,1
171498,1
8232,1
140239,1
247290,0
104696,1
255838,1
13002,0
262806,1
100822,1
111705,1
189027,1
264205,0
1946,0
80035,1
255111,1
221206,1
48000,1
59572,0
211121,1
71272,1
107341,1
196436,1
152093,1
31591,1
103003,1
43346,1
266409,1
85031,0
43436,1
140189,0
167212,0
161471,1
229153,0
167514,1
116749,1
85627,1
149802,0
265863,1
130116,1
85868,1
139191,1
254785,1
161466,1
265151,1
210829,1
252937,1
168607,1
215149,1
258770,1
174812,1
170638,1
90068,1
231888,1
70287,1
259058,1
38286,1
238748,1
91303,1
242427,1
42206,1
145772,1
258806,1
34760,1
106385,1
44711,1
39695,1
135206,1
181288,0
154947,0
169312,1
175638,1
164219,1
8191,1
41831,1
63550,0
251456,1
203384,0
222060,0
143516,1
199249,1
61573,0
128975,1
173851,1
34057,1
117262,1
112076,1
194784,1
250792,1
13380,1
168555,1
33600,1
90238,1
206088,1
23701,1
68047,1
212926,0
131568,1
75682,1
153602,1
44821,1
102434,1
65542,1
143412,1
188252,1
68220,1
249565,0
44430,1
148873,1
208880,1
247939,0
175524,0
215260,1
62384,0
103005,1
187054,0
250494,1
235185,0
64402,1
79549,1
103278,1
190375,1
20321,1
90008,1
173278,1
23919,1
90912,1
212573,1
76984,1
252498,1
214009,1
264738,0
5467,0
200572,0
34753,1
197003,1
30034,0
28374,1
148091,1
67500,1
151310,1
251886,1
14797,1
61912,1
9811,1
78,0
243467,1
77770,1
61583,1
209897,0
66168,0
4904,1
51191,1
78774,1
198234,1
86787,0
210132,1
116429,1
67330,1
174324,1
108514,1
50681,1
1918,0
218703,1
97083,0
82886,1
7507,1
46210,1
43998,1
201560,1
123249,0
52585,1
92841,1
16365,1
29673,1
70446,1
131851,1
261128,1
60116,1
116762,0
204559,1
218276,1
96105,1
90254,1
149899,1
151997,1
237758,1
9968,0
143960,0
170491,1
130162,1
127697,0
59715,1
55114,1
22132,1
57284,0
83714,1
99439,0
184278,1
21218,1
259997,1
46871,1
201775,1
81473,1
145164,0
105371,0
250234,1
61754,1
49940,1
168119,1
46430,1
150035,1
203215,1
126091,1
2236,1
52467,1
36193,1
10600,0
195164,1
186376,1
181373,1
213152,1
59338,1
93032,0
172972,1
183819,1
131654,0
263019,1
135798,1
99829,1
39678,1
18340,0
9860,0
118629,1
255397,0
142527,1
216471,1
95470,1
92989,0
189478,1
258279,1
142741,0
257474,1
257130,0
219906,1
53006,1
173017,0
144434,0
17736,1
31231,1
131266,1
164474,1
149809,1
134914,1
243898,1
194556,1
141611,1
227043,1
79650,1
211327,1
164647,1
264939,1
238551,1
73820,1
94145,1
54798,1
134859,1
11293,1
191171,0
84831,1
249808,0
80759,1
106246,1
16433,1
77980,1
141713,1
16016,1
136356,1
230683,1
101838,1
119057,1
258417,1
160448,1
83159,1
262876,1
90191,1
192844,1
85242,1
494,0
52404,1
2020,0
129883,1
20960,1
132048,1
59499,0
246404,1
35801,1
77763,1
50568,1
39454,1
181645,0
6637,1
169708,1
172492,0
173358,1
255960,1
170203,1
25699,1
29450,1
84791,1
117544,1
68123,1
72958,1
19741,1
216061,1
100010,0
96616,1
41532,1
5111,0
56545,1
167952,1
223887,1
151788,1
162331,1
34857,1
140038,1
1626,1
103811,0
115552,1
212146,1
69257,0
188613,1
252405,1
230981,1
87950,1
111353,1
44443,1
196253,1
199149,1
258445,1
123054,1
111967,1
242886,1
237473,1
238958,1
134654,0
75794,1
78632,1
163146,1
136925,1
140908,1
122515,1
155785,1
20928,0
15743,1
223076,1
81694,1
93716,1
235793,1
244191,1
138164,1
23611,1
207206,0
246094,0
72376,1
54434,1
93517,1
20182,1
168050,1
139214,0
11912,0
193350,1
187463,1
165851,0
62905,1
44881,1
215410,0
98048,1
125825,0
17716,0
164843,1
98384,1
84696,1
43339,1
213849,1
18900,1
246933,0
132637,1
5895,1
33087,1
141991,1
167405,0
24951,1
139330,1
131679,0
24407,1
68074,1
9262,0
100893,1
39467,1
88291,0
18468,1
243215,1
32165,1
141974,1
196195,1
6173,1
192610,1
31019,1
98924,1
47826,1
51722,1
227191,1
128818,1
59259,1
68454,1
93793,1
121217,1
230189,0
75125,1
235122,1
87143,1
22004,1
127096,1
113779,1
205937,1
238447,1
209952,0
242695,0
153051,0
28433,1
161239,1
103065,1
72885,1
122800,1
258836,1
47518,1
229673,1
181332,1
53198,1
204144,1
67341,1
44646,1
240924,1
150490,1
41915,1
224310,1
155784,0
186530,1
260422,0
106590,1
135447,0
39709,1
148908,1
231584,1
251970,1
166615,1
242478,0
140352,1
102036,0
122777,1
118829,1
208535,1
98944,1
152386,0
196589,1
43061,0
159666,0
239429,0
5378,1
160344,1
208298,1
84812,1
261447,1
184736,1
222117,1
253127,1
117595,1
92653,0
35108,1
73747,1
152335,1
140818,1
234228,1
191980,1
22942,1
180830,0
13857,0
137297,0
62040,1
68409,1
223122,1
50380,1
239696,1
73796,1
114041,1
152057,1
55165,1
17542,0
76342,1
223178,1
24361,1
11619,1
179578,1
31190,1
171849,1
252348,1
192062,1
87075,1
4226,0
188225,1
218713,1
104774,1
68392,0
41566,1
85797,1
147448,0
82723,1
196530,1
196700,1
149506,1
256367,0
75386,1
112455,1
139741,1
46058,1
153985,1
197305,1
24109,0
82710,1
152393,0
234466,0
238249,1
171981,1
245812,0
27252,1
239049,1
232744,1
55332,1
8178,1
193024,1
125299,1
82664,0
120604,1
261056,0
57786,1
78986,1
22894,1
212036,1
205184,1
45257,1
77998,1
65675,1
187137,1
226215,0
205788,1
92577,1
137222,1
30158,1
61736,0
15545,1
113428,1
132228,0
92094,1
199989,0
47717,1
41780,1
204351,1
260545,0
69864,0
70910,1
124725,1
79282,1
198229,1
54283,1
160243,1
10440,1
165830,1
129423,1
175926,0
233110,1
12003,0
61153,1
35968,1
22970,0
25580,1
58187,1
143608,0
13531,0
178239,1
120123,1
220614,1
152517,1
71029,1
109707,1
94629,1
60720,1
50843,1
154694,0
174304,0
238076,1
49825,1
179027,0
231449,1
88019,1
188281,0
101532,1
32648,0
95974,1
83411,0
44781,1
146195,1
222730,1
152033,1
169156,1
47503,1
46010,1
73369,1
216520,1
7640,1
97141,1
182306,1
159557,1
174638,1
160270,1
99589,1
39641,1
79040,1
92755,1
200594,1
104487,1
26287,1
185324,1
118581,1
143025,1
5657,1
223944,1
109648,1
175587,1
6344,0
184443,1
217573,1
85727,1
120639,1
126016,1
214385,1
222011,0
90874,1
170322,1
196420,0
159725,1
192257,1
5886,1
5090,0
96920,0
4474,1
90843,1
231861,1
30747,0
234021,1
158446,1
109237,1
222974,1
167780,1
264458,0
78793,1
1220,1
92095,1
95110,0
156978,1
187100,1
108345,1
8970,1
224274,0
203518,0
258579,1
127117,1
65869,1
43542,1
169757,1
26014,1
183323,1
254486,0
218766,0
226325,1
71146,1
171800,0
100633,1
110736,1
73736,1
28407,1
157263,1
192500,0
12072,0
56281,1
46304,1
106381,1
213571,1
208990,1
140937,1
209246,1
49453,1
202669,1
6411,1
37724,1
53471,1
26405,1
224530,1
214961,0
16045,1
40189,1
9978,1
69958,0
100019,1
156762,1
246530,1
63994,1
260374,1
188674,0
12208,1
108176,1
258111,0
48127,1
44532,0
127022,1
80417,1
216874,1
27725,0
12778,1
189531,1
33546,1
147711,1
141402,1
40250,1
174530,1
3225,1
133600,1
141362,1
111638,1
166523,0
177589,1
17566,0
45512,1
196708,1
204699,1
159210,1
224415,1
115412,1
204645,0
156159,1
211218,0
17069,1
144873,1
265014,0
62109,1
232846,1
100433,0
258545,1
144788,0
105049,1
67991,1
256155,1
214872,1
144046,1
240474,0
148025,1
150956,0
244672,1
59658,1
192845,0
157427,1
111319,1
163403,1
136618,1
103397,1
264659,0
91055,1
6919,1
195605,1
200443,1
242488,0
160919,1
74028,1
199140,1
142866,1
171181,1
181745,0
163796,1
146959,1
45353,1
64617,1
81119,1
238925,0
125284,0
251363,0
147922,1
52048,0
23496,1
225906,1
162685,1
42260,0
26445,1
7954,1
46626,1
133466,1
19368,1
9706,1
41935,1
52410,1
74056,1
77047,1
88928,1
103841,1
3217,1
89749,1
190647,1
170440,1
32009,1
33842,1
166655,1
39409,1
154674,1
230539,1
99286,0
98488,0
56833,0
64868,1
138132,1
108329,1
16573,1
107265,1
236287,1
3272,0
258136,1
254234,1
243759,1
100147,1
239260,1
127011,1
5863,0
209423,1
220432,1
234290,0
30058,1
4952,1
154328,1
49688,1
139364,1
97616,1
175484,1
117024,1
162933,1
108768,1
71377,0
215802,1
15497,1
171430,1
127142,1
97438,0
178024,0
153405,1
149438,1
146340,0
185545,1
127783,1
265745,0
684,0
180259,1
143708,1
156401,1
98925,1
95362,1
187460,1
22141,1
262785,0
9651,0
113072,1
149432,1
137579,1
180020,1
154836,0
40305,1
258981,1
85252,1
199632,1
18652,0
120700,1
220489,1
52929,1
153907,1
39964,1
157525,1
149024,0
261355,1
251676,0
237539,0
55171,1
226433,1
163668,1
175591,1
97108,1
181817,0
58953,1
58467,1
186207,1
98790,1
66383,1
134688,0
192951,1
214391,1
240383,1
185873,1
243763,1
1446,0
172088,1
1125,1
263886,1
7454,1
266485,1
19867,1
231382,1
80893,1
72905,0
169948,1
26464,1
212837,1
243940,1
189992,1
25880,1
217235,1
1022,0
60193,1
150276,1
214938,1
247325,1
83,1
201441,0
104814,1
62250,1
108813,1
224463,1
14445,0
154287,0
108202,1
54036,1
74402,1
138539,0
264910,0
255178,1
112381,1
179347,1
78646,1
211551,1
10391,1
178154,1
65349,1
133196,1
156467,1
62877,1
113063,1
50492,1
78602,1
99518,1
251635,0
29774,1
177152,0
69846,1
209281,1
31737,1
136731,1
127948,0
12118,0
165144,1
53379,1
153462,1
78074,0
216900,1
235760,0
12542,0
37350,1
1098,0
169307,1
193335,0
51221,1
69292,1
258244,1
78912,1
208001,1
113210,1
91606,1
197142,0
65581,1
229509,1
137181,0
87055,0
57107,1
169379,1
177621,1
228643,1
11313,1
164255,1
98326,1
150409,1
85345,1
9174,1
245160,1
64882,1
182979,1
33203,1
31825,1
133547,1
51816,1
238274,1
113473,0
53904,1
91324,0
160802,1
133320,1
177866,0
99414,1
168905,1
1394,0
130184,0
146501,0
128448,1
64318,1
252635,1
121328,0
115007,1
262122,1
189102,1
201088,1
255515,1
11448,0
101583,1
182344,1
135830,0
129017,1
164800,1
68518,1
154071,0
52332,1
86561,1
203170,1
97706,0
77831,1
20957,1
33044,0
87553,1
180746,1
130888,0
33135,1
169862,1
253577,0
63971,1
135712,1
133232,1
49427,1
93814,0
72126,1
2073,0
131102,1
106354,1
114534,1
181306,0
174935,1
75666,0
147320,1
139163,1
159928,1
105615,1
28886,1
179633,1
1502,1
133672,0
65288,1
71077,1
212912,1
5503,1
178605,1
217665,1
15857,0
123189,0
129796,1
51318,1
9135,1
69230,1
155122,1
129247,1
136347,1
226057,0
94468,1
25790,1
72820,1
212087,0
145113,1
159398,1
15949,1
172995,1
108068,1
50444,1
53405,1
5988,1
128249,1
137533,0
49337,1
90552,1
45734,0
193816,1
94741,1
207139,0
31985,1
156929,1
120159,0
86796,1
104143,1
230130,1
117513,0
188586,1
80776,0
173060,1
128485,1
125162,0
214824,1
4052,0
120454,1
223927,0
163271,1
89006,1
147880,1
265206,0
65018,1
217231,1
96524,1
22579,1
222334,0
99235,1
28577,0
224675,1
160372,1
147126,1
186725,1
24386,1
17842,1
157480,1
128482,1
249866,1
192594,1
187487,1
152779,1
230021,1
225156,1
41141,1
91316,1
118713,1
70263,1
180566,1
60254,0
255755,0
261311,1
119397,1
170060,1
173422,1
262447,1
224685,1
50120,0
202240,1
103431,1
67290,1
115326,1
251804,1
251511,1
8339,1
126455,1
119067,1
53253,1
245860,1
112987,1
108582,1
85134,1
75557,1
165877,1
179310,1
171316,1
204188,1
238761,0
178697,1
108630,1
213995,0
158278,1
11903,0
20990,0
244202,1
133977,1
85837,1
238109,1
56596,0
140045,0
62720,1
87185,1
80471,1
184810,1
232275,1
12639,1
29847,1
68642,1
256910,0
30634,1
145975,1
169152,1
41595,1
40643,1
179967,1
204949,1
98666,1
60712,1
137627,1
210216,1
237164,1
17000,1
47046,1
45249,1
92216,0
46029,1
261097,1
214325,0
11886,1
200963,0
132333,1
75678,1
37972,1
14529,1
118653,1
262930,1
38640,0
211223,0
253137,1
152530,1
208711,1
138723,1
252477,1
194293,0
164004,0
235300,1
99135,1
79708,0
104557,1
245917,1
149931,1
216153,1
163016,1
90718,1
23868,1
193915,1
77523,1
5329,0
244650,1
50296,0
155053,1
99715,1
237675,1
230558,1
161445,1
247846,1
47586,0
56501,1
5582,0
165336,1
152042,0
82276,1
114776,1
156225,1
245857,1
128279,1
46606,1
67874,1
248711,1
180810,1
181983,0
20474,1
21046,0
177328,1
153113,1
41776,0
196408,1
35049,0
130865,1
62280,1
52884,1
142240,1
194187,1
235544,1
251096,0
234206,0
96975,1
142814,0
125934,1
20216,1
164313,1
174071,0
152892,1
91701,1
144417,0
91023,1
58181,1
134734,1
164735,1
247333,0
117712,0
172716,1
183856,1
163549,1
99056,1
160350,1
218718,1
31974,1
36712,1
3535,0
204878,1
174047,1
202653,1
74224,1
179354,1
260983,0
4556,0
81967,1
36874,1
229127,1
70839,1
234261,1
258106,1
128117,1
180850,0
206754,1
145031,1
64254,1
194237,1
131701,1
230843,1
180238,1
33602,1
8631,1
106247,1
216807,1
147439,1
159949,1
196774,0
1424,0
148466,1
243418,0
242670,0
111194,1
263807,1
172381,1
174417,1
250594,1
58538,0
192513,1
65520,1
255329,0
215853,1
88944,1
240395,1
175096,1
3743,1
158769,0
155902,1
48146,1
136430,1
58138,1
154224,1
175826,1
108961,1
173209,0
101916,1
124296,1
259850,1
114410,1
27517,1
86360,1
158912,1
125384,1
24707,0
41871,1
264035,1
160824,1
212966,1
42181,1
32694,1
156347,1
114078,1
106391,1
33524,1
146194,1
172073,1
121627,1
219261,0
195910,1
56525,1
159753,1
85107,0
11226,1
70995,1
230223,1
3152,1
64082,1
225417,1
232356,1
56930,0
2609,1
167828,1
125590,0
262446,0
112650,1
144882,1
201478,1
44962,1
75168,1
44364,0
138976,1
59641,1
160042,1
237301,1
61436,1
73453,1
235242,1
34548,1
136629,1
214433,1
136020,0
66553,1
175862,0
124706,1
76625,0
78085,1
154313,1
124489,0
263308,0
77790,1
166144,0
19093,1
99400,1
229082,1
224186,1
122624,1
74786,1
61619,1
142115,0
108803,1
248086,0
140921,1
10570,1
64910,1
60815,1
91045,1
158594,1
186825,1
205297,1
197973,1
205737,1
204801,1
157075,0
107870,1
113341,0
65267,1
32527,1
71111,1
252132,1
51277,1
162997,1
166369,1
95703,1
19154,1
102964,0
245294,1
249455,0
38304,1
20677,1
125928,1
208863,1
66085,1
123478,1
68631,1
191001,1
177204,1
50961,1
236007,1
256593,1
198003,0
37539,1
218654,1
142874,1
200675,1
250934,1
101956,1
16284,1
90531,1
29398,1
154675,1
88774,1
77550,1
84514,1
89051,1
241329,1
243158,1
189733,1
8994,0
150266,0
220851,0
236285,0
241309,1
187990,0
111819,1
39099,1
8564,0
92024,1
37762,1
95269,1
220601,1
264484,0
251338,1
101373,0
88539,1
36237,1
116505,1
224393,1
64406,1
33098,1
265137,1
169158,0
111984,0
187726,1
149295,1
142677,1
6073,0
108527,1
180247,1
128143,1
258718,1
74806,1
188303,1
255062,1
258407,1
218584,1
266172,0
131016,1
90668,1
228908,1
178332,1
248968,0
237611,1
123099,1
147483,0
184205,1
139946,1
161703,1
165031,1
148049,0
33519,1
142229,0
209775,1
72224,1
196982,1
164540,1
50895,0
143830,0
266629,0
153465,1
159332,1
164849,1
75600,1
21362,1
93839,1
113848,1
32539,1
130241,1
100881,1
46812,1
17869,1
128532,1
181920,1
182113,1
91404,1
162023,1
208888,1
33458,1
10731,0
208773,1
95165,1
130428,1
429,1
24464,1
224374,1
25101,1
209270,1
38525,1
34154,1
115353,0
1493,0
58376,1
202782,1
88267,1
69774,1
7443,0
61927,1
9436,1
72368,1
165017,1
69498,1
10449,0
156576,1
118667,1
96838,1
35393,1
104907,1
120913,0
121918,1
196888,1
222518,1
89343,1
249044,1
135314,1
46984,1
202943,1
260124,1
265902,1
93135,1
19065,0
175306,0
254665,1
77461,0
195256,1
252218,1
31423,1
129957,1
172239,1
165410,1
151016,1
178502,1
217759,1
44265,0
125775,0
192189,1
59999,1
114781,1
243098,1
48467,1
193159,1
156440,1
200962,0
186058,1
130998,1
164666,1
228547,1
238014,1
196346,1
171559,1
216650,1
159625,0
84320,1
262104,1
160051,1
162747,1
49059,1
101860,1
263284,1
157566,1
213830,1
137407,1
8627,0
34977,0
215711,1
179187,1
16197,1
138394,0
31508,1
224164,1
51283,1
160470,1
24660,1
47047,1
261107,1
248313,0
159227,1
56829,1
126431,1
159393,1
231254,1
10428,0
217770,1
131688,1
11473,0
101244,1
37362,1
52338,1
48065,1
221795,1
119784,1
150773,1
10580,1
183567,1
3373,1
90847,1
142593,1
35017,1
36017,1
150301,0
110430,1
155025,1
8713,1
228402,1
46246,0
125918,1
161341,1
157594,0
186865,0
240321,1
203993,1
170318,1
210348,0
28972,1
106157,1
156654,1
59631,1
32253,1
128057,1
51987,1
131807,0
62992,1
198927,1
156285,1
218757,1
213041,1
100588,1
193467,1
109553,1
154825,1
135285,1
83083,0
27259,1
199431,1
65909,0
3253,0
122065,1
78046,1
235900,1
197309,1
248227,1
142424,1
128578,1
170937,0
211693,1
37582,1
239482,1
78621,1
40833,1
15969,1
37149,1
129566,1
22959,0
158616,1
54197,1
182870,0
109264,1
207739,1
119759,1
85358,1
248336,1
20233,1
260540,0
48747,1
264262,1
222742,0
55142,1
173509,1
1719,1
262948,1
252566,1
66038,1
85042,1
56804,1
52444,1
74460,1
229779,1
63396,0
126631,1
169976,0
198095,1
226315,1
99268,0
51373,1
44445,1
166470,1
216971,1
230035,1
52875,1
113098,0
9520,0
85382,1
77721,1
235168,1
107653,1
19900,1
249205,0
65047,1
188984,0
4383,1
188601,1
2384,0
176490,1
227031,1
107118,1
63961,1
135862,1
220461,1
162919,1
80711,1
93283,1
168985,0
207949,1
18009,0
177086,1
70829,1
52612,1
1578,1
220829,1
36869,1
249248,1
77059,1
142055,1
125355,1
83687,1
76581,1
215449,1
243344,1
49680,1
223698,1
176193,0
21500,1
136624,0
46083,1
39540,1
163200,0
190304,0
92481,1
25931,1
76774,1
202579,1
225503,1
82239,1
77440,1
104395,1
192334,1
174788,1
3951,1
224663,1
116248,1
80728,1
175820,1
212591,1
109129,1
132578,1
119148,1
53299,1
36486,1
193744,1
227247,1
264029,1
199324,1
190494,1
162148,1
149136,1
90585,1
36549,1
45164,0
153249,0
80890,1
250957,1
154182,1
215823,1
30318,1
51152,0
191646,1
128246,1
155805,1
1632,0
54444,1
193324,1
249587,1
201943,1
89181,1
226455,1
119373,1
187250,1
214908,1
208179,0
207920,1
208056,1
176255,0
67233,1
69480,1
2040,1
1324,1
238177,1
111284,0
30062,1
16044,1
137311,0
260466,0
177786,1
104728,1
5243,1
191190,1
92445,1
223565,1
220377,0
133226,1
223344,1
242512,0
212555,1
1853,0
125155,1
204606,0
251794,1
171091,0
141265,1
262129,0
186721,1
75893,0
264573,1
128530,0
262906,1
147019,0
124492,0
477,1
90234,1
222329,1
22771,1
256003,0
233325,1
81211,1
10531,0
197069,1
166267,1
197802,1
229511,1
83862,1
107176,1
42134,1
162488,0
165175,1
260316,1
28623,1
253778,1
124095,1
16609,1
207604,1
89575,0
72811,1
32954,0
205019,0
124597,1
249007,1
241693,0
165055,0
29967,0
261632,0
189972,1
95555,1
182040,0
189152,1
116281,1
229745,1
103387,0
176828,1
252946,0
53709,1
151353,0
168150,1
4734,1
133162,1
114313,1
73216,1
225038,1
109585,1
98036,0
42135,1
11031,1
101674,1
188909,0
150091,0
115426,0
158189,1
107779,1
248299,1
155242,0
106193,0
58570,1
73268,1
220903,0
10712,0
106245,1
32802,0
178981,1
110014,1
157436,1
129844,1
168132,1
186416,1
126080,1
161808,1
51417,1
169735,1
126193,1
76401,1
113362,1
252651,1
67176,1
124893,1
262081,1
261763,1
35984,1
185887,1
259533,1
34514,1
81065,1
57249,1
8237,0
117584,1
14839,1
230895,0
253102,1
121562,0
164243,1
89690,1
229521,1
148246,0
59470,1
258384,0
108900,1
57830,1
52277,0
22399,1
128973,1
168566,1
62662,1
137,0
97180,1
154712,1
2114,1
9788,1
88593,1
168631,0
180365,0
107633,1
236813,1
151183,1
88893,1
214228,1
59515,1
166542,1
51458,1
238955,1
171257,1
169438,1
256007,0
228672,1
45642,1
159026,0
234723,1
180373,0
61559,1
181010,1
92898,1
191131,1
35938,1
237646,0
220669,1
76823,1
226547,0
165020,1
176403,1
206180,1
50403,0
250848,0
338,1
257073,1
27679,1
49158,1
183954,1
163650,1
207701,1
210118,1
190791,1
50252,0
175545,1
6889,1
176716,1
112527,1
244018,0
195964,1
153565,1
61352,1
10375,1
150780,1
87458,1
122892,1
196051,1
137048,1
133959,0
213744,0
138532,1
176044,1
217378,1
93830,0
9173,1
146654,1
28151,1
121633,0
99062,1
5401,0
50050,1
93754,0
41932,1
143203,1
85745,1
232142,0
83764,1
193911,0
148509,0
233737,1
189942,0
122314,0
205606,0
158159,1
13254,1
232915,1
162874,0
95522,1
23419,1
67281,0
2244,1
91533,0
96361,1
61000,1
97760,1
125744,1
161641,1
260355,1
234547,1
192389,0
161402,1
235094,1
33789,1
16513,0
33732,1
236532,1
147030,1
50785,1
90321,1
185147,1
195972,1
31571,1
171937,1
142736,1
112487,1
52899,1
149372,1
179891,1
133175,0
1076,0
220659,1
30719,1
244717,1
99214,1
87169,1
214096,1
180770,1
143785,1
192881,1
77167,1
11483,0
148539,1
205732,1
54261,1
189051,0
92484,1
34201,1
237331,0
214879,1
191804,1
250621,1
168874,1
186220,0
104499,1
25420,0
180890,1
90307,1
185606,1
3721,0
76047,1
214050,0
150314,1
240033,0
7476,1
245252,1
169285,1
41385,1
82488,0
161066,1
178579,1
67694,1
218531,1
105559,1
255842,0
80834,0
237199,1
7341,1
176412,1
40888,1
134940,1
89225,1
149993,1
194319,1
50983,1
142758,1
84707,1
218516,0
26262,1
265680,1
67846,1
3307,1
256259,0
6730,1
55178,0
120871,1
129088,1
192589,1
209562,1
69477,1
82815,1
150668,1
106914,1
176324,1
224620,1
39878,1
67678,0
131874,1
106845,1
201660,1
125412,1
252029,1
17894,1
891,1
127236,1
248301,1
59800,1
214150,1
174691,1
100079,0
257966,1
52108,0
12854,1
71880,0
3716,0
247020,0
51526,1
5003,0
153257,1
161966,1
77637,1
187829,1
51272,1
236222,0
244492,1
54637,1
139803,1
35939,1
136784,1
251308,0
80413,1
244590,1
208957,1
218386,1
253073,1
46805,0
162809,1
232805,1
224676,1
194433,1
72478,1
114060,1
32154,1
135622,1
143153,1
137993,1
259457,1
64577,0
99873,1
206202,1
162999,0
204424,0
95125,1
98800,1
40401,1
160262,1
54335,0
161884,1
166378,1
58767,1
175362,1
166929,1
127635,1
191384,0
231492,1
204683,0
207238,1
139032,0
166679,1
175336,1
246612,1
193796,1
154424,1
256056,0
241160,1
167497,1
131806,1
161000,1
109164,1
197105,1
207394,1
51433,0
70577,1
258369,1
113212,1
39066,1
174922,1
212052,1
144137,0
68584,1
58057,1
125263,0
34766,1
176949,0
117840,0
207439,1
157683,1
165626,1
212401,0
117936,0
51970,1
59353,1
13201,1
193145,1
34099,1
123939,1
184331,1
84095,1
131529,1
146099,0
94447,1
588,0
120325,1
221247,0
176947,1
58115,0
142555,1
228465,1
23113,1
209829,1
163897,1
142478,1
88514,0
57021,1
122469,1
62256,1
263141,1
193778,1
133359,1
253894,1
204993,1
5726,0
50796,1
91429,1
14958,1
172439,0
48128,1
9859,1
196168,0
152807,1
103441,1
211256,1
28294,0
181589,1
133171,1
18891,1
126261,1
79984,1
202952,1
110967,1
119066,1
38736,1
213941,0
189852,0
107569,1
246075,1
210123,1
117242,1
240897,0
206064,1
56651,1
35190,0
45425,0
165293,1
72640,0
164433,0
92880,1
43808,1
163346,1
233979,1
83788,1
42564,1
215516,1
91897,1
111015,1
208180,0
196118,1
175990,0
185631,1
74088,1
208393,0
132352,1
83078,1
131007,1
35814,1
111980,1
257702,0
168596,1
108602,1
158475,0
94868,1
108874,1
247399,1
31363,1
225508,1
136733,0
117200,1
72992,1
103320,1
189033,1
109167,1
164135,1
181308,1
68626,1
191949,1
189880,1
130863,1
27195,0
70399,1
19683,1
121453,1
1099,1
7403,1
96617,1
188546,0
116987,1
48465,1
246081,0
211276,1
102327,1
149817,1
90624,0
46799,1
60270,1
132522,1
140825,0
251307,1
41449,1
205394,1
190063,1
83664,1
155455,1
260007,1
105638,1
42614,1
157147,1
24572,1
213836,1
112691,1
235841,0
158303,0
193699,0
95636,1
226878,1
22180,1
137806,1
192606,1
202163,1
145519,1
139997,1
175434,0
200825,1
114998,1
59665,1
19091,1
238987,1
18689,1
50531,1
212736,1
203915,1
67456,1
144807,1
173177,1
84291,0
67737,1
183435,0
62107,1
98879,1
23492,1
199293,1
13968,1
223014,1
207163,1
62882,1
147116,0
167749,0
169217,1
232970,1
21911,1
44734,1
185434,1
230055,1
146388,1
27806,0
33993,1
79313,1
142823,1
54202,1
17804,1
179061,1
247756,1
110952,1
238854,1
211433,1
123734,1
251090,1
245399,1
32349,1
53719,1
228371,0
130600,1
55308,1
80024,1
77275,1
197056,1
228935,1
221034,0
23333,1
30128,1
30875,1
60371,1
206906,1
149348,1
226128,0
158923,0
162771,1
179655,1
244230,0
199780,1
236298,1
44335,1
242386,1
154774,1
210374,0
178732,0
173746,1
54594,1
178214,1
226615,1
38743,1
249933,1
127983,1
54,1
171211,1
198376,1
195067,0
24491,1
112611,1
88679,1
227832,1
14737,1
213827,1
60198,1
90133,1
24917,1
53736,1
164525,1
109140,1
19172,1
83745,1
72288,1
105225,1
165446,1
164847,1
24159,1
60882,1
67933,1
195508,1
249854,0
111450,1
55769,0
25942,1
94611,1
219079,1
113759,1
117860,1
200536,1
253307,1
225679,1
18605,1
6257,1
93880,1
40227,1
229308,0
160612,1
25710,1
230199,0
129686,1
33613,1
44349,1
232771,0
179349,1
192117,1
76886,1
114652,1
155908,0
196704,0
138972,1
250280,1
60955,1
74221,1
56450,1
106930,1
29065,0
16751,1
168231,1
242421,0
193339,1
252037,1
159231,0
39217,1
122837,1
126234,1
88926,1
83423,1
85004,1
261779,1
232634,1
7316,1
40757,1
226413,1
199160,0
163858,1
40963,1
117656,1
75424,1
170813,0
89965,1
234459,1
112607,1
196452,0
266563,0
26011,1
107422,1
27779,1
31112,1
161016,1
185562,1
260210,1
189652,0
169937,1
210119,0
64646,1
3667,1
27484,0
127974,0
202172,1
184280,1
138316,1
4698,0
162207,0
177860,1
259465,0
80638,0
150623,1
194473,1
29744,1
248085,1
210750,1
166107,1
33315,1
62628,0
54329,0
138691,0
222766,1
129525,1
149907,1
95518,1
193395,1
202534,1
103664,1
248442,1
73802,0
115269,1
147663,1
163446,1
44468,1
257547,0
226988,1
132593,1
100634,1
190854,1
19441,1
148627,1
248851,1
149316,1
131464,0
1274,1
202734,1
111350,1
2984,1
203642,0
194379,1
62091,1
184988,1
14066,1
48873,1
24810,1
227991,1
108610,1
10790,0
127565,0
99204,1
198176,1
235692,1
114725,1
116704,1
183834,1
89766,1
58455,1
243396,1
156321,1
234792,1
14806,1
178971,1
91668,1
215874,1
160397,1
37089,1
221209,1
81547,1
181682,1
240698,1
134074,1
155593,1
22291,1
252054,1
179617,1
44378,1
153087,1
82640,0
35557,0
262769,1
243326,1
156223,1
121470,1
218559,1
213731,1
211995,1
79437,1
45873,1
158970,1
232643,0
266617,1
174038,1
207946,1
83183,0
213967,1
43522,1
132038,0
261285,1
107615,1
261494,1
19115,1
85742,1
232006,1
172360,1
115633,1
197380,1
221499,1
145480,0
45301,1
40200,1
67468,0
138131,1
51641,1
184894,1
242114,1
7013,1
189261,1
257123,1
126657,1
58571,1
27287,1
67307,1
72348,0
43585,0
230969,1
170145,1
230311,0
52027,1
144705,1
225048,0
9899,1
62104,1
134453,0
140449,1
216959,0
207614,1
91607,1
260323,1
100513,1
33614,1
15244,1
81830,1
131883,1
33085,1
43670,0
253638,1
246796,1
5234,1
81293,1
11110,1
132411,1
25391,0
127135,1
64307,1
36334,1
213529,1
123438,1
187972,0
88152,1
112032,1
251733,1
157515,1
219794,1
10176,0
196056,1
5456,0
99520,1
58160,0
149966,1
927,1
194736,0
171004,1
193930,1
230106,1
40579,1
47774,1
123359,1
246279,1
47029,0
156219,1
76087,1
47694,0
11300,0
183414,1
138820,1
81705,1
145359,1
245794,1
16831,1
146046,1
56387,0
56933,1
133708,0
14570,1
115821,1
132320,1
15621,0
26355,1
189086,1
134436,1
54656,1
26849,1
256024,1
176414,0
47594,1
37766,1
240427,1
248772,1
163202,1
224971,1
240955,1
196819,1
113079,0
120599,1
58495,1
253791,1
132828,1
261455,1
231629,0
97841,1
212498,1
246923,1
246089,1
148941,1
249401,0
191901,1
261823,1
42474,1
135987,1
177247,1
105619,1
2596,1
15277,0
12705,0
154656,1
35297,0
149656,1
236458,0
59053,1
213572,1
106652,1
200859,0
56195,1
24134,1
158563,1
108348,1
66894,1
164217,1
192795,1
194931,1
103647,1
38469,1
72047,1
132464,1
76149,1
263534,1
222178,1
154912,0
228682,1
252097,1
180254,1
34007,1
262655,1
201485,0
153664,1
212428,0
131871,1
217026,0
183199,1
218803,1
156271,1
30679,1
171376,0
220322,1
26146,1
137742,1
58805,1
21219,1
229404,0
219241,1
129365,1
11941,0
85579,1
5697,0
176952,1
40010,1
193277,0
37279,1
244355,1
23641,1
37985,1
23795,1
229000,1
251346,1
85991,0
208648,1
105639,1
64945,1
135530,0
180077,1
264104,1
90980,1
204935,1
190186,0
221899,1
239132,1
63943,1
42946,1
241411,1
223598,1
86565,1
30940,1
166051,1
73931,1
102650,1
169053,1
541,0
138389,1
187900,1
254541,0
88000,1
124353,0
223037,1
2555,0
253301,0
192014,0
208785,1
258098,1
235556,1
10198,0
250231,1
229833,1
87360,1
175169,1
220230,1
18862,1
194666,0
218354,0
67381,1
89222,1
118338,1
147986,0
243598,0
154319,1
230759,1
113856,1
125767,1
266491,1
175301,1
225866,1
174698,1
79926,1
236574,1
114226,1
168435,1
86095,1
222384,1
109033,0
131655,1
250572,1
198100,1
63216,1
67555,1
84800,1
73156,0
177162,1
146830,1
208406,1
57802,1
249503,0
115610,1
38569,1
240136,1
66723,1
155462,1
224385,1
189764,1
51461,0
149301,1
259930,1
154096,1
201213,1
75164,1
68076,1
219386,1
200545,1
144031,1
17774,1
21284,1
21507,1
54194,1
233846,1
48335,1
107109,1
202837,1
139073,0
245240,1
67974,1
104033,1
57364,1
110642,1
179197,1
118740,1
112431,1
61039,1
230194,1
158650,1
208621,1
150756,0
47279,1
106345,0
48369,1
34255,1
15208,1
51160,1
127646,1
218990,0
224955,1
155139,1
159388,1
241299,0
164882,1
23881,1
67651,1
248108,0
186409,0
185002,1
5934,1
87905,1
8707,0
93026,1
43993,1
164534,1
134174,1
220170,1
109218,0
13348,1
243316,1
87629,1
95777,0
32490,1
70314,0
84650,1
117683,1
138410,0
235788,1
79883,1
157589,1
184858,1
3485,1
131989,1
69892,0
25809,1
192434,1
178848,1
85235,1
265679,1
12136,0
261967,1
130862,1
3703,1
64837,1
198984,1
196000,1
95959,1
223793,0
204551,1
84723,1
36120,1
147298,0
151417,0
229075,1
125904,1
228797,1
115489,0
134832,1
132822,1
185314,1
71011,1
126392,1
66373,1
192551,1
14987,1
15401,1
248036,1
89937,1
162938,0
225100,1
14346,1
42138,1
196926,1
115142,1
125696,0
184961,1
29676,1
75807,1
154245,1
215864,1
71168,1
179465,1
258057,1
209381,1
215490,0
264715,1
33380,1
265889,1
251795,1
25985,0
95850,1
64707,1
106991,1
182619,1
209607,1
113020,1
166855,0
220739,0
48433,1
128486,1
60822,1
213898,1
1512,1
93470,1
241448,1
6778,1
140644,1
177089,1
149163,1
144820,1
130388,1
265483,1
188858,0
132998,1
82706,1
65674,1
52495,0
62898,1
195097,1
148439,1
171728,1
183222,1
153733,1
93644,1
55584,1
232665,0
93335,1
99309,1
76243,1
79646,1
164896,1
68499,1
128859,1
249514,1
128213,1
104551,0
48227,1
126589,1
98025,0
236408,0
221173,1
63026,0
54368,0
25955,1
98775,1
67559,1
136202,1
162504,1
118741,1
156146,1
116837,1
44599,1
108046,1
169614,0
110989,1
106335,1
158430,0
213309,1
102758,1
143122,0
236582,1
23048,1
38364,1
36619,1
186860,1
179153,1
246967,1
189584,0
43321,1
162521,1
141903,1
33185,1
90147,0
77031,0
43282,1
46849,1
234056,0
178430,1
213380,1
90013,1
215822,0
33719,1
72998,0
99188,1
264865,0
139781,1
145933,1
30141,1
88850,1
50224,1
238131,0
17285,1
229092,1
118749,1
182815,1
142679,1
83084,1
104393,1
183324,1
163606,1
84022,1
229372,1
119320,0
262694,1
222665,1
88413,1
43863,1
78073,1
218709,1
137909,1
250037,1
185699,1
140288,1
117081,1
2513,1
140221,1
216855,1
37148,1
134027,1
20305,1
144981,1
288,1
249906,0
32338,1
96879,0
148331,0
44894,1
103101,1
68246,0
238495,1
79712,1
81097,1
241722,0
72308,1
100112,1
251055,1
22496,1
220260,1
65634,1
2823,0
246867,0
23123,0
222571,1
201625,1
233894,1
156861,0
181515,1
173468,1
6808,1
58611,1
109349,1
1382,0
33150,0
238596,1
176700,1
218968,1
40099,1
91843,1
129292,1
247832,1
26928,1
97949,1
134289,0
258995,1
13855,0
259568,0
190050,1
53539,1
89823,1
196205,0
8258,0
187537,1
127118,1
264927,1
129458,0
40645,1
223163,1
47376,1
245297,1
180594,1
252932,1
147512,1
222993,0
135570,1
107760,1
38277,1
148751,0
65701,1
235558,1
100015,0
238870,1
33363,1
129776,1
132292,1
238554,1
4979,0
119123,0
243087,1
121322,1
241168,0
104589,1
79295,1
16458,1
10405,0
139171,1
44692,1
6131,0
78275,1
48337,1
239590,1
166348,1
190372,0
249945,1
10169,0
76030,1
40693,1
62035,1
200931,1
116791,0
90182,1
65689,1
70305,1
119161,1
202959,1
95256,1
145791,1
112715,1
252456,0
9318,1
187712,1
69832,1
220183,0
249714,1
88335,1
207382,1
236418,1
214743,1
244780,1
69124,1
218194,1
32972,1
152549,0
115712,1
256358,0
52490,1
167182,1
82191,1
256835,1
225955,1
219466,1
1002,0
177426,1
151799,1
104188,1
15445,0
26244,1
56682,1
32324,1
207930,1
249560,0
110389,1
157300,0
9558,1
200293,1
156968,1
41089,1
246170,1
59395,1
181098,1
55371,1
150846,1
248170,0
173228,1
71863,1
47221,1
107911,1
99973,0
144158,1
164705,1
141213,1
68550,1
14862,1
162127,1
131703,1
142349,1
200577,1
253450,1
193083,1
92013,0
240631,1
148591,1
42413,1
1164,1
86841,0
4795,1
244835,1
185930,1
86778,1
120283,1
74101,1
116776,1
111336,1
239594,1
11853,0
216696,1
185817,1
136918,1
132142,1
127581,1
24467,1
174507,1
129394,1
231295,0
157108,0
208855,1
161117,1
101759,1
3106,0
260009,1
154385,1
114020,1
77351,1
159693,1
27637,1
110927,0
222807,1
47566,1
37401,0
10193,0
174365,1
127508,0
57783,1
226158,0
24511,1
85091,1
214294,1
41091,0
238874,1
124873,1
113626,1
39748,1
180507,1
116625,1
71934,1
112859,1
212261,0
226283,1
147161,0
190710,1
198944,1
77472,0
104825,1
257238,1
129885,0
65093,1
138113,1
257397,1
25100,1
117789,1
163520,1
228165,1
151452,1
7526,1
108917,1
168028,1
86854,1
88701,1
121342,0
135508,1
218919,1
12165,0
250971,0
20630,1
1019,0
20165,1
186243,1
155202,1
159592,0
146724,1
45082,1
37074,1
219923,0
34174,1
75301,1
190051,1
248636,1
185975,1
139174,1
27959,1
257846,0
151730,0
103054,1
24835,1
153758,0
55263,1
139215,1
189315,0
258140,1
261993,0
101521,1
196988,1
179189,0
160001,0
124224,1
53402,1
42328,1
140090,0
221755,1
38942,1
185078,1
126643,1
234002,1
79450,1
171530,1
230528,0
144725,1
93482,1
96876,0
123017,1
244351,1
128320,1
154050,1
49636,1
67918,1
121229,1
200133,1
207783,1
52801,1
171622,1
121379,1
23461,1
175053,1
239868,1
231966,1
96626,1
168843,1
95741,1
93799,0
204621,1
83313,1
3348,1
12781,0
173848,0
101002,0
61753,1
63642,1
138421,1
200766,1
4757,0
80682,1
104884,1
259061,1
220036,1
63361,1
122942,1
70671,1
200812,1
49143,0
172882,0
159199,1
94378,1
143912,1
95820,1
36832,1
214683,0
11416,1
1350,1
229584,1
58940,1
64866,1
138438,1
73773,0
258104,0
265367,0
66228,1
153718,1
72556,1
22762,1
54744,1
252469,1
69513,1
231362,1
264997,0
63230,1
33924,0
155058,1
201891,1
21087,1
137041,1
17762,1
119130,1
46583,0
161477,1
119775,1
215709,0
183266,1
15115,1
171135,1
109986,1
216395,1
165189,1
5046,0
58117,1
49387,1
183228,1
75137,1
71551,1
197449,1
176833,1
241486,1
219351,1
34159,1
115510,1
98248,1
221571,1
93623,1
5982,0
31139,1
178574,1
92561,1
109214,1
137171,1
239030,1
63721,1
256203,1
247317,0
159213,1
229187,0
130979,1
125891,0
266175,1
196668,1
206123,1
134439,0
62885,1
88965,0
175714,1
262639,1
50078,1
22729,1
152693,1
162654,0
244431,0
191657,0
179539,0
250534,1
119558,1
115998,1
108810,0
85578,1
136098,1
58993,1
67149,1
214722,1
141740,1
99326,0
59043,1
172485,1
113811,1
12557,1
87959,1
261529,1
11580,1
254986,0
78295,0
155528,1
151018,1
223061,0
117214,1
165063,1
68818,0
164759,1
159383,1
232507,0
177154,1
165752,1
191615,1
199703,1
247011,1
61121,1
58011,1
137381,1
211962,0
235975,1
231921,0
225620,1
254109,0
231415,1
119513,1
198748,1
7124,1
194305,1
201417,1
81042,1
80410,1
259272,1
256776,0
123020,1
178045,1
164993,1
37120,1
150688,1
228661,1
56954,1
10738,1
128404,1
72039,1
82860,0
19917,1
62647,1
159911,1
141183,1
143843,1
119753,1
181064,1
13213,0
196542,1
252393,1
243378,1
191890,1
125971,1
222107,1
260038,1
7269,1
109577,1
82499,1
182727,1
220128,1
204440,1
61379,1
110040,1
87526,1
215057,1
98745,1
97800,1
169398,1
260081,1
143260,1
224203,1
57663,1
114550,1
18138,1
235362,1
6987,1
121149,1
215049,1
183028,0
253508,1
166751,1
136089,1
71767,1
207224,1
53809,1
84658,1
44260,0
179780,1
126841,1
176684,1
237122,1
222448,1
34498,1
30005,0
121018,1
40042,1
22878,1
222938,0
2677,1
2313,1
66486,1
170026,1
144048,1
158793,1
89281,1
247184,1
121881,0
125756,1
10842,1
123587,1
201568,1
27710,1
197743,1
216908,1
10724,1
182081,1
84365,1
160121,1
79387,1
167734,0
164418,1
104336,1
255685,1
190462,1
210997,1
150931,1
183084,1
163053,1
223936,0
19663,1
201769,1
191046,1
99928,1
154169,1
65368,1
9584,0
263864,1
191609,1
195184,1
120933,1
210104,1
198107,1
218021,1
89237,1
14665,1
228621,0
33352,1
170822,1
237688,1
192617,1
4108,0
240696,0
168464,0
188571,0
242275,1
64489,1
13520,1
141060,1
146911,1
238843,1
86971,1
246108,1
170866,1
144864,1
149422,1
143056,1
182650,1
245058,1
107103,0
119250,1
73375,1
238608,1
67557,1
178014,1
254286,1
158148,1
65238,1
220904,1
34907,1
78583,1
140950,1
73452,1
32230,1
213969,1
136056,1
93114,0
89025,1
32493,1
113158,1
21148,0
166879,1
181544,1
29666,0
255315,1
215489,1
241619,1
5316,0
52136,1
264942,1
265662,0
184144,1
49228,1
77591,1
54950,1
135995,1
26090,1
63366,1
258040,0
21995,0
93755,0
7371,0
74988,1
244285,1
4930,1
150934,0
3216,1
119756,1
184000,1
90156,1
1007,0
191631,0
174220,1
198973,0
118202,1
191096,1
137024,1
205632,1
248790,0
8260,1
215153,1
92142,1
76890,0
154140,0
220074,0
263013,1
60262,1
103310,1
109077,1
244167,1
209605,0
105613,1
242880,1
74503,0
24300,1
59836,1
195949,1
94405,1
245548,1
69348,0
154367,0
197794,1
193341,1
191902,1
169240,1
103206,1
130124,1
186633,0
181251,1
240152,1
95450,1
106617,1
33965,1
258725,1
149334,1
219045,1
196963,1
188323,0
211514,0
260872,1
257369,1
99019,1
162613,1
103890,1
15628,0
60710,1
17541,1
200952,1
89055,1
19379,1
6275,0
160755,1
1026,1
59115,1
154631,1
142072,1
117400,1
70674,1
39801,1
111969,1
132617,1
212888,1
154802,1
258906,1
194943,1
120161,1
143178,1
60628,1
147718,1
158811,1
20812,1
98279,1
186516,1
258593,1
180547,1
62013,1
160274,0
263675,1
243994,1
212291,0
244459,1
109329,1
230411,1
193594,1
167074,1
153097,1
70598,1
133855,1
256580,1
67672,1
78065,1
95184,1
67576,0
6913,1
184486,1
107252,1
48631,1
260804,1
133354,1
134144,1
59667,1
51773,1
75585,0
153137,1
158528,0
231172,1
42544,1
248808,1
241043,1
44136,1
230967,0
26431,1
175171,1
40499,0
114096,1
186745,1
242537,1
56180,1
115188,1
70853,1
193488,1
173463,0
52926,1
260907,0
178080,1
149358,1
55299,0
246030,1
260329,1
55939,1
215616,1
20345,1
91724,1
112883,1
120544,1
120183,1
66969,1
52440,1
144517,1
237384,1
242092,0
157286,0
60324,0
113262,0
15242,1
78496,1
197544,1
155735,1
9368,1
108968,1
36704,1
151468,1
237386,0
227926,1
230328,0
59703,0
181739,1
40266,1
200999,1
106780,1
96959,1
165566,1
218339,0
49286,1
188656,1
142693,1
40872,1
226555,0
233392,1
169494,1
203645,1
132622,0
213798,1
198290,1
74261,1
135610,1
205086,0
118081,0
156073,0
142398,0
34880,1
165007,1
224943,1
198079,1
37517,1
52491,1
2545,0
203868,1
140722,0
263723,1
244050,1
39716,1
197924,1
25323,1
188412,1
102803,0
124288,0
64351,1
59998,1
27716,0
255232,0
90048,1
236691,0
143540,1
197034,1
84546,1
159727,1
108937,1
23836,1
80656,1
236807,1
89476,1
20325,1
140829,1
101659,1
9676,1
156676,1
103549,1
225979,1
151909,1
233677,1
230395,0
94881,0
187194,1
151843,1
210891,1
202566,1
210453,1
264581,0
186585,1
116460,1
261802,1
141710,1
201738,1
229793,1
99167,1
265819,1
227614,1
94319,1
64101,1
155670,1
76699,0
228721,1
141842,1
179902,0
216566,0
206226,1
137655,1
235589,0
30136,1
168053,1
227000,1
181798,1
177295,1
163504,1
34124,1
143942,1
139101,0
187706,1
77785,0
67489,1
112476,0
28809,1
104437,1
233924,1
69103,1
79246,1
75096,1
237397,1
27217,1
118600,0
224026,1
225963,0
64428,1
193102,1
252257,1
265012,1
189401,1
247038,1
156962,1
17735,1
93369,1
123765,1
252585,1
122056,1
191504,1
181991,1
10739,1
94814,1
230436,1
242165,0
144548,1
65967,0
65069,1
232867,1
53551,1
130857,1
11724,1
68867,1
189819,1
149120,0
39451,1
239783,0
30998,1
180044,1
61087,1
207160,1
259066,1
202147,1
186557,1
205985,1
42209,0
85657,1
191195,1
215416,0
36753,1
93102,1
88121,0
149732,1
102931,1
186486,1
205578,1
191024,0
194575,1
65796,1
90521,1
64981,1
200592,1
156172,1
15830,1
95569,1
261575,1
26204,1
45813,1
25052,0
126608,1
237700,1
214772,1
63399,1
135742,1
95528,1
130631,1
58261,0
167175,0
65284,1
69754,1
212340,1
125727,0
118733,1
150736,1
82318,0
205452,1
81290,1
144777,1
66556,0
198102,1
115370,1
221545,1
145705,1
68798,1
668,1
190693,1
169802,0
205447,1
161877,0
162202,1
57674,1
27097,1
50547,1
157143,1
17596,0
131087,1
1287,1
97177,1
253207,1
204074,1
152873,1
237005,1
23956,1
110712,1
133516,1
208813,1
100240,1
26879,1
58012,1
230058,1
216683,1
205320,0
240918,0
59217,1
218155,1
34032,1
124281,1
57265,1
245335,1
1500,0
85487,1
174318,0
83502,1
164139,0
167613,1
260618,1
141978,1
227342,1
141924,1
130864,1
105717,1
193853,1
52938,1
160721,1
43254,0
147681,1
108868,1
202745,1
227738,1
64539,1
237278,0
13787,1
186657,1
76250,1
152641,0
214556,1
179506,1
193551,1
7248,1
177245,1
241218,1
144541,1
85000,1
139442,1
125823,0
181478,1
249671,1
80097,1
26154,1
207320,1
159616,1
187510,1
3742,1
153703,0
149502,1
139350,0
38202,1
136461,0
139243,0
75289,1
32815,1
45516,1
138127,1
144213,1
81391,1
153416,1
11331,1
266086,1
204207,1
125126,1
138023,1
56383,0
231825,1
18665,0
208233,0
74911,1
41857,1
87571,1
84749,0
183133,1
59468,1
176242,0
134925,0
105204,1
232885,1
143945,0
84678,1
52713,1
119871,1
187056,1
230806,1
69058,1
175121,1
4589,0
116892,1
121884,1
22890,1
95956,1
107136,1
113003,1
206216,1
225055,1
199591,1
150118,1
18537,1
121273,1
165075,1
88975,1
262535,1
245464,1
3824,1
162290,0
87079,1
53799,1
105770,1
162313,1
261743,0
89536,1
101869,1
137327,1
171259,0
238513,1
33049,1
208581,1
255370,1
83943,0
23560,1
77114,1
37409,1
181785,1
74810,1
84560,0
7198,0
59421,1
179958,1
129484,1
56192,1
154160,1
107327,1
115897,1
2185,0
245026,1
95578,1
218677,0
206591,1
236353,1
67073,1
252547,1
59082,1
74142,1
259336,0
49193,1
175408,1
187564,0
60153,1
226593,1
49385,1
18919,1
114113,1
69167,1
5916,0
118195,1
197119,1
239245,1
81587,0
71038,1
247267,1
110383,1
72419,1
197114,1
154668,1
254031,1
133559,1
153552,0
62900,0
265322,1
163672,1
39675,1
196478,1
240334,0
142005,1
162506,1
90750,1
229427,0
195762,1
251318,1
233525,1
98439,1
50354,1
71591,0
25279,1
100084,0
95025,1
44478,1
237531,1
140159,1
131209,1
178835,1
187608,0
124914,1
94846,0
119719,1
122068,1
195818,1
3240,0
23248,1
222821,0
234080,1
99918,1
239520,1
58026,1
204908,1
199763,1
196610,1
72621,1
254908,1
241862,0
32794,1
233532,1
119691,1
16304,0
128823,0
223795,0
197124,0
244778,1
150940,1
28104,1
174630,1
205993,1
51800,1
56617,0
257249,1
63242,1
250268,0
181441,1
17628,1
254860,1
113727,1
51510,1
187445,1
140780,1
251736,0
205770,1
67452,1
258186,0
101871,1
174065,0
250947,0
246799,1
131835,0
200706,1
236864,1
53576,0
197212,0
149653,0
39151,1
99248,1
222671,0
249588,1
157110,1
9866,0
180415,0
52519,1
71147,1
166239,1
176428,0
13359,0
127027,1
258490,1
124119,1
140542,1
42350,0
37160,1
245440,1
124217,0
68830,1
213284,1
108089,1
233680,1
185951,1
201250,1
90052,1
170487,1
255853,1
92262,0
148426,1
20,0
223662,1
21018,1
14670,1
56563,1
36271,1
27308,0
235854,1
151970,1
116428,1
120312,1
137983,1
146573,1
153436,1
241480,1
18746,1
107122,1
198277,1
28053,0
93706,1
169225,1
234461,1
217922,1
127905,1
244306,1
154018,0
116709,1
67859,1
258649,1
235532,1
31385,1
87028,1
164436,0
48190,1
235863,1
89313,1
26650,1
21203,1
93663,1
54258,1
53251,1
172321,1
44381,1
83422,1
162708,0
40740,0
252311,1
143828,1
147579,1
107766,1
188727,1
145577,1
121241,1
123318,1
240594,0
228677,1
16499,1
34021,1
15916,1
157093,0
74466,1
124449,1
110299,1
240269,1
48474,1
25404,0
185957,1
242146,0
215073,1
135913,1
264813,1
166553,0
127483,1
47652,0
64915,1
148076,0
230167,0
105059,1
254706,0
28025,1
173392,1
97527,1
57740,1
125312,1
165497,1
216458,1
206655,0
17277,0
159990,0
154853,1
175317,1
79818,1
62772,1
97299,1
52116,0
79533,1
150860,1
78344,1
145614,1
16058,1
100976,1
195310,1
116682,1
239665,0
76686,1
166857,1
77746,0
205492,1
164282,0
85634,1
218541,1
148338,1
196608,1
32650,1
64842,1
9150,1
182565,1
260112,1
172522,1
145280,1
193908,0
179276,1
38559,0
261038,1
209844,1
141482,0
39456,1
263497,1
223775,1
92388,1
219465,1
242572,1
185499,1
137605,1
43619,1
94871,1
180773,1
18510,1
124286,0
258660,1
75462,1
213653,1
116262,1
262386,1
29945,1
33164,0
266404,1
62254,1
128941,1
184996,1
118640,0
253419,1
215640,1
158427,1
115088,1
144588,0
104486,1
131123,1
193228,0
40404,1
60682,1
175763,1
114148,1
134913,1
13954,1
80074,1
131076,1
82011,1
31007,0
80403,1
266495,0
196940,1
229767,1
62656,1
204612,1
172953,1
45417,1
134541,1
125856,1
74562,1
106926,1
235789,1
60033,1
233047,1
141572,0
61144,1
145541,1
251253,0
176083,1
121809,1
176006,0
95440,1
10914,0
145501,0
239592,1
99260,1
29327,1
169074,1
217953,1
11856,0
88017,1
260136,0
153159,1
23212,1
3167,0
125760,0
63661,1
247754,1
35500,1
202949,0
147810,1
9693,1
243812,0
10213,1
61843,1
22906,1
2604,1
215056,0
114349,1
173787,1
214436,0
91181,1
124558,0
228299,1
36783,1
172983,1
38737,1
54592,1
44044,0
8245,0
17777,1
49905,1
85119,0
104612,1
164444,1
116148,1
246187,1
227153,1
3640,0
166774,1
194882,0
50007,0
9643,1
37513,1
2706,1
111730,0
206454,1
229474,1
87659,1
219699,1
182428,1
229534,1
3062,0
73953,1
88507,0
203563,1
4750,0
112560,0
257276,1
203553,1
28121,0
238674,1
240887,1
195578,1
30601,1
45744,1
42013,1
58155,1
104115,1
93884,1
232856,1
134713,1
127430,1
4170,1
82082,1
127568,1
254659,0
255540,1
61103,0
92868,1
185530,1
21332,1
71670,1
226838,1
142165,1
63384,1
163462,1
127065,1
98497,1
205966,0
201320,1
250731,1
195697,1
100283,1
175953,0
113011,1
251606,1
80136,1
61564,1
234691,0
176515,1
7259,1
242065,0
193097,1
100559,1
102985,1
173006,1
81621,1
94400,1
258542,0
42511,1
29227,0
197188,1
215842,1
240530,1
219510,1
4639,1
28532,1
5124,1
63050,1
190881,1
140712,1
186587,1
51380,1
11514,0
82086,1
179986,1
82220,1
6966,0
25721,1
113064,1
4337,0
225058,1
133764,1
120117,1
32365,1
197460,1
151121,1
244907,0
254647,1
27853,1
222988,1
260904,1
201196,1
174418,1
165414,1
255729,0
195517,1
50993,1
132572,1
88479,1
231800,1
237515,1
21237,1
195004,0
119200,0
42380,0
127805,0
32197,1
96652,1
61322,1
250882,1
173493,1
245441,1
221155,1
29390,1
187087,1
190880,1
80467,1
166307,1
126488,1
253815,1
85636,1
38195,1
150582,1
193771,1
32180,0
238319,1
170337,1
176540,1
110699,1
58577,1
250843,0
161115,1
277,1
84717,1
183571,0
98711,1
15097,1
214365,1
160570,1
80866,1
107389,1
25060,1
219184,1
229875,1
105697,1
28186,1
237299,1
15794,0
98773,1
149307,1
231439,1
165733,0
8513,1
136009,1
148557,1
72552,1
77522,1
30929,1
254871,0
146432,1
64524,1
139180,1
141621,0
73201,1
38239,1
118637,0
215361,0
111797,1
236333,0
67200,1
202925,1
201192,1
154136,0
33236,1
87658,1
242127,1
201053,1
160618,1
207807,1
5840,0
240143,1
23944,1
256065,1
96712,1
111311,1
73321,1
10250,1
10526,1
14764,1
105134,1
97446,1
153498,0
66929,1
56894,0
45594,0
31543,1
206265,1
241319,1
224112,1
256455,1
87149,1
113176,1
92910,0
241300,1
214152,1
103789,0
239903,1
83906,1
79504,1
163785,1
27819,0
249101,1
89107,1
73013,1
110891,1
61206,0
125543,1
3137,1
181440,1
214368,1
167054,1
261338,1
241799,0
83789,1
6526,1
21969,1
68355,0
179651,1
65366,1
99093,1
136986,1
246174,1
165092,1
149773,1
134152,1
33820,1
181683,1
188735,1
236506,0
86209,1
58444,0
142157,1
164519,1
153916,0
188467,0
11,0
37356,1
31751,1
244677,1
10028,0
106619,0
20859,1
163976,0
195588,1
126721,1
6621,0
229123,1
190622,1
201659,1
265092,1
22227,1
14107,0
164451,1
34260,1
5171,0
175045,1
41812,1
87101,1
208430,1
148506,1
175332,1
236470,1
169171,0
90057,1
124902,0
220184,1
258837,1
238948,1
81952,1
190593,1
61743,0
76442,0
194404,1
49859,1
255152,1
151544,1
210255,0
92195,1
209088,1
177322,1
165719,1
219641,1
137756,1
20801,1
195307,1
179688,1
217356,1
89770,1
229500,1
112765,0
181942,1
87273,1
53651,1
71354,1
182689,1
8670,0
190258,1
109006,0
98750,1
238144,0
247042,1
104659,1
260686,0
116793,0
245631,1
20764,1
155483,1
87167,1
173038,1
198109,1
29952,1
122754,1
12318,0
101077,0
170797,1
2580,1
94092,1
6601,1
140625,0
14301,1
69737,1
196052,1
13319,0
262368,0
234429,1
212330,1
226214,1
192541,1
204142,1
176316,1
50612,1
12643,1
60493,1
97772,1
195422,1
169727,0
28460,0
260965,1
199064,1
50552,1
162869,1
108237,1
30612,1
224758,1
12080,0
98292,1
53001,1
13672,1
86287,1
197192,1
183855,1
56635,0
243419,1
51138,1
33996,1
217040,1
47259,1
141620,1
30096,1
6378,1
140776,1
219355,1
172719,1
71093,1
86505,1
113748,1
151443,0
50227,1
84757,1
165161,1
32449,1
181742,0
175286,1
161319,0
56301,1
168923,1
243645,1
122097,1
188904,1
84554,0
49499,1
207078,1
166867,1
198269,1
114629,1
177623,1
7395,1
98430,1
176538,1
94849,1
158027,1
95735,1
201467,0
177190,0
187639,0
207073,0
49898,1
86709,0
160892,1
162847,1
195189,1
188069,1
44509,1
15357,0
203108,1
56711,1
156230,1
16764,0
76089,1
242721,0
80225,1
252288,0
50845,1
187325,0
265708,1
39766,1
246002,1
53015,1
206040,1
42607,1
76392,1
110093,1
81496,0
15727,0
123696,0
212320,0
167664,1
261568,1
121378,1
172131,0
51869,1
79117,1
65901,1
63437,1
238827,0
235728,1
165749,1
148527,0
261590,1
48782,1
212502,1
130917,1
39660,1
131078,0
134714,0
46767,1
159902,0
37060,0
264356,1
45758,1
138643,1
81957,1
27216,1
41154,1
59410,1
105002,0
140856,1
213839,1
221320,1
196676,1
143235,1
212466,0
21311,1
25493,0
126780,0
87890,1
64950,1
23199,0
151662,0
177246,0
598,0
181706,1
18618,0
101176,1
122831,1
94196,0
124160,1
265808,1
14344,1
49830,1
135495,0
181232,0
15852,0
169618,1
185177,0
63993,1
145912,1
237870,1
167818,1
61127,1
27808,0
164835,0
74754,1
12918,1
141568,1
193242,1
168591,1
184228,1
150074,1
152597,0
190496,1
106040,1
129644,1
44976,0
168317,1
253222,1
211612,1
197052,1
202298,1
252256,1
117186,1
256101,0
74124,0
64507,1
204724,0
70379,0
100272,1
199764,0
42398,1
167849,1
79922,1
129406,1
180988,1
182415,0
166911,1
116708,1
196649,0
114854,1
100968,1
134358,0
154121,1
222160,1
38850,1
30753,1
195068,1
230974,1
49370,0
9337,1
203175,0
249442,1
79919,1
185851,0
142828,1
115850,1
180362,1
131909,1
114163,1
36068,1
161002,0
93426,0
37905,1
217287,1
143399,0
1770,1
207396,1
70248,1
72481,1
28098,1
198647,0
204096,1
127775,1
85696,1
25,1
219842,1
111604,1
35400,1
137631,1
28607,1
2629,1
26452,1
122613,1
210496,1
233859,0
199328,1
5617,1
107321,1
203014,0
12176,0
85938,1
24126,1
246394,1
109965,1
94270,1
139136,1
219299,1
174525,1
176568,1
173437,1
177129,1
141556,0
187270,1
139048,0
11350,1
156213,0
122201,0
147870,1
30524,0
136564,0
50759,0
44852,1
122473,0
209785,1
91601,1
200055,1
43942,1
197354,0
53698,1
4551,1
219365,1
262365,1
120723,1
258990,1
170513,1
265107,0
110042,1
98896,1
137569,1
233237,0
255024,1
228130,0
239829,0
178671,1
237408,1
174476,1
135882,1
68725,1
173416,1
44472,1
155101,1
41462,0
61823,0
258156,1
216521,1
37304,0
78269,1
175446,1
166971,1
179881,1
239954,1
141042,1
63336,1
200603,0
213558,0
118251,1
108883,0
35947,0
101067,0
260799,1
258903,1
31133,1
14525,1
162190,1
36963,1
8613,1
46169,1
128679,1
181324,1
144283,1
84738,1
50141,1
152951,0
38103,1
24196,1
56321,1
179834,0
97377,1
251787,1
183641,1
243118,1
73450,1
29150,1
45968,1
198222,1
227766,1
54654,1
96017,1
85147,1
195371,1
106324,1
16650,1
7845,1
89413,1
154107,0
120969,0
152954,1
10486,1
64159,1
25271,1
65912,1
85954,1
2528,0
203010,1
250108,1
75410,1
264740,0
78611,1
79029,1
85415,1
29927,1
5548,1
78230,1
79186,1
25759,1
243646,1
114403,1
193839,1
203244,1
37718,1
95810,1
115047,0
46854,1
91214,0
245614,0
58574,1
111149,1
51913,1
38465,0
39035,1
120623,1
216857,0
74665,0
83922,1
152449,1
161314,1
56194,1
116874,0
54214,1
252144,0
264765,1
262499,1
137263,0
48891,0
56989,1
55450,1
143845,1
194727,1
1208,1
163417,0
22359,1
115193,1
210247,0
119731,1
81718,1
140897,1
159322,1
3405,0
184777,1
61845,1
149548,1
158926,0
145569,1
115790,1
23285,1
224797,1
221777,0
242603,1
202883,0
143797,1
123526,0
120284,1
153433,1
163120,1
152064,1
95545,1
19605,0
178350,0
100880,1
206277,1
87910,1
124984,1
257402,1
52365,1
12216,1
55558,1
264598,0
228824,1
19440,1
83683,1
107836,1
182260,1
214193,1
95316,1
98853,1
45714,1
110369,1
226917,1
214203,1
168934,0
93916,1
175273,1
57905,0
47540,0
19813,1
63934,1
241866,1
48794,1
209326,1
105858,1
93022,1
243900,0
264315,1
185652,1
202610,1
136542,1
255651,0
141283,1
187008,1
86555,1
222810,1
148740,1
53771,1
228155,0
127723,1
198227,1
264417,1
126190,1
220887,1
259419,1
138709,1
136552,1
40302,1
2584,1
73609,1
112514,1
225653,1
235306,0
174925,1
175680,1
63803,1
120408,1
92539,1
7431,1
132014,1
139382,1
31155,1
260095,1
233601,1
29772,0
201304,1
249964,0
90942,1
155523,1
47616,1
205705,1
85102,1
120090,1
9477,0
87967,1
182562,1
101239,1
240779,0
87138,1
223117,0
167820,1
90544,1
176695,1
36624,1
216980,0
23642,1
26111,1
56637,1
223267,1
98181,0
80702,1
89164,1
142708,1
29522,1
165001,1
156763,1
16360,1
216362,1
51977,1
168587,1
152194,0
209845,1
261045,1
265027,1
232509,1
22143,1
166204,1
177900,1
144617,1
42622,1
138758,0
113187,1
150685,1
37407,1
49318,1
246779,1
65456,1
100206,0
210197,1
60355,1
182042,1
101320,1
106913,1
35160,1
90453,1
223603,1
86433,1
40986,0
12624,1
193595,1
7057,1
166206,1
126219,1
240230,0
180483,1
240646,1
161762,0
118630,1
246642,0
245130,1
100935,1
111848,1
193428,1
263756,1
83086,0
161686,0
135721,1
227845,1
208961,1
85807,1
240359,1
34982,1
63053,1
243270,1
65315,1
234878,1
121005,0
104716,1
107673,1
96082,1
157002,1
240224,1
217911,1
22904,1
181397,1
39950,1
15747,1
150879,1
83375,1
225892,0
182213,0
169908,1
242658,1
145187,1
794,0
11734,0
128627,1
266369,1
170419,1
161121,1
204720,0
78407,1
222383,0
68496,1
243427,1
181929,1
78089,0
17862,1
14322,0
250888,1
190203,1
178481,1
84630,1
240544,1
15941,0
155619,1
154734,1
29201,1
95690,1
147899,1
230338,1
166839,0
126629,1
1392,0
156974,1
110904,1
87023,1
150089,1
147758,1
234422,1
22002,1
231034,1
180455,1
168329,1
239709,1
62829,1
8825,1
266505,1
19409,1
92642,1
186641,1
75333,1
195482,1
249528,1
228043,1
154638,1
250642,1
118727,1
133486,1
140308,1
241243,1
257380,0
101884,1
188901,0
109449,1
175424,1
254562,1
230591,1
260910,0
62390,1
32022,1
177460,1
124970,0
116131,1
139207,0
207349,0
198185,1
71247,1
227946,1
201237,1
244237,1
7346,1
155027,1
179340,1
259720,1
94538,1
21073,0
203033,1
30361,1
160155,1
66496,1
152412,1
136842,1
127198,1
75082,1
169799,1
203322,1
168695,1
248294,1
110257,1
88263,1
118743,1
128560,0
145314,1
90808,1
248865,1
99887,1
195718,1
212315,1
232414,1
19201,1
81262,1
245923,1
145465,0
172937,1
86224,0
89446,1
56721,1
71788,1
180425,1
42964,1
102916,1
16493,0
169406,1
172454,1
210522,1
87630,1
226185,0
196736,1
230783,0
167954,1
17264,1
23119,0
234541,1
66252,1
196445,0
11151,1
109650,1
93027,1
92639,1
121787,0
248254,1
100325,1
63492,1
139860,1
89221,1
135750,1
39930,1
42297,1
195264,1
103733,1
206043,1
11848,0
234889,1
154924,1
48077,1
231561,1
77646,1
212547,1
227759,0
94090,1
173258,1
93804,1
252961,1
148538,1
3446,1
103459,1
58703,1
181206,1
181270,1
57121,1
27173,0
213401,1
174199,1
4885,0
112643,1
140844,1
19588,1
188974,1
255371,0
170912,1
1058,1
142020,1
215779,1
104025,1
168707,0
90196,1
220958,1
228138,0
26240,1
113970,1
232833,1
15622,0
96200,1
14648,1
237582,0
211852,1
193782,1
22298,1
83648,1
123940,1
249162,0
15181,1
4523,0
148677,1
43209,1
146341,0
206475,1
65295,1
250728,1
140653,1
26760,0
47923,1
232969,1
205395,0
239686,1
79388,1
60709,1
60994,1
183422,0
142506,0
65337,1
167439,1
83923,1
49814,1
127515,1
233394,1
167323,1
162232,1
2879,0
185410,0
221858,1
70523,1
201638,1
140468,1
72907,1
37720,0
204365,0
209613,1
91484,1
193533,1
87694,0
75688,0
4376,0
172082,1
264481,0
181222,0
46286,0
129278,1
23628,0
137418,1
111717,1
124785,1
146893,1
206258,1
146900,1
224421,1
256668,1
104119,1
142723,1
83397,1
230032,0
175099,1
245126,1
74711,1
76270,1
221338,0
228545,1
190041,1
55612,1
79018,1
214815,0
1730,0
250912,1
152580,1
132516,1
44702,1
73231,0
112984,1
78052,1
146722,1
14640,1
132534,1
172367,1
43550,1
38492,1
159356,0
138552,1
65027,0
187003,1
64258,1
132767,0
66220,1
64546,1
117369,1
160287,1
171235,1
226438,1
245448,0
39741,1
173479,1
255358,1
252275,1
155473,1
44362,1
146265,1
261807,0
47105,1
7012,1
139114,0
245265,0
100605,1
215354,1
40966,1
31029,1
113765,1
47421,1
229286,1
204006,1
147010,0
120003,0
247186,1
210140,1
32133,1
111874,0
215003,1
178428,1
166068,1
81949,1
228346,0
185911,0
87871,1
175433,1
87474,1
131631,1
73132,0
104565,1
2901,1
140757,0
249606,1
16111,1
129638,0
80368,1
144086,1
151933,1
142760,1
220010,1
104290,1
43879,0
166229,1
86107,1
72541,1
222755,1
252644,1
170942,1
92884,1
93181,1
248207,0
136003,1
30422,0
261263,1
93211,1
133021,1
29585,1
82925,1
79822,1
134296,1
114713,0
243632,1
205220,1
51954,1
65041,0
32188,0
114325,1
95475,0
43323,1
22981,0
230006,1
6859,1
223577,0
32912,1
159037,1
66938,1
31356,0
223169,1
154814,0
133641,0
63237,1
220502,1
71478,0
173181,1
172772,1
241317,1
62694,1
21735,1
139753,1
48317,1
184208,0
37962,1
111369,1
12424,1
113757,1
45439,1
73541,1
11687,1
178636,1
217758,0
12085,1
84435,1
160122,1
219932,1
154522,1
98191,1
177578,1
57195,1
57367,0
92819,1
236844,1
251669,1
33021,1
147189,1
21372,1
191777,0
3257,1
196822,1
120985,1
243948,1
12093,1
132325,1
119170,0
202869,1
16756,1
235802,1
62153,1
48939,1
23122,1
176,0
241918,1
222064,1
213579,1
234240,1
184480,1
4604,0
21328,1
167640,1
80983,1
80485,1
116515,1
127873,1
25640,1
116080,1
60767,1
217054,1
141875,1
183877,1
230911,1
84363,1
94540,1
162862,1
180945,1
127463,1
9784,1
48058,1
214461,0
119150,1
134395,1
204690,1
29951,1
92466,1
114774,0
169264,1
4433,1
79609,1
163800,1
45635,1
70629,1
156277,0
265359,0
63522,0
41618,1
115934,1
105816,1
204527,1
209790,1
91846,0
170329,1
183687,1
134260,1
143200,1
6710,1
41192,1
229429,0
81238,0
18785,1
215184,0
14976,1
253761,1
59650,1
112110,1
182795,1
139,1
187631,1
228505,1
16391,0
129802,0
169533,1
266180,1
117002,1
247017,1
34862,1
53524,1
1774,0
132657,1
260360,0
182029,0
11978,1
89092,1
144858,1
147105,1
2150,0
253240,1
16663,1
236593,1
135462,1
125947,1
265674,1
155347,1
182447,1
30920,0
136815,0
103524,1
97436,1
140266,1
69982,1
50707,0
150450,1
218628,0
69885,1
50325,1
175379,1
26544,1
218271,0
913,1
193592,0
243506,1
227553,1
206303,1
213358,1
195409,1
82974,1
50795,1
22111,1
109731,1
37617,1
172633,0
136157,1
65906,0
199210,1
42098,1
197623,1
96881,1
29638,1
194982,1
216408,1
54094,1
101189,1
167599,1
116038,1
116423,0
203049,1
6789,1
98087,1
215441,1
97991,1
31668,1
124819,0
164089,1
141105,0
93829,1
251023,1
139670,0
189133,1
70240,1
176113,1
257143,1
137308,1
71732,1
34169,1
41047,1
8396,1
204153,1
6938,1
49181,0
68721,0
232754,1
56148,1
135013,1
127516,1
222464,1
199483,1
152407,1
66238,1
4660,0
74170,1
109783,1
167159,0
217736,1
265479,1
74121,1
205634,1
218716,1
192086,1
216312,1
67583,1
189460,1
149178,0
157810,1
113981,1
142429,0
6888,1
105425,1
116493,1
132065,1
107572,1
132677,1
49125,1
3910,1
20021,1
240878,1
115030,1
151775,1
165182,1
168967,1
101091,1
252464,1
2945,0
85738,1
96679,1
173198,0
25971,1
23982,1
206713,1
13974,1
257638,1
120798,1
44375,1
120179,0
249074,0
112580,1
199786,1
93510,1
263197,1
111942,1
245177,1
213626,1
43057,1
93468,1
178865,0
110811,1
147866,0
68215,1
110707,1
204125,1
130606,1
147567,1
75958,0
141031,1
120783,0
233634,0
242063,0
101440,1
186790,1
86220,1
92444,1
251155,1
12300,0
186542,1
104413,1
163750,1
20838,1
199569,1
69042,1
241195,1
23972,0
233219,1
101457,1
138121,1
117991,1
191974,1
65086,1
157560,1
75049,1
157457,0
207984,1
200771,0
12483,1
76632,1
60413,1
240390,1
44238,1
14208,1
23038,0
35638,0
132694,1
76020,1
214505,1
146883,1
120750,0
132332,1
11612,1
9699,1
177343,1
65459,1
263424,0
125844,0
254715,0
59366,1
79477,1
5861,1
177126,1
88805,1
203309,1
35116,1
201787,1
179137,1
151847,1
220195,1
37434,1
243496,1
261330,1
167747,0
28677,0
93594,1
59425,0
160487,1
98373,1
236505,1
95537,1
52613,1
139769,0
35975,1
241174,0
109681,0
215124,1
159401,1
21420,0
210882,1
90880,1
100328,1
230713,1
169282,1
66518,1
22548,0
264082,1
23271,1
152466,1
73901,1
248982,1
3421,1
127121,1
146616,1
181087,1
115711,0
182424,1
116064,0
72928,1
210810,1
99572,1
168820,1
250779,1
223156,1
77210,1
229105,1
230764,0
222778,0
108998,1
233569,1
19931,1
188269,1
173599,1
113070,1
125547,1
201075,1
30551,1
156900,1
181844,1
177337,1
129203,1
16331,1
162386,0
221018,1
204123,1
12589,1
41718,1
240767,0
78949,1
39629,1
64594,1
70072,1
221193,1
100536,1
42240,1
229079,1
33405,1
230944,1
163080,1
180609,1
262017,0
129333,0
161056,1
194961,0
43553,1
10078,0
109610,1
160260,0
47329,1
73319,1
100613,0
138449,1
20916,1
161706,1
118379,1
245351,0
251225,1
111221,1
245907,1
143491,0
248872,1
118309,1
5685,0
52034,1
39804,1
136083,1
188297,1
208308,1
185741,0
195033,0
209496,1
21266,1
49236,1
255015,0
46186,1
232559,1
255965,0
60458,1
212351,0
225489,1
160355,0
36277,0
189140,1
62092,1
104670,1
65717,0
23570,1
254170,1
114814,1
163118,1
95225,1
199650,1
93574,1
190448,0
126628,1
32804,1
118109,1
80337,1
51955,1
11742,1
158078,1
142812,1
36247,1
234886,1
194429,1
195700,1
187024,1
120877,1
53645,1
199311,1
239530,1
216942,0
78340,1
66682,1
24035,0
234178,1
137025,1
68627,1
246120,1
162356,1
26058,1
129090,1
83346,1
178252,1
56663,0
193599,0
234706,1
117610,1
140758,1
148617,1
247269,1
173443,1
42929,1
27037,0
199782,0
194382,1
154239,1
50532,1
110485,1
225427,1
99220,1
142560,1
195756,1
107597,1
90244,0
73274,1
142658,1
118625,0
253288,1
27092,1
37523,1
59157,1
222240,0
72184,1
3641,0
2081,1
46152,0
184914,1
8595,1
62570,1
251245,1
160244,1
136747,1
150296,1
181993,1
113245,1
244387,1
7321,1
211136,0
172926,1
105299,1
241581,1
115892,1
231456,1
167414,1
65063,1
81200,1
174957,1
142807,1
110740,1
82872,1
109499,1
53797,1
120912,1
12104,0
51308,0
125750,1
118485,1
12034,1
118248,1
166042,1
173425,1
122479,1
46013,1
74306,1
182233,0
88882,0
168908,1
85047,1
90461,1
117348,1
263543,0
184834,1
166974,1
134558,1
257580,0
170415,1
202744,1
215217,0
242351,1
28912,1
1147,1
156708,1
121067,1
81231,1
194238,1
19291,1
118683,1
142791,0
32808,1
69996,1
224948,0
169333,1
92656,1
257922,1
121774,1
82602,1
71170,1
29711,1
5821,0
82038,1
26330,1
55664,1
255182,1
266522,1
65256,1
237090,0
47415,1
141450,0
22320,1
87690,0
266496,1
201626,1
261304,0
47348,1
163386,1
84181,1
15898,0
235236,1
138440,0
224216,1
236874,1
53446,0
78136,1
157580,1
98855,1
166694,0
199030,1
210586,1
52836,1
263987,0
146556,1
257049,1
255327,1
51947,1
8393,1
1861,1
55123,1
1554,1
62450,0
145391,0
248811,0
215912,1
121148,0
33148,1
238133,1
126183,1
148094,1
39188,0
153180,1
34468,0
182005,0
13469,1
55851,1
191651,1
40335,1
2391,0
155960,1
106692,1
261901,1
101428,1
127205,0
265343,0
64493,1
255974,1
236910,1
56216,0
138255,1
98284,1
250315,1
233671,1
258684,1
35474,1
194368,1
166115,1
31661,1
244671,1
168474,1
105589,1
10727,0
198934,1
156862,1
92782,1
225758,1
238589,0
201347,1
169883,1
187223,1
9107,1
217680,1
168627,0
175421,1
64374,0
261252,1
107335,0
210276,0
129757,1
161207,1
224362,0
96728,1
136863,1
168029,1
109049,1
93833,1
249896,1
82645,1
86385,0
10517,1
98400,1
93496,1
104756,1
174372,1
140614,0
102503,1
249726,0
216709,1
90842,0
123658,1
107943,1
129810,1
97946,1
91687,1
212817,1
46556,1
12570,1
23954,1
7404,1
239424,1
228733,1
84932,1
49534,1
213631,0
245303,0
256330,1
260030,1
257722,1
3710,1
203018,1
217747,1
145460,0
57206,1
2471,0
115581,1
218301,1
12573,0
576,1
154216,1
68321,1
203809,1
170746,1
143739,0
108945,0
62184,1
91074,1
151451,1
39946,1
153150,1
21820,1
51677,1
180407,1
93691,1
76606,1
49088,1
28712,0
25311,1
216619,1
143215,1
256107,1
44546,1
174018,1
11349,1
116548,1
235260,1
5855,1
28776,1
136524,1
127009,0
175263,1
116215,1
243788,1
121961,1
12065,0
245895,1
255004,1
44490,0
242907,0
256510,1
215203,1
66100,1
191505,0
45926,1
33658,0
203749,1
121906,0
22528,1
33666,1
195574,1
209904,1
81105,1
198824,0
170121,1
191851,1
60113,0
32674,1
67865,0
240377,1
61051,1
63712,1
95512,1
156876,1
190477,0
45473,1
211241,1
142439,1
205532,1
38383,1
197934,1
175268,1
74369,1
248078,1
177708,1
78498,0
130777,1
2210,1
60108,1
78766,1
144569,1
165825,1
154092,1
260576,1
193048,1
251310,1
87922,1
115499,1
238208,1
215994,1
207667,0
218232,1
137825,1
52141,1
51307,1
94991,1
125532,1
234036,1
133159,1
131769,1
45515,0
185627,1
55054,1
255742,1
130404,1
219848,1
95183,1
109930,1
102913,1
12030,1
56600,0
84464,1
39992,1
29218,0
102194,1
47377,1
112291,1
128653,1
77201,1
45088,1
31437,1
10087,1
146562,0
194712,1
127836,1
164463,1
114780,0
186463,1
216961,1
130561,0
135775,0
40800,1
11898,1
235914,1
40575,1
259798,1
231941,1
44655,1
166088,1
209500,1
190279,1
234510,1
130167,1
75048,1
161051,1
1196,1
180608,1
126979,1
97457,1
150966,1
11087,1
40783,1
206260,1
82066,1
38248,1
193357,0
166901,1
36859,1
233586,0
165508,0
19248,1
148616,1
49817,0
254334,1
257802,1
96103,0
251967,1
135278,1
60867,1
76429,1
250000,0
35803,1
38996,1
46547,1
237816,1
252116,0
46552,1
38821,1
35406,1
134801,1
256187,0
185005,1
252684,0
140026,1
84125,1
208147,1
31,1
71284,0
4426,0
182945,1
228811,1
173871,1
65230,0
135707,1
261000,1
259952,1
40881,1
17907,1
113764,1
10880,1
40855,1
38648,1
90410,1
1074,0
57848,1
187012,1
239735,0
76946,1
205636,0
237624,1
124832,0
219334,0
22578,0
251176,0
259941,1
165594,1
171069,1
205323,0
218233,1
11449,1
2979,0
11051,1
154935,1
127191,1
214265,1
117383,1
82867,1
52236,1
257649,1
72385,1
121642,0
37488,1
45099,1
239823,1
25084,0
75519,1
104463,0
15951,1
17046,1
19040,1
63030,1
211487,1
238734,1
240808,1
8756,0
66758,1
25964,1
223986,1
173470,1
139377,1
150752,1
43496,0
178263,1
196513,1
223404,0
15347,0
14832,1
74071,1
15062,1
196372,1
170223,1
22258,1
100023,1
68765,1
164262,0
171673,1
49013,1
30367,0
146103,1
210014,1
63603,1
38666,1
128538,1
45899,1
82208,1
227452,1
13860,1
100558,1
124100,1
164450,1
265160,1
22360,1
19176,0
145434,1
182607,1
182724,1
106232,1
259854,0
129509,1
237061,0
191906,0
141078,1
11368,0
32193,1
211337,1
157190,1
140649,1
7068,1
138043,0
134752,1
264068,1
20809,1
205742,1
102966,1
183672,0
95774,1
227123,1
70808,1
138011,1
13961,1
220021,1
244304,0
259638,0
198074,1
163447,1
174020,1
140497,1
83190,1
106887,0
239908,1
25728,0
182812,1
106546,1
181731,1
65697,1
233079,0
87769,1
5845,0
37813,1
168954,1
186171,0
14455,0
237583,1
10784,1
40078,1
259304,1
82149,1
223568,1
52635,1
2745,1
41253,1
226406,1
171820,1
259794,0
237309,1
221465,1
189093,0
60315,0
250206,1
214491,0
54301,1
192436,1
129651,0
64108,1
138402,1
102848,1
254969,1
86421,1
104137,1
171644,1
108063,1
81993,1
52572,1
38784,1
56704,1
30545,1
52102,1
169389,1
214118,0
149761,0
209377,0
254401,1
239404,1
61604,1
101454,1
46789,1
260762,1
50950,0
132841,1
222059,1
163075,1
187324,1
136127,0
36188,1
102888,0
220778,1
7938,1
77267,1
85611,1
227092,0
37471,1
122953,1
147853,1
229937,0
74046,1
115054,1
192006,1
96553,1
235462,1
245264,1
205174,0
7361,1
72065,1
203399,1
86140,1
182585,1
254803,0
63032,0
189306,1
152274,1
224296,1
261806,1
215865,1
53064,1
149243,1
174768,0
235902,0
235575,1
68297,1
111432,1
162284,1
100884,1
276,0
221215,0
236601,1
57963,1
5047,1
175546,1
8360,1
257417,1
122121,0
226500,0
174348,1
111063,1
247852,1
57957,1
223426,1
93206,1
100040,1
262065,1
116380,1
213162,1
43932,1
261985,0
185273,0
214013,1
239322,1
100243,1
32233,1
21961,0
221627,1
128356,1
234127,1
4306,0
178281,1
255170,1
195497,1
83314,1
225167,1
67701,1
2516,1
91711,1
213845,1
254504,0
220207,1
25719,0
41955,1
165415,1
180855,1
125638,1
231533,0
46512,1
91344,1
114809,1
93666,1
217601,1
107967,1
122288,1
196883,1
97817,1
243032,1
252128,0
172961,1
121293,1
105157,1
71411,0
171955,0
136063,1
137573,0
48061,1
210550,1
104851,1
215226,1
246732,1
134929,1
171706,1
60427,1
78314,1
53534,1
244402,0
216889,1
53862,1
141062,1
241903,1
48276,1
26522,1
131847,1
149695,1
198581,1
21700,1
203198,1
29511,1
23296,1
250626,0
78142,1
97132,1
28817,1
72360,1
245064,1
50965,0
99459,1
248177,1
225419,1
1428,0
238947,1
75786,1
171011,1
201389,1
32991,1
188227,1
55823,0
194916,1
234330,1
93631,1
115723,1
18057,1
70716,1
132232,1
262519,1
3279,1
38284,1
115671,1
252323,1
82857,1
8709,0
265102,1
178565,1
136968,1
218211,1
79142,0
59581,1
82569,1
186415,1
180086,1
167214,0
167017,1
135931,1
230581,1
54539,1
85383,1
35889,1
99171,0
179887,1
222760,1
35582,1
146127,1
173298,1
38125,0
134197,1
23805,1
263195,0
232683,0
90810,1
234911,1
166093,1
44333,1
196735,0
5109,1
153231,0
126987,1
62159,1
241359,0
204864,0
12565,1
87297,1
104786,1
261250,1
167464,1
51614,1
148664,0
101344,1
206695,1
1080,1
125785,1
215601,1
126923,1
170298,1
139455,1
126301,1
40982,1
145297,1
203671,1
53949,1
61226,1
156079,1
108756,1
255693,1
6069,1
62205,1
228697,0
114237,1
224277,1
240863,0
87147,0
264324,0
208215,0
244514,0
56956,1
195393,1
199117,1
61601,1
149305,0
168804,1
4634,1
70304,1
162094,1
263915,0
124907,1
195550,0
260632,0
5960,0
208270,1
54413,1
18737,1
18515,0
19993,1
82330,1
227622,1
200224,1
83194,1
17643,1
226805,0
253903,0
236387,1
50867,1
66251,1
14708,1
158508,1
157499,1
186963,1
29558,1
62298,1
142209,1
167398,1
263727,0
100585,1
109428,1
89951,1
32294,1
188527,0
200560,1
72014,1
85554,1
137576,1
115049,1
8951,1
238921,1
105219,1
240337,0
54178,1
75604,0
258748,1
194688,0
213682,1
170979,1
97812,1
14588,1
179464,1
105452,1
96108,1
127650,0
58456,1
134079,1
196227,1
220979,1
176183,1
100011,1
117408,1
112376,1
182001,1
241691,0
120886,0
7355,1
244403,1
120634,1
39749,1
212654,1
204532,0
4274,1
187506,1
241642,1
191854,1
239241,1
195342,1
56086,1
140943,1
220522,1
147545,0
220167,0
219152,1
41244,1
61085,0
153784,1
61244,1
210879,1
182121,1
218535,1
81091,1
60088,1
207454,1
44266,1
98660,1
61182,0
79784,1
129901,1
191364,1
77240,1
264855,1
213893,0
85427,1
22802,1
43655,1
181659,1
259548,0
224052,0
77056,1
46774,1
227896,1
263270,0
3453,1
203637,1
128601,1
243665,1
195530,1
239361,1
96368,1
266234,1
93268,1
236350,0
171215,1
177288,1
59532,1
166437,0
135194,1
136875,1
211908,0
180513,1
157296,1
20354,1
122921,1
93836,1
263430,1
177664,1
184139,1
139435,1
35865,0
74770,1
41068,1
197193,1
182844,1
236320,1
208705,0
58866,1
43783,1
229485,1
132590,0
75693,1
211899,1
150591,1
6477,1
259266,1
218441,1
238879,1
117614,0
234062,1
122480,1
222005,1
255245,1
208749,1
151982,0
16625,1
29549,1
155008,1
191003,1
15900,0
256030,1
140342,1
95264,1
194439,1
62130,1
130288,1
6961,1
85628,0
50824,1
114143,1
231951,1
91100,1
22377,0
41981,1
25910,1
134278,1
85331,1
86785,1
217240,0
217286,1
226563,0
108390,1
178755,1
186443,1
215371,1
121621,1
263693,1
138283,1
215889,0
138843,1
42007,1
87991,1
260135,0
31176,1
189845,0
127158,0
210026,1
148356,1
168397,0
42927,1
101913,1
167010,1
53218,1
11855,1
258696,1
118034,1
169539,1
96325,0
259281,1
6084,0
188650,1
38078,0
121526,1
130188,1
58162,1
184775,1
259107,1
61421,1
170052,1
145056,1
139995,1
33328,1
245226,1
108475,0
22022,1
72285,0
181524,0
156489,1
1043,0
146577,1
205709,1
20350,1
52494,1
186992,1
105468,1
8142,1
219508,1
54056,1
257883,1
12227,0
19437,1
235266,1
158322,1
21293,1
142066,1
218722,1
208600,0
223184,0
140597,1
2271,1
24059,1
33062,1
264772,1
104564,1
23371,1
9332,1
138560,1
192093,1
158710,1
13238,1
122380,1
249969,1
250001,1
90267,1
138908,0
85367,0
217236,1
244614,1
82449,1
214691,1
208503,1
2109,1
38426,1
233091,1
95865,1
180200,1
143585,1
75365,1
263144,1
117033,1
262946,0
66094,1
231512,1
5016,0
100122,1
105605,1
72304,1
45043,1
130781,1
65078,1
22441,0
29329,1
145022,1
79701,1
254826,1
196611,1
5187,0
207564,1
82563,1
10992,1
177071,1
40328,1
180709,1
72231,1
223963,1
235001,1
236479,1
245122,1
233505,1
260859,1
230899,0
20739,1
132376,1
257204,1
11231,1
80153,1
128542,1
4495,1
218707,0
59095,1
99257,1
241696,1
246070,1
123326,1
219613,1
140415,1
35191,1
213470,1
63177,0
178535,1
69343,1
80999,1
34931,1
137483,1
94844,1
75112,1
183242,0
54808,1
158259,0
180811,1
35863,1
29752,1
237958,0
262034,1
128802,1
165275,1
249773,1
181684,1
69950,1
140946,1
31658,1
88655,1
188753,0
203827,0
68118,1
258189,1
24995,0
232014,1
260985,0
220929,1
94796,1
204927,1
69964,0
60065,1
120052,1
206502,0
72634,1
91108,1
206623,1
113842,1
171873,1
97276,1
33047,1
191807,1
105252,0
3175,1
11835,1
87305,1
81311,1
262741,0
88531,1
19881,1
168569,1
127628,0
80446,1
180433,1
101479,1
7297,1
79022,1
86178,1
117041,1
120005,1
230801,1
17315,1
152246,1
106077,1
247917,1
241979,1
195725,1
249098,1
173174,0
259094,1
210711,1
62147,1
108509,1
38074,1
20667,1
222878,1
148000,0
252432,1
53500,0
170257,1
105566,1
94247,1
118429,1
227069,0
211902,1
22318,1
13486,1
116207,1
180120,1
5716,0
78119,1
20357,1
103213,0
154392,1
192145,1
251448,1
195695,1
240018,1
175470,1
223909,1
173875,1
82211,1
124504,0
183610,1
251194,0
94391,1
238110,1
13549,0
258018,0
137918,1
16487,1
181418,1
164670,1
156211,0
29152,1
220663,1
152267,0
6736,1
154207,1
222507,0
58468,1
49310,1
143272,1
190028,0
123502,1
231176,1
257934,1
260506,1
17585,0
223999,1
163904,1
198683,1
116703,1
216983,1
188523,1
137395,1
162047,1
131336,1
233869,1
61837,1
238120,0
182633,1
233330,1
189447,1
227104,1
103491,1
225693,1
41084,1
180958,0
51075,1
244733,1
146739,1
166791,1
87300,1
156445,1
110433,1
144491,1
75094,0
202415,1
223736,1
265069,1
255291,0
151803,1
89191,1
219682,1
18681,1
46837,1
119421,1
212425,1
259909,1
124540,1
40279,1
78655,1
217232,1
179579,1
2597,0
31435,1
259896,1
135500,1
62938,1
129151,1
212880,0
51548,1
86665,1
85422,1
70574,1
119064,1
239896,0
28334,0
185069,1
249182,0
247911,1
196085,0
169842,1
238192,0
240343,0
96087,1
154308,1
86134,0
159006,1
38977,1
213486,1
23058,1
50991,1
55887,1
9461,0
183674,1
216019,1
21165,0
83523,1
66393,1
121170,1
151075,0
199691,1
147204,1
95548,1
243686,1
66730,1
228518,0
198664,1
48366,0
157698,1
206956,1
247558,1
9410,1
28000,1
256793,1
109721,1
130193,1
240672,0
135932,1
171146,1
70278,1
129640,1
24540,0
5883,1
112622,1
70432,1
13338,0
250530,1
41676,1
232523,1
175440,1
44273,1
207096,1
247741,0
75469,0
79775,1
2126,0
151558,1
51404,1
148755,1
137679,1
163222,0
78749,1
206734,0
70112,1
215468,1
238646,1
245129,0
12445,1
23439,1
104442,1
182036,0
58550,1
174585,0
222833,1
76655,1
256,1
91279,1
14064,0
37288,1
108569,1
139772,1
145698,0
257182,1
135989,1
78695,0
202181,0
19489,1
58352,1
92405,0
95042,0
76168,1
30547,0
122443,1
163464,0
159997,1
102902,0
260110,1
121822,1
7652,1
185494,1
186908,1
97576,1
192005,1
27315,1
27958,1
203998,1
127638,1
150223,0
227528,0
75765,1
61434,1
89275,1
146212,0
63387,1
225871,1
103257,1
255180,1
82899,1
95351,1
203315,1
172964,1
71515,1
250238,1
187736,1
170244,0
16301,1
216831,1
162954,1
114293,1
164383,1
110111,1
52080,1
98958,1
87427,0
184803,1
264923,1
70752,1
136609,1
79406,1
64792,0
96922,0
52334,1
120837,1
253343,1
110956,0
173454,1
16981,1
154508,1
33625,1
211882,1
217011,1
119439,1
125182,1
251330,1
257776,0
53136,0
25808,1
93381,1
66733,0
191649,1
133628,1
45715,1
94154,1
10518,0
27980,1
255558,0
16412,0
161375,0
17455,1
200780,1
127451,1
14001,1
127594,1
264590,1
157950,1
167767,1
86426,1
19286,0
116491,1
262471,1
30957,1
107808,1
168816,1
19647,0
44891,1
67942,1
110725,1
79285,1
237267,1
6751,1
119018,1
236414,1
176524,0
58309,1
198242,1
223147,1
118071,1
111770,0
54183,1
13660,1
177928,1
88482,1
194592,1
66472,1
119353,1
255185,0
202392,0
257641,1
144583,1
178571,0
105956,1
254567,0
37345,1
255328,0
24362,0
146462,0
80210,1
97288,1
12162,0
179112,1
178536,1
91755,1
26957,1
90834,1
177659,1
239488,1
155796,1
51124,1
28107,1
145305,1
91893,1
246065,0
65182,1
1897,0
183902,1
178684,1
141650,0
176776,1
173781,1
26858,1
182241,1
153489,1
264515,1
86024,1
114185,0
203099,1
186285,1
74884,0
125391,1
199562,1
187282,1
226994,0
80746,0
186623,1
10235,1
111404,1
253836,1
232209,0
139506,1
99026,1
158173,1
265946,0
26704,1
26778,1
155381,1
51425,1
259359,1
30614,1
125483,0
233119,0
128541,1
64127,1
252169,1
61608,1
261015,0
55360,1
188139,1
65164,1
154536,0
60294,0
141694,1
204747,1
33429,1
229224,1
109075,1
246295,1
33280,1
95922,1
248151,1
157997,1
204239,1
181200,1
240796,1
236820,1
199598,1
240318,0
115016,1
186241,1
246217,1
194358,1
11496,1
57989,1
120114,1
172467,1
169790,1
150247,1
33638,1
191519,1
134545,1
181095,1
89293,0
116011,1
213416,1
171581,1
265496,0
229812,1
10775,1
76683,1
131198,1
63268,1
143320,0
134180,1
78826,0
35966,0
109967,1
170441,1
28245,1
255089,0
95809,1
255262,0
205549,1
14909,1
259506,0
64972,1
17086,1
67454,0
207536,1
229871,1
196302,0
265584,0
124031,1
134727,1
79667,0
241088,1
144653,1
36411,1
177163,1
219961,1
131488,1
211797,1
134964,1
199976,1
130803,0
72125,1
19227,1
126120,1
61766,1
254705,1
25254,1
60694,0
18345,1
179424,1
168166,1
175146,1
41650,1
242861,1
175085,1
162265,1
138417,1
64954,1
170816,1
239492,1
11377,1
158855,1
31102,1
92567,1
120356,1
51154,1
23149,1
23653,1
193659,1
179337,0
42907,1
17913,0
227201,1
249290,1
80897,1
58523,1
68672,1
51389,0
93584,1
118950,1
142353,0
257029,1
162060,0
84359,1
246267,0
31403,1
116652,1
152629,0
6100,0
215710,0
191992,1
117950,1
114773,1
129847,0
180068,1
208725,0
14767,1
91636,1
52451,1
9571,1
124646,0
89229,1
260255,1
226503,1
20035,0
61773,1
23329,1
95390,0
55224,1
193464,1
261915,0
229894,1
62064,1
128974,1
3578,1
62962,1
51736,1
103651,1
210507,1
77561,0
78280,1
27395,0
70397,1
255301,1
215196,1
166327,1
259466,0
218863,1
183064,0
120501,1
189703,1
147820,1
14084,0
193963,1
192777,1
4968,0
210685,1
161213,0
96835,0
168115,1
212961,1
5106,0
142357,1
236723,0
6428,1
219336,1
151368,0
80927,1
1513,1
246214,0
232327,1
99554,1
106584,1
224059,1
259693,1
123689,1
103698,1
2436,1
239781,1
110717,0
5672,1
178622,1
168534,1
53289,1
114296,1
95078,0
266556,1
251366,1
22757,1
226324,0
248120,1
48501,0
85371,1
192938,0
165477,1
214393,1
6148,0
37280,1
209795,0
144778,1
179439,1
11256,1
142338,1
75968,1
234817,1
91549,1
95177,0
199721,1
120558,1
179478,1
236095,0
136468,0
32594,1
60351,1
146594,1
87040,1
115936,1
230718,1
160239,0
201732,1
19373,1
38567,1
255958,0
127426,1
257449,1
244271,1
253395,0
237713,0
81493,1
193918,0
227019,1
207130,1
64829,1
71960,1
25301,1
176574,0
208309,1
160698,1
77818,1
71454,1
258707,0
10751,0
187508,1
238516,1
260393,1
126377,1
140211,1
93473,1
79633,0
241704,0
17724,0
18108,1
218976,1
48781,1
27316,1
236184,1
58052,1
265334,1
125628,1
79606,1
118937,1
200440,1
91107,1
113304,1
82497,0
168447,1
224267,1
81305,1
263272,1
120575,1
182531,0
255788,1
57410,1
265451,0
213370,1
244661,1
255124,1
3625,1
200085,0
35752,1
34686,1
253475,0
186380,1
201964,1
148570,1
263755,1
178425,1
233986,1
250004,1
63253,0
236615,1
236674,1
132592,1
59058,1
259375,0
191220,0
236309,1
195433,1
28386,1
258148,1
90685,0
80522,1
197172,1
85831,0
38594,1
61116,1
228926,1
244911,1
134524,1
241588,1
235687,1
196716,1
209048,1
127809,1
218825,0
115004,0
96141,1
77861,1
26373,1
113681,0
139668,1
248074,0
234452,1
108530,1
127468,0
167572,1
264370,1
127251,1
83444,1
22048,1
211970,1
115804,1
215849,1
40500,1
146044,1
227430,0
222157,0
4628,0
107907,1
79681,1
74226,1
182453,0
178326,0
238364,1
191817,1
176475,1
159702,1
260957,0
149206,0
124697,1
16418,0
197589,1
245690,0
164910,1
3939,1
93158,1
197527,1
67297,1
63652,1
156999,1
177672,0
51015,1
85139,1
177699,1
74029,1
213943,1
241723,1
247642,0
214059,0
256895,1
2795,1
197423,0
106520,1
78381,1
126299,0
48275,1
228540,1
109733,0
202440,1
84538,1
64963,1
150484,0
86233,1
70217,0
59134,0
135831,1
252252,1
12858,1
14631,1
107578,1
167342,0
23345,1
52808,0
68167,1
84126,0
58969,1
168085,1
25064,1
142235,1
75017,1
249103,1
15315,0
13476,0
149841,1
182671,1
73533,1
199268,1
166482,1
241692,1
47670,1
254003,1
189754,1
108697,1
67078,1
208012,1
100864,1
252160,1
191605,0
156227,1
13267,0
1766,1
59324,1
33838,1
183230,1
145790,1
188855,1
17699,1
134106,1
165636,1
166597,1
224050,1
220844,1
83199,1
11878,1
217558,1
2485,0
14197,0
170217,1
114956,1
26624,1
2849,1
263417,1
241636,1
102306,1
143741,0
116316,0
147363,1
189164,0
113375,1
250741,1
11286,0
166334,1
41071,1
76444,1
9932,1
69760,0
240010,1
235039,1
137337,0
135647,1
29750,1
206948,1
130461,1
121001,0
14264,1
149433,1
125069,0
131267,1
26796,1
254457,1
118237,1
88341,1
115814,1
42263,1
154801,1
664,1
133582,1
143180,1
46956,0
145228,1
259009,1
129352,0
41511,1
177627,1
263464,1
24279,1
48546,1
230955,1
101568,1
214697,1
84344,1
69090,1
166828,1
42343,0
136627,1
96413,0
171972,1
61117,1
43647,1
215234,1
240841,1
15092,0
228530,1
197534,1
143689,1
227672,1
115114,1
170420,1
73446,1
143441,1
264000,0
99233,1
221648,1
31492,1
190455,1
128324,1
234717,0
10698,0
132375,1
118842,1
87982,1
191688,0
20701,0
257803,0
110751,1
159312,1
247067,1
183383,1
113725,1
53484,0
102641,1
236518,1
109804,0
133532,1
200324,1
177112,1
155443,1
25115,0
202136,1
134804,0
94107,0
223836,1
266063,1
45010,1
44507,1
210338,1
120439,1
17254,1
144656,1
54195,1
117308,1
211060,0
260714,1
111345,1
204227,0
33184,1
251053,1
23327,1
211391,1
170749,0
114785,1
128106,1
128725,1
152581,0
243955,1
220700,1
99427,1
11089,1
199669,0
211428,1
208444,1
195807,0
91709,0
85839,1
15553,1
85385,1
164760,1
92759,1
108408,1
230348,1
98803,0
154193,1
158092,1
63768,1
157271,1
229566,1
59034,1
54207,1
184536,1
162395,1
230557,1
177902,1
36527,1
190912,1
223400,0
113938,1
66589,1
184635,1
96926,0
41699,1
32706,1
250889,0
224931,1
40613,1
37612,1
197944,1
139016,0
169821,1
39719,1
107504,1
73805,1
243551,0
42469,1
187132,1
137671,1
203448,1
11564,1
224213,1
80979,1
105882,1
108725,1
76421,1
191146,1
222019,0
185036,1
126439,1
154042,1
117939,0
9556,0
165461,0
93954,1
221355,0
41673,1
38150,1
34224,1
6529,1
258319,1
3818,0
26920,0
151796,1
81265,0
253706,0
2111,1
164162,0
239318,1
141091,0
161470,1
205700,1
224214,1
81566,1
158504,0
162609,1
171658,1
109855,1
77881,1
73787,1
259666,1
136447,1
79709,1
157496,1
94750,1
7050,1
260640,1
182466,1
254341,1
85843,1
224527,1
113314,1
36072,1
173360,1
253845,0
52568,1
13352,1
155043,1
99426,1
186145,1
261016,1
48155,1
141935,0
168422,1
257373,1
244902,1
38336,1
199661,1
64197,1
141695,1
148295,1
150019,1
238992,1
255322,1
33639,1
196305,1
37013,1
78934,1
200887,0
23264,1
18557,1
35754,1
219723,1
62861,1
185168,1
178449,1
143277,0
222220,1
263777,0
55334,1
199478,1
45448,1
108700,1
233044,1
37114,1
201855,0
15411,0
209140,1
162737,0
142703,1
66757,1
214748,1
23831,1
100165,1
19842,1
220633,1
232267,1
41519,1
113783,1
48353,0
31003,1
261491,1
92,1
233020,1
142482,1
136933,1
77023,1
259598,1
255085,1
178415,1
54966,0
71192,1
127044,1
106948,1
120384,1
67034,1
113294,1
107444,1
227132,1
264451,0
99136,0
168590,1
94744,0
106655,1
181597,1
55562,1
124445,1
188931,1
609,0
21038,0
20362,1
77014,1
155488,1
50244,1
25004,1
265319,1
65032,1
196025,1
222669,1
81349,0
118276,0
80863,1
146106,0
80469,1
2132,1
91360,1
14612,0
80436,0
265505,1
59596,1
61920,0
129781,1
112014,1
227691,0
102325,1
143325,1
44206,0
217710,0
191235,1
148315,1
185216,1
258341,1
252570,1
155664,0
122024,1
173889,1
120214,1
180779,0
117622,1
14854,1
98995,1
16957,1
200853,1
21760,1
196526,1
166392,1
131218,0
204478,1
104414,1
162292,1
103277,1
71073,1
35176,1
32723,1
148376,1
221586,1
7855,1
50989,1
204547,1
195176,0
243666,0
229388,0
238774,1
122765,0
30799,1
65259,1
97918,1
71647,0
161554,0
48166,1
179981,1
129444,1
140880,1
246427,1
5326,0
96766,0
77207,1
251767,0
40960,1
231398,1
13371,1
76989,1
200351,1
44226,1
160003,1
215529,1
213452,1
146596,1
124856,1
198687,1
229060,1
109351,1
123851,1
49403,0
160842,1
22705,1
209519,1
114365,1
7336,1
124669,1
76441,1
225196,1
62345,0
168951,1
189693,1
1669,1
16106,1
105373,1
17652,1
106125,0
67969,0
191201,1
205699,1
112710,1
105644,1
75949,1
169195,1
15734,0
123446,1
205837,1
19392,1
169732,1
255137,0
9030,1
42376,1
138909,1
37784,1
24374,1
149253,1
72469,0
255206,1
181150,0
218107,0
146983,1
198468,1
138642,1
108976,1
119494,1
26766,1
5846,0
69446,1
214354,1
97980,1
105433,1
136606,1
214543,1
9935,0
245766,1
106499,1
211831,1
240161,1
163466,1
121788,1
132293,1
164343,0
235734,0
229591,1
241211,1
178379,1
262912,0
255962,0
4079,1
119412,1
93673,1
155601,1
220159,1
34226,1
81334,1
85685,1
55012,1
113276,1
220241,1
183523,1
47769,1
117563,1
219159,0
134020,1
89911,1
105972,1
200589,1
243481,0
154747,1
44117,1
157584,1
209276,0
140392,1
113034,0
266434,1
3432,1
234689,1
253916,1
226923,1
131129,0
17854,1
259655,0
233339,1
73989,1
43023,0
65129,1
181131,1
242356,1
101762,1
145156,1
235621,1
139529,1
170940,1
243488,1
29153,1
204480,1
147636,0
53037,1
52730,1
232215,1
152192,1
26730,1
53830,1
205929,0
174647,1
15184,0
199152,1
264575,0
36100,1
22763,1
206095,0
235381,1
50130,0
151980,1
156795,1
131722,1
128892,1
241484,0
203905,1
95140,1
195559,1
144505,1
201876,1
145254,1
41054,1
37454,0
51504,1
84232,1
292,0
255850,1
75368,1
201656,1
235533,1
51329,1
182257,1
99818,1
221578,1
77854,0
223370,0
128312,1
125469,0
97019,1
1369,0
220735,1
258901,0
25842,1
40741,1
158459,1
143936,1
175164,1
55087,1
161154,1
219497,1
241221,1
105642,1
8030,1
65565,0
182739,1
49086,1
63820,1
12291,1
253463,0
237495,1
225547,0
221895,1
43605,1
54387,1
213619,0
41607,1
256359,0
123534,1
152758,1
58894,1
150446,1
107455,0
139567,1
84679,1
160760,0
164726,1
15299,0
110307,0
85968,1
48164,1
234805,1
56587,1
219985,1
39679,0
165529,1
110221,1
14690,0
234322,1
29871,1
112467,1
262237,1
248686,1
98780,1
6366,1
155543,1
258504,0
78016,1
132552,0
77566,1
245918,0
202706,1
242382,0
122707,1
254063,1
124855,0
74791,1
183382,1
26120,1
44997,0
44805,1
19771,1
251993,1
27118,1
218688,0
236949,1
27794,1
128753,1
252282,0
49330,1
117715,1
96271,1
122208,1
150815,1
257133,0
240029,1
264782,0
192459,1
663,1
208333,1
28371,1
157160,1
176641,1
102210,1
68433,1
120838,1
256837,1
134117,1
25708,1
112398,1
28428,1
208361,1
61137,1
85757,1
27161,1
33559,1
15609,1
175541,1
179786,1
168417,1
197883,1
74802,1
262992,1
39864,1
185029,1
27240,1
186400,1
49045,0
255166,0
29605,1
228607,1
89288,1
206975,0
140990,1
43634,1
159652,1
767,1
9818,1
166258,1
109048,1
735,1
195564,0
248090,1
87218,1
90682,1
221766,1
265048,1
131804,1
249237,1
103785,0
184440,1
199878,1
230908,1
33232,0
254617,0
124459,1
188573,1
144208,0
54091,1
99058,0
152545,1
48935,1
133390,1
60029,1
139051,0
254230,0
48585,1
75142,1
136786,1
263477,1
52501,1
128891,1
49986,1
150226,1
234530,1
249463,1
94742,1
1169,1
213837,0
49252,1
115076,0
60878,1
188778,1
181774,1
178400,1
89955,1
221081,0
119063,1
245663,1
58960,1
99351,1
182056,1
126148,1
142569,0
53287,0
57329,1
23218,1
92665,1
259554,1
170909,1
156534,1
124380,0
225302,1
55136,1
58265,0
85873,1
169783,1
164273,1
10540,1
143761,1
61283,1
120589,1
106255,1
247796,1
22238,0
90501,1
99937,1
79921,1
169040,1
104676,1
99505,1
150198,1
177339,1
203939,1
25630,1
263267,1
229268,1
167724,1
59664,0
930,0
221322,1
198888,1
123752,0
132591,1
192249,1
218368,0
199614,1
67575,1
130263,1
1496,0
169092,1
89943,0
132649,1
53582,1
156377,1
154037,1
134609,1
160490,1
92977,1
212875,1
115574,1
82110,1
221301,1
150316,1
73692,1
196336,1
40605,1
191527,1
125089,1
103858,1
99831,0
265068,1
189113,0
63386,1
65859,1
96182,1
158051,1
101856,1
67428,1
98639,1
146858,1
29817,1
99884,1
78138,1
156993,1
11191,0
184566,1
257921,1
205234,1
128728,1
191989,1
156541,1
104560,1
44090,1
39651,0
110476,1
249874,1
103682,1
20955,1
89926,1
34920,1
256138,1
122260,1
94823,1
30668,1
158804,1
43644,1
76577,1
252916,1
12913,0
106029,1
6936,1
135222,1
188647,1
86229,1
187034,1
98032,1
174196,1
70790,1
18159,0
40671,1
172635,1
129898,0
71188,1
227644,1
158956,1
137998,1
206832,0
242450,0
133741,1
28379,1
201470,1
61015,1
5301,0
44355,1
119247,1
11608,0
78778,1
103661,0
172395,0
2289,1
205901,1
74654,1
216701,1
257260,1
100078,0
247565,1
235419,1
177015,1
174718,1
248077,1
41865,1
17866,1
159432,1
64331,1
156604,1
132655,1
207843,1
188055,1
104452,1
209428,1
255639,1
48139,1
116631,1
141698,1
83658,1
244506,0
135637,1
234099,0
140477,1
140672,1
210632,1
131800,0
209827,1
266604,0
69580,1
184698,1
209148,1
113905,1
242665,1
11303,1
139170,1
22835,1
157411,0
29415,1
224759,1
175553,1
123268,1
112866,1
81943,1
166138,1
161682,1
89120,1
49899,0
7556,1
188372,1
211239,1
176804,1
189816,1
168894,0
259297,1
91625,1
92432,1
4592,0
251740,1
80630,1
94181,1
42305,1
43128,1
183044,0
245189,1
31001,1
107896,1
32983,1
237825,1
26235,1
248551,0
228418,1
35829,1
258655,1
135770,1
257173,1
262304,0
187064,1
186740,1
4784,1
63120,1
250807,1
223971,1
128733,1
146422,1
261875,0
88687,1
105783,1
228992,1
157152,1
2974,1
249668,1
88215,1
126493,1
211467,1
197712,1
263679,1
37368,1
117059,0
48125,1
252170,1
57011,1
171265,1
167030,0
243567,1
192297,1
190237,1
141946,1
19188,0
174358,1
15028,1
17100,0
166356,0
209801,1
144518,1
139295,1
37548,0
20358,1
220331,1
41867,1
175473,1
238264,1
33235,1
150992,0
172363,0
75927,1
54044,1
89668,1
18101,0
73775,1
54942,1
5173,1
265073,0
103373,1
37649,1
68111,0
89265,1
26837,1
113128,0
130654,1
52660,1
33637,1
177172,1
189291,0
135641,1
136330,1
258942,1
207316,1
181654,1
263569,1
125344,1
29933,1
231935,0
4542,0
178979,1
91971,1
177062,1
205238,1
122199,0
107915,1
83048,1
82039,1
31975,1
119906,0
601,0
112401,1
200381,1
141837,1
163623,1
114599,0
62028,1
136451,1
40437,0
62428,1
178354,1
211007,1
152598,1
14956,1
258412,1
30701,1
227357,1
95018,1
122917,1
126379,1
186652,1
209137,1
38216,0
35101,0
145828,1
211005,1
228768,0
141898,1
191300,1
251007,0
25128,1
192731,0
193363,1
97336,1
27817,1
88432,1
229179,1
89551,1
21437,1
19595,1
129968,1
54749,1
233736,1
163777,1
46838,0
187875,1
82557,1
198805,1
171156,1
96943,1
109612,1
138330,1
92344,1
33241,1
149020,1
181294,1
16382,0
61725,1
222191,1
45977,0
172135,0
121733,0
247849,1
154985,1
209903,1
64850,0
178266,1
12110,0
44726,1
129753,1
195156,1
176386,1
12019,0
42959,0
201599,1
227568,1
262797,1
151049,1
145649,0
197689,0
259312,1
246828,0
36598,1
156907,1
103404,1
168900,1
170702,1
54765,1
91194,0
2475,1
203458,1
104304,1
159419,1
138042,1
256686,1
204960,1
74846,1
130494,1
254583,1
167317,1
201052,1
14518,1
83221,1
66207,1
208004,1
52341,1
36526,1
76205,1
218198,1
232133,0
224151,0
62959,1
14164,0
138831,0
31177,1
122133,1
27611,1
50953,1
58000,1
185138,1
178426,0
213244,1
73631,1
192655,1
207058,1
260551,1
148251,0
60556,1
263186,0
220283,1
28319,1
75840,0
129091,1
138442,1
244491,1
248709,1
185803,1
97224,1
260073,0
135827,0
132230,1
210677,1
158391,1
246409,0
38287,1
101028,1
151116,0
3354,1
261543,1
7717,0
261414,0
129839,1
38200,1
44179,1
181049,1
125561,1
81884,1
179419,1
256170,0
146295,1
80112,1
77213,1
178226,1
208867,1
13503,1
21241,1
253795,1
227245,1
211859,1
168676,1
3065,1
266303,1
182227,1
178328,0
68400,1
34652,1
46161,1
252180,1
11995,0
53505,1
130433,1
23325,1
174735,1
64614,1
252628,0
72068,1
78624,1
38715,1
10351,1
257671,1
79710,1
183101,1
258998,1
148477,1
115330,1
80422,1
129896,1
22354,1
80227,1
62955,1
34244,1
25296,1
102164,1
217654,1
101214,1
181002,1
197673,1
114589,1
190346,1
211740,0
53181,1
87514,1
77846,1
199804,1
236878,0
18744,1
171543,1
231042,0
225870,1
25491,1
31675,1
187943,1
128026,0
192612,1
10941,0
247114,1
82037,1
111658,1
8267,0
9227,0
210446,0
139764,0
142334,1
253316,1
9698,0
173427,0
100497,1
60014,1
86280,1
29910,1
159579,1
152972,1
126319,0
253367,0
91075,1
182052,1
120620,0
166837,1
160004,1
120006,0
238346,0
73693,0
235449,0
36086,1
181148,1
143050,1
117533,1
38950,1
191398,1
28543,0
104655,1
169918,1
136383,1
183418,0
233837,0
83403,0
124546,1
172427,1
174368,0
93701,1
99521,1
161074,1
174088,1
53469,1
207821,0
178998,1
3029,0
154923,1
246753,0
225413,0
32736,1
123150,1
225774,1
253711,1
145969,0
240876,1
253110,0
101540,1
9722,1
146635,1
172238,0
17864,1
265905,0
46097,1
69937,1
85437,1
242745,1
24079,1
175568,1
164738,0
211266,1
66604,1
98304,1
65110,1
169747,0
249894,1
35136,1
132739,1
11378,0
228351,1
49412,1
181791,0
141484,0
235768,1
34516,1
178144,0
137445,1
170643,1
198324,0
13798,1
166161,1
125746,1
211008,1
10147,1
215303,0
82719,1
34588,1
97365,0
252976,1
179735,1
216994,1
66944,1
112172,0
73850,1
220626,0
162564,1
262703,1
158836,1
57505,1
10587,1
40231,1
7204,1
181000,0
150577,1
191144,1
214906,1
12037,0
41959,1
75652,1
120664,1
48988,1
100824,1
18266,1
27781,1
22724,1
61995,1
251327,0
174141,1
29667,1
112702,1
51774,1
55548,1
253043,1
32578,1
262397,0
218034,1
39608,1
114193,1
227781,1
132121,1
249171,1
214006,1
161321,1
83343,1
157527,1
247765,1
190468,1
19303,1
15850,1
89729,1
118690,1
43918,1
140547,1
220220,1
166678,0
170443,1
99122,1
37035,1
31142,1
259613,1
189354,0
261379,1
151249,1
119473,0
52527,1
68814,0
55036,1
238570,1
34321,0
134815,1
47661,1
222762,1
180392,1
126970,1
161843,1
151532,1
28147,1
100953,1
9986,1
146629,1
138289,0
169056,1
121544,1
18287,1
162755,1
53555,1
170528,1
135587,1
221800,1
205107,1
139747,1
88635,1
152686,1
70733,1
101411,1
91475,1
250622,1
264312,1
99082,1
67363,1
265291,0
46272,1
104187,1
55397,1
156009,1
113654,1
70822,1
244270,1
116360,1
256432,1
11196,1
140639,1
6530,1
177286,1
255352,0
132250,1
4712,0
110669,1
99012,0
68053,1
8356,1
15340,0
37067,1
133026,1
178359,0
254338,1
145973,1
17012,1
57869,1
239913,0
45464,0
174049,1
247172,1
137350,1
17982,0
14418,1
235208,0
157690,1
9452,0
48124,1
108694,1
29800,0
225459,1
80369,1
192905,0
217115,1
115665,1
174751,1
202373,1
146028,1
215418,1
115944,0
138162,1
125067,1
231898,1
232852,1
121908,1
34789,1
190085,1
162721,0
256559,1
22281,1
198814,1
97860,0
86203,1
36261,0
209014,1
48778,1
175154,1
98212,1
140666,0
42519,1
200382,1
119255,0
15019,1
126037,0
79479,1
227084,1
106217,1
149521,1
138517,1
13127,1
33513,1
155568,1
257835,0
55305,0
35636,0
15699,1
207239,1
25013,1
109621,0
183290,1
77390,1
203644,0
59345,1
5608,1
265279,1
493,0
118029,1
50100,1
53311,1
123352,1
914,0
111498,1
215466,1
89420,1
12666,1
91861,1
133168,1
19617,1
7763,1
77420,1
93261,1
60559,1
229215,1
232712,1
146319,0
133153,1
41155,1
53764,0
237884,0
133341,1
159879,0
147004,0
26099,1
121412,1
191489,1
138072,1
31361,1
134687,1
239068,1
172059,1
177634,1
151947,1
84580,1
15993,0
235824,1
177881,1
233761,1
39522,0
45100,1
10779,0
101634,1
219796,0
45787,1
158690,1
215423,1
2374,0
81573,1
51120,1
148191,1
127166,1
72753,1
205682,1
234462,1
81255,0
226922,1
184129,1
221849,1
39692,1
242718,0
157592,1
133949,1
168788,1
128902,1
101488,1
2102,1
156428,1
87074,0
245657,1
257660,0
224292,1
81239,1
96016,1
149522,1
72446,1
199353,1
212631,1
94663,1
237087,1
212716,1
53247,1
33768,1
146663,0
19706,1
155484,0
253593,1
120322,1
238714,0
58268,1
137658,1
205908,0
247123,1
196790,1
260780,1
99824,1
245186,1
157899,1
128410,0
94058,1
251358,1
85754,1
149367,0
198113,0
116520,0
217809,1
91018,1
120272,1
59264,1
47266,1
57441,0
225686,1
206214,1
264152,1
116922,0
205412,1
71141,1
205361,1
120188,1
84615,0
92891,1
130525,0
28182,1
5508,0
105886,1
171350,0
189165,1
141323,0
42418,1
8901,0
35352,1
257937,1
12601,1
80228,1
7120,1
247801,1
230396,0
239162,1
15782,0
36530,1
74062,1
210982,1
166665,1
146902,1
129446,0
54836,1
168723,0
122748,1
15648,1
189289,1
118645,0
131330,0
239826,1
228012,1
183013,1
181586,1
118402,0
234216,0
139993,1
95417,1
39116,1
174268,1
215033,1
43852,1
122531,1
80803,0
189188,1
3036,1
156561,1
94151,1
210445,1
206371,1
193596,1
50855,1
121134,1
209234,1
163666,1
41872,0
30611,1
102710,1
243530,1
5251,0
94961,1
90786,1
54902,0
125425,1
79882,1
236383,1
81842,1
72327,1
82395,1
82503,0
71210,1
39175,1
60285,1
1034,1
49957,1
197415,1
228702,1
69974,0
17911,1
170175,0
35384,1
104515,1
136214,1
227793,1
109290,1
62317,0
114929,1
153157,1
47176,1
99320,1
246558,1
64800,0
247021,1
52210,1
140109,1
174014,1
91154,1
68736,0
38622,1
238334,1
29912,1
135168,1
125810,1
204121,1
187572,1
243717,1
109107,1
172328,1
17765,0
199339,1
57205,1
53815,1
27608,1
100045,0
265491,0
74574,1
204308,1
254507,1
127316,1
84604,1
131323,0
136505,1
105987,1
219276,0
61684,1
37549,1
181383,1
265641,0
19135,0
45511,1
68046,1
7887,1
258424,1
185402,1
223684,1
205069,1
74610,1
225643,1
112863,1
70384,1
129417,1
175746,1
46816,1
250646,1
35532,1
193993,1
123588,1
50581,1
139692,1
21798,1
17013,1
162860,1
16973,1
78741,1
173394,1
119268,1
61475,1
172739,1
153274,0
249605,1
79586,0
118632,1
174680,1
112379,0
21576,1
141738,0
45760,0
11678,1
95891,0
55475,1
80662,1
139545,1
253430,1
179304,0
218930,1
111386,1
19750,0
145954,1
76883,1
165723,1
41289,1
76845,0
7998,1
24213,1
151656,1
184841,1
30021,0
187589,1
102116,1
208320,1
71493,0
85446,1
94119,1
79248,1
88077,1
67814,0
93196,1
172375,1
122936,1
211426,1
99106,1
264718,0
193158,0
59263,1
130808,1
58300,1
155262,1
161125,1
136566,1
213552,1
98613,1
86037,1
187022,0
99877,1
105971,1
191408,1
15314,1
66815,1
240997,1
162211,1
246105,1
31957,1
11140,0
245144,0
166719,1
165117,1
191959,1
224339,0
72508,1
26533,0
90815,0
126801,1
133163,1
3002,1
150650,0
169130,1
117646,1
41395,1
75461,1
158989,1
248012,1
110038,0
28641,1
163951,1
126122,1
254600,1
222136,1
186614,1
61646,1
225423,0
96761,1
221917,1
176767,0
217351,1
116187,1
72694,1
83477,1
140746,0
160075,1
63319,1
198933,1
262624,1
2987,1
11376,1
244984,1
3231,0
68984,1
155277,1
101516,1
27166,1
96523,1
253118,1
208119,1
127509,1
71116,1
235468,1
10945,0
75099,1
82936,1
59261,1
104056,1
70097,1
3930,0
1073,0
25095,1
263598,1
16502,0
1924,1
190278,1
86688,0
261859,1
206887,1
247097,1
65306,1
20480,1
172314,1
71198,1
184160,1
60431,0
114286,1
211259,0
208567,1
219393,1
225572,1
159052,1
93705,1
113672,0
180649,1
245381,1
149353,0
165794,1
73401,1
158865,1
194153,0
7095,0
216300,1
107798,1
84479,1
226579,1
168083,1
256253,0
46946,1
78947,1
97848,1
242943,1
124794,1
75845,0
156368,1
131647,1
63145,1
152446,1
186988,1
41257,1
94974,1
199715,1
61161,0
113093,1
247743,1
86334,0
32382,1
184426,1
14632,0
170795,1
121933,1
74885,1
197652,1
102856,1
127216,1
211979,0
32095,1
199683,1
173238,0
264427,1
9279,0
134432,1
201375,0
25967,1
311,1
221674,1
92975,1
250702,0
183969,0
76464,1
188842,1
245166,1
247752,0
203042,1
133667,0
128600,1
60364,0
53786,1
122136,1
219243,1
257489,1
93909,0
202364,0
76456,1
163597,1
83767,1
172149,0
266199,1
153797,1
142117,1
104759,1
211924,1
145123,1
247444,0
233322,0
217127,0
132886,1
115950,0
78208,1
217290,1
13095,1
18684,1
76291,1
258123,0
231843,1
217763,1
4328,1
146611,1
41708,1
129952,1
56628,1
23691,0
108220,1
108822,1
46815,1
127338,1
33425,1
91301,0
84664,1
8086,1
106687,0
231578,1
90515,1
26104,1
20037,0
6786,1
68287,1
186471,0
109994,1
114374,1
134301,1
178608,1
97061,1
67045,0
77936,1
97062,1
160125,1
3832,1
178457,1
241976,1
86054,1
233134,1
127228,0
94421,1
263642,1
9673,0
96675,1
204768,1
93785,1
75349,1
212335,1
44126,0
205204,1
234411,1
118129,0
52647,1
178766,1
187984,1
174173,1
155750,1
124499,0
141590,1
29339,1
37868,1
170122,1
142473,1
187128,1
173548,1
71335,1
140595,1
350,0
177434,1
85229,1
198473,1
144572,0
59327,1
95674,1
104974,1
182217,1
27674,1
142181,1
92982,1
84586,1
142755,1
99237,1
216252,1
98774,1
147794,1
113858,0
188751,1
109115,0
46264,1
75580,1
238021,1
6767,0
79720,0
181391,1
126088,0
155439,1
142144,1
78001,1
89790,1
86073,1
151939,0
3657,1
103416,1
147156,1
245362,1
47636,1
26636,1
182382,1
260817,1
143720,1
24846,0
98452,1
195637,1
25905,0
146025,0
84198,1
222826,1
133533,0
103860,1
229124,0
123001,1
108960,0
232121,1
183755,0
180574,1
167502,1
93414,1
182114,1
264528,1
246087,1
215201,0
7674,1
108347,1
58589,1
108913,1
195069,1
16462,1
222864,1
209611,1
186864,1
79454,0
13357,1
122067,1
62557,1
159527,1
70648,1
259934,1
230866,1
213108,0
222325,1
216692,1
189863,0
39863,1
256055,0
73919,0
59513,1
82900,1
30272,1
46513,1
155565,1
96680,0
215664,0
6202,1
3795,0
49644,0
165024,1
163096,1
88938,1
31414,1
57809,1
93370,1
114272,1
36885,1
218821,1
264125,1
192520,1
33323,1
234296,0
137583,1
61055,1
138957,1
34596,1
33845,1
175597,1
75739,1
143527,1
134623,1
90245,1
40701,1
202995,1
79258,1
246564,0
75889,1
61808,1
175630,1
129824,1
89161,1
38014,1
17480,0
14025,1
127255,1
189119,1
160419,1
210697,1
236377,1
163839,1
185623,1
249860,1
206882,1
206130,1
31614,1
78053,1
116930,1
97871,1
259772,1
84409,1
203574,1
190217,1
135659,1
248663,0
134758,1
205624,1
176041,0
126999,1
189479,1
41503,1
227309,1
71120,1
202929,1
155721,1
55532,1
30369,1
262579,0
69930,0
8401,1
203257,1
129362,1
119710,1
48533,1
207788,1
194312,1
175868,1
120383,0
266414,1
257476,1
184327,1
196561,0
113629,1
220131,1
31381,1
186610,1
105217,1
137220,1
10435,1
143986,1
75136,1
45454,1
125274,0
79740,1
73281,0
179868,1
211858,1
12966,1
245995,1
164206,1
1935,1
229353,1
211862,1
114254,1
223093,1
58469,0
170719,1
37631,1
107917,0
8410,1
117158,1
62156,1
261658,1
244735,1
93656,1
31947,1
178985,1
155854,1
194007,1
189874,1
182557,1
190838,1
90549,1
63054,1
11472,0
75118,1
75354,1
71567,1
46142,1
209886,1
40357,0
98171,1
3392,0
64298,0
110196,1
101073,1
252615,1
240050,0
164019,1
126782,1
182639,1
136966,1
132252,0
179379,1
234639,1
114636,1
12699,1
91284,1
32042,0
71167,1
233050,0
146360,0
57688,1
22540,1
166120,1
196179,1
53618,1
193689,1
81455,1
42536,1
212050,1
226814,0
33868,0
33368,1
218284,1
102522,1
181058,1
187983,1
75951,1
259441,1
185209,1
249707,1
250631,0
217183,1
251387,1
85805,1
80938,1
230139,0
247567,1
66953,1
202049,1
102673,1
243837,1
101197,1
204675,0
92771,1
205510,0
240576,1
19026,0
21468,1
163694,1
104566,1
165447,1
64584,1
100589,1
36054,1
73511,1
226802,1
149813,1
17662,1
82023,1
178591,1
84317,0
204901,1
77066,0
238063,1
174929,1
235204,1
139961,0
158687,1
4853,1
230869,1
145089,1
66487,1
111685,1
261487,0
189082,0
120112,1
218206,0
199561,1
148009,1
135619,1
70768,1
224090,1
60188,1
253557,1
218813,0
213743,1
177925,0
55067,1
144793,1
149383,1
126159,1
73852,1
155563,1
120641,1
168044,1
53478,1
147366,1
118793,1
174800,1
44613,1
245662,1
47881,1
25002,1
129349,0
70688,1
153002,0
126160,0
154117,1
76894,1
4001,0
126587,1
150836,0
228381,1
99555,1
128115,1
259751,1
81690,0
189543,1
263869,1
82837,0
133665,1
133942,1
186454,0
127456,1
262836,1
201480,0
18800,0
202894,0
183070,1
138001,1
18560,0
95458,1
174478,0
15487,1
202663,1
57618,1
65239,1
95622,1
108751,1
173784,0
130313,1
196292,1
62973,0
74191,0
96042,1
132678,1
176269,1
236726,1
246364,1
61979,1
209698,1
32850,1
85915,1
85534,1
192974,1
165393,1
7386,0
32364,1
243764,1
117635,1
207432,1
229725,1
10137,1
71387,1
167902,0
89213,1
168282,1
76666,0
42641,1
52106,1
167650,1
160606,1
10726,1
63974,1
249603,1
208603,1
169536,1
104438,1
86166,1
135178,1
222582,1
56929,1
42009,1
170188,1
73558,1
255167,1
32733,1
246099,1
124258,0
55833,1
219389,1
135288,1
174978,1
157704,1
124821,0
43,1
35414,1
63107,1
140688,1
114681,1
178125,1
100139,1
20195,1
127440,1
164285,1
256898,0
70485,0
245645,0
18818,1
250273,0
245093,1
58768,1
106543,1
265575,1
30291,0
106043,1
35042,0
57535,1
160336,1
87456,1
188830,1
212333,1
2811,0
50618,1
214873,0
227859,1
204204,0
26504,1
196682,1
103638,1
176667,1
83530,1
216697,1
152600,1
264299,1
174015,1
35439,1
206401,0
23727,0
161984,1
250880,0
95307,1
177807,1
255018,1
240882,1
171922,0
57395,1
220589,1
124141,1
265328,1
171319,0
219606,1
236909,1
112809,0
216034,1
165407,1
235107,1
244862,0
12797,0
85924,0
183251,1
92721,1
4914,1
108314,0
172990,1
224761,0
141141,1
177584,1
36637,1
49962,1
125871,0
181940,1
62052,1
164353,1
105878,1
114387,1
63254,0
170392,1
142111,0
108445,1
77342,1
31089,1
75413,0
83743,0
202140,0
8436,0
13548,1
140572,0
191279,1
212008,1
153584,1
133545,1
67892,0
163833,1
85994,1
70347,1
156034,1
179500,0
68952,0
258732,0
207285,0
125039,1
85352,1
147542,1
96476,0
119925,1
46287,1
185603,1
244466,1
153529,1
94726,1
205693,0
106194,1
122004,1
249067,1
674,1
182291,1
127583,1
143944,1
172892,1
151641,1
4315,1
129808,0
105825,1
75275,0
211430,0
137428,1
178772,1
176437,1
23604,1
236421,1
234578,1
54281,0
37677,0
62907,0
148843,1
53749,1
130706,1
44380,1
102218,1
82213,1
69693,1
133952,0
158414,1
218196,1
164931,1
174944,1
62441,1
153891,1
245601,1
104347,1
205171,1
137595,1
119585,1
81299,1
42781,1
109032,0
30693,1
47347,0
5330,1
262941,1
256201,0
114308,1
24143,1
76855,1
87000,1
27035,1
194745,1
123784,0
118365,1
111563,1
254935,1
28496,1
249240,1
249497,1
129351,1
184263,1
97291,1
35629,1
171260,1
234038,1
51985,1
155427,0
159952,1
213859,1
146516,1
173487,1
181497,0
178920,1
150840,1
173757,0
222199,0
108300,1
79303,1
231246,1
167126,1
30317,1
125552,1
164930,1
173475,1
237881,0
47879,0
207572,1
197571,1
264660,1
153316,1
168039,1
38639,1
75838,1
99810,1
150068,1
251295,1
213350,1
1680,0
12444,1
112169,1
92671,1
205290,0
24177,0
240592,0
216328,1
132725,1
149189,1
224174,1
208060,1
115774,1
124105,1
121377,1
130831,0
228002,1
39274,0
164201,1
2631,1
104827,1
231489,1
222882,1
47045,1
221985,1
157225,1
265498,0
173076,1
188052,1
244859,1
145439,1
60978,1
142517,0
45846,1
106866,1
132510,1
163640,1
7179,0
135122,1
128618,0
158853,1
233898,1
218171,0
75376,1
23974,0
134076,1
152107,1
77919,1
107622,0
175895,1
36035,1
206142,1
37357,1
131591,0
112630,1
7428,0
101635,0
251437,1
204458,1
154690,1
258283,0
74821,1
4972,0
188305,1
242926,1
121773,0
224608,1
207681,1
131571,1
215187,1
65277,0
37991,1
110722,1
22867,1
111260,1
80591,1
171914,1
255162,1
237296,1
24832,1
172869,1
119344,1
192184,1
123675,1
252047,1
116912,1
205334,1
154915,1
195045,0
227890,1
71339,1
31357,1
48578,1
242407,1
591,0
25444,0
207663,1
167455,1
205861,1
227450,1
108615,1
83881,0
26674,1
122113,0
26048,1
167563,1
231059,0
149844,1
104511,1
234968,1
149627,1
220636,1
36045,1
177550,1
97710,1
94856,1
217850,1
9016,0
209547,1
111534,1
50125,1
94376,0
212752,1
19796,0
40958,1
219025,1
114001,0
173469,1
264367,1
161640,1
113081,1
145640,1
200137,1
38904,1
97545,1
91480,1
258473,1
49128,1
89422,1
255253,0
102237,1
125941,0
109016,1
76316,1
222641,1
239185,1
105199,1
207532,1
87099,1
97313,1
152230,1
182635,1
114063,1
100937,0
150972,1
27860,1
56578,1
13012,0
1105,0
226114,0
251368,1
139216,1
180364,1
161631,1
70692,1
94142,1
139286,1
116276,0
195939,1
156250,1
113968,1
66109,1
172195,1
95038,0
109409,1
250065,1
259904,0
142884,1
117435,1
57423,0
263490,1
211868,1
5765,0
184869,1
174312,1
265393,0
12906,0
243478,1
16804,1
178184,0
158573,1
112878,0
87949,1
205008,1
256614,1
152463,1
169722,1
202348,1
194846,1
40497,1
99325,1
236873,1
254163,0
56796,1
183596,1
197303,1
197366,1
100806,1
240449,1
13670,1
263725,1
140046,1
99783,1
215084,1
53915,1
182139,1
184333,1
200942,1
61500,1
232008,1
77075,1
156239,1
238092,1
120990,1
80004,0
77793,0
181,1
239186,0
171546,0
254895,0
199190,1
160938,1
243036,1
220554,1
199876,1
206438,1
107726,1
240828,1
23745,0
60928,1
8717,0
216449,1
61178,1
124741,0
160979,1
138501,1
161861,0
221493,1
6806,0
181082,0
117472,1
89618,1
112367,1
85142,1
112048,1
125542,1
189690,1
153396,0
12663,1
47796,1
161302,0
251850,0
204853,1
229364,1
233151,1
17594,1
10368,0
147787,1
96080,1
149612,0
122194,1
247226,0
77923,1
78104,0
222589,1
212657,1
246918,1
144525,1
49908,1
39386,1
153659,0
106992,1
135517,1
118126,0
161527,0
46648,1
222054,1
38241,1
79230,1
218706,1
265036,1
86879,1
53782,1
133417,1
12182,1
234793,0
241853,1
84356,1
192013,1
24444,1
96357,1
170535,1
17857,1
54493,1
251580,1
13867,0
135126,1
98151,1
123650,1
87112,0
252468,1
192099,1
241860,0
160934,1
137688,1
94118,1
110527,1
74634,1
254290,0
159022,1
42581,1
10177,1
193829,1
165480,0
90844,1
90158,1
152555,0
153866,1
196355,1
263208,0
94005,0
13191,1
259530,0
119770,1
45314,0
54554,0
227407,1
16148,0
43117,1
246320,1
168544,0
130330,1
57750,1
3008,1
175943,0
219281,1
160411,1
227442,0
2755,0
109301,1
25430,1
108735,1
103784,1
85853,1
83021,1
57448,0
87584,1
21110,0
154201,1
143010,1
89268,1
53432,1
209169,1
256483,1
111307,1
26338,1
254939,1
87631,1
261817,1
75925,1
188705,0
257939,1
135898,1
227414,1
161683,1
240956,1
174269,1
66323,1
149798,0
67311,0
35762,1
198126,1
17187,1
77665,1
41671,0
162444,0
170067,1
222040,1
207423,1
168176,1
67498,0
74894,1
264700,1
131098,1
87841,1
203737,1
71385,1
130854,1
73146,1
58934,0
57436,0
146385,0
90578,0
98847,1
105769,1
112574,1
168585,1
121967,1
19803,0
240944,1
53738,1
233959,1
103368,1
212023,1
60028,1
395,1
262422,0
20442,1
259467,1
26952,1
106212,1
250692,1
18214,1
147068,1
222905,0
46024,1
205587,0
264022,0
120437,1
89755,1
179151,0
139931,1
8887,1
188794,1
109478,1
183374,1
143827,1
161594,1
252059,1
249763,1
49984,1
55320,1
118388,1
20014,0
225219,1
214083,0
135224,1
116431,1
246277,0
31193,1
233940,1
124549,0
254718,1
43747,1
187218,1
140401,1
103973,1
77799,1
136893,1
128086,1
128767,1
265378,1
195614,1
116088,1
44095,1
249015,0
81930,1
122778,0
192585,1
202239,0
180146,1
182315,1
238993,1
155197,1
109664,1
241534,0
61695,1
254029,1
171224,1
262479,1
24691,1
254364,1
170531,0
185615,1
100313,0
23835,1
84122,1
160409,1
49925,1
179615,1
185779,1
2358,1
232880,1
176085,1
72815,1
178177,1
78524,1
102240,1
81769,1
175811,1
87508,1
184604,1
132948,1
150087,1
215851,0
216174,1
147476,1
211836,0
191670,1
154495,1
15669,1
182002,1
55665,1
198966,1
96006,1
108284,0
227848,0
234104,1
179238,1
20643,1
114621,1
127890,1
157882,0
193422,1
45748,1
30271,1
197600,1
165960,1
152182,1
200461,1
139835,1
60729,1
123314,0
41744,0
36172,1
154598,1
32892,1
36399,1
179625,1
259020,1
126447,0
259713,0
1498,1
151581,1
188814,1
44483,1
248479,0
126791,0
144532,1
213117,1
118716,1
87413,1
131632,0
224859,0
178843,0
46989,1
125540,0
244969,0
250454,1
139077,1
49738,1
137656,1
115533,0
19496,1
66606,1
137642,1
143899,1
81595,1
224563,0
103250,0
112419,0
230953,1
69567,1
207943,1
217959,1
139074,1
29249,1
138434,1
161300,1
223071,1
205094,0
80959,1
104780,1
50238,1
202431,1
253231,0
44998,1
57717,1
206151,1
101173,1
184735,1
208629,1
27989,1
74937,1
78419,1
180318,1
84417,1
202271,1
104871,1
72620,1
82434,1
147372,1
38763,0
100670,1
163188,0
120941,1
240587,1
1832,0
190368,0
147658,0
225622,1
113283,1
220880,1
152523,1
212250,1
122186,1
216011,1
222112,0
105943,1
116842,0
27557,0
115348,1
90260,1
6536,1
168458,0
189518,1
54081,1
106402,1
237365,1
78530,1
60452,1
90975,0
258818,0
62875,0
126097,0
244515,1
107716,1
265619,0
236245,1
235866,0
79131,1
164522,1
150723,1
60076,1
178704,1
119812,1
191056,1
16341,1
76822,1
125741,1
50469,1
89489,1
162612,0
172884,0
232749,1
187138,1
253453,1
205666,1
67462,1
46107,1
177396,1
8648,0
6757,1
211238,1
172999,1
48538,0
123217,0
237000,1
187281,1
31745,1
7497,0
56900,1
126546,1
82757,1
3875,1
81648,1
179316,1
214830,1
1802,1
6094,1
195934,1
139033,1
138140,1
132525,1
71983,0
245735,0
11810,1
194929,1
93625,1
200613,1
228459,1
103634,1
35184,1
35549,1
215726,1
62183,1
167093,1
224042,0
59575,1
101020,1
188551,0
264946,1
257199,0
187918,1
38035,1
101989,1
250538,1
221731,1
46488,1
236221,1
24015,1
122825,1
32876,1
126650,0
171896,1
24625,1
135600,1
1959,1
173850,1
1864,1
94339,1
185830,1
56597,1
94598,0
234292,1
169223,0
80593,1
241226,0
108116,1
26925,0
49268,1
265797,1
36770,1
14950,1
91977,1
154269,1
197764,1
220606,0
173649,1
251237,1
81762,0
121230,1
201236,1
169370,0
94079,1
82173,1
209460,1
186994,0
190868,1
263883,0
21074,1
221012,1
203038,1
138644,1
62285,1
69966,1
153012,1
94414,1
122052,1
253692,0
32629,1
143494,1
220185,0
260786,1
14262,0
125674,1
97306,0
49342,0
31632,1
181556,1
56680,1
209628,1
25360,1
243972,1
240271,1
177227,0
83493,1
121697,1
165090,1
203692,1
178010,0
99433,1
62906,1
253404,0
157769,1
107300,1
99732,1
134911,1
177318,1
39566,1
2722,1
86459,1
114070,1
113115,1
164324,1
166710,1
168984,0
174700,1
189625,1
242295,1
170083,1
228467,1
112245,1
92603,1
261728,1
189120,1
207895,1
77098,0
90372,1
266081,1
216497,1
214752,1
67980,1
63545,1
135768,1
32894,0
230968,1
237595,1
69164,1
28688,1
231092,1
74740,1
37980,1
8733,1
169077,0
94362,1
47995,1
235632,1
259364,0
144244,1
259493,0
234052,1
104085,1
40861,1
245295,0
42554,1
248494,1
246896,0
35868,1
251027,1
263536,1
56931,0
87349,1
124638,1
99378,1
225438,1
155028,1
108701,1
113173,1
132504,1
238418,1
100699,1
70133,0
217764,0
48448,0
36000,1
219192,1
187953,1
41887,1
177454,0
109386,1
14258,1
25494,1
189469,1
203421,1
247435,1
157003,1
173460,1
89270,1
10323,0
65865,1
241223,1
149446,0
224491,1
118045,0
206532,1
168402,1
174426,1
46500,1
216434,1
143147,1
105222,1
3438,0
201662,0
187217,1
189377,1
22373,1
254828,1
120776,1
117761,0
13279,1
62604,1
105411,1
89901,1
241592,1
160571,1
168995,1
181043,1
180331,1
171172,1
183967,1
192361,1
214555,1
126451,1
214889,1
149342,1
48692,1
188976,1
61616,1
10913,1
13244,1
72986,1
26526,1
218836,0
256757,1
65559,1
140902,1
147079,1
49963,1
199048,0
245452,1
132157,1
166887,0
208936,1
44722,1
200290,1
114000,1
216917,1
236451,1
155404,0
22900,1
125290,1
190435,1
90309,1
123262,0
46370,1
151344,1
121337,0
33694,1
248876,0
238512,0
126528,1
156897,1
153239,1
16906,0
112686,0
33385,1
234316,0
248329,0
110310,1
197606,1
176647,1
28054,0
57536,1
109828,1
31087,1
94767,1
90201,1
263152,1
111005,1
145582,1
27537,1
192577,1
82435,1
154404,1
70349,1
28736,0
130434,1
17236,1
47449,1
194756,1
4011,0
17231,1
21741,1
157896,0
159291,1
63778,0
33117,1
185559,0
169635,1
117192,1
247322,1
112205,1
19671,0
4142,1
192078,1
208557,1
50052,1
26083,1
251613,1
23315,0
222713,1
167693,1
190319,1
3627,0
258949,1
116705,1
215498,1
61309,1
247824,1
196047,1
242610,1
104634,1
127572,1
131586,1
56886,1
164631,1
165421,1
150085,1
220934,1
110276,1
35678,0
16511,1
165254,1
49530,1
8503,0
234511,1
12529,0
21954,1
234812,1
185582,0
173901,1
182464,1
151865,1
179209,0
117432,0
253727,1
129669,0
187043,1
142629,1
190553,1
25632,1
116508,1
150452,1
183817,0
49650,1
51871,1
175912,1
113008,0
163528,1
210662,1
87480,1
266302,1
103645,1
66021,0
206350,1
266297,1
235715,1
132473,1
81990,1
99137,1
65278,0
15758,1
103555,1
29475,1
153441,1
86078,1
3644,1
86684,1
256848,1
207343,1
107500,1
129828,1
134835,1
58013,1
87465,1
35251,1
54495,1
30908,0
182518,1
80768,1
185134,1
76384,1
138793,1
227700,1
86682,1
214349,1
157117,1
196165,1
103152,1
138232,0
137340,1
141475,1
181738,1
50608,1
112286,0
120845,1
224304,1
70932,1
37056,1
80457,0
23326,1
206124,1
26581,1
101611,1
128144,0
253661,1
202719,0
15985,1
132702,1
175982,1
53245,0
228431,0
14408,1
249322,1
261814,1
266015,0
117240,1
99738,1
71149,1
47980,1
252505,1
37809,1
134000,0
3879,1
25402,1
24784,1
85697,1
8415,1
176216,1
151102,1
145678,1
163275,0
226782,1
8421,0
36800,0
3882,1
11242,1
226701,1
220297,0
19100,1
10311,1
117030,0
121313,0
41886,1
233521,0
193189,1
218860,1
209707,0
261373,0
33338,1
155947,1
131319,0
175935,0
213086,1
201551,0
96635,1
209288,1
162780,1
105948,1
118146,1
131677,0
238223,1
259246,1
40802,1
52988,1
31760,1
134166,1
196304,1
247879,1
220575,1
11478,0
212075,1
89332,0
167130,0
240634,1
200261,0
84244,1
229246,1
160805,0
235671,0
180284,0
111675,1
220150,1
83434,0
169311,1
173494,0
2152,0
57308,1
262768,0
261878,1
49295,0
121941,1
208342,1
226587,1
64538,1
176331,1
29388,1
148839,1
36719,1
15885,0
205673,1
67937,1
119881,1
34168,1
146547,1
96415,1
224877,0
30613,1
128985,0
104378,0
6726,1
77054,1
140229,1
39817,0
145175,1
80542,0
50630,1
173370,1
224004,1
168808,1
54205,1
30300,1
141767,1
176558,1
112764,1
70743,1
5155,0
138312,1
62833,1
32435,1
217055,1
218607,1
51962,1
197327,1
8310,1
84855,1
213703,0
238817,1
157181,1
234721,1
148235,0
91375,1
250430,1
32917,1
116029,1
161507,1
159700,1
75654,1
183419,1
25822,1
85451,1
66520,1
253639,1
150234,1
196524,1
90435,1
142015,1
93967,1
114908,1
140257,1
139473,0
108944,1
26389,1
100212,1
38557,1
105375,1
60328,1
25350,1
5967,0
1267,1
242975,1
91243,1
237411,1
167803,0
241677,0
235177,1
224438,1
95158,1
5130,0
56551,1
226059,1
198557,1
28489,1
108105,1
72664,1
208966,0
202701,1
99565,1
182528,0
113178,1
261844,0
204811,0
217980,1
162945,1
212014,1
204884,0
94867,1
134983,0
43313,0
152372,1
128514,1
24315,0
151573,1
238036,0
11044,1
49127,1
177033,1
12313,1
231390,1
158038,0
198749,1
45598,0
86990,0
25887,0
234848,1
230044,1
76266,0
2449,0
120470,1
184299,1
249767,1
98615,1
73026,1
110092,1
12769,0
172743,1
25352,1
145437,0
84517,1
224365,1
261188,0
71331,0
127053,1
187888,1
173315,1
9044,1
231292,0
44727,1
88211,1
19661,1
237840,1
88071,1
46777,1
50076,1
261613,1
219887,1
232179,1
36746,1
230748,0
21754,1
98173,1
204809,0
252828,1
172462,0
175088,0
168708,1
116069,1
141026,1
136802,1
61397,0
136729,1
85869,1
923,1
179806,1
76860,1
246247,1
197701,1
79182,0
67086,1
1701,0
135420,0
135845,1
94164,1
123671,1
226078,0
148750,0
152690,1
61396,1
120684,1
77366,0
231904,1
226181,0
111765,1
81729,1
223202,1
51999,1
60434,1
254499,0
11933,1
38963,1
71018,1
222218,1
183518,1
38683,1
87641,1
82447,1
178444,1
167047,1
204819,1
140318,1
13746,1
222590,1
68874,1
245789,1
3605,0
196905,0
42296,1
207216,1
146680,1
52305,1
131082,1
79132,0
142340,1
8683,1
151811,1
32243,1
129966,1
177432,1
94649,0
10902,1
46904,0
177577,0
50479,1
135140,1
4037,0
7543,1
136031,1
248144,0
141172,1
166987,0
51654,1
192771,1
201149,1
19047,1
47433,1
163517,1
12924,1
264791,1
135529,1
13972,0
139568,1
211598,1
127852,1
196965,0
18370,1
181014,1
199938,1
197872,1
125546,1
203844,1
222013,1
266019,1
248860,1
223289,0
229895,1
151643,1
65902,1
122706,1
58274,1
199875,1
37955,1
20850,1
262283,0
95379,1
126540,1
93202,1
196106,0
208583,0
214161,1
224223,1
104709,1
160212,1
248308,1
257953,1
236646,1
146855,0
9230,1
195877,1
61883,1
108049,1
105273,1
153974,1
68294,1
198083,1
212933,1
118224,1
66776,1
116443,1
144152,1
205355,0
90987,1
145241,1
104155,1
193041,1
81599,0
29006,1
233944,0
30232,1
91605,1
250624,1
87063,1
225793,1
67366,0
225915,1
225539,1
123824,0
121011,1
60661,1
4641,0
107533,1
85959,1
264081,1
179324,0
131303,1
163059,1
179676,1
30275,1
173526,1
248100,1
81858,1
236904,0
49614,1
201758,1
82606,1
228019,1
103872,1
169869,1
257881,0
145615,1
246195,1
175939,1
154080,1
48660,0
157363,1
214538,1
163790,1
230819,1
98083,1
210657,1
168864,1
11152,1
179213,1
222568,1
159039,0
98718,1
158460,1
119741,1
166001,0
194852,1
244629,1
264726,1
259403,0
142503,1
182999,0
155208,1
46062,1
137081,1
46899,1
212034,1
35538,1
33900,1
143218,0
197991,1
63918,1
79164,1
85010,0
92351,1
52704,1
206077,1
192979,1
241961,1
227047,0
209759,1
204883,1
17029,1
68486,1
50009,1
138003,0
91442,0
216126,1
242276,1
93280,1
70777,1
111380,1
131208,0
29833,0
2874,1
218415,1
90211,1
234614,1
126353,1
81325,1
102969,1
140349,1
35818,1
88646,0
240454,1
191187,1
41399,1
199919,1
259649,0
120906,1
178637,0
255508,0
168881,0
159094,0
134262,1
31235,1
217053,1
141574,1
119688,0
225828,1
117319,1
216777,0
261321,1
210162,1
193513,1
63425,1
51519,1
146449,0
119233,1
31397,1
190781,1
227022,1
222746,1
1487,1
27054,1
123664,1
186446,1
110516,0
225097,1
179473,0
2571,0
250165,1
97382,1
117479,1
252734,1
27728,1
172675,1
91508,1
113380,1
213311,1
51330,1
215900,0
237284,0
60786,1
27726,1
84116,1
266490,1
250737,0
124078,1
210400,1
27222,1
4908,0
57769,1
194294,1
201931,1
79902,1
35417,1
266494,0
86817,1
121691,1
31004,0
154172,1
18276,1
96531,1
100745,1
152318,1
145937,1
30904,1
203334,0
256882,1
215089,1
231320,1
51687,1
257236,0
211250,0
192312,1
51856,1
11851,1
171065,1
217313,1
239265,0
226949,1
191136,1
249552,0
60951,1
202618,1
46647,0
213402,0
22640,1
7723,1
78451,1
148707,0
161493,1
68348,1
47474,0
232054,1
246591,1
194864,1
207260,1
122137,1
10347,1
17938,1
163905,1
158525,1
247548,1
136972,0
223472,1
252369,1
74856,1
120603,1
62282,1
152464,0
242938,0
254485,1
113798,1
216727,1
244923,1
264106,1
93451,1
192517,1
68164,1
201671,1
58227,1
206065,1
54943,1
245636,0
29786,1
183945,0
71759,1
45783,0
63246,1
71718,1
157265,1
139049,1
108304,1
66854,1
157953,1
5364,0
50300,0
113557,1
265008,1
47941,1
29261,1
260900,1
193188,1
32532,1
76843,0
205907,1
131150,1
90816,0
256276,0
120686,1
116616,1
74278,1
214820,1
16099,0
220551,1
263289,0
51531,0
133548,0
1054,1
29614,1
131548,1
81586,1
188789,1
131608,1
64789,0
254028,1
86397,1
230458,1
46756,1
124402,1
201712,1
189242,1
193988,1
138752,0
221351,1
108795,1
26611,1
183018,1
253045,0
266253,1
222515,1
96111,0
137088,1
146891,1
77428,1
29521,1
228399,1
59599,0
132820,1
102715,1
232864,0
172787,1
133823,1
231709,0
254278,1
175003,0
63267,1
242525,1
13617,1
237680,1
91540,0
117482,0
74789,1
180736,0
130453,1
209136,1
158311,1
116330,1
97373,1
5139,0
154479,1
166991,1
70286,1
157368,1
134648,1
172163,1
88428,1
132788,1
250473,1
188235,0
15867,0
122958,1
1214,0
118012,1
190207,1
141194,0
131832,1
233551,0
6117,0
6365,0
99996,1
2218,1
88212,1
112932,0
90564,1
140947,1
204301,1
69780,1
61740,1
220741,1
157952,1
164679,1
133649,0
190819,1
74318,1
194134,1
252892,0
43617,0
52727,1
107466,1
127288,1
199817,1
148857,1
79237,0
212693,0
70647,1
164975,1
50308,1
52923,1
203979,1
212510,1
169684,0
101639,1
104947,1
222458,1
117172,1
223353,1
99740,1
182624,1
209446,0
171389,1
265777,1
266327,1
126502,1
84682,1
152216,1
120498,1
122064,1
33468,1
71501,1
8376,0
208003,1
221784,1
258404,1
96393,1
55629,0
71578,1
234763,1
121854,1
258064,1
119724,1
223747,0
247886,1
38488,1
59282,1
242397,0
61348,1
137006,1
127179,1
90629,1
175827,1
80587,1
79683,1
245723,1
110551,1
100190,0
123011,1
98885,1
117478,1
48107,1
132953,1
144365,1
140348,1
185701,1
87717,1
99852,1
89745,1
54795,0
252229,1
180992,1
146621,1
115023,1
199639,1
90494,1
244160,0
140251,1
163997,1
48458,1
169114,1
180818,1
254308,1
42949,1
68025,1
3786,0
36198,1
198786,1
176963,1
169009,0
33146,1
195510,0
129374,1
23383,1
109642,1
53163,1
181640,1
357,1
203084,1
66651,1
236129,0
3187,0
1263,0
78037,1
62876,1
108649,1
110567,1
112544,1
226382,0
235298,1
148528,0
151298,1
185886,1
12879,1
171637,0
39345,1
206883,1
9786,1
214261,1
212197,1
40219,1
226321,1
227240,1
219313,1
161392,0
69652,1
33962,1
83749,1
197938,1
55448,0
236579,0
237553,1
122360,1
124293,1
21776,0
32848,0
41373,1
173939,1
46546,1
157529,1
233273,0
113537,1
185953,1
97386,1
37451,1
136970,0
130211,1
130285,1
55219,1
114765,1
203166,1
170462,0
32167,1
262911,1
243529,1
171709,1
25318,1
131401,1
185451,1
233643,1
222774,1
146541,0
149737,1
232128,1
251932,0
252626,1
137394,0
74150,1
253284,1
16019,1
147496,1
204854,1
208800,1
234502,1
80367,1
83440,1
59381,1
227761,1
50117,1
217297,1
178838,1
15422,0
217390,1
27630,1
206884,1
69556,1
6140,0
25681,1
110689,1
126674,1
84034,1
266411,1
49835,0
221008,0
186491,1
122074,1
177522,1
53604,1
80825,1
68018,1
41613,1
130645,0
198438,1
10280,0
31557,1
166435,1
190117,1
104325,1
229178,1
54045,1
7664,1
226418,1
88165,0
153723,0
166653,1
178227,1
76078,1
98237,1
30968,1
124181,1
181176,1
189118,1
131461,0
264924,0
83271,1
243669,1
153608,1
151188,1
98022,1
122391,0
175422,1
73516,1
162068,0
9018,1
49583,1
221202,1
190345,1
94228,1
202447,1
202741,0
9896,1
241343,1
80256,1
144937,1
195630,0
230620,1
119116,1
143966,0
105167,1
59811,1
210861,0
135092,0
178631,1
225077,0
82533,1
222690,1
23586,1
236772,1
158638,1
128480,1
34222,1
122966,1
254124,1
193933,0
130842,1
96518,1
147783,0
160555,1
23632,1
51688,0
238634,1
76117,1
53306,0
27987,1
244484,1
88494,0
198016,1
76410,1
206308,1
187193,1
18347,1
265295,1
237268,0
86939,0
153682,1
228252,1
25654,0
14875,1
235410,1
68272,1
124589,1
144038,1
207673,1
22929,1
72057,1
139592,1
103362,1
260378,1
221564,1
244000,1
144912,1
259898,0
180210,1
136745,1
45475,1
255667,1
228293,0
236349,1
116593,1
60128,1
199,0
252210,1
130675,1
129689,0
159054,1
254702,1
240415,1
193028,1
154143,1
249624,0
147734,1
132351,0
40494,1
161784,0
57544,0
31050,1
193841,1
75510,1
59670,1
25675,1
83882,0
142701,0
116295,1
264459,0
86746,1
179643,0
97878,1
177363,1
121243,1
114537,1
90609,1
30216,0
241518,1
112353,1
123893,1
21155,1
98080,1
171943,0
237519,1
152907,0
33890,1
174868,1
13713,1
64580,1
179481,0
236457,0
130026,1
101363,1
136170,1
166326,1
61680,1
264133,0
99347,1
151670,1
196641,1
108773,1
100222,1
227467,1
66703,1
34603,1
102744,0
120039,0
10742,1
77507,1
236600,1
203453,1
164725,1
211456,1
31015,1
44915,1
255867,1
140662,0
12336,1
236862,1
72949,0
237249,1
98564,1
131521,1
139760,1
31052,0
66213,1
74936,1
147588,0
44558,1
12186,1
153077,1
37145,0
33944,1
58474,1
61800,0
135078,1
120644,0
53928,1
217063,1
56032,1
98802,1
255336,0
256191,1
1282,1
124126,1
152374,1
127181,1
81655,1
155273,1
40821,1
151065,1
141730,1
98020,1
112534,1
123124,1
140361,1
197062,1
68128,1
256790,1
113733,1
160289,1
3125,1
1537,1
131400,0
131671,1
85765,1
182896,1
233289,1
145936,1
70739,1
62889,0
242590,1
177440,0
38142,1
257214,1
244147,0
34386,1
13823,1
157455,0
43611,0
113622,1
3025,1
104513,0
2324,1
100453,1
13740,1
7322,1
97369,1
230181,1
28482,1
126079,1
150294,1
38478,1
57097,1
131682,1
50398,1
156284,1
187080,1
178851,1
28265,1
111291,1
231426,1
262907,1
231568,1
191474,1
24644,1
64698,0
160541,0
191515,1
22570,1
242408,0
26451,1
69727,1
6979,1
158182,1
83960,1
46111,1
250465,1
203298,0
76963,1
194536,1
45297,1
173261,0
218951,1
145994,1
160188,1
197677,0
123442,0
61225,1
101159,0
120880,1
116292,1
236356,1
197813,1
92485,1
89358,1
225031,0
104162,1
39826,1
917,0
40242,1
123363,1
233830,1
241542,1
245894,0
101058,1
123137,1
40548,1
256624,1
203762,1
187395,0
71059,1
261364,0
265287,0
53941,1
47948,1
233177,1
74250,1
253654,1
143226,0
27241,1
179437,1
210449,0
220820,1
36288,0
120809,1
159854,1
246534,1
64956,1
197719,1
70180,1
219873,1
241690,0
235190,1
55179,1
45785,0
201792,1
132846,1
207865,0
176250,1
179148,1
149832,1
53445,0
35430,1
154896,0
174505,1
146601,1
60726,1
65892,1
230479,1
180014,1
102107,1
255384,1
131530,0
12053,0
109308,1
48305,1
37538,1
180297,1
199333,1
233803,1
152934,1
103112,1
217375,1
106841,1
162550,1
238455,0
104470,1
3057,1
18341,1
214656,1
22775,1
73994,1
155307,1
182485,1
64916,1
198928,1
150053,1
131061,0
108794,1
157008,1
254770,1
193836,1
7782,0
57914,1
255708,0
77668,0
256392,1
107938,1
30785,0
82226,1
194361,1
227728,0
223451,1
59156,1
185753,0
43754,1
58435,1
230211,1
68242,1
187368,1
50450,1
27669,1
139182,1
182271,1
155141,1
180565,1
137883,1
200013,0
43406,1
70763,1
41011,1
193057,1
123520,1
203784,1
246865,1
230587,1
42313,1
90137,0
158895,1
178009,1
230060,1
129326,1
31136,1
110067,1
60952,1
114747,1
170793,1
160740,1
237555,1
186331,1
164317,1
67391,1
260270,0
145852,1
188511,1
95878,1
67056,1
17021,1
235052,1
236348,1
36038,1
33183,1
11223,0
191461,0
5061,0
97477,1
265934,0
193955,1
161132,1
12010,0
16553,1
200408,1
136107,1
6891,0
246689,1
36268,1
24898,1
93133,1
15479,1
259532,1
25259,1
121400,1
23852,1
192788,1
1681,0
224403,1
238039,1
195778,0
245764,1
310,1
251729,1
245496,1
179697,0
19718,0
128554,0
93082,1
106021,1
51851,1
20773,1
96033,1
245592,1
141882,1
41472,0
30984,1
210325,0
59290,1
49056,1
64284,1
122833,0
87985,1
159834,1
242198,1
249728,1
237978,0
205397,1
261565,1
125383,1
154073,1
126781,1
13770,1
186452,1
236335,1
40127,1
237861,0
227758,1
56868,0
193705,1
96159,1
205599,0
47690,1
265669,1
210988,1
129200,0
222505,1
104915,1
126808,1
101475,1
123107,0
185480,1
198621,1
31099,1
33172,1
198214,1
167295,1
54572,0
197077,1
178272,1
225290,0
9735,1
173244,1
160259,0
55701,0
17882,0
179314,1
189234,1
243975,1
234070,1
84642,0
45432,1
119808,0
24963,1
199674,1
245993,1
76726,0
197228,1
219542,1
180232,0
33783,1
107506,1
18352,1
122294,1
20326,0
210992,0
41442,0
52326,1
250434,0
36235,1
145886,1
224809,1
263820,1
118318,1
146384,1
132566,1
93532,1
83870,1
572,0
12488,1
174706,1
174687,1
186234,1
167585,1
175459,1
91140,0
95934,1
220836,0
235396,1
168305,1
100309,1
30757,1
60484,1
239889,1
209282,1
229900,0
244852,1
126474,1
53546,1
249499,1
133715,0
15021,1
47444,1
255812,1
118844,1
265347,0
250883,1
162600,1
198982,1
220423,1
18127,1
146332,1
173654,1
45649,1
84393,1
106744,1
256606,1
154666,1
200106,1
25007,0
147709,1
207328,1
209873,1
140385,1
119608,0
14329,1
137206,1
152554,0
135491,0
55398,1
261277,0
30095,1
200542,1
260172,1
43588,1
120952,1
92183,1
57852,1
190107,0
15388,0
121000,1
119331,1
256117,0
2169,1
34014,1
209187,1
225117,1
231716,0
97880,1
184774,1
101082,1
1782,1
115086,0
17337,1
65187,1
214810,0
109432,1
214923,0
131624,0
153342,1
67775,0
32136,1
164281,1
195490,1
233417,0
123700,1
187023,1
19415,1
233902,1
27759,0
196460,1
3015,0
166666,1
138954,1
208742,1
139355,1
230589,0
50875,1
188567,1
205563,1
65808,1
233329,0
179030,1
214603,1
238012,1
231468,1
215603,1
251623,1
135992,1
102821,1
19554,1
108812,0
155051,0
85705,1
250160,1
55451,1
51368,1
134026,1
40804,1
165259,1
225243,1
82254,0
25581,1
115157,1
55027,1
62207,1
160375,1
246490,0
213121,1
241285,0
90734,1
176981,1
87236,1
128497,1
224803,1
62315,1
64097,0
186886,0
88180,1
41500,0
157649,1
56396,1
58133,1
52345,0
15812,0
254192,1
77301,1
169788,0
38787,0
82020,1
135758,0
167887,1
229868,1
125812,1
51502,1
98197,1
259946,1
56623,0
213107,1
224249,1
231440,1
49808,0
232448,1
99514,1
176207,1
36317,1
245306,1
107024,0
247776,0
59080,1
63915,1
181089,1
26786,0
199195,1
59414,1
251974,1
21337,1
230321,1
3967,1
39402,0
6270,0
68959,1
177783,1
245502,1
34983,1
262833,1
53552,1
149205,1
14078,1
5885,1
181278,1
4273,0
25629,0
234587,1
119659,1
11522,0
108750,0
4437,0
161278,1
245745,1
139991,1
59727,1
95327,0
174727,1
187441,0
265174,1
225272,1
205075,0
201717,0
47935,1
170666,1
58508,1
170563,1
114257,1
11718,1
259661,1
260885,1
176713,1
123990,0
238916,1
199897,1
119303,1
176133,1
246090,0
263652,0
92242,0
223475,1
137330,1
31705,1
154713,0
84833,1
68238,1
39253,1
139612,1
219621,1
259632,0
56002,1
61966,1
73629,1
17255,1
33347,1
261370,1
141324,0
165174,0
196674,0
21423,1
63056,1
224807,1
125945,1
135022,1
53416,1
227020,1
55466,1
56780,0
243049,1
43492,0
230685,1
230287,1
68072,1
152685,1
169155,0
39463,1
213636,0
101887,0
35830,1
207759,1
61789,1
53670,1
185629,1
20000,1
57038,1
24538,1
16853,1
6538,0
205111,0
131440,1
254534,1
47395,1
106524,1
183820,1
21064,0
35153,1
47500,1
181842,1
76626,1
128095,0
186522,1
12745,1
151905,1
1526,1
182899,1
138965,1
182300,1
231683,0
200208,1
21438,0
56370,0
140698,1
99758,1
71028,1
12378,1
33825,1
59654,1
51060,1
607,0
175149,0
138213,0
7600,1
249250,1
153743,1
240333,0
197094,0
73217,1
262923,1
179787,1
228705,0
38584,1
8714,0
201921,1
122649,1
264701,1
124020,0
156403,1
150077,1
65173,1
49282,1
122522,1
180939,1
119096,0
159428,1
101788,1
243543,1
255208,1
254050,1
1115,0
237900,0
148120,1
85931,1
156728,1
237677,1
254584,0
147293,1
203148,1
219928,1
161751,1
240941,1
222259,1
265923,0
242284,1
77788,0
42942,1
108529,1
167240,1
124978,1
127406,1
49480,1
248314,1
99924,1
214415,1
14543,1
171191,1
118112,1
247555,1
136788,0
151524,0
35475,1
208699,0
36682,1
104757,1
246420,0
41005,1
63872,1
68404,0
115368,1
168684,1
208801,1
117652,1
260538,1
230245,0
98053,1
34315,1
43198,1
195388,1
126090,1
20934,1
264014,1
49176,0
3308,1
159750,1
221328,0
229570,1
31453,1
233770,1
162155,1
264934,0
15197,1
71661,1
190219,1
76359,1
55446,1
35275,1
39336,1
43992,1
207141,1
172610,1
118386,1
183868,1
208154,1
228653,1
17009,1
55996,1
265399,1
1521,1
227522,1
67398,0
131661,1
162631,1
181401,1
166637,1
131357,1
116804,1
227628,0
89986,1
10371,1
263339,0
76023,0
169177,1
79675,1
163902,1
195474,1
151483,0
140574,1
40990,1
36964,1
170198,0
165382,1
144444,1
103981,1
30501,1
149375,1
160756,1
225482,1
165402,1
62127,1
201892,1
102262,0
112802,0
70245,0
30878,0
262970,1
10723,1
258912,1
33202,1
174255,1
252595,1
139241,1
186969,1
30631,1
206573,1
218275,0
187559,1
227007,0
164222,1
80914,1
126943,1
34965,1
144627,1
178817,1
133357,1
8082,1
123908,0
19011,1
135586,1
22670,1
31427,1
248130,0
84465,1
211959,1
105855,1
249274,1
91650,1
74813,1
242761,1
167618,1
90223,1
33622,1
36260,0
45536,1
262790,1
86135,1
102201,1
229558,1
254057,1
127186,1
124933,1
262305,1
178901,0
121868,1
33522,1
53485,1
229677,1
98380,1
55029,1
8577,1
188205,1
145174,1
13693,1
34313,1
85816,1
159235,1
67544,1
100904,1
88686,1
201405,1
91740,1
38186,1
14387,0
5993,1
246573,1
66775,1
151665,1
45266,1
10443,1
247409,1
80101,1
190073,1
164116,1
214942,1
200731,0
66841,1
246350,1
156212,1
134908,1
159232,1
90658,1
137326,1
71958,1
205266,1
69772,1
162645,1
62206,1
134632,1
218318,1
248438,1
42624,1
184688,1
9611,1
145554,1
41126,1
212251,0
250322,0
237693,1
183315,1
112522,1
30043,1
48391,1
79601,1
130347,0
171923,0
183692,1
144927,1
23195,1
97045,1
261229,1
227071,1
243185,1
215048,1
140753,1
128953,0
190008,0
203511,1
168004,1
134056,1
17920,1
247426,1
22902,1
8307,1
75953,0
229430,1
231232,1
177839,1
27543,1
8047,0
155682,1
41039,1
134829,1
210963,1
245153,1
158211,1
92710,1
241165,1
100647,1
166705,1
102734,0
149356,0
156396,0
119326,0
59737,0
46350,0
136665,1
119463,1
247215,1
220835,1
219867,1
236531,1
257485,1
166586,1
213220,1
112895,0
106527,1
155848,1
190639,1
103427,1
133255,1
257435,1
26528,1
166264,1
217773,1
252400,1
131756,1
88870,1
29358,1
186465,0
207371,1
6496,0
30345,1
60965,0
198740,0
174825,1
80557,1
106472,1
170744,1
266160,0
104787,1
239621,0
6013,1
186304,1
32173,1
39398,1
250215,1
60644,1
214846,0
116542,1
226851,1
27683,1
164069,1
245684,0
115782,1
141024,1
236167,1
128006,1
232232,0
39487,1
196019,1
229263,1
214582,1
10950,1
130194,1
136245,1
199918,1
240094,1
9525,0
249064,1
178043,1
71899,1
231548,1
84302,0
9319,1
83598,1
202852,1
100216,1
205873,1
91603,0
128350,1
262636,0
172680,0
223612,0
60015,1
51745,1
77733,1
213557,1
11417,0
158720,1
104965,0
2067,0
92968,1
91173,0
148022,1
187549,1
159310,1
6055,0
64980,1
190129,1
126504,0
110337,1
10215,1
266602,0
196386,1
263943,0
179766,1
248752,1
230468,1
151841,0
48633,1
38836,0
11243,1
78994,1
37661,1
125874,1
100612,0
188720,1
168392,1
5449,1
80517,1
198205,1
153374,1
99424,0
256920,0
157864,1
27673,1
55819,1
164303,1
201842,1
36364,1
187009,1
226570,1
195402,1
14081,0
255944,1
149920,1
164968,1
28892,1
151376,0
20050,1
218063,1
171484,1
249011,0
108333,1
71056,1
24446,1
39407,1
66821,1
58337,0
133433,0
175663,1
177667,1
56415,1
75788,0
85426,1
211948,1
253773,1
190006,1
164461,1
255654,1
56977,0
202589,1
34437,0
42175,1
60185,1
97904,1
227724,1
250152,1
206140,1
21387,0
73592,1
206865,0
24903,1
245432,0
127850,1
35267,1
251072,0
245968,1
218602,1
172774,1
75898,1
261919,1
194315,0
227542,1
43766,1
242319,1
162505,1
51319,1
235869,0
142598,1
72735,1
219545,0
181267,1
122107,0
84326,1
2028,0
106056,1
121088,0
43479,1
253259,1
258374,1
68312,1
147464,0
112513,1
168129,1
144640,1
256663,0
19649,1
131983,1
88158,1
249777,0
64393,1
222504,1
141538,1
209865,0
126162,1
245364,1
208634,1
256618,0
199579,1
134698,1
77271,1
215230,1
123237,1
173749,1
247820,0
243825,1
3157,1
225078,1
13106,0
183385,1
150908,1
50401,1
95902,1
154871,1
189399,1
181117,0
97811,1
103905,1
127717,1
81016,1
110718,1
147020,1
215422,0
138285,1
150464,1
68459,1
184998,1
49407,1
124817,1
131326,1
48577,1
32672,1
156274,1
48699,1
4181,0
226943,1
113239,1
41770,0
50833,1
67332,1
224594,0
182474,1
63823,1
31203,1
216446,1
58351,1
87121,1
264425,1
29715,1
45751,1
167090,1
59104,1
239972,1
92516,0
176974,1
214268,1
224638,1
230593,1
240350,1
162946,1
73294,1
178087,1
115666,1
102013,1
152079,1
11786,1
94956,1
237140,1
43229,1
162605,1
169694,1
1638,0
234164,1
154200,1
210336,1
172489,0
122092,1
127961,1
185552,1
160370,1
98814,1
229714,0
192275,1
117123,1
93958,1
197815,1
235859,1
92697,1
38395,1
21554,1
16496,0
183872,1
64225,1
147130,1
150021,1
177399,1
71348,0
36590,0
232211,1
18790,1
246869,0
6590,1
91626,1
128308,1
200384,1
37884,1
22317,1
84904,1
55932,0
70845,1
12851,1
242081,1
17999,1
5576,1
33508,1
109338,1
215013,1
203835,1
165903,1
222802,0
208744,1
169607,1
49280,1
193845,1
128331,1
79375,1
113167,1
148958,1
37348,1
226818,0
91680,1
244414,1
73343,1
182013,0
190001,1
246432,1
44959,1
247941,1
108298,1
88664,1
21406,0
135982,1
56763,1
120394,1
153353,1
61344,1
29437,1
140429,1
44654,1
178541,1
108727,0
112237,1
196681,0
167116,1
23694,1
138495,1
106352,1
249286,0
205185,0
94752,1
58283,1
44338,1
53834,1
89386,1
118685,1
41285,1
34203,1
184358,0
137860,1
216799,1
146480,1
45902,1
195805,1
152687,1
132130,1
31963,1
206165,0
73134,1
142139,1
70966,0
39164,1
228757,1
68089,1
190240,1
36899,1
148412,1
257367,1
233698,1
195082,1
37971,1
230681,1
186423,0
179190,0
57858,1
21805,1
115463,1
74412,1
15919,0
147950,1
38918,0
106881,1
153642,0
131284,1
184589,1
156242,1
220579,1
7886,0
26782,1
117115,1
242401,1
202721,1
170536,0
131759,1
182534,1
239979,1
234684,0
183938,1
137339,1
69571,1
231385,1
239224,0
263120,1
220204,1
135876,1
94983,1
242073,1
125444,1
104998,1
246528,0
64043,1
124343,0
120350,1
192374,1
192367,1
85870,1
90588,1
71479,1
164516,1
216859,1
194207,0
114978,1
1053,0
47246,1
249908,0
245832,1
252470,0
239053,1
78854,1
82422,1
21879,1
159161,1
407,1
37490,1
236758,1
1952,0
75205,1
43782,1
263351,1
251699,0
127414,1
76218,1
230702,1
219886,0
249635,1
41700,1
89910,1
63879,1
37816,0
138265,1
157596,0
131744,1
115544,1
201750,1
88978,1
135760,1
195205,0
221549,1
154038,1
185527,0
193969,0
89334,1
85545,1
58182,1
214818,1
242416,1
82316,1
138962,1
95743,1
8398,1
42122,1
196540,1
154877,1
96113,1
38029,1
107763,1
65994,1
128959,1
144475,1
20355,0
208174,1
178640,1
163873,1
102051,1
100356,0
179555,1
142813,1
108138,1
19233,0
16001,1
194512,1
11532,1
41942,1
31952,1
81867,1
66804,1
16066,1
59164,1
158862,1
10272,1
150175,1
62461,1
88810,1
158762,1
33780,1
206876,1
16806,1
23696,1
76260,1
206613,1
126331,1
117349,1
211705,1
240122,1
100941,1
44037,1
153795,1
179102,1
157790,1
204317,1
119347,1
151259,1
61203,1
170393,1
144022,1
174615,1
222686,1
111524,1
151101,1
179251,1
72515,1
153133,1
30590,1
186586,1
217955,1
78544,1
22341,0
148700,1
38865,1
227393,0
1598,0
109917,1
109864,0
32388,0
252652,0
56294,1
38449,1
248963,0
42351,0
88333,1
48223,1
23007,1
76397,1
201087,1
202544,0
228352,1
109995,1
18563,1
168056,1
100131,0
110216,1
9852,0
84689,1
123306,1
49209,1
181420,1
44811,1
249263,1
146668,1
234094,1
188437,1
182613,1
150767,1
161143,1
126239,1
132861,0
52353,1
120205,1
51881,1
38081,1
231344,1
138705,1
92251,1
202178,1
60138,0
19275,1
193975,1
111876,0
57074,0
53795,1
78915,1
74688,0
36843,1
65981,1
43443,1
233877,1
61834,1
220884,1
234009,1
249088,1
75460,1
125936,1
124395,1
231852,1
216306,1
203556,1
122333,0
27219,1
85301,1
3714,0
6603,1
191750,1
245462,1
48920,1
230473,0
206544,0
103924,1
233459,1
67650,1
245664,1
73240,1
255676,1
87590,1
55826,1
201260,1
116430,1
63131,1
17426,1
32528,1
101238,1
207029,0
99637,1
66225,0
24899,1
99961,1
25370,0
202332,1
223783,1
168866,0
257169,1
148636,0
47926,0
11542,1
105298,1
155010,1
97988,1
44098,0
25446,0
60966,1
242117,1
13817,1
180794,1
226467,1
123052,1
85204,1
145787,1
32339,1
14786,1
227334,1
11682,0
232143,1
124396,1
88202,1
30235,1
97921,1
135320,1
49759,1
152336,1
5979,0
138499,1
163571,1
48248,1
182986,1
177026,1
229466,1
42969,1
50028,1
169595,1
122728,1
178874,1
160076,0
53005,1
115705,0
191449,1
135864,1
100542,1
137523,1
52023,0
232078,0
207723,1
66849,1
232505,1
134690,1
107946,1
109863,1
72604,1
256973,1
168583,1
118962,1
102151,0
227080,1
163838,1
195419,0
39903,0
187846,1
169603,1
49368,1
104136,0
211505,1
261653,1
133444,1
47038,1
194541,1
25770,1
39527,1
31201,1
124042,1
263995,0
207409,0
625,0
213256,1
16168,1
48029,1
237997,1
225704,0
203994,1
62930,1
55256,1
72034,1
57744,1
123725,1
40312,1
56798,1
214269,1
83431,1
68193,1
186402,1
218648,1
177079,0
229898,1
108323,1
182391,1
208188,0
151474,1
127025,1
180636,1
154557,1
91529,1
251995,0
108289,1
189700,0
145414,0
189111,0
257329,1
40248,1
256925,1
37157,1
246727,1
93126,1
155893,0
177876,1
78231,1
48505,1
146183,1
229241,1
219528,1
152315,0
254342,1
5487,1
25048,1
723,0
162109,1
17678,1
68544,0
210986,1
154959,1
244296,1
71569,0
176086,1
35771,1
240154,1
100260,1
79798,1
144753,1
17693,0
181615,1
140606,1
54351,1
83819,1
212490,1
193425,1
57363,0
100480,1
12689,1
189774,1
225924,1
175679,0
122341,1
265504,1
90533,1
72827,1
28931,0
104434,1
248633,1
145529,0
1391,0
63055,1
210172,1
230817,1
253292,1
193496,0
198063,1
263310,0
168917,1
104114,1
158410,1
137225,0
116909,1
127298,1
62485,1
206941,1
91225,1
146889,0
36166,1
171716,0
204524,1
252243,0
242294,1
127527,1
244663,1
249183,0
205749,1
112342,1
91734,0
38126,1
38776,0
88368,1
216282,0
220109,1
185235,1
215342,1
189772,1
137815,1
25207,1
93520,1
252616,1
159455,1
156730,1
185495,0
11597,0
217133,1
92612,0
127377,0
155753,1
227418,1
214731,1
80783,1
202309,1
243120,1
137405,0
257021,1
87142,0
259453,1
195370,1
10691,1
126770,1
100035,1
621,1
165290,1
263460,0
70571,1
72075,1
114220,1
174623,1
190527,1
97349,1
170213,0
121071,1
243323,1
217091,1
14253,1
10136,1
95652,1
10770,0
154332,1
249092,0
76850,1
227603,1
46705,1
11511,1
212947,0
190513,1
45180,1
264847,0
21893,0
8325,1
48072,1
181213,1
37218,0
66877,1
27106,1
239519,1
27992,1
86413,1
218606,0
38240,1
218948,1
254873,1
151231,1
153039,1
241509,0
193252,1
53944,1
92797,1
49897,1
175464,1
233715,1
199762,1
247278,1
177119,1
77295,1
180192,1
26465,1
65292,1
169767,1
155818,1
166066,1
43371,1
12935,1
88807,0
238488,1
29548,1
247887,1
2783,1
148242,1
144166,0
221967,1
77356,1
62750,1
135539,1
33031,1
75764,1
265787,1
22381,1
48890,1
55547,1
115664,1
235652,1
100377,1
23028,1
249360,1
29919,0
131825,1
69144,1
46212,1
235519,1
209174,1
258622,0
135591,1
195887,1
195149,1
249057,1
22854,1
179657,1
261848,1
123830,1
20348,1
5133,0
69769,1
261991,0
145831,1
206471,0
93011,1
62674,1
1422,1
167615,1
217589,1
253889,1
152955,1
146426,1
216752,1
3759,0
66753,1
50614,1
37694,1
217974,1
155800,0
175477,1
256832,1
980,0
100688,1
137801,1
246186,0
132064,1
223942,0
118037,1
128337,1
83732,1
253063,1
243683,1
55203,1
27500,0
106453,1
158447,1
71558,1
140444,1
68226,1
262676,0
4319,1
231565,0
241097,1
84360,0
121393,1
213341,1
8271,0
166306,1
52948,1
239359,1
62842,1
101014,1
224981,1
246163,1
259250,0
183204,0
95346,0
212908,1
176766,1
59077,1
176796,1
196264,1
139722,1
79200,1
59934,1
212738,1
178927,1
252004,0
194730,0
54134,1
243613,0
73206,1
118766,1
91823,1
128629,1
18470,1
221192,1
28977,0
219337,1
115116,1
6697,1
92627,0
50885,1
91796,1
222425,1
226581,1
171013,0
259521,0
78801,1
207225,1
10001,0
86946,1
56665,1
143533,1
19113,1
8743,1
166394,1
213283,0
11329,0
167703,1
163469,1
112535,1
149660,1
148510,1
179713,1
61641,0
223892,1
90905,1
133968,1
40249,1
257833,0
232157,1
90899,1
95705,1
20775,1
53628,1
155631,0
47425,0
125591,1
153385,0
57125,1
27949,1
251671,0
74342,1
142706,1
154984,1
48934,1
75247,1
111141,0
47553,0
101099,1
72797,1
83402,1
181446,0
241420,1
11833,1
185702,0
79384,1
205812,0
255125,0
148686,1
88088,1
30354,0
200020,0
259769,1
96895,1
103976,1
33269,1
196237,1
176375,0
180001,1
138929,0
223485,1
209729,1
159397,1
91726,1
33018,1
49162,1
85900,1
39535,1
40541,1
239642,1
100859,1
171508,1
2965,1
28311,1
243013,0
49179,0
6969,1
69644,1
238123,1
49663,1
143289,1
143137,0
253525,1
189413,0
236686,1
100351,1
198060,1
118380,1
175518,1
169154,0
104919,1
118335,1
29295,1
137292,1
143905,1
105744,1
7993,1
179624,1
105540,1
265116,1
231022,1
197107,1
236307,1
161222,1
255644,0
206700,1
131457,1
158544,1
32115,1
4427,0
81774,1
134218,1
101777,1
9909,0
140212,1
190182,1
21395,1
175744,1
5663,1
258557,0
131730,1
147018,1
163026,1
193322,1
101957,1
168040,0
53638,1
218869,1
162429,1
55804,1
127170,1
39363,1
232560,1
23395,0
214094,1
105950,0
251292,0
233710,1
88422,1
18993,1
163342,1
222698,1
61386,1
121901,1
80167,1
56792,1
34980,1
184838,1
29728,0
192199,1
2428,0
260473,1
3988,0
221635,1
7442,0
130105,1
228474,1
17750,1
96513,0
198574,1
181997,1
69183,1
34928,1
201231,1
147979,1
54714,1
20723,1
213371,1
1356,1
19748,0
60753,1
152829,1
140210,1
71517,1
222421,1
160235,0
251127,1
29849,1
232769,1
77839,0
250650,0
77787,1
227966,1
111417,1
15147,0
190577,0
116882,1
87671,0
144547,1
115673,1
16619,1
241082,1
111146,1
232058,0
149118,1
255043,1
9814,1
103425,1
155339,1
212643,0
160156,1
125036,1
219536,1
166188,1
97906,1
97257,1
179474,1
102212,1
173074,1
56246,0
252774,1
125995,1
122574,1
224307,1
194748,1
93971,1
70223,1
228372,1
190307,0
51995,1
78101,1
11915,0
162231,1
78609,1
85801,1
263899,1
40594,1
196169,1
2680,0
150834,1
263762,1
24426,0
54064,1
75715,1
29128,0
30585,1
97746,1
120787,1
261778,1
87156,0
6971,0
103984,1
86458,1
23431,1
46125,0
181097,1
37780,1
92607,0
38839,1
99701,1
17608,0
166935,1
42968,1
102176,0
207298,1
14955,1
15360,1
166048,0
63612,1
153398,1
231587,1
41264,1
34868,1
15286,0
146844,1
7142,1
7711,0
3855,0
19627,1
241740,1
203683,0
254636,1
178744,1
79419,1
59028,1
64346,1
13541,1
49227,0
36469,1
151228,1
136614,1
139538,0
156688,1
57953,1
155108,1
125745,1
49787,1
242655,1
51256,1
244486,1
69125,0
144879,1
172997,0
176103,1
167854,0
129956,1
63208,1
211911,0
75645,1
168638,1
163553,1
89577,1
193087,1
247808,1
19899,1
250516,1
167728,1
96034,1
114986,1
89110,0
143911,1
94604,1
92997,1
155316,1
197729,0
44933,0
253280,0
147493,1
34133,1
143432,1
48823,0
41284,1
216816,1
167898,1
216532,1
214642,1
46260,1
250126,0
70350,1
266117,0
129570,0
216545,0
149459,1
231639,1
221965,1
262171,1
192668,0
108818,1
14751,0
109927,1
131580,1
13425,1
250742,1
85417,1
86588,1
52974,1
145281,1
15393,0
258864,1
37728,1
252176,1
189263,1
92434,1
167534,1
127884,0
167605,1
204526,1
206378,1
109046,1
231526,1
5288,1
97272,1
72510,1
130608,1
39988,1
158889,1
4354,0
62709,1
223833,1
33013,1
179264,1
110774,1
253017,1
53382,0
73608,1
37817,1
110220,1
117952,1
26008,1
70392,0
260174,0
217334,1
31362,0
95980,0
25268,1
34054,1
157664,0
226761,1
99130,1
203755,1
19584,1
186559,1
83013,0
210329,1
34945,0
142290,0
162734,1
148888,0
260797,1
116797,1
216633,1
54780,1
146671,0
185744,1
17760,1
148167,0
210607,1
206518,1
90404,1
173346,0
121203,1
196672,1
65485,1
129935,1
153195,1
33336,1
158195,1
191932,1
250739,1
96542,1
64144,1
89782,0
228758,1
132919,1
187683,1
127383,1
119124,1
211183,1
183358,1
224582,0
114114,1
79090,1
83101,1
94250,1
211934,1
159745,1
102423,1
205743,0
196651,1
181830,0
164816,1
246566,1
119637,1
227747,1
155555,1
131918,1
234141,1
96183,1
79525,0
120682,1
216394,1
258480,1
45081,1
194933,1
110970,1
265895,1
132795,1
105127,1
45071,0
212719,1
266355,0
168681,1
36253,1
228500,0
9222,1
111599,1
192608,0
61414,1
205217,1
101649,1
166400,1
8989,1
197005,1
236649,1
51408,1
55641,1
124246,1
230186,0
43091,0
177733,0
249333,1
21612,1
219149,1
11208,1
192413,1
212462,1
54646,1
150683,1
100006,1
122242,1
99466,0
202930,1
176660,1
65618,0
64475,1
255744,0
104993,1
220711,1
181449,1
46459,1
263172,1
260949,1
262534,0
188547,1
18336,1
74758,1
66249,1
198835,1
121557,1
88979,1
140939,0
128498,1
31921,0
246216,1
99694,1
27753,0
87927,1
53328,1
122548,1
201426,0
104823,1
117670,0
114731,1
170103,1
103818,0
194501,1
159722,1
49290,1
141854,1
235146,1
5570,0
185123,1
144384,1
15448,0
15091,1
87308,1
155652,1
232791,1
40748,1
248897,1
34599,1
256758,1
120200,1
230388,1
175300,1
225278,1
116427,0
37083,1
233377,1
131746,1
16071,1
161083,1
221672,1
218280,1
100277,0
167546,1
64193,1
260243,1
110185,1
148933,1
172927,1
80111,1
22426,0
263861,1
218104,1
14859,1
92862,1
19423,1
198609,0
95681,1
44936,1
248203,0
103081,1
13953,1
176734,1
104834,0
48741,1
138190,0
183988,1
43583,1
219182,1
24077,0
214955,0
252066,0
93735,1
86695,1
240217,1
128450,1
152553,0
93732,1
165280,1
184812,1
191176,1
176212,1
101991,1
13091,1
37323,1
185404,1
192136,1
189657,1
145595,0
10241,1
208239,1
87015,0
202538,1
137564,0
218342,0
69342,1
40974,1
210878,1
71082,0
70016,1
156331,1
255151,1
81430,1
44939,1
143574,1
121597,1
201174,1
245899,1
118866,0
177446,1
151355,1
204139,1
255238,0
64718,1
258262,1
70034,1
123277,0
265859,1
141435,1
126480,0
60799,1
37441,0
248417,1
243769,0
170258,0
72503,1
14535,1
84938,1
33088,1
35937,1
175975,1
237161,1
260161,1
142312,1
189762,1
111415,1
125879,1
257106,1
16559,1
113140,1
205702,0
208774,1
24738,0
68143,1
31813,1
21158,1
177636,1
94783,1
150935,1
50494,1
165988,1
214086,1
122455,0
136603,1
8682,1
218892,1
9551,0
16766,0
158665,1
141789,1
120148,1
124227,1
70756,1
259141,1
65255,1
47283,1
248937,0
189851,1
208747,1
218366,1
210297,1
194437,1
68931,1
253637,1
61287,1
188738,1
34621,0
148658,0
159284,1
190628,1
95957,1
71048,0
32754,1
144655,1
27768,0
77476,0
215262,1
10704,0
258315,1
222731,1
24371,1
227489,1
222108,1
27939,1
36138,1
85194,0
99903,1
203053,1
180182,1
203738,0
144922,1
165623,1
220294,1
109486,1
27826,0
133770,1
201762,1
102322,1
253892,1
251392,1
138171,0
66098,1
55542,1
119052,1
215491,1
133401,0
170041,1
109414,0
31244,1
254521,1
96828,1
61451,1
145879,1
111719,1
89756,1
257385,0
43374,1
237232,1
72908,0
185091,0
252907,1
213646,1
252312,1
142571,0
211559,1
57065,0
94269,1
59458,1
103831,1
155907,1
172009,0
64434,1
42992,1
255375,1
61365,1
118517,1
50625,1
249188,1
105065,1
72727,1
152701,1
136071,1
115276,1
5688,1
179135,1
186830,1
23606,1
68686,1
176941,1
68540,1
134764,0
108225,1
193498,1
66656,1
164245,1
32821,1
76582,0
19445,1
45590,1
53783,1
250410,1
115519,0
132074,0
119185,1
55218,1
150389,1
248646,0
22014,0
213028,0
153178,1
51142,0
43889,1
30965,0
101814,1
142154,1
228018,1
118463,1
131891,1
214920,1
198187,1
35883,1
172379,1
81336,0
128782,1
64151,1
56034,1
228104,1
125906,1
34493,1
26963,1
140647,1
35478,1
215926,1
171120,0
10592,1
48812,1
105579,1
80142,1
188480,1
203650,1
97750,1
208561,1
176373,1
211678,1
262969,0
138181,1
70679,1
6689,1
174243,0
188037,1
187449,0
190687,1
275,0
29405,0
170182,1
104024,1
176851,0
193365,1
82884,1
218701,1
129134,1
120246,0
198558,1
130054,0
26336,1
43460,1
48643,1
49641,1
93240,1
212779,0
174923,1
47637,0
141504,1
2184,0
148435,1
257019,1
67194,1
97844,1
151815,1
206294,1
236001,1
51423,1
40074,1
89363,1
132555,1
178220,1
96470,1
120091,0
12616,1
91509,0
150100,1
142705,1
130560,1
208192,0
216835,1
49081,1
234771,1
65979,1
97248,1
250935,1
264669,1
252935,1
5126,0
215364,1
244809,1
38500,1
37633,1
168156,1
85645,1
90349,1
9653,1
206606,1
23064,1
222512,0
184334,1
141635,1
117360,1
224044,1
86719,1
81891,0
202489,1
241296,1
156302,1
64989,1
14070,0
129084,1
30027,1
229649,1
161289,1
176227,0
174482,0
85116,0
240087,1
98406,1
20161,1
56159,1
69324,1
189718,1
241348,1
193870,1
145464,0
26321,1
199300,1
123760,1
109495,1
165587,0
125712,1
135174,1
133801,1
202946,1
209849,1
249451,1
117720,0
38425,1
205522,1
79938,0
68412,1
81178,1
113134,1
28241,1
35014,1
250869,1
22585,1
218486,1
261835,1
229349,1
198667,1
63780,1
223854,1
152272,0
62859,1
103039,1
84999,1
152800,1
128414,1
250708,1
2852,1
172102,1
163143,0
220507,0
229674,1
143170,1
258882,0
132911,1
127745,1
127935,1
157892,1
263531,1
124501,0
29163,1
102956,0
238996,0
187124,1
30423,1
35745,1
169121,0
237838,1
65003,0
80039,1
136049,1
242987,1
197343,1
146762,0
253371,1
235617,1
76801,1
240220,1
137322,1
23886,1
147383,1
153446,1
22369,1
121251,1
3249,0
123773,1
49741,1
229294,1
198913,1
53343,1
219099,1
220413,1
136701,1
131014,1
128569,0
208145,1
65522,1
106233,1
214594,1
202462,0
244281,0
250497,0
151957,1
140372,1
84164,0
62952,1
206531,1
241227,1
221145,1
251985,0
165957,1
65590,0
143941,1
232266,0
49399,1
241341,1
220782,1
3200,1
200885,1
239643,1
112188,0
11591,0
40320,0
201667,1
109119,1
184941,1
201823,1
79434,1
1260,1
259908,0
174445,1
16796,0
235050,1
247490,1
117029,1
244783,1
28504,0
49660,1
115582,1
149792,1
165533,1
220806,0
142094,1
175009,1
176694,1
174863,1
36490,1
224768,1
254579,0
223965,1
117356,1
178618,0
231938,1
105331,1
204900,1
212254,0
217910,1
24960,1
87221,0
157559,1
162215,1
20247,1
59039,1
87411,1
179205,1
60619,0
255706,1
62176,0
145806,0
96392,1
47747,1
23375,1
117293,1
139659,0
259215,1
220,1
20241,1
136400,1
254996,0
201571,0
184071,1
94334,1
55361,1
232994,0
88108,1
229616,0
153979,1
213894,1
245025,1
140100,1
192959,1
48735,0
90166,1
10052,1
172934,1
156814,1
263296,1
142177,1
153263,1
50082,1
62349,1
81272,1
194614,0
157478,1
128062,0
82751,1
23946,1
245910,1
225108,1
228037,1
129060,1
144227,1
129555,1
211516,1
54484,1
95287,1
106963,1
88395,0
218146,1
190621,1
17705,0
178909,1
242290,1
213961,1
43696,1
259001,0
76477,0
84951,1
191329,1
237976,1
80739,1
72373,1
61625,1
99145,1
124474,1
205344,1
188922,1
107085,1
30652,1
64186,1
135468,1
196385,1
228430,1
84573,1
177545,0
59762,1
103671,1
84902,1
213115,1
257701,1
128819,1
112154,1
184533,1
171798,1
147154,0
161842,1
175683,1
105200,1
78729,1
35268,0
4010,0
161080,1
210791,1
158757,1
41190,1
97626,0
188678,1
228609,1
237336,1
120420,1
137269,1
136811,1
34070,1
99606,0
29133,0
168388,1
262388,1
225045,1
148297,1
176777,1
233198,1
208812,1
21223,1
254505,0
197428,1
116111,1
49006,1
80582,1
234303,1
172693,1
182616,1
163764,1
214256,1
38024,1
227082,1
115321,1
68256,1
144487,1
156807,1
241154,1
202789,1
182369,1
23163,0
89570,1
48348,1
190310,1
43360,1
100949,1
166118,1
214670,1
45924,1
223217,1
148880,1
213464,1
187505,0
136764,1
117931,0
70027,1
125933,1
61728,1
178179,1
155725,1
46386,0
136683,1
144468,1
30824,1
56215,1
82308,1
36901,1
254106,1
166134,1
27747,1
29351,1
30203,1
73152,1
170291,1
262111,1
113366,1
43750,1
158206,1
95293,0
202225,1
172278,1
153006,0
105016,1
194074,1
5334,0
254746,1
235075,0
235959,0
125657,1
231112,1
99259,1
72445,1
69448,1
67898,1
101480,1
191159,0
55711,1
243760,1
175839,1
168532,0
63959,1
24253,1
92981,1
235160,1
182506,1
5404,0
19847,1
182554,1
237347,1
45485,1
172276,1
73760,1
95738,1
13174,0
61350,1
255964,1
63742,0
236413,1
204468,0
64112,1
205595,1
24601,1
182536,1
41517,1
24347,1
258704,1
184638,0
169739,1
89585,1
192929,0
70122,1
33718,1
140852,1
7074,1
108847,1
48048,1
235068,1
54331,1
233564,1
107737,1
139686,1
159812,1
32237,1
20364,1
184768,1
121826,1
108416,1
1479,1
127991,1
159746,1
234997,1
95153,1
203936,1
186513,1
207115,1
192396,1
195799,0
161556,1
106274,1
93692,1
149426,1
76406,1
80873,1
70655,1
197229,1
208700,1
126240,1
113898,1
122147,1
259332,0
123844,0
95596,1
199816,1
220644,1
229431,0
56507,1
99580,0
36221,1
170848,1
213194,1
107512,1
157119,1
258142,1
111542,1
182987,1
202131,0
221824,0
97854,1
188636,1
49709,1
159585,1
164888,1
134957,0
1,1
263396,0
60132,1
61696,1
75737,1
156370,1
194925,1
101744,1
64650,1
47840,0
74267,1
181392,1
209560,1
91206,1
70424,1
26951,0
82456,0
164733,1
32621,1
3145,1
34954,1
126894,1
187340,1
19760,0
203006,1
4055,1
27249,1
204957,1
4939,0
99008,0
110884,1
246906,1
130245,1
154591,0
228016,1
85558,1
140543,1
23569,1
24067,0
94156,1
232189,1
105939,1
142047,0
141595,1
161999,1
203443,0
130254,1
37906,1
25619,1
224917,1
114744,1
25958,1
71317,1
137818,1
254080,1
117862,1
168199,1
188952,1
205759,1
232425,0
56072,1
78585,1
121048,0
117098,0
222359,1
118021,1
75697,1
22128,1
112134,1
68007,1
210894,0
225289,1
23797,1
17160,1
262706,1
40424,1
156965,1
225692,0
73233,0
264264,0
140782,1
170635,1
6169,0
190110,1
142164,0
63346,0
168777,1
96539,1
10676,0
229014,0
58718,1
146457,0
91713,1
130323,1
95685,1
195851,1
30511,1
10436,1
218089,1
175279,1
125939,1
184237,1
172726,1
226148,0
64918,1
43645,1
115201,1
227695,1
4876,0
149449,1
82680,1
165813,1
193283,1
244093,1
95889,1
168640,1
121620,1
146484,0
37984,0
139266,0
91432,1
20798,1
249982,1
120261,1
813,0
200880,1
226081,1
239289,1
58269,1
22871,1
235926,1
83167,0
44612,1
83655,1
264011,1
194191,1
258840,0
173375,0
209533,1
229870,1
180795,1
35839,1
160915,1
68688,1
146807,0
126749,0
33005,1
86874,0
218528,1
132415,1
92049,0
6165,1
263045,1
124711,1
259858,0
75263,1
223608,1
55055,1
161519,1
38504,1
223600,1
139340,1
253382,0
211576,1
15608,1
87140,1
139700,1
160210,1
42353,0
255553,0
171483,1
144458,1
191835,0
78334,1
5182,0
105606,0
255604,0
207287,1
102820,1
6418,0
46496,1
57860,0
2447,1
212095,1
254228,1
187169,1
72122,0
80411,1
125223,1
4043,1
236038,1
248158,0
57686,1
251294,1
96950,1
144087,1
46677,1
88619,1
53119,1
94386,1
172665,1
33450,1
31856,1
52762,1
191184,1
63314,1
91943,1
246821,1
32640,1
143385,1
258509,0
109835,1
86092,0
255698,1
235837,1
115121,0
45350,1
189052,1
39500,1
200177,0
81447,1
66638,1
161987,1
101999,1
30692,1
15735,1
99052,1
168105,1
90535,1
25388,1
153968,1
90561,1
90403,1
50620,0
258807,1
68700,0
149141,1
97188,1
153598,1
141121,1
229829,1
147687,0
5394,0
38017,1
191404,1
126453,1
224317,1
55999,1
156491,1
41404,1
120166,1
233970,1
190378,1
171237,1
20623,0
158180,1
50333,1
227840,1
134500,1
55669,0
15225,1
236056,1
21062,1
183963,1
124687,1
156308,1
102600,1
87361,1
101801,1
37590,1
217219,1
9906,0
199690,1
112344,1
21746,1
244001,1
199061,1
51419,1
74749,1
252324,1
144390,1
92230,1
81744,1
196699,1
135829,1
16465,0
130206,1
131833,1
201079,1
149826,1
16314,0
32288,1
39261,1
177763,1
4535,1
135038,1
252639,0
116605,1
240372,1
124336,0
243237,1
16226,1
159996,1
21861,1
62473,1
265477,1
96933,1
133619,1
79049,1
250039,1
162538,1
104240,1
76195,1
94854,1
232777,1
198604,1
73015,1
130769,1
187504,1
207993,0
233256,0
85452,1
94246,1
32946,1
83669,0
88178,0
201091,1
71573,1
88013,0
53489,1
259283,1
77655,1
49613,0
153992,1
66567,1
221787,1
26946,1
133802,1
207041,1
5116,0
4234,1
179278,1
197082,0
186811,1
24716,1
136359,0
54720,1
11146,1
127566,1
40812,1
244996,0
89870,1
148952,1
142513,1
196890,1
219131,1
171063,1
80082,1
19330,1
97085,1
56795,1
31011,1
192582,1
87581,1
55745,1
194332,1
233712,1
4617,1
211039,1
141378,0
150183,1
241813,0
208927,1
53256,1
64261,1
52152,1
55903,1
170727,1
174827,1
169628,1
254004,1
202041,0
185929,1
68059,1
231238,1
159814,1
211736,1
123507,1
25829,1
177313,0
70111,1
26145,0
24709,1
88954,1
262254,1
49666,1
119708,1
104305,0
35444,1
161347,1
136904,1
181537,1
151240,1
78577,1
100157,1
81216,1
120999,1
77651,1
133432,0
188798,1
259664,1
35360,1
265405,1
259764,0
240042,0
38682,0
261218,1
176367,1
238149,1
205208,0
18290,1
24070,1
171946,0
65596,1
42391,0
80948,1
72247,1
9382,0
75729,1
130331,1
101211,1
83873,1
147277,1
82844,1
255830,1
186786,1
74217,0
78187,1
189125,1
130787,1
91072,1
162519,1
134664,1
75528,0
48924,1
207831,1
203051,1
95610,1
252647,1
175389,0
165268,1
218413,0
187630,0
57851,0
107688,1
189934,1
149822,0
238347,0
95337,1
59647,1
66160,1
250144,0
157442,1
127239,1
64569,0
83557,1
51783,1
198691,1
120545,1
135017,1
3097,1
113329,0
94221,1
261421,0
52654,1
181783,1
265670,0
173191,1
195596,1
404,1
223512,1
173268,0
170557,1
232375,1
93952,1
233927,0
153712,1
162955,1
212964,1
146841,1
215300,1
44519,1
204370,1
260128,1
112486,1
134280,0
185313,0
210643,1
261746,1
14772,1
190495,1
110402,1
173713,1
218409,1
48515,1
216691,0
151998,1
254483,1
110813,1
97696,1
58192,1
100545,1
181030,0
32719,0
114482,0
112787,1
31626,1
72428,1
171051,1
22967,1
180655,1
70309,1
22555,1
69678,1
249332,1
63632,1
218934,1
127148,1
219165,1
182403,1
32470,1
126014,1
212144,1
160959,1
217722,1
89122,1
128171,1
207198,0
72873,1
250453,1
82142,1
238576,1
263689,1
265497,1
174724,0
161050,1
139654,1
7633,0
141404,0
53235,1
257778,0
176760,1
137979,0
223510,1
49514,1
154082,1
62807,0
240567,0
126990,1
236094,1
92121,1
21313,1
238360,0
21807,1
81212,1
200977,1
91976,1
182801,1
162916,1
86416,1
129730,0
142609,1
11143,1
258499,0
83160,1
210965,1
89840,1
222666,0
21258,1
211207,1
100336,1
791,1
58775,1
19166,1
38838,0
238528,0
237399,0
178709,1
164041,0
39900,1
94385,1
11809,1
168200,1
260218,0
108654,1
18564,0
1623,1
170245,1
230051,1
256270,1
105335,0
160494,1
175647,1
173275,1
4824,1
236711,0
221979,1
107002,1
246463,1
203988,1
123294,1
108688,1
62589,1
166219,1
182894,1
225375,1
251313,1
197407,1
112047,1
69070,1
84373,1
86616,1
178471,1
264216,0
81329,1
94523,1
158197,1
219008,1
98920,1
24673,1
125765,1
9658,0
262247,1
233674,0
8188,0
174558,1
247285,1
179794,1
1794,1
140101,1
75370,1
237559,1
189559,1
183504,1
143756,1
166288,0
36655,1
191753,1
209328,1
96781,1
203838,1
10301,0
193300,1
38732,1
70933,1
263428,0
133521,1
263128,1
65894,1
178965,1
215570,1
28503,0
138426,1
15269,0
215829,1
130830,1
84224,1
148759,1
99172,0
120593,1
244399,1
98862,1
61881,1
98328,1
253643,1
253168,1
39232,1
196271,1
223862,1
242935,1
170237,1
141819,1
259108,0
1057,1
102683,1
145533,0
35725,1
207057,1
188031,1
225537,0
234628,1
134876,1
12623,0
117724,0
226912,1
257423,1
155887,1
44011,1
125133,1
51032,0
136399,1
7157,0
13428,1
146185,1
217807,1
114262,1
167431,1
73740,1
119610,1
186261,1
22272,0
220144,1
180681,1
232080,1
184881,1
209354,0
19872,0
89716,0
68622,0
41170,1
138754,1
17781,1
249833,1
249348,1
97233,1
188938,0
52448,0
150195,1
117441,0
145478,0
112724,1
114344,1
261068,1
200653,1
18300,1
102462,1
176834,1
114474,0
38702,1
199676,1
50088,0
2958,0
170773,1
160231,1
71784,1
74127,1
37019,1
93218,0
96673,1
266610,1
159113,1
69023,1
49221,1
186332,1
230103,1
201440,0
114886,1
128104,0
198781,0
164326,1
162662,1
110272,1
4467,1
249534,1
107043,0
105351,1
55666,1
132370,1
191254,1
13613,1
109588,1
167155,1
130746,1
15412,0
230342,1
52525,0
29808,1
47494,1
257154,1
175625,1
20298,1
203767,1
255255,1
208548,1
216284,1
159694,0
214834,1
33276,1
133910,1
19487,1
224969,0
16282,1
14623,1
108856,1
169759,1
225580,1
82177,0
195219,1
48954,1
108612,1
9357,1
37540,1
128649,1
176433,1
157009,1
78908,1
213282,1
245375,1
17949,0
13189,0
217238,1
190646,0
158448,1
246128,1
133245,1
162836,0
112407,0
250487,0
41101,1
150784,1
80553,1
230442,1
135435,1
182713,1
253112,0
164380,1
33182,1
7653,0
98341,1
250451,1
198160,1
22605,1
74015,1
98479,1
246746,1
12760,1
246822,1
214172,1
64762,1
208861,1
82171,1
94743,1
96135,1
5290,0
239517,0
85306,1
1931,0
225776,1
29689,1
105195,1
120061,0
155394,0
247516,0
68227,1
155064,1
66440,0
107762,1
70091,1
952,0
183615,0
37006,1
186512,1
265532,1
45190,0
25993,1
164681,1
183412,0
168904,1
229839,1
228594,0
132446,1
105823,1
240780,1
130811,1
239025,1
57062,1
261440,1
252339,1
251956,1
2444,0
143842,1
247003,0
264885,1
11174,0
65340,0
170855,1
163484,0
180626,0
257439,1
100894,1
160072,0
164999,0
203821,0
210883,1
236722,1
201346,1
105174,1
72219,1
147343,0
21674,1
26075,1
117143,1
219018,1
152632,0
101102,1
112566,1
115203,1
184856,0
240426,1
72175,1
233334,1
209523,0
167336,0
124403,0
5420,0
103380,1
184206,1
16037,0
201397,1
189677,1
144324,1
204079,1
196343,0
225336,1
227437,1
203510,1
140546,1
171974,1
107989,1
148830,1
135250,1
243186,1
117486,1
35447,1
232895,0
138891,0
215941,1
249431,0
141593,0
321,0
235499,1
225022,1
49382,1
66299,1
151401,1
27746,1
158554,1
145515,1
45036,1
64408,1
98019,0
125834,1
88559,1
201587,1
179564,1
173897,1
141948,1
78150,1
235924,1
140812,1
44078,1
17176,1
258178,1
44074,0
146707,1
198661,0
66286,0
6324,0
63168,1
149392,1
206402,1
250911,1
145592,1
247600,1
47720,1
137623,1
244226,1
115893,1
44968,1
174413,1
53204,1
226514,1
75777,1
178810,1
103706,0
15647,0
197463,1
34735,1
70116,1
142100,1
26198,1
52959,1
1459,0
9312,1
207431,0
9251,1
51850,1
71544,0
227566,1
124331,1
70224,1
175878,0
207523,1
32190,1
96483,1
15946,1
7063,1
250112,1
80069,1
100383,1
42572,1
133916,1
107404,1
235489,1
212520,1
110106,1
217256,1
16274,1
103230,1
140432,1
234440,1
69351,1
233331,0
121877,1
186576,1
73236,1
98163,1
92023,1
7956,1
240039,0
211225,0
243629,1
162351,1
20163,1
12212,0
128225,1
177803,1
239368,1
177509,1
130399,1
79869,1
100693,1
107280,1
4229,1
243692,1
202119,1
24518,0
121003,1
224275,0
188658,1
104999,1
161205,1
206224,1
183756,1
122891,1
165582,1
72483,1
261130,1
39966,1
25072,1
117744,1
201387,1
1367,1
88622,1
89154,1
199948,1
35351,1
170970,1
100121,0
104878,1
2770,0
148273,1
186166,0
159569,1
194118,1
259192,1
43174,1
45044,0
19575,0
96153,1
206608,1
83487,1
62927,1
211263,1
257110,1
147099,1
30245,1
84959,1
60636,1
205675,1
266164,1
200869,1
60550,1
186555,0
256692,1
236365,1
86420,1
106252,1
196547,1
240258,1
217330,1
207928,0
263406,1
148169,1
227866,0
240303,1
214584,1
255555,1
124966,1
259702,1
85419,0
209577,0
211926,1
63275,0
124044,0
246968,0
76393,0
77183,1
224908,1
194980,1
30686,1
82565,1
210817,1
214621,1
96580,1
146410,1
250547,0
222222,1
198356,1
22447,1
159319,1
2510,1
47648,1
91097,1
54757,1
91942,1
210284,1
227538,1
104706,1
265133,1
61565,1
150261,1
220838,1
203036,1
59337,1
116033,1
61954,1
13875,1
60478,1
251693,1
61030,1
13523,0
242542,1
262984,0
229630,1
138030,1
166677,1
24254,0
77242,1
90695,1
235737,1
243899,1
74850,1
8255,1
245367,0
250201,0
207715,0
120799,0
219396,1
15333,0
258487,1
232383,1
181935,0
98585,0
141005,0
200593,1
212515,1
258475,1
61542,1
76244,1
81803,0
141253,1
34404,1
217552,1
158463,1
71259,1
68466,1
254959,0
241085,1
172051,1
181436,1
136849,1
31607,1
122466,0
52821,0
207023,0
206854,1
19074,1
85132,1
156525,1
212761,1
104985,1
141676,1
91188,1
22692,1
211448,1
45315,1
219670,1
46147,1
250479,1
58194,0
145594,1
155551,1
212346,1
228278,1
51874,0
38384,1
259525,0
168477,1
194651,1
5827,0
126269,1
208436,1
40291,0
74891,1
250354,1
115461,1
176635,0
171020,0
160098,1
5395,0
218810,1
260158,1
219137,1
36339,1
47589,1
136253,1
204985,1
102546,1
174401,1
38984,1
196643,1
34064,1
130363,1
203807,1
192465,1
158764,1
231496,1
100867,1
98301,1
211528,1
92472,1
78652,1
213575,1
206955,0
115027,1
201351,1
28864,0
247787,0
170696,1
165231,1
218600,0
130816,1
29445,1
14283,1
113391,0
171399,0
106416,1
16088,0
127603,1
110769,1
1156,0
189394,1
172767,0
84045,1
210678,1
166324,1
254691,1
12371,0
95056,1
187332,1
123513,1
70428,1
242979,1
49587,1
45048,1
75336,0
18909,1
265709,1
128526,1
109446,1
73480,1
23039,0
177879,1
130427,1
207837,1
253713,1
175785,1
189732,1
227106,1
236033,1
248843,1
98162,1
253940,1
215439,0
5463,1
191832,1
93016,1
153214,1
68437,1
130983,1
127433,0
21903,1
124409,1
48073,1
22766,1
112098,0
87876,1
111820,1
131004,1
203155,1
255146,0
53853,1
108276,0
149586,1
135241,0
25421,0
46579,1
63685,1
46371,1
102086,1
140976,1
120679,1
127550,1
57887,1
57926,1
103430,0
257844,1
137933,1
164859,1
30702,1
161927,1
127004,1
23938,1
246754,1
258426,1
80203,0
99748,1
184928,0
148767,0
145842,1
136714,0
69895,1
258282,0
191723,1
27562,1
123719,1
12901,1
99874,1
198872,1
185211,0
202689,0
89957,1
202666,1
145792,1
253731,1
262154,1
106699,1
8187,0
1914,0
148770,1
100050,1
61247,0
42211,1
115880,1
251687,1
149690,1
147659,1
19358,1
218178,0
189433,1
103305,1
182501,0
49934,1
183919,1
191520,1
157052,1
42994,1
124880,1
129933,1
143102,0
62145,1
254175,1
45460,1
69112,1
81639,1
195867,1
32487,1
1012,1
265121,1
7281,1
174541,1
28828,1
20660,1
53351,0
138337,1
4109,0
95611,0
11351,0
225867,1
207941,1
64220,1
46656,1
253393,1
152931,1
103394,1
66763,1
241266,1
79178,1
231080,0
247065,1
256763,0
77095,1
82148,1
5829,1
114930,1
226540,1
174425,1
202104,1
138833,1
62768,1
80986,1
74640,1
186198,1
116654,1
81955,1
95004,1
79812,1
77898,1
77965,1
246365,1
182393,1
37484,1
174779,1
119742,0
186290,1
142502,1
121387,1
79096,1
244176,1
175466,1
265754,1
240642,1
218000,1
94589,1
190715,0
65568,0
28585,0
160292,1
160871,1
188745,1
253883,1
82550,0
196743,1
263771,1
142409,0
100629,1
136502,1
140493,1
87352,1
161902,1
124199,1
148240,1
191843,1
237770,1
112709,1
42537,1
192523,1
47149,1
82856,1
249517,1
194484,0
40834,1
19590,1
165578,1
206046,1
97053,1
122279,0
89493,1
52532,1
244090,1
69081,1
136112,1
81809,1
24367,1
239356,0
203773,1
29104,1
261353,0
47582,1
211506,1
32290,1
69421,1
219568,1
21702,1
249371,1
181277,0
217039,1
52924,0
254576,0
67580,1
226953,0
252691,1
213907,0
164609,1
82969,1
123459,1
108182,1
37233,1
208731,0
219547,1
172246,1
70676,1
76196,1
240982,1
35162,0
248398,1
64742,1
30576,1
95662,1
4709,0
244643,0
251413,1
112385,0
33509,1
161633,1
182346,1
43636,1
218658,0
119300,1
117379,1
197155,1
35045,1
3878,0
110983,1
143190,1
122979,1
153655,0
130238,1
104004,1
240525,0
254561,1
45612,1
77757,1
59400,1
192663,1
94882,1
158031,0
215544,1
64550,1
201940,1
27877,1
219170,0
54531,1
65900,0
107098,0
177993,0
9995,0
234574,0
7985,0
98998,1
139885,1
57210,0
116954,1
17347,1
154778,1
210508,1
146978,1
60419,1
175822,1
51737,1
263839,0
245175,1
264746,1
259527,1
103322,1
244699,1
109785,0
2598,1
182919,1
228600,0
130131,1
114132,1
126515,1
253261,1
242624,1
263455,1
151120,1
19092,1
162085,1
197543,1
4921,1
234309,1
258439,1
143590,0
85979,1
87595,1
146937,1
161062,1
221176,1
135041,0
225120,1
30340,0
14058,1
202826,1
229760,1
170972,1
222985,1
108608,0
90803,1
113953,1
65540,1
253172,1
264548,0
197453,1
37844,1
48233,1
256779,1
213962,1
75245,0
144186,1
256437,1
24928,1
12071,1
146975,0
67046,1
116060,1
228125,1
190589,1
174750,1
61724,0
113525,1
26109,1
105696,1
22340,1
81773,1
260717,1
81956,0
245698,0
16263,0
9397,0
234398,1
7333,1
182035,1
61522,0
26197,1
170908,1
246400,1
146371,0
83327,0
250806,1
85261,0
189510,1
137200,1
24562,1
239710,1
228485,1
46955,1
196269,1
128149,1
23279,1
60516,1
142257,1
253220,0
214569,1
251297,1
206541,1
263100,1
138035,0
132003,1
84270,0
260766,0
64437,1
190453,1
5887,1
215123,1
219813,0
82390,1
266514,0
126901,1
191120,1
228027,1
241133,1
160893,1
11553,1
58847,1
198241,1
75167,1
55176,1
222764,1
243968,1
187904,1
174672,1
175044,1
160505,1
130443,1
142084,0
238203,0
182283,1
75287,1
167446,1
192021,1
6163,0
140868,0
58266,0
127953,1
193535,1
194421,0
200116,1
230993,1
241830,1
100288,0
68498,1
154706,1
218814,1
129092,0
189081,1
25601,0
69732,1
83367,0
14742,1
35208,1
206812,1
176036,1
142573,1
174371,1
257605,1
48975,1
205968,1
235622,1
821,0
172611,1
175506,0
137260,1
24657,1
198136,1
53816,1
6263,0
175752,1
184269,1
250314,1
113204,0
82187,1
253897,1
143810,1
69889,1
16655,1
85353,1
130006,1
111520,1
182145,1
151603,1
236357,1
5622,0
107828,1
208307,1
156821,1
233629,1
144408,1
95315,1
148864,0
29878,1
13123,0
140900,0
264052,1
17252,1
139675,1
214546,1
43748,1
248917,1
31924,1
85156,1
201760,1
159837,1
142447,1
38063,0
68259,1
51731,1
82580,1
64035,1
231393,0
106403,1
219801,1
49592,1
196461,1
28995,0
77181,1
152170,1
214087,1
220020,0
53057,1
249602,0
112807,1
37889,1
8261,0
9725,1
111792,0
248563,1
29426,1
75965,1
134666,1
247692,1
16614,1
169203,1
224818,0
91499,1
221655,1
253491,1
156055,1
23046,1
22945,1
37383,1
208245,1
192317,1
85952,1
103953,1
96861,1
13232,1
61560,1
176062,1
151186,1
248797,0
128018,1
197968,1
11292,0
192472,1
205357,0
81743,0
194856,1
44674,1
74912,1
51558,1
136705,1
220068,1
37270,1
171711,1
245818,1
166318,1
226915,1
27598,1
218051,1
208097,1
16255,0
143983,1
181896,1
208539,1
179313,1
97667,1
60727,1
201753,0
115471,1
135809,1
78536,0
16791,1
116629,1
181527,0
79786,1
93506,1
163227,1
164874,0
252214,0
207335,0
26773,1
17633,0
153735,1
35979,0
63854,1
200049,1
11893,1
79705,1
167256,1
260548,1
156203,1
214792,1
230854,0
150462,1
226494,1
250128,1
254150,0
542,0
241385,1
174620,1
236567,1
20944,1
174104,1
131452,1
145920,0
26162,1
157893,0
56129,1
252308,1
101084,1
174226,1
21408,0
183476,1
61291,1
152885,0
28531,1
107894,0
6777,1
206928,1
58518,1
120998,1
27935,1
55538,1
151179,1
96232,1
26770,1
205301,1
101209,1
203843,1
155856,1
135183,1
84625,1
56847,1
198584,0
212382,1
259463,1
231287,1
109396,1
233756,1
56891,1
60784,1
58996,1
170356,1
237228,1
66073,1
251317,1
4671,1
176808,1
170190,0
28866,1
260230,1
32225,1
56240,1
151447,1
226849,1
53608,0
129865,0
61612,1
234402,1
187991,1
117551,1
194040,1
63313,1
133366,1
51578,1
146156,1
32353,1
142592,1
10911,1
32460,1
232504,1
141820,1
23678,1
20320,1
259316,1
234463,1
45250,0
130765,1
89109,0
14307,1
208201,1
248342,1
107056,1
151182,1
135888,1
159548,1
162434,1
96000,1
19938,0
192230,1
127043,0
48762,1
23995,1
141723,1
12181,1
154010,1
4448,0
210054,1
55555,0
213892,0
70797,1
150423,1
207768,0
215902,1
81501,1
253856,1
120902,1
83335,0
232892,0
934,1
109043,1
64020,1
236980,1
90288,1
191343,1
30146,1
14834,1
104691,1
31340,0
4610,1
197901,1
46914,1
258663,1
54271,0
206309,1
105822,1
74687,0
135362,1
97727,1
139830,0
128608,1
18444,1
93295,1
231748,1
122490,1
18738,1
122378,1
151759,1
92096,1
235623,1
79436,1
76147,1
122308,1
218129,1
251988,1
122631,0
91565,1
93368,0
39517,1
18231,0
179533,1
189499,1
79321,1
58566,1
183980,1
3218,0
203436,1
65116,1
252190,1
113810,1
18053,1
218681,1
216909,1
261329,1
135091,0
158048,1
75093,1
258124,0
65216,0
60562,1
5976,1
226291,1
129238,1
207011,1
143129,1
246205,1
150026,0
134290,0
237174,1
84416,1
100770,1
152895,1
61387,1
7382,1
36384,1
236612,1
10182,1
88427,1
253221,1
253154,1
54023,1
191506,1
35103,1
223928,0
94517,0
98505,1
165056,0
7939,1
261063,1
261444,1
71887,1
259900,1
55818,0
148789,1
252565,1
238466,1
231833,1
266423,1
261791,0
148118,1
102786,1
264724,0
102701,1
26246,1
99211,1
146088,1
13186,0
79773,1
263405,1
55280,1
118238,1
131196,1
261771,1
98079,1
189663,1
9738,1
104937,1
241821,1
260394,1
264655,0
195727,1
24083,1
29888,0
231329,1
176249,0
187594,1
150657,1
177746,1
210280,1
218904,1
118375,1
168546,1
61327,1
255890,1
217282,1
204711,0
208569,1
204187,0
72155,1
171585,1
43946,1
156549,1
32347,1
12936,1
228893,0
23115,1
221740,1
32826,1
184507,1
12800,1
208076,0
131959,1
188267,0
221474,1
66945,1
254551,0
99125,1
192913,1
184328,1
92034,0
35690,1
177935,1
61859,1
256490,1
81733,1
182037,1
112025,1
181334,0
85150,0
108377,1
131933,1
72507,0
49887,1
232052,0
77826,1
119146,1
7389,1
201142,1
68116,1
150990,1
102936,1
29916,1
266488,1
118853,1
45974,1
248956,0
93092,1
68935,1
19466,1
119272,1
45818,0
92254,1
150646,1
148474,1
180579,1
156039,1
96170,1
42294,1
47849,0
138095,1
131424,1
106425,1
241596,1
76273,1
26893,1
146,0
127813,0
216854,1
225347,1
113180,1
94163,1
75021,0
222892,1
13449,1
102442,1
235255,1
240579,1
195297,0
221556,1
102798,1
163532,1
73972,1
64526,0
101434,1
119014,1
224228,1
187730,1
53666,1
146382,1
40407,1
143974,1
217281,0
236828,1
108405,1
182897,1
139627,1
250059,0
162032,1
28155,0
134872,1
79284,1
262424,0
200056,1
228762,1
63295,0
188491,0
108761,1
162051,1
209550,1
264728,1
54390,1
192964,1
227169,1
151070,1
228219,0
258893,1
95352,1
77460,0
223943,1
175835,0
4267,1
71229,1
217324,1
237208,0
55509,1
237466,1
258589,0
201125,1
249329,1
183406,1
2427,0
170923,1
144940,1
100276,1
201664,1
103566,1
35613,1
172393,1
256255,0
35436,1
80818,1
216988,1
29116,1
251277,1
252792,1
116641,1
243545,1
147703,0
33057,1
46897,1
236208,1
174934,0
7509,1
101442,1
75723,1
230918,1
174032,1
247627,1
183078,1
75999,1
234165,1
58644,1
112249,0
237018,1
127950,1
44552,1
19354,1
159887,1
176476,1
54016,1
86152,1
265613,1
67265,1
126593,1
18659,1
229536,1
46337,1
87494,1
188774,0
217226,1
93956,0
57792,1
260003,0
104222,1
80495,1
85761,0
35572,1
203487,1
87339,1
145212,1
112610,1
375,1
242286,1
148962,1
6372,0
27073,1
154388,1
86834,1
16490,1
241645,1
254215,1
19334,1
206111,0
234568,1
192747,1
227655,1
261521,0
108887,1
249118,1
104512,1
156633,1
146904,1
127643,1
246319,1
263220,1
42208,0
249963,1
118955,1
146243,1
214145,1
25223,1
145270,1
36733,1
207019,1
99283,1
209317,1
28773,1
191935,1
76838,1
242459,1
89112,1
26259,1
75583,1
144790,1
109756,1
242942,0
42727,0
25723,1
86479,1
34360,0
244056,0
28704,0
255415,1
159762,1
100080,1
220946,1
17834,0
95134,1
188932,0
111603,0
16851,1
213823,1
253007,1
68908,0
57251,1
176236,1
87247,1
173169,0
37205,1
238900,0
21277,1
104811,1
14952,1
198251,1
110825,1
226820,0
228816,1
188335,1
265984,0
225583,1
228799,1
92889,1
66294,0
68534,1
54699,1
97931,1
200091,1
141632,1
65398,1
220152,0
48006,1
102853,1
87497,0
70816,1
112456,1
249754,1
149096,1
5537,0
242273,0
87544,0
219861,0
115815,1
107032,1
213430,0
120821,0
101141,1
141786,0
23723,1
7755,1
214418,1
210880,1
153568,1
82587,1
182338,1
151666,1
202923,1
96741,1
141754,1
147586,1
127774,1
251709,1
197413,1
100960,1
194273,0
100775,1
64253,1
234949,1
184177,1
197617,1
25196,1
48832,1
106711,1
108277,1
34170,1
214945,1
79203,1
187866,1
7077,1
111173,1
63465,0
125204,1
64797,1
134225,1
133188,1
171985,1
1044,0
218998,1
38593,1
199098,1
173973,1
196869,1
115837,1
120276,1
255283,1
112497,1
254097,1
93925,0
210074,1
223582,1
190485,0
145072,1
258512,0
226330,1
20535,1
133673,1
21186,1
16383,1
144003,1
188693,0
21588,0
50142,1
186630,1
11828,1
238003,1
132631,1
251018,0
159333,1
265286,1
29449,1
53236,1
107099,1
240262,1
55411,1
149914,1
37199,1
94926,1
113387,1
20967,1
172442,1
264714,1
34640,1
140240,1
125648,1
190140,1
245959,1
40183,1
187313,0
127381,1
82355,0
158167,1
136162,1
32152,0
142311,1
53751,1
26001,0
134021,1
189371,0
164403,1
193475,1
54872,1
222491,0
242199,0
71715,1
84672,1
49941,0
54466,1
120857,0
172347,0
219260,1
131055,1
84332,1
95737,1
111165,1
71758,0
248530,0
20122,1
25451,1
211549,1
118200,1
243542,1
60208,1
147422,1
23778,1
241260,1
186967,1
165157,1
162178,1
136793,1
176032,1
146528,1
256719,0
99070,0
59990,1
204135,0
251629,1
113078,1
257503,1
223115,1
247416,1
8865,1
90174,1
161329,1
263140,1
62457,0
6347,0
204676,1
165982,1
90790,1
250568,0
225717,1
68623,1
26478,1
154800,1
60470,0
138129,1
174434,1
259971,1
18541,1
73660,1
241667,1
39167,1
75875,1
29089,0
132965,1
130779,1
187374,1
181125,1
76930,1
92157,0
1874,0
6398,1
91969,1
133409,1
204126,0
228881,0
150024,1
50518,1
198800,1
216858,1
107613,1
114994,0
191365,1
266009,1
232761,1
155465,0
84837,1
82034,1
75936,1
78507,1
221125,0
109341,1
236868,1
58820,1
34740,1
26184,0
116409,1
231005,0
112871,1
170127,1
67971,1
2458,0
1202,1
163757,1
126956,1
40467,1
105637,1
158922,1
82269,1
19837,0
36279,0
49849,1
99720,1
23121,1
29513,1
203689,1
80492,0
125773,1
146991,1
189711,1
46316,1
191857,1
118658,0
65834,1
125845,1
174849,1
262470,1
256473,1
258778,0
4184,1
112939,1
253650,1
14935,1
193293,1
13224,1
105995,0
141403,1
153993,1
15550,1
191490,1
35870,0
83107,1
114783,1
96939,1
29264,1
139578,1
138045,1
88835,0
94111,1
218200,1
113682,1
124983,1
240753,1
28820,1
190469,1
260368,1
227176,1
19890,0
86903,1
226374,1
109605,1
197555,1
108806,1
127802,1
183878,1
145749,1
204630,1
247718,1
228045,1
80201,1
250060,1
265572,1
152816,1
79987,1
38097,1
80213,1
96351,1
135337,1
100374,1
163763,1
203364,1
48750,1
220797,1
127307,1
65846,0
237400,1
57975,0
111746,1
152957,0
70513,1
70159,1
178720,0
108698,1
104450,1
133922,1
183215,1
132647,1
220325,1
99546,1
1212,1
12469,1
115028,1
12634,1
142888,1
108590,1
241098,1
255387,1
141674,1
174285,1
38681,1
12883,1
54724,0
209889,1
52725,1
174060,1
88149,1
126682,1
55062,1
259815,0
125731,0
150099,0
202832,1
8065,1
182341,0
172161,1
187246,1
11346,1
19598,0
178288,1
187661,1
22828,1
42479,1
84691,1
3364,1
160764,1
137520,0
91710,1
209062,1
11035,0
7286,1
75399,1
46428,1
14757,1
154899,1
134547,1
127241,0
26247,1
75860,1
138341,1
233415,0
229929,1
74507,1
265200,0
198894,1
30262,1
172411,1
251105,1
142779,1
33139,1
75133,1
161295,1
16451,1
238417,1
139777,1
45160,1
203185,1
114352,1
66851,1
123679,1
188351,1
35994,1
88069,1
157616,1
150519,1
197887,1
118444,0
173101,1
203200,1
236301,0
91856,1
112269,1
115693,1
214177,1
90185,1
208571,1
130696,1
138631,1
191240,1
29056,1
113446,0
171787,1
2456,1
243952,1
384,0
244529,1
47424,1
148469,0
97550,1
53454,1
11438,1
264605,0
230102,1
249239,1
82877,1
57606,1
154263,1
85886,1
83003,1
222927,1
8594,1
23220,1
9012,0
161611,1
43963,1
197457,1
114972,1
210055,0
30374,1
211696,0
248210,0
241234,1
153931,1
475,1
84799,0
141602,1
155368,1
230034,1
174384,1
111575,1
217492,1
165310,0
70956,1
106995,1
156506,0
100527,1
179288,1
164321,1
122077,1
251616,1
150929,0
114592,1
181296,0
128690,1
164712,1
33516,1
106143,1
228289,1
169057,1
189319,1
170201,1
85438,1
115742,0
13333,0
246820,1
49475,1
34688,1
115777,1
235066,1
115319,1
220060,1
103275,1
113325,1
224427,1
75304,1
48790,1
187587,1
144183,1
64772,0
265336,0
196352,1
995,1
48429,1
198997,1
186398,1
211857,1
242876,1
1841,1
86950,1
262143,1
213667,1
71634,1
224192,1
11116,1
98494,1
251232,1
49327,1
118778,1
112099,1
198117,1
243276,1
106787,1
28263,1
183883,0
68656,1
120922,1
259871,1
80476,1
134850,1
219154,0
124001,1
163034,1
264129,1
94113,1
54500,1
239217,1
82326,1
12752,1
73413,1
65224,1
219324,1
31579,1
150188,1
58870,1
193230,1
44366,1
66741,1
170697,1
153299,0
16231,0
185541,1
262345,0
225740,0
100663,1
129115,1
49880,1
234882,1
64804,1
264255,1
202353,1
237715,1
262266,0
257626,0
214638,1
226271,0
58671,1
9152,0
28445,0
97122,1
133705,1
99354,1
129457,1
81408,0
23487,0
122138,1
175552,1
187802,1
89566,1
156036,1
185466,1
234460,1
258033,1
31186,1
140819,1
3745,1
143902,1
91944,1
159773,1
43082,0
71886,1
230928,1
63666,1
48138,1
79562,0
7593,0
191516,1
235361,0
99362,1
101800,1
108320,1
236594,1
102998,1
149884,1
239485,1
149297,1
141511,1
191269,1
18604,1
16779,0
209815,1
168979,1
27572,1
152462,1
175921,1
240464,1
233288,1
98443,1
147949,1
14230,0
21204,1
194256,1
36979,1
99916,0
89052,0
60913,1
254701,1
163622,1
197419,1
140652,1
37326,1
44789,1
107678,1
37805,1
123512,1
55575,1
229938,1
87787,1
160117,1
113259,1
39771,1
149359,1
95670,0
159553,1
169763,0
153000,0
221602,1
66026,1
63815,0
222151,1
204642,1
111035,1
68707,1
188664,0
90997,1
143335,0
169553,1
192620,1
14389,1
169941,1
113370,1
124311,1
69558,1
240610,1
122298,1
254482,1
21152,1
238245,1
205463,0
22289,1
64844,1
41129,1
85732,1
40543,0
234108,1
186064,0
20871,1
81630,0
159118,0
12235,1
245461,1
72941,0
145811,1
219620,1
17905,1
213005,0
77618,1
147796,1
135106,0
115013,1
159692,1
234102,0
225729,1
238801,1
34351,1
78697,1
58898,1
176389,1
11576,0
83595,0
228008,1
230665,0
46868,1
81890,0
222888,1
244897,1
28111,0
105207,1
22075,1
118040,1
20250,1
255141,1
72100,1
39798,1
59510,0
257568,1
81966,1
43261,1
190101,1
37647,1
262235,1
172542,1
217143,1
133543,1
260264,1
189005,1
212835,1
150481,1
103971,1
204224,1
152867,1
179243,1
16439,1
193275,0
92329,1
214571,1
252649,0
191129,0
214839,1
111334,1
27656,1
70183,0
37654,0
103820,0
244830,1
143021,1
112115,0
255556,1
74855,1
85128,1
208686,1
87894,0
2544,1
120069,1
66793,1
88454,1
108327,0
266354,1
189252,0
118007,1
83470,1
266241,0
119394,1
173504,1
241265,1
90911,1
38133,1
150648,1
162461,1
119774,1
160789,1
1124,1
1698,1
184553,1
36212,1
113677,1
118924,1
178925,0
84337,1
208666,1
114128,1
45792,1
142534,1
93555,0
164656,1
122772,1
160440,0
227151,1
151319,1
239587,1
78671,1
220634,1
246416,0
42414,1
189694,0
119707,1
64969,1
233014,1
255122,1
28692,1
136593,1
177177,0
187257,1
10025,1
105248,1
240546,1
173597,0
168878,1
221618,1
244647,1
246887,1
220585,0
33895,1
10890,0
146316,1
232377,1
58334,1
201318,1
184820,1
228304,1
23343,1
17917,1
244052,1
109622,0
114167,1
212988,1
226395,0
147876,0
192309,1
103935,0
215515,1
77686,1
1270,1
46576,1
238567,1
191094,1
124204,1
261629,1
103045,1
125103,1
74450,1
112880,1
50899,1
198084,1
24117,1
43142,1
31660,1
248191,0
120735,1
79715,0
264929,1
201763,1
239598,1
105245,1
189020,1
1756,1
129818,1
5144,1
198295,1
153722,1
134522,0
133334,0
188444,1
2133,1
123951,1
173412,1
113301,1
130287,0
59768,1
125356,1
31630,1
23620,1
194334,1
78800,0
200170,1
43969,1
30029,1
255641,0
26687,1
236696,0
85767,1
177929,1
91582,1
26747,0
133421,1
266067,1
99676,0
7743,1
24393,1
198035,1
246037,1
59669,0
199625,1
211796,1
236903,1
52266,1
251117,0
202795,1
29973,1
247403,1
28829,1
68340,1
250808,1
212553,1
78273,1
154567,1
78859,1
114925,0
129739,1
248826,1
96528,1
219289,1
189740,1
185486,1
52552,1
261471,0
256881,1
194381,0
242038,0
64472,0
247664,1
190866,0
164833,1
24684,1
216907,0
266256,1
115354,1
216353,0
148530,0
248159,1
205572,1
130401,0
195337,1
143028,1
63952,0
190981,1
108689,1
7180,1
64661,1
29773,1
191249,1
91409,1
28362,1
196288,0
85175,1
12128,1
36737,0
25738,1
104471,1
200081,1
90888,1
189038,1
44432,0
229685,1
240502,0
60877,0
166484,0
155936,1
22680,1
186369,0
202516,1
68553,1
154139,1
42150,1
262776,1
80713,1
162106,1
228896,1
117466,0
165048,1
124147,1
122006,0
181340,1
86031,1
75980,1
109616,1
198935,1
146489,1
68810,1
221103,0
163805,0
57486,1
143894,1
18713,1
140567,0
266364,1
183522,1
118593,1
198486,1
43535,1
163613,1
190973,1
21750,1
148397,1
32622,1
19465,1
146003,1
27329,1
194314,1
44248,1
74533,1
6295,0
213758,1
239089,1
102420,1
203653,1
24481,1
55559,1
8446,1
221400,1
3671,0
61084,1
59166,0
215609,1
55227,1
93665,1
121362,1
68480,1
216931,1
56965,1
192017,1
4832,0
132067,1
126568,1
112662,1
149235,1
136064,1
115503,1
185729,1
162577,1
159167,1
170281,1
150210,1
60215,1
79179,0
159409,0
71294,1
170611,1
181854,1
58235,1
210407,1
160360,1
150513,1
79615,1
48580,1
210375,1
126399,1
64786,1
187057,1
66939,1
159293,0
27516,1
20793,1
234436,1
79339,1
265645,0
117989,0
229826,1
253201,0
197841,1
235634,0
54936,1
123386,1
34279,1
139248,1
232881,0
204512,1
68638,1
220046,1
202772,1
45706,1
90262,1
245901,1
56821,1
219513,1
21131,0
219401,1
131875,1
98544,1
205332,1
160475,1
33864,1
63149,1
97181,0
134134,1
228892,1
76512,1
188012,1
77634,1
184036,1
154701,1
172121,1
54071,1
246207,0
206937,1
70916,1
214740,0
221041,1
123886,1
146370,1
128670,0
148663,1
153951,1
123701,1
84280,1
121492,1
129598,1
140447,1
266536,1
35683,1
181675,1
119955,1
236966,1
143271,0
163786,1
31648,1
246272,0
68834,1
87539,1
86721,1
134059,1
157134,1
127326,0
66414,0
17616,1
46715,1
208781,1
171222,1
225771,1
135642,0
36896,1
228217,1
140882,1
218794,1
43124,1
190788,1
11951,1
16506,0
204552,0
15749,0
31999,1
44575,1
11716,0
174477,1
20629,1
164587,1
182697,1
175877,1
73915,1
205772,1
46089,1
130060,1
221543,1
248702,1
261205,1
53825,1
199041,0
89331,1
264231,0
169106,1
223914,1
204859,1
180852,0
34042,1
145213,1
159843,0
16416,0
261636,1
110990,1
183529,1
56075,0
86244,0
19711,0
34843,1
112147,0
191976,1
28304,1
239171,1
162863,1
210709,1
59119,1
109106,1
64554,0
197233,1
127375,1
159520,1
198009,1
53875,0
169123,1
63739,1
122373,0
178721,1
226811,1
254747,1
191830,1
252354,0
180135,0
91438,1
106413,1
253094,1
84335,1
256021,0
257569,1
173535,1
239858,0
110758,1
223133,0
12088,1
50916,1
244185,0
36630,1
194418,1
94984,1
68365,1
229228,1
50774,0
190670,1
254032,0
241607,1
138635,1
18498,0
76395,1
193484,0
31191,1
157796,1
134961,1
189200,1
68928,1
105934,1
83130,1
111267,1
122625,1
140015,0
28748,1
215521,1
125576,1
94775,1
169999,1
149882,0
73497,0
230074,1
75527,1
56498,1
241522,1
54273,0
129631,1
60964,1
172899,1
158212,1
216754,1
129437,1
122411,1
99158,1
121014,1
46043,1
115024,1
244019,1
203733,1
91254,1
77694,0
118450,1
126951,1
175420,1
28863,0
79461,1
36170,1
200175,1
156780,1
502,1
93461,1
149722,1
139925,1
122514,1
30074,1
59983,1
68032,1
22499,1
140972,1
19785,1
52377,1
188933,1
236554,1
177671,1
3502,0
8460,0
93752,1
247421,1
243040,1
171868,1
56772,1
234873,1
22390,0
225857,0
57161,1
70592,1
222530,1
228941,0
51118,1
123542,1
3983,1
185269,1
22427,0
174831,1
18871,1
50987,1
44937,1
259874,0
202199,1
246124,1
174176,0
243434,1
109759,1
47431,1
232655,1
149777,1
199228,1
206062,1
201246,1
130003,1
150012,0
236534,1
164541,1
180022,1
139810,1
110278,1
239757,1
223482,1
93004,1
170534,1
196089,1
55788,1
152025,1
185848,1
69637,1
151054,0
57627,0
135567,1
142834,1
254597,1
234932,1
16300,1
206026,1
233191,1
167808,0
16136,0
239898,1
54613,1
47342,1
68992,1
82003,0
177828,1
74833,1
108729,1
247967,1
182039,1
99055,0
218195,0
253673,0
130970,1
32017,1
20557,0
132013,0
61213,1
119496,1
220050,1
235583,1
97872,1
38440,1
34377,1
98506,1
219957,1
194321,1
170353,1
63501,0
140378,1
12667,0
19449,1
156234,1
189609,1
179259,1
36076,1
179459,1
123741,1
254509,0
27394,1
31410,1
27515,1
75392,1
27075,1
72509,0
247903,1
178343,1
234562,1
162678,1
172760,1
130296,1
101232,1
259761,1
74678,0
79026,1
169711,1
37639,1
21348,0
201902,0
25659,1
223983,1
1519,0
185882,1
96645,0
91598,1
2626,1
215826,1
141247,1
214128,1
147384,1
197136,0
79978,1
62716,1
75095,1
101371,1
6857,1
148123,0
6081,1
182814,1
226449,1
210322,1
45384,1
123795,1
266366,1
257865,1
9992,0
154180,1
264285,0
70238,0
205270,1
144515,1
144836,1
255451,1
29466,1
186737,0
120493,1
147215,1
107575,1
260399,0
232953,0
198120,1
120264,1
8016,0
237995,0
240901,1
30127,1
246387,1
104331,1
264967,0
143858,1
162881,1
166216,0
42190,0
258150,1
210795,1
85063,1
168378,0
14846,0
162798,1
244989,1
4815,1
135986,0
223705,1
121444,1
145520,1
197824,1
83804,1
3396,1
212295,1
156705,1
27852,1
90131,1
138686,1
167962,1
51085,1
51035,0
31147,0
180881,1
47471,1
152236,1
170269,1
37852,1
222326,1
2422,1
114866,1
65926,0
168847,1
45299,1
95182,1
6442,0
166047,1
21257,1
188140,0
243161,1
32948,1
65100,0
179991,1
21020,1
32979,1
147948,1
94261,1
136613,1
96826,1
183927,1
128815,0
12704,1
144497,1
63583,1
51184,1
260395,1
203002,1
258674,1
228287,1
49818,1
11837,1
62926,1
227834,1
42863,1
135720,0
34984,0
173679,1
167723,1
91584,1
231053,1
168248,1
31866,1
49841,1
71915,1
102568,1
190303,1
214562,1
256619,1
159460,1
52378,1
141198,1
176073,1
199694,1
164709,1
234181,1
252212,1
61844,1
247601,1
175278,1
176669,1
111535,1
160609,1
126443,1
113367,1
92232,1
8120,1
52824,0
26959,1
215280,1
182439,1
157013,1
20271,1
130496,1
77755,1
128060,1
123739,0
179723,1
128932,0
72696,1
215111,1
98656,1
148525,1
113697,1
137106,1
124890,0
253760,1
91491,1
10574,1
233058,1
81418,0
198444,1
173650,1
144171,0
188093,1
8507,0
29058,0
203173,0
109870,1
39005,0
149659,1
240183,1
161834,1
234351,1
115288,1
142110,0
189817,1
103909,1
180074,1
72673,1
182751,1
219409,0
226974,0
216204,0
193590,1
236471,1
166989,0
46828,1
78715,1
138715,1
225950,1
76821,1
261788,1
223855,1
178352,1
19532,1
203000,1
113282,1
136664,1
423,1
196913,1
139044,1
195172,1
99297,1
185160,1
45661,1
172952,1
214640,1
180309,1
170023,0
195705,1
165769,0
203882,1
144391,1
141263,0
152266,0
191719,0
123329,1
149330,1
42764,1
180698,1
35949,0
215867,1
20724,1
91907,1
245220,1
160653,1
147765,0
122332,1
221883,1
120901,1
229360,1
132893,1
2881,1
170006,1
69671,1
90216,1
91461,1
249282,1
172848,1
84231,1
94299,1
48674,1
183397,1
70302,0
180995,0
247046,0
179018,1
9650,0
90098,0
122018,1
225251,1
116789,1
49914,1
219516,1
55975,1
10906,0
73027,1
12476,1
210145,0
116829,0
2145,1
30916,1
167936,1
253547,1
83495,1
170922,0
29545,1
239840,1
28328,1
257838,0
69457,1
238667,0
159115,1
211679,1
59668,1
143348,1
140215,1
22130,1
110512,1
261647,1
8937,0
152650,1
147003,0
43689,0
264634,1
63371,1
187691,1
223150,1
155334,1
10477,0
158071,1
257930,1
49890,1
174981,1
114657,1
239496,1
263111,1
63325,1
26721,1
122511,0
225142,1
149824,0
127958,1
83602,0
219434,1
235817,1
156426,0
254362,1
118185,1
122496,1
94673,1
227320,1
226935,1
140721,1
76612,1
231514,1
252476,1
138366,1
21733,1
233596,1
231117,0
66479,1
260175,0
265165,0
41889,1
214919,1
82494,1
256644,0
4219,1
241972,1
182412,0
40827,1
66649,1
147842,0
154025,1
237920,1
145084,0
120825,1
228812,1
125439,1
156301,1
115570,1
248464,0
126831,1
216864,1
68248,1
32174,1
137846,1
3599,1
134323,1
68218,1
162478,0
6436,1
37406,0
176595,1
203376,1
114561,1
156074,0
73174,0
217976,1
60146,1
208448,1
132627,1
133242,1
180663,1
137063,1
167208,1
102416,1
218759,1
246953,1
54991,1
128792,1
230830,0
161034,1
101328,1
9683,0
265624,1
130775,1
67910,0
256539,1
39819,1
111791,1
39206,0
229565,1
41386,1
213355,1
216297,1
51915,1
42216,1
174001,1
144168,1
155751,1
37543,1
266174,0
86191,1
240660,0
30999,1
35577,1
212762,1
142589,1
123496,0
225339,1
227535,1
173928,1
153607,1
179757,1
204128,1
180902,1
123008,1
66108,1
142549,1
9183,1
94903,0
238311,1
101016,1
118284,1
141900,1
204895,1
167403,1
230712,1
229498,1
129690,0
168096,1
86550,1
199239,1
212267,1
34307,1
115692,1
182232,0
111692,0
265862,1
214488,1
231867,1
65228,1
10386,1
251788,1
185390,0
266561,0
257243,0
170262,0
263061,0
163525,1
45790,1
35004,1
186279,1
39271,1
59606,0
151942,1
187143,1
132533,0
243008,0
174810,1
31900,1
249468,1
1559,1
162266,1
230498,1
138454,0
250388,0
142392,1
142107,1
264747,1
259766,1
235816,0
150453,1
128253,1
218264,0
68571,0
82099,1
241856,0
18086,1
67800,1
53367,1
141331,1
155134,0
110695,0
206390,1
200631,1
265028,1
95323,1
162463,1
219431,0
187375,1
141817,1
249306,1
208202,1
228358,1
132443,1
237579,1
94363,1
39436,1
231553,1
180226,1
89567,1
105367,1
207491,1
90089,1
158702,1
159877,1
240920,1
128963,1
247663,1
134732,1
11358,0
202276,0
199774,1
245939,0
231280,0
81946,1
209669,0
211213,1
203557,1
174229,1
102817,1
45383,0
45084,1
96179,0
187629,0
225876,0
95639,1
140319,1
80370,1
213192,0
162642,1
141617,1
141616,0
81412,1
43911,1
27229,1
106611,1
178932,1
87899,1
236020,1
200583,1
238532,1
158558,0
73100,1
118756,1
235447,1
195800,1
77976,1
145600,1
53669,1
235310,1
215685,1
178396,0
206412,1
126085,1
86154,1
130686,1
168937,1
54123,0
256866,1
92082,1
161827,1
214210,1
263265,0
37276,1
187805,1
187055,1
224060,1
19191,1
109634,1
240450,1
64999,1
168479,0
216376,1
24980,1
42783,1
51570,1
161237,1
10471,1
66935,1
216895,1
19999,1
226169,0
169768,0
34785,1
19846,1
194826,1
215306,1
190612,1
126418,1
81295,1
165434,1
143256,1
99655,1
246271,0
78132,1
108554,1
249164,1
176891,1
72554,1
217693,1
261011,1
71076,0
150475,1
186025,1
114305,1
6558,1
238000,1
2464,1
76352,1
64036,1
111934,1
164288,1
141799,1
110370,1
97570,1
106727,0
250076,0
70338,1
16325,0
145368,1
153047,1
107489,1
8985,1
242743,1
143003,1
122381,0
221268,1
54160,1
69792,1
240348,0
90160,1
231433,0
5689,1
104605,1
111167,1
88091,1
254419,1
224668,1
141020,1
228531,0
177272,1
42144,0
189773,1
262121,1
89932,1
70729,1
187289,1
190947,1
187333,0
245878,0
110243,1
224633,1
49540,1
40788,1
21870,1
166469,1
171866,1
42388,0
180260,1
159496,1
252955,1
75923,0
231819,1
7866,1
117284,1
69612,1
36121,1
161787,1
15933,1
17860,0
214218,1
17414,1
71136,0
24895,0
221859,1
73501,1
48428,1
15297,1
246798,1
135127,1
91399,1
242866,0
192960,0
56522,1
110250,1
43317,0
124998,1
261458,1
106509,1
30592,1
160358,1
77389,1
85513,1
174592,1
213426,1
173690,1
181346,1
256333,1
160990,1
229514,1
93645,0
210241,1
145209,1
192829,1
130147,0
49015,1
119404,1
172357,0
258466,1
113320,1
81362,1
89449,1
133040,1
215938,1
150281,1
188101,1
41658,1
19169,1
214527,1
213539,0
259409,0
138928,1
51537,0
173365,0
162293,1
157453,1
10409,1
68833,1
75944,1
153271,1
228774,0
79350,1
163713,1
41641,0
230219,0
61065,0
69883,1
100316,1
131005,1
140611,1
168123,1
196197,1
65107,1
127827,1
73138,1
49402,0
194612,1
193165,1
197134,1
242051,0
21090,1
91791,1
119736,1
57152,1
249979,1
21025,0
50280,1
219199,1
52838,1
63715,1
196310,1
58394,1
38844,1
107433,0
6184,1
88526,0
105426,1
42574,1
239536,1
214552,0
742,1
14152,0
178696,1
169068,1
174869,1
247280,1
138344,1
63920,1
134268,1
201641,1
165925,0
242428,1
81028,1
94790,1
114427,0
264395,1
197933,0
202391,1
82189,1
141801,0
122895,1
218615,1
116557,1
134887,1
247826,1
113881,1
197026,1
209518,0
252340,1
94476,1
141648,0
60055,1
39047,1
51028,1
30751,1
116638,1
231113,1
230696,0
133477,1
104856,1
67426,1
57507,1
41882,1
202891,1
84688,1
71941,1
105396,1
188088,1
205006,0
63792,1
127352,1
93965,1
262901,0
78622,1
139256,1
77265,1
114355,1
58460,1
9635,0
123533,1
46113,0
10958,0
171858,1
254360,0
196978,1
118319,1
205733,1
106588,1
249802,0
247739,1
16963,1
193123,1
116384,1
162095,1
181500,1
193968,1
241278,1
231331,1
253078,1
153094,1
130441,1
3103,1
223683,1
211054,0
231284,1
103996,1
114520,1
154493,1
38555,0
93328,1
175173,1
108173,1
232272,1
11467,1
130057,1
70383,1
172815,1
185456,1
93177,0
110101,1
165002,1
233378,1
200562,0
202469,0
223351,1
69305,1
177293,1
61008,0
50740,1
17157,1
2223,1
253128,1
76656,0
12594,0
190364,1
36922,1
133493,1
180563,0
103313,0
27184,1
233070,1
41796,1
15640,0
178993,1
211952,1
178489,1
64122,1
27946,1
61861,0
240132,1
261516,1
266323,1
260032,1
23454,1
97453,0
250566,1
21751,0
79318,1
232289,1
69715,1
246270,0
42548,1
86629,1
49668,1
155575,1
38454,1
221402,0
241352,1
65114,1
241762,1
258527,1
2356,1
256590,0
240643,1
11370,0
144554,1
16786,1
122507,0
11803,1
246881,1
264376,1
228168,1
241843,0
183598,1
200518,1
115304,1
76460,1
259379,0
217598,1
65546,0
242682,1
113215,1
261336,1
54024,1
4494,1
161956,1
117225,1
223490,1
117182,0
194992,1
56521,1
102452,1
246381,1
121716,1
157606,0
91593,0
235293,1
139754,1
4814,1
54067,0
150713,1
35220,1
261055,1
113785,1
81632,1
116264,1
215571,1
209262,1
120178,1
243059,1
216480,0
49334,1
187868,1
103833,0
119717,1
175077,0
184532,1
87556,1
134113,1
75804,1
185876,1
44002,1
130482,0
72313,1
65984,0
186359,1
76035,1
147023,1
252230,1
92909,0
50058,1
20970,1
88364,1
185271,1
20330,1
26296,1
191918,1
18499,1
88137,1
113450,1
264644,0
59129,1
183234,1
178572,1
177382,1
105324,1
30208,1
74845,1
263418,0
158626,1
35609,1
238185,1
159305,1
239252,1
259151,1
261419,1
63481,1
51567,1
53124,1
194625,1
128848,1
137356,1
53347,1
61598,1
124097,1
171850,1
116785,1
97661,1
29904,0
8071,1
117463,1
62539,1
266628,1
63786,0
148881,1
263624,1
15380,1
117183,1
265418,1
207342,1
213183,1
38359,1
74392,0
181609,1
234008,1
74766,1
73265,1
198708,1
32055,1
192805,1
24461,0
177998,1
54169,1
96703,1
2998,1
81375,1
111541,1
192944,0
258298,0
50180,1
64755,0
190962,1
46549,1
229146,1
265414,0
193952,1
250366,1
137147,1
133166,1
212882,1
13865,1
167904,0
177456,1
43239,1
195618,1
51674,1
103958,1
81591,1
136651,1
141966,0
33474,1
125015,1
37144,1
265176,1
74044,0
34372,1
253300,1
80961,1
208438,1
79188,1
251908,1
147556,1
26755,1
180825,1
62484,1
126015,1
160103,1
27212,1
239975,1
34923,1
119133,1
225524,1
16739,1
9060,0
123076,1
115197,1
63194,1
54743,1
148127,0
854,1
17153,1
215206,0
120444,1
77607,1
210564,1
141905,1
182242,1
249539,1
225192,1
143977,1
101722,1
92256,1
98914,1
240743,1
94954,1
204681,1
231503,1
224657,1
60570,1
220156,1
84021,1
161038,1
106350,1
251741,0
248829,0
11782,0
104057,1
48669,1
212178,1
114692,1
64599,1
190504,1
214841,1
18793,1
133186,0
198791,1
83532,1
164057,0
100565,1
45143,1
191400,1
110823,1
212045,0
28548,1
52907,1
184452,1
205145,1
198673,1
204186,1
19592,0
52653,1
150280,1
150795,0
253979,1
248717,1
176488,1
161572,0
142087,1
4358,1
213408,1
101815,1
107179,1
250489,0
227328,1
757,0
138182,1
78938,1
84852,1
108471,0
44251,1
30538,0
60483,1
181693,1
130005,1
236066,1
123657,1
219464,1
202624,1
187208,1
24535,1
776,1
5087,0
139247,0
75119,1
248141,0
30953,1
56463,1
115061,1
200238,0
257445,1
225988,1
115606,1
52480,1
228075,1
226661,1
154981,1
264325,0
72798,1
97870,1
77691,1
12701,1
244131,1
247284,0
89327,1
262030,1
133861,1
127689,1
265784,0
18607,1
14354,1
181680,1
53939,1
49762,1
178484,0
176617,1
260148,1
123213,1
105221,1
210092,1
119975,1
55715,1
25517,1
126049,1
262099,1
22411,1
68148,1
95568,1
60703,1
75710,1
21086,1
220375,1
221023,1
16345,1
45937,1
37150,1
169624,1
165357,1
241933,1
36162,1
234357,1
157004,1
43343,1
217030,1
45404,1
244445,1
146851,1
238901,1
101224,1
244776,1
265906,0
111619,1
265370,1
167270,1
33414,1
107115,1
201903,1
126031,0
121804,0
64172,1
34709,1
122075,1
6956,1
682,1
171485,1
224329,1
50917,1
16330,1
213645,1
224333,0
140472,1
3470,0
127224,1
253669,1
201428,1
206085,0
234660,1
207446,1
138918,0
80175,1
36426,1
1649,1
147914,1
229878,1
195151,1
110120,1
155364,1
155126,1
213418,0
207356,1
177761,0
191180,1
112549,1
181381,1
134523,1
144665,1
104620,1
22823,1
255335,1
200192,1
217435,1
101843,0
125424,1
22076,1
129882,1
167012,0
83564,0
67182,1
223212,1
41992,1
70002,1
102608,1
87240,1
20908,0
96710,1
102543,1
64308,1
96705,1
211141,1
176005,1
188682,1
45952,1
240199,0
118207,0
18434,1
265509,1
236555,1
197749,1
110656,1
162701,1
4692,0
216230,1
41899,1
131434,1
186286,1
73017,1
155037,1
150498,0
37086,1
79438,1
157961,1
110446,1
257259,1
257519,0
40488,1
56483,0
42862,0
101041,1
25124,1
238826,0
3920,0
157120,1
95400,1
192296,1
24580,1
167537,1
204081,1
247585,1
48286,1
215556,1
31573,1
261113,1
124420,1
93354,0
52225,1
16800,1
103874,1
135780,0
77071,1
144863,1
84399,1
151711,1
110976,1
100431,1
168278,1
164275,0
214329,1
78371,1
231151,1
218640,0
120011,1
38230,1
10150,0
51605,1
29167,0
224769,0
9703,1
105665,1
136226,1
206962,1
4268,0
186622,1
187123,1
217917,1
185019,1
105866,1
50901,1
48835,1
266258,0
38708,0
135632,1
94542,1
165712,1
171362,1
54320,1
179619,1
212427,1
261344,1
191517,0
200317,1
247978,0
155966,1
99482,1
82236,1
188963,0
2015,1
98722,1
249617,1
7583,0
251583,1
88587,1
16878,0
165083,1
214965,1
38861,1
7067,1
61615,1
129851,1
247708,1
100266,1
126003,1
201999,0
233448,1
171687,1
112917,1
256383,1
67887,1
212245,1
229101,1
45845,1
95608,1
113516,1
175107,0
193493,1
230753,1
265527,1
99907,1
141200,1
244737,0
128447,1
165774,1
38483,1
206073,1
240194,1
26820,1
186845,1
150619,1
250073,1
189286,1
256018,1
45591,1
142931,1
14825,1
143510,0
24802,1
178182,0
195385,1
102200,1
206024,1
159077,0
212190,0
225374,1
167236,1
102496,1
94416,1
81730,1
229295,0
128339,1
240329,1
225940,1
232442,1
43066,1
246107,1
247493,0
133737,1
106257,1
265157,1
72595,1
83593,1
156387,1
148522,1
73789,0
92521,1
189848,1
142384,1
162158,1
87503,1
252189,1
51157,1
93917,1
145130,1
46211,1
14948,1
214606,1
250820,1
100022,1
187465,1
158972,1
86802,1
109498,0
9854,0
203567,1
203820,1
236799,1
89394,1
218580,1
15444,0
161971,1
81624,1
246784,1
252113,0
6061,1
237424,1
117455,1
93325,1
256486,1
25784,1
68026,1
61403,0
21051,0
211711,1
96409,1
98155,1
158223,0
41529,1
121631,1
88169,1
69979,1
249120,1
180273,1
8122,0
128295,0
181973,0
209794,1
185277,0
167698,1
156224,1
254719,1
123577,0
2295,1
258225,1
16394,1
76130,1
253077,0
33020,1
3838,0
153847,1
223031,1
107326,1
240038,1
153956,1
222349,0
42018,1
180476,0
231261,1
69030,0
168059,0
103267,1
189458,1
59733,1
186474,1
129603,0
35131,0
20896,0
103584,1
136835,0
119998,1
150507,1
72538,1
176562,1
15945,1
9617,1
111445,1
13202,1
49423,1
113100,1
46349,0
207091,1
173607,1
180280,1
221785,1
36498,1
32780,1
258634,1
197681,1
238969,1
171082,1
218838,1
123827,0
219679,0
102186,1
833,1
191961,0
73830,1
140325,1
87256,0
178414,1
124729,1
262076,0
230131,1
174824,1
201533,1
73690,1
217766,1
215455,1
122127,0
40992,0
13868,1
181822,1
94243,1
80940,1
135576,1
208459,0
235714,1
163934,0
203482,1
89285,1
258477,1
96871,1
148124,1
151944,1
131876,1
99551,1
20654,0
82833,1
122210,1
182342,1
36397,1
16695,1
186616,0
238397,1
263334,1
239092,1
107198,1
183396,0
202982,1
142544,1
169522,1
41611,1
211654,1
81588,0
201385,1
193774,1
130009,0
163984,1
123545,1
138027,0
43520,0
252837,1
240506,1
115106,0
254595,0
248374,1
195390,1
140498,1
103375,1
131546,1
120024,1
75338,1
200776,1
168892,0
52936,1
144165,1
175168,1
96294,1
124660,1
203579,1
70760,1
207025,1
159853,1
240171,1
158172,1
2908,1
53884,1
192946,0
16974,1
105739,1
81195,1
45898,1
1665,1
129144,0
242129,1
230729,1
55386,1
255952,1
237575,1
227955,1
57919,1
160469,1
238112,0
79062,0
161848,1
128250,1
15615,0
125799,1
178371,1
217640,1
9982,1
92820,1
53265,1
191301,1
256266,0
164692,1
47915,1
197554,1
135941,1
18380,1
240521,1
49523,1
144934,1
50101,1
217730,1
190293,1
162502,1
27864,0
109692,0
52636,1
8298,0
232847,1
256318,1
194934,1
224368,1
24121,1
178956,1
235967,1
214085,1
46285,1
97528,1
124473,1
32235,1
240731,1
6571,1
86770,1
124379,1
167899,0
55076,1
5351,1
97157,1
210206,1
37211,1
161107,1
180227,1
42056,1
182098,1
131351,1
84274,1
227690,1
83984,1
22119,1
147909,1
23365,1
150023,1
164915,0
228716,1
230069,1
28593,1
118360,0
38875,1
33427,1
239989,1
231383,1
164238,0
223634,1
23138,0
189415,1
49331,1
196632,1
57254,0
44908,1
52640,1
111222,1
115110,1
204316,1
79992,1
155362,1
94682,0
31500,0
234953,0
38834,1
176950,1
92255,0
237745,0
43250,1
180541,0
146193,1
115828,1
191704,0
239698,1
168152,1
211102,1
213560,1
239386,1
135097,1
210694,1
7218,1
262001,1
113382,1
112808,1
143848,1
215339,1
251360,1
2468,1
202238,1
193014,1
195595,1
130208,0
137703,1
67581,1
119988,1
260813,1
116855,0
247174,1
153138,1
238678,0
126805,1
170027,1
227694,1
212651,1
14483,1
210439,1
15855,1
236572,1
77200,1
60008,1
49452,1
160710,0
65399,1
154811,1
92213,1
131760,1
164316,0
260487,1
45327,1
198306,1
133405,0
12750,0
105603,1
244768,1
158770,1
207849,0
220351,0
220335,0
30052,1
84196,1
108481,0
21336,1
71204,1
226237,1
174937,1
194562,1
164115,1
221822,1
111136,1
233495,1
70047,1
253739,1
142053,1
65551,1
83043,1
1881,1
99112,1
132416,1
54028,1
19916,0
7006,0
159320,1
66454,1
137267,1
45573,1
40712,1
266376,0
200254,0
60923,1
23555,1
53683,1
249283,1
164945,1
200778,1
53448,1
231599,0
87925,0
91690,0
159648,1
257732,1
220792,1
58403,1
260012,0
235011,1
95244,0
23543,1
196767,1
89011,1
122183,1
53076,1
145454,1
46503,1
129104,1
210784,0
89408,1
242647,1
10920,0
64826,1
132601,1
42744,1
83756,1
4602,0
131527,1
207522,1
248683,1
92166,1
127419,1
23666,1
53728,0
112953,1
96960,1
131869,1
56541,0
89629,1
200426,1
246262,1
33507,1
173429,1
244877,1
109212,1
191966,1
73054,1
37929,0
172107,1
201525,1
71882,1
143314,1
109641,1
31518,1
75303,1
182083,1
202764,1
130988,1
194522,1
154887,0
129231,1
94652,1
150227,0
101509,1
108853,0
41471,1
60855,1
187607,1
225009,1
95318,1
126634,0
259722,1
143605,1
215337,1
110581,1
175288,0
188916,1
208382,1
30152,1
202840,1
183765,1
191581,1
170895,1
4733,1
27095,1
224655,1
244856,1
149997,1
247579,0
164349,1
94933,1
20003,1
80723,1
250705,1
85715,1
82772,1
78930,1
34779,1
216990,1
8936,0
70303,1
213592,1
146669,0
149503,0
124374,1
212214,1
155671,1
242203,1
219187,1
163772,1
155501,1
129258,1
68835,1
214132,1
108280,1
69094,1
106536,1
172616,1
56627,1
144712,0
53976,1
150046,1
263379,1
46673,1
40508,1
89077,1
139440,1
34340,1
101070,1
31800,1
77504,1
196481,1
75486,0
98779,1
258162,1
139053,1
207535,1
87093,1
107478,1
134147,1
260586,1
164171,1
59268,1
36134,1
29631,1
18812,0
22123,0
203596,1
76007,1
186046,0
13472,1
265860,1
123489,1
127915,1
208521,0
15815,0
160604,1
13494,0
56866,1
123731,1
88934,0
23260,1
96510,1
2709,1
149626,0
132848,1
259382,1
8275,1
241337,1
52432,1
220171,1
217447,1
246557,0
42318,1
260294,0
101010,1
173449,1
188718,1
72856,1
48268,1
222995,1
14013,1
83656,1
121827,1
246793,0
265826,0
193348,1
110324,1
70134,1
223939,1
70673,0
171300,0
35159,1
235662,1
113426,1
163996,1
30195,1
125399,1
53318,1
54668,1
13624,0
111031,1
258614,1
84820,1
89460,1
75317,1
80851,1
107154,1
110006,1
59913,1
127912,1
57985,1
216299,0
25948,1
71382,1
139183,1
152355,1
205690,0
24742,0
25727,0
26607,1
165121,1
204402,0
148224,0
63986,1
166738,1
191647,1
19353,1
247088,1
63769,1
261534,1
52571,1
206723,0
196621,0
219414,0
31771,1
59993,1
27979,1
189179,1
53348,1
44610,1
183507,1
224671,1
161992,1
90886,0
248046,1
121,1
56786,1
140190,1
97739,1
47420,1
1995,0
50371,1
24041,1
225992,1
25787,1
167303,0
15792,1
27956,1
2784,1
16711,1
32777,1
31792,1
5491,1
16223,1
265387,1
212773,1
242120,1
91817,1
29344,1
72540,0
231628,1
51680,1
131600,1
248389,0
65731,1
184740,0
134799,0
64543,1
21173,1
161091,1
64452,1
234662,1
14705,1
232084,1
169823,0
219271,1
18641,1
254316,1
28041,1
148696,1
88107,1
138489,1
151278,1
218815,1
36641,1
236527,1
22654,1
35311,1
5152,0
188863,1
92766,1
10602,1
145869,1
56583,1
125417,1
8032,1
13682,0
51914,1
7271,0
229212,1
34237,1
262438,0
60794,1
47907,1
41990,0
19177,1
11963,1
108450,1
259097,0
106824,1
4204,1
154461,1
78463,1
74341,1
164926,0
78909,1
31653,1
2948,0
119248,0
254784,0
236465,1
23794,0
130662,1
263142,0
129298,1
6624,1
87898,1
254815,1
36880,1
260571,0
100721,1
192755,1
7726,0
178401,1
97154,1
183771,1
40460,1
76518,1
175086,0
124876,0
106111,1
67262,1
180250,0
22000,0
248791,1
181620,1
244620,1
386,1
100516,1
111181,1
210173,1
65980,1
194278,1
119173,1
112439,1
116570,1
262035,0
102824,1
231655,1
37711,1
29879,1
230295,1
224856,1
74612,1
65733,1
93573,1
50743,1
30599,1
97194,1
224000,1
24904,1
81681,1
215292,1
183839,1
235560,1
176134,1
242723,1
78460,1
153752,1
247530,0
259567,1
23640,1
48340,1
192059,1
39959,0
110942,1
32143,1
65327,0
91707,1
115137,1
164950,1
128765,1
147285,1
70022,1
15010,0
208866,0
262884,0
35704,1
27691,1
142404,1
191213,1
161840,1
120785,1
76286,0
52135,0
86324,1
175294,0
238980,1
232389,1
222539,1
156580,1
119020,1
105446,1
75159,1
57033,1
216108,1
209275,1
38768,1
196022,1
128872,1
44204,1
27459,1
228849,0
104485,0
67728,1
109344,1
201692,1
193724,0
79972,1
222427,1
188589,1
25667,0
236195,1
50929,1
27936,1
116143,0
259362,1
11123,1
158766,1
102336,1
8615,1
76614,1
153904,0
75858,0
181891,1
261470,1
18277,1
54481,1
129206,1
115590,1
183462,1
233829,1
213439,1
236516,0
166445,1
133251,1
120071,1
245728,1
250080,1
225397,1
92005,1
108804,1
77971,1
217412,0
121224,1
249913,1
15864,1
57605,1
251283,1
263130,1
112434,1
19252,0
42010,1
41558,0
65838,1
46266,1
66984,1
71817,1
88082,1
124780,1
97231,1
155983,0
180692,1
117541,1
86912,1
1939,1
112445,1
80140,0
249119,0
93350,1
56041,1
98511,1
80867,1
143427,1
203516,1
73323,1
129266,1
131062,1
250924,1
36931,1
198498,1
215820,1
200386,1
14980,1
167729,1
68811,1
199930,0
69794,1
86639,0
6221,1
122205,0
260198,1
224717,1
157173,1
77388,1
96461,0
51833,1
139826,1
248518,1
3134,1
22210,1
118320,1
184816,1
226784,0
134389,1
190576,1
136332,1
166926,1
174953,1
96045,1
156209,1
79091,1
171103,0
239309,0
89475,1
43433,1
33744,1
213375,0
41234,1
14802,1
71193,0
11251,1
54555,1
76766,0
156085,1
172502,1
72845,1
163455,1
190603,1
69133,1
147269,1
234223,0
238129,1
79220,1
150025,0
235839,1
1271,1
142852,1
212620,1
44207,1
156060,0
203705,0
40866,1
216489,1
265941,1
265926,1
156581,0
263965,1
84858,1
115550,0
112520,1
153889,1
38760,1
77423,0
251438,1
179113,1
33785,1
143614,0
86521,0
246899,1
218189,1
79538,1
92676,1
239951,1
227609,1
191955,1
170367,0
12723,1
13608,1
185669,0
187483,0
38851,1
163818,1
218774,0
198381,1
17191,1
225875,1
30475,1
94100,1
194654,1
152588,0
106408,1
54424,1
34852,1
233834,1
119019,1
61319,0
101917,1
256410,1
37342,1
225006,1
43448,1
240879,1
240376,1
183624,1
240172,1
157170,1
236825,1
135598,1
75327,1
115060,1
173780,1
150254,1
252062,1
217644,1
94160,0
101967,1
13218,1
255605,0
7154,0
165214,1
83065,1
42520,1
107397,1
63541,1
66241,1
174051,1
171208,1
74297,1
37525,1
215716,0
99789,1
139745,0
219714,0
105131,1
93526,1
212617,1
174730,1
88319,1
261468,1
241737,0
95785,1
57683,1
180899,1
134610,1
136184,1
206280,1
190908,0
125140,1
176285,1
135930,0
117484,1
143364,0
64396,1
67946,0
183558,1
257799,1
81552,1
112906,1
109047,1
38049,1
191061,1
258390,1
188446,1
132402,0
52438,1
261331,0
29400,0
244024,1
252795,0
158235,1
22486,1
138259,0
60083,1
89259,1
248793,1
128516,1
16070,0
170636,1
241481,1
186431,1
85535,0
31747,1
38781,1
212313,1
125521,1
83551,1
94847,1
31077,1
52820,1
212821,1
35422,0
97766,1
77204,1
141215,1
237335,1
260040,1
61630,1
1795,0
255031,1
141530,0
130125,1
14601,1
142403,1
81064,1
70624,1
148883,0
36533,1
261856,1
140306,1
8723,1
157978,0
225270,0
28430,1
36281,1
186782,1
229150,1
94287,1
107629,1
154462,1
108862,1
88338,1
117594,1
14776,1
211441,1
36107,1
33233,1
161783,1
164973,1
248531,1
75988,1
43148,0
87326,0
221912,1
47191,1
96018,1
108778,1
264372,1
252746,0
252504,1
29642,1
215658,1
236319,1
220433,1
106196,1
10370,1
142136,1
31990,1
13657,1
195952,1
81189,1
55127,1
160920,1
256384,0
142479,1
91076,1
231084,0
87946,0
42375,0
259293,1
261197,0
168049,1
265793,1
220849,1
93117,1
251897,1
189078,1
121490,1
210440,1
2611,0
227025,0
129481,1
69425,1
20585,1
243227,1
216531,1
196208,1
174992,1
24932,1
96695,0
248035,0
162748,1
78735,1
146727,1
217033,1
258212,1
242214,1
52993,0
141332,1
199289,1
211806,1
159764,1
57578,1
168126,1
117252,1
83401,1
70491,0
126486,1
51243,0
232291,1
36287,1
244503,1
213844,1
237804,0
192988,1
3261,0
213749,1
126043,1
15090,1
171803,1
68414,1
110481,1
203911,0
82417,1
158032,0
28452,1
101156,1
144234,1
40646,1
225965,1
258872,1
231114,1
62648,1
193667,1
112490,1
239372,1
204110,1
92021,0
71433,1
22204,1
149791,1
216046,1
131889,1
20926,1
129852,0
152229,1
91466,1
168721,0
240393,1
174797,1
252844,1
189924,1
25234,1
148744,1
236424,1
158420,1
16181,0
38913,0
193497,1
185420,1
219294,1
157591,0
178241,1
263133,1
197206,1
168673,1
159937,0
184547,1
216922,1
178122,1
66863,0
257292,1
232029,1
82784,1
94175,1
86060,1
175802,1
12522,1
215171,1
5534,0
190771,1
135728,1
200549,1
78696,1
47820,1
49992,1
153787,1
124997,1
16244,1
170377,1
51917,1
133091,0
86767,1
266218,1
215017,1
73803,1
91819,0
152294,0
210582,1
168108,1
134215,1
93061,1
212644,0
58505,0
105139,0
144127,1
248994,1
25445,1
20118,0
215718,1
19454,1
201608,1
228150,1
255592,1
155231,1
147779,1
71436,1
64264,1
103696,1
104570,1
228839,1
31666,1
217864,1
125818,1
112949,1
185991,0
244765,1
74541,1
260627,0
264640,1
123418,1
59335,1
40154,1
264446,0
141516,1
110923,1
10765,0
249785,1
251410,0
121407,1
90902,1
164029,1
111559,0
106542,0
6022,0
148871,1
120330,1
198746,1
50684,1
196637,1
262437,0
47487,0
25442,1
177540,0
201475,1
153739,1
107965,1
132143,1
148971,1
213840,1
56284,1
144104,1
229331,0
148228,1
61111,0
218807,1
219819,1
58569,1
202208,1
263118,1
132612,0
20853,0
55085,1
37584,1
72899,1
82045,1
265668,0
100505,0
212881,1
49047,1
216425,1
38903,0
207269,1
113290,1
155511,1
84680,1
32831,1
177175,0
252306,1
212334,0
60237,1
110238,1
265083,1
211336,1
205061,0
100781,1
157172,1
34665,1
9109,0
229512,1
154053,1
263909,0
50842,1
151442,0
102076,1
164980,1
36105,1
165905,1
54805,1
61398,1
216128,1
14055,1
217904,1
84273,1
119699,1
98205,1
52037,1
56286,0
116956,1
183600,1
133447,1
70714,1
131051,1
74038,1
234137,0
183525,1
97594,1
63673,1
186829,1
187125,1
197675,1
152009,1
118192,1
167157,1
210805,1
104401,1
121771,1
176493,1
71336,1
161327,1
85573,1
36122,1
191648,1
241814,1
255977,1
209420,1
131950,1
61214,1
77564,1
154657,1
61479,1
248786,1
77612,1
109533,1
79608,0
183696,1
41377,1
93866,1
97790,1
230180,1
163515,1
123230,1
2810,1
18939,1
95725,1
93768,1
13383,0
91632,0
232321,0
123157,1
185962,1
155757,1
190172,1
252280,0
136796,1
27981,1
143856,0
109276,1
18333,1
71910,1
14606,1
189209,1
196236,1
247955,0
195988,1
128251,1
260963,0
244379,1
160517,1
120677,1
175041,1
194886,1
52032,1
188382,1
119865,1
193556,1
191312,0
175509,1
18463,0
106636,1
226505,0
202338,1
63100,1
112639,0
55314,1
95653,1
220919,1
212594,0
200044,1
3182,1
148512,1
73257,1
141997,1
212470,0
112680,1
68249,1
143582,0
76128,1
10637,1
140778,1
25103,1
118294,1
140857,1
60002,1
194814,1
63118,1
133950,1
135620,1
39598,1
147951,0
257015,1
155924,0
45506,1
152311,1
66326,1
142748,1
123136,0
174602,1
99445,1
264911,0
166936,0
68373,1
226410,1
243157,1
183990,1
